ISO3,Location,DataId,Indicator,Value,Precision,DHS_CountryCode,CountryName,SurveyYear,SurveyId,IndicatorId,IndicatorOrder,IndicatorType,CharacteristicId,CharacteristicOrder,CharacteristicCategory,CharacteristicLabel,ByVariableId,ByVariableLabel,IsTotal,IsPreferred,SDRID,RegionId,SurveyYearLabel,SurveyType,DenominatorWeighted,DenominatorUnweighted,CILow,CIHigh,LevelRank
MOZ,Niassa,6417680,Women with secondary or higher education,4,1,MZ,Mozambique,2003,MZ2003DHS,ED_LITR_W_SCH,231233010,I,431001,1431001,Region,Niassa,0,,0,1,EDLITRWSCH,MZDHS2003431001,2003,DHS,476,819,,,1
MOZ,Cabo Delgado,2993679,Women with secondary or higher education,1.9,1,MZ,Mozambique,2003,MZ2003DHS,ED_LITR_W_SCH,231233010,I,431002,1431002,Region,Cabo Delgado,0,,0,1,EDLITRWSCH,MZDHS2003431002,2003,DHS,1071,899,,,1
MOZ,Nampula,5994777,Women with secondary or higher education,3.6,1,MZ,Mozambique,2003,MZ2003DHS,ED_LITR_W_SCH,231233010,I,431003,1431003,Region,Nampula,0,,0,1,EDLITRWSCH,MZDHS2003431003,2003,DHS,2403,1217,,,1
MOZ,Zambézia,1408975,Women with secondary or higher education,2.6,1,MZ,Mozambique,2003,MZ2003DHS,ED_LITR_W_SCH,231233010,I,431004,1431004,Region,Zambézia,0,,0,1,EDLITRWSCH,MZDHS2003431004,2003,DHS,1906,1135,,,1
MOZ,Tete,5733515,Women with secondary or higher education,5.1,1,MZ,Mozambique,2003,MZ2003DHS,ED_LITR_W_SCH,231233010,I,431005,1431005,Region,Tete,0,,0,1,EDLITRWSCH,MZDHS2003431005,2003,DHS,1025,1115,,,1
MOZ,Manica,3906035,Women with secondary or higher education,5,1,MZ,Mozambique,2003,MZ2003DHS,ED_LITR_W_SCH,231233010,I,431006,1431006,Region,Manica,0,,0,1,EDLITRWSCH,MZDHS2003431006,2003,DHS,809,1094,,,1
MOZ,Sofala,3188602,Women with secondary or higher education,7.3,1,MZ,Mozambique,2003,MZ2003DHS,ED_LITR_W_SCH,231233010,I,431007,1431007,Region,Sofala,0,,0,1,EDLITRWSCH,MZDHS2003431007,2003,DHS,865,1220,,,1
MOZ,Inhambane,3512215,Women with secondary or higher education,6.4,1,MZ,Mozambique,2003,MZ2003DHS,ED_LITR_W_SCH,231233010,I,431008,1431008,Region,Inhambane,0,,0,1,EDLITRWSCH,MZDHS2003431008,2003,DHS,1088,1125,,,1
MOZ,Gaza,4177111,Women with secondary or higher education,6.4,1,MZ,Mozambique,2003,MZ2003DHS,ED_LITR_W_SCH,231233010,I,431009,1431009,Region,Gaza,0,,0,1,EDLITRWSCH,MZDHS2003431009,2003,DHS,666,1273,,,1
MOZ,Maputo Provincia,6920349,Women with secondary or higher education,15.4,1,MZ,Mozambique,2003,MZ2003DHS,ED_LITR_W_SCH,231233010,I,431010,1431010,Region,Maputo Provincia,0,,0,1,EDLITRWSCH,MZDHS2003431010,2003,DHS,1050,1125,,,1
MOZ,Maputo Cidade,3871717,Women with secondary or higher education,34.5,1,MZ,Mozambique,2003,MZ2003DHS,ED_LITR_W_SCH,231233010,I,431011,1431011,Region,Maputo Cidade,0,,0,1,EDLITRWSCH,MZDHS2003431011,2003,DHS,1059,1396,,,1
MOZ,Niassa,6417681,Women who can read a whole sentence,8.6,1,MZ,Mozambique,2003,MZ2003DHS,ED_LITR_W_RDW,231233020,I,431001,1431001,Region,Niassa,0,,0,1,EDLITRWRDW,MZDHS2003431001,2003,DHS,476,819,,,1
MOZ,Cabo Delgado,2993680,Women who can read a whole sentence,9.6,1,MZ,Mozambique,2003,MZ2003DHS,ED_LITR_W_RDW,231233020,I,431002,1431002,Region,Cabo Delgado,0,,0,1,EDLITRWRDW,MZDHS2003431002,2003,DHS,1071,899,,,1
MOZ,Nampula,5994778,Women who can read a whole sentence,14.7,1,MZ,Mozambique,2003,MZ2003DHS,ED_LITR_W_RDW,231233020,I,431003,1431003,Region,Nampula,0,,0,1,EDLITRWRDW,MZDHS2003431003,2003,DHS,2403,1217,,,1
MOZ,Zambézia,1408976,Women who can read a whole sentence,11.5,1,MZ,Mozambique,2003,MZ2003DHS,ED_LITR_W_RDW,231233020,I,431004,1431004,Region,Zambézia,0,,0,1,EDLITRWRDW,MZDHS2003431004,2003,DHS,1906,1135,,,1
MOZ,Tete,5733516,Women who can read a whole sentence,15.8,1,MZ,Mozambique,2003,MZ2003DHS,ED_LITR_W_RDW,231233020,I,431005,1431005,Region,Tete,0,,0,1,EDLITRWRDW,MZDHS2003431005,2003,DHS,1025,1115,,,1
MOZ,Manica,3906036,Women who can read a whole sentence,31.1,1,MZ,Mozambique,2003,MZ2003DHS,ED_LITR_W_RDW,231233020,I,431006,1431006,Region,Manica,0,,0,1,EDLITRWRDW,MZDHS2003431006,2003,DHS,809,1094,,,1
MOZ,Sofala,3188603,Women who can read a whole sentence,20.1,1,MZ,Mozambique,2003,MZ2003DHS,ED_LITR_W_RDW,231233020,I,431007,1431007,Region,Sofala,0,,0,1,EDLITRWRDW,MZDHS2003431007,2003,DHS,865,1220,,,1
MOZ,Inhambane,3512216,Women who can read a whole sentence,39.5,1,MZ,Mozambique,2003,MZ2003DHS,ED_LITR_W_RDW,231233020,I,431008,1431008,Region,Inhambane,0,,0,1,EDLITRWRDW,MZDHS2003431008,2003,DHS,1088,1125,,,1
MOZ,Gaza,4177112,Women who can read a whole sentence,39.8,1,MZ,Mozambique,2003,MZ2003DHS,ED_LITR_W_RDW,231233020,I,431009,1431009,Region,Gaza,0,,0,1,EDLITRWRDW,MZDHS2003431009,2003,DHS,666,1273,,,1
MOZ,Maputo Provincia,6920350,Women who can read a whole sentence,45.9,1,MZ,Mozambique,2003,MZ2003DHS,ED_LITR_W_RDW,231233020,I,431010,1431010,Region,Maputo Provincia,0,,0,1,EDLITRWRDW,MZDHS2003431010,2003,DHS,1050,1125,,,1
MOZ,Maputo Cidade,3871718,Women who can read a whole sentence,40.7,1,MZ,Mozambique,2003,MZ2003DHS,ED_LITR_W_RDW,231233020,I,431011,1431011,Region,Maputo Cidade,0,,0,1,EDLITRWRDW,MZDHS2003431011,2003,DHS,1059,1396,,,1
MOZ,Niassa,6417682,Women who can read part of a sentence,4,1,MZ,Mozambique,2003,MZ2003DHS,ED_LITR_W_RDP,231233030,I,431001,1431001,Region,Niassa,0,,0,1,EDLITRWRDP,MZDHS2003431001,2003,DHS,476,819,,,1
MOZ,Cabo Delgado,2993681,Women who can read part of a sentence,4,1,MZ,Mozambique,2003,MZ2003DHS,ED_LITR_W_RDP,231233030,I,431002,1431002,Region,Cabo Delgado,0,,0,1,EDLITRWRDP,MZDHS2003431002,2003,DHS,1071,899,,,1
MOZ,Nampula,5994692,Women who can read part of a sentence,5.8,1,MZ,Mozambique,2003,MZ2003DHS,ED_LITR_W_RDP,231233030,I,431003,1431003,Region,Nampula,0,,0,1,EDLITRWRDP,MZDHS2003431003,2003,DHS,2403,1217,,,1
MOZ,Zambézia,1408977,Women who can read part of a sentence,5.9,1,MZ,Mozambique,2003,MZ2003DHS,ED_LITR_W_RDP,231233030,I,431004,1431004,Region,Zambézia,0,,0,1,EDLITRWRDP,MZDHS2003431004,2003,DHS,1906,1135,,,1
MOZ,Tete,5733517,Women who can read part of a sentence,6.1,1,MZ,Mozambique,2003,MZ2003DHS,ED_LITR_W_RDP,231233030,I,431005,1431005,Region,Tete,0,,0,1,EDLITRWRDP,MZDHS2003431005,2003,DHS,1025,1115,,,1
MOZ,Manica,3906037,Women who can read part of a sentence,3.8,1,MZ,Mozambique,2003,MZ2003DHS,ED_LITR_W_RDP,231233030,I,431006,1431006,Region,Manica,0,,0,1,EDLITRWRDP,MZDHS2003431006,2003,DHS,809,1094,,,1
MOZ,Sofala,3188604,Women who can read part of a sentence,6.2,1,MZ,Mozambique,2003,MZ2003DHS,ED_LITR_W_RDP,231233030,I,431007,1431007,Region,Sofala,0,,0,1,EDLITRWRDP,MZDHS2003431007,2003,DHS,865,1220,,,1
MOZ,Inhambane,3512217,Women who can read part of a sentence,8.2,1,MZ,Mozambique,2003,MZ2003DHS,ED_LITR_W_RDP,231233030,I,431008,1431008,Region,Inhambane,0,,0,1,EDLITRWRDP,MZDHS2003431008,2003,DHS,1088,1125,,,1
MOZ,Gaza,4177113,Women who can read part of a sentence,9.1,1,MZ,Mozambique,2003,MZ2003DHS,ED_LITR_W_RDP,231233030,I,431009,1431009,Region,Gaza,0,,0,1,EDLITRWRDP,MZDHS2003431009,2003,DHS,666,1273,,,1
MOZ,Maputo Provincia,6920351,Women who can read part of a sentence,9,1,MZ,Mozambique,2003,MZ2003DHS,ED_LITR_W_RDP,231233030,I,431010,1431010,Region,Maputo Provincia,0,,0,1,EDLITRWRDP,MZDHS2003431010,2003,DHS,1050,1125,,,1
MOZ,Maputo Cidade,3871719,Women who can read part of a sentence,6.7,1,MZ,Mozambique,2003,MZ2003DHS,ED_LITR_W_RDP,231233030,I,431011,1431011,Region,Maputo Cidade,0,,0,1,EDLITRWRDP,MZDHS2003431011,2003,DHS,1059,1396,,,1
MOZ,Niassa,6417691,Women who cannot read at all,83.4,1,MZ,Mozambique,2003,MZ2003DHS,ED_LITR_W_NRD,231233040,I,431001,1431001,Region,Niassa,0,,0,1,EDLITRWNRD,MZDHS2003431001,2003,DHS,476,819,,,1
MOZ,Cabo Delgado,2993699,Women who cannot read at all,84.5,1,MZ,Mozambique,2003,MZ2003DHS,ED_LITR_W_NRD,231233040,I,431002,1431002,Region,Cabo Delgado,0,,0,1,EDLITRWNRD,MZDHS2003431002,2003,DHS,1071,899,,,1
MOZ,Nampula,5994698,Women who cannot read at all,75.4,1,MZ,Mozambique,2003,MZ2003DHS,ED_LITR_W_NRD,231233040,I,431003,1431003,Region,Nampula,0,,0,1,EDLITRWNRD,MZDHS2003431003,2003,DHS,2403,1217,,,1
MOZ,Zambézia,1408951,Women who cannot read at all,78.1,1,MZ,Mozambique,2003,MZ2003DHS,ED_LITR_W_NRD,231233040,I,431004,1431004,Region,Zambézia,0,,0,1,EDLITRWNRD,MZDHS2003431004,2003,DHS,1906,1135,,,1
MOZ,Tete,5733534,Women who cannot read at all,72.9,1,MZ,Mozambique,2003,MZ2003DHS,ED_LITR_W_NRD,231233040,I,431005,1431005,Region,Tete,0,,0,1,EDLITRWNRD,MZDHS2003431005,2003,DHS,1025,1115,,,1
MOZ,Manica,3906060,Women who cannot read at all,57.8,1,MZ,Mozambique,2003,MZ2003DHS,ED_LITR_W_NRD,231233040,I,431006,1431006,Region,Manica,0,,0,1,EDLITRWNRD,MZDHS2003431006,2003,DHS,809,1094,,,1
MOZ,Sofala,3188638,Women who cannot read at all,66,1,MZ,Mozambique,2003,MZ2003DHS,ED_LITR_W_NRD,231233040,I,431007,1431007,Region,Sofala,0,,0,1,EDLITRWNRD,MZDHS2003431007,2003,DHS,865,1220,,,1
MOZ,Inhambane,3512226,Women who cannot read at all,45.2,1,MZ,Mozambique,2003,MZ2003DHS,ED_LITR_W_NRD,231233040,I,431008,1431008,Region,Inhambane,0,,0,1,EDLITRWNRD,MZDHS2003431008,2003,DHS,1088,1125,,,1
MOZ,Gaza,4177116,Women who cannot read at all,44.7,1,MZ,Mozambique,2003,MZ2003DHS,ED_LITR_W_NRD,231233040,I,431009,1431009,Region,Gaza,0,,0,1,EDLITRWNRD,MZDHS2003431009,2003,DHS,666,1273,,,1
MOZ,Maputo Provincia,6920309,Women who cannot read at all,29.2,1,MZ,Mozambique,2003,MZ2003DHS,ED_LITR_W_NRD,231233040,I,431010,1431010,Region,Maputo Provincia,0,,0,1,EDLITRWNRD,MZDHS2003431010,2003,DHS,1050,1125,,,1
MOZ,Maputo Cidade,3871723,Women who cannot read at all,17.7,1,MZ,Mozambique,2003,MZ2003DHS,ED_LITR_W_NRD,231233040,I,431011,1431011,Region,Maputo Cidade,0,,0,1,EDLITRWNRD,MZDHS2003431011,2003,DHS,1059,1396,,,1
MOZ,Niassa,6417690,Women for whom no card with required language was available,0,1,MZ,Mozambique,2003,MZ2003DHS,ED_LITR_W_NCD,231233050,I,431001,1431001,Region,Niassa,0,,0,1,EDLITRWNCD,MZDHS2003431001,2003,DHS,476,819,,,1
MOZ,Cabo Delgado,2993682,Women for whom no card with required language was available,0,1,MZ,Mozambique,2003,MZ2003DHS,ED_LITR_W_NCD,231233050,I,431002,1431002,Region,Cabo Delgado,0,,0,1,EDLITRWNCD,MZDHS2003431002,2003,DHS,1071,899,,,1
MOZ,Nampula,5994696,Women for whom no card with required language was available,0.5,1,MZ,Mozambique,2003,MZ2003DHS,ED_LITR_W_NCD,231233050,I,431003,1431003,Region,Nampula,0,,0,1,EDLITRWNCD,MZDHS2003431003,2003,DHS,2403,1217,,,1
MOZ,Zambézia,1408949,Women for whom no card with required language was available,1.6,1,MZ,Mozambique,2003,MZ2003DHS,ED_LITR_W_NCD,231233050,I,431004,1431004,Region,Zambézia,0,,0,1,EDLITRWNCD,MZDHS2003431004,2003,DHS,1906,1135,,,1
MOZ,Tete,5733532,Women for whom no card with required language was available,0,1,MZ,Mozambique,2003,MZ2003DHS,ED_LITR_W_NCD,231233050,I,431005,1431005,Region,Tete,0,,0,1,EDLITRWNCD,MZDHS2003431005,2003,DHS,1025,1115,,,1
MOZ,Manica,3906052,Women for whom no card with required language was available,2.3,1,MZ,Mozambique,2003,MZ2003DHS,ED_LITR_W_NCD,231233050,I,431006,1431006,Region,Manica,0,,0,1,EDLITRWNCD,MZDHS2003431006,2003,DHS,809,1094,,,1
MOZ,Sofala,3188600,Women for whom no card with required language was available,0.2,1,MZ,Mozambique,2003,MZ2003DHS,ED_LITR_W_NCD,231233050,I,431007,1431007,Region,Sofala,0,,0,1,EDLITRWNCD,MZDHS2003431007,2003,DHS,865,1220,,,1
MOZ,Inhambane,3512224,Women for whom no card with required language was available,0,1,MZ,Mozambique,2003,MZ2003DHS,ED_LITR_W_NCD,231233050,I,431008,1431008,Region,Inhambane,0,,0,1,EDLITRWNCD,MZDHS2003431008,2003,DHS,1088,1125,,,1
MOZ,Gaza,4177109,Women for whom no card with required language was available,0,1,MZ,Mozambique,2003,MZ2003DHS,ED_LITR_W_NCD,231233050,I,431009,1431009,Region,Gaza,0,,0,1,EDLITRWNCD,MZDHS2003431009,2003,DHS,666,1273,,,1
MOZ,Maputo Provincia,6920307,Women for whom no card with required language was available,0.3,1,MZ,Mozambique,2003,MZ2003DHS,ED_LITR_W_NCD,231233050,I,431010,1431010,Region,Maputo Provincia,0,,0,1,EDLITRWNCD,MZDHS2003431010,2003,DHS,1050,1125,,,1
MOZ,Maputo Cidade,3871715,Women for whom no card with required language was available,0.1,1,MZ,Mozambique,2003,MZ2003DHS,ED_LITR_W_NCD,231233050,I,431011,1431011,Region,Maputo Cidade,0,,0,1,EDLITRWNCD,MZDHS2003431011,2003,DHS,1059,1396,,,1
MOZ,Niassa,6417694,Women with missing information on literacy,0.1,1,MZ,Mozambique,2003,MZ2003DHS,ED_LITR_W_MIS,231233070,S,431001,1431001,Region,Niassa,0,,0,1,EDLITRWMIS,MZDHS2003431001,2003,DHS,476,819,,,1
MOZ,Cabo Delgado,2993698,Women with missing information on literacy,0,1,MZ,Mozambique,2003,MZ2003DHS,ED_LITR_W_MIS,231233070,S,431002,1431002,Region,Cabo Delgado,0,,0,1,EDLITRWMIS,MZDHS2003431002,2003,DHS,1071,899,,,1
MOZ,Nampula,5994697,Women with missing information on literacy,0.1,1,MZ,Mozambique,2003,MZ2003DHS,ED_LITR_W_MIS,231233070,S,431003,1431003,Region,Nampula,0,,0,1,EDLITRWMIS,MZDHS2003431003,2003,DHS,2403,1217,,,1
MOZ,Zambézia,1408950,Women with missing information on literacy,0.4,1,MZ,Mozambique,2003,MZ2003DHS,ED_LITR_W_MIS,231233070,S,431004,1431004,Region,Zambézia,0,,0,1,EDLITRWMIS,MZDHS2003431004,2003,DHS,1906,1135,,,1
MOZ,Tete,5733533,Women with missing information on literacy,0.1,1,MZ,Mozambique,2003,MZ2003DHS,ED_LITR_W_MIS,231233070,S,431005,1431005,Region,Tete,0,,0,1,EDLITRWMIS,MZDHS2003431005,2003,DHS,1025,1115,,,1
MOZ,Manica,3906061,Women with missing information on literacy,0.1,1,MZ,Mozambique,2003,MZ2003DHS,ED_LITR_W_MIS,231233070,S,431006,1431006,Region,Manica,0,,0,1,EDLITRWMIS,MZDHS2003431006,2003,DHS,809,1094,,,1
MOZ,Sofala,3188601,Women with missing information on literacy,0.1,1,MZ,Mozambique,2003,MZ2003DHS,ED_LITR_W_MIS,231233070,S,431007,1431007,Region,Sofala,0,,0,1,EDLITRWMIS,MZDHS2003431007,2003,DHS,865,1220,,,1
MOZ,Inhambane,3512225,Women with missing information on literacy,0.7,1,MZ,Mozambique,2003,MZ2003DHS,ED_LITR_W_MIS,231233070,S,431008,1431008,Region,Inhambane,0,,0,1,EDLITRWMIS,MZDHS2003431008,2003,DHS,1088,1125,,,1
MOZ,Gaza,4177110,Women with missing information on literacy,0,1,MZ,Mozambique,2003,MZ2003DHS,ED_LITR_W_MIS,231233070,S,431009,1431009,Region,Gaza,0,,0,1,EDLITRWMIS,MZDHS2003431009,2003,DHS,666,1273,,,1
MOZ,Maputo Provincia,6920308,Women with missing information on literacy,0.3,1,MZ,Mozambique,2003,MZ2003DHS,ED_LITR_W_MIS,231233070,S,431010,1431010,Region,Maputo Provincia,0,,0,1,EDLITRWMIS,MZDHS2003431010,2003,DHS,1050,1125,,,1
MOZ,Maputo Cidade,3871716,Women with missing information on literacy,0.1,1,MZ,Mozambique,2003,MZ2003DHS,ED_LITR_W_MIS,231233070,S,431011,1431011,Region,Maputo Cidade,0,,0,1,EDLITRWMIS,MZDHS2003431011,2003,DHS,1059,1396,,,1
MOZ,Niassa,6417692,Women's literacy: Total,100,1,MZ,Mozambique,2003,MZ2003DHS,ED_LITR_W_TOT,231233080,T,431001,1431001,Region,Niassa,0,,0,1,EDLITRWTOT,MZDHS2003431001,2003,DHS,476,819,,,1
MOZ,Cabo Delgado,2993700,Women's literacy: Total,100,1,MZ,Mozambique,2003,MZ2003DHS,ED_LITR_W_TOT,231233080,T,431002,1431002,Region,Cabo Delgado,0,,0,1,EDLITRWTOT,MZDHS2003431002,2003,DHS,1071,899,,,1
MOZ,Nampula,5994699,Women's literacy: Total,100,1,MZ,Mozambique,2003,MZ2003DHS,ED_LITR_W_TOT,231233080,T,431003,1431003,Region,Nampula,0,,0,1,EDLITRWTOT,MZDHS2003431003,2003,DHS,2403,1217,,,1
MOZ,Zambézia,1408969,Women's literacy: Total,100,1,MZ,Mozambique,2003,MZ2003DHS,ED_LITR_W_TOT,231233080,T,431004,1431004,Region,Zambézia,0,,0,1,EDLITRWTOT,MZDHS2003431004,2003,DHS,1906,1135,,,1
MOZ,Tete,5733513,Women's literacy: Total,100,1,MZ,Mozambique,2003,MZ2003DHS,ED_LITR_W_TOT,231233080,T,431005,1431005,Region,Tete,0,,0,1,EDLITRWTOT,MZDHS2003431005,2003,DHS,1025,1115,,,1
MOZ,Manica,3906058,Women's literacy: Total,100,1,MZ,Mozambique,2003,MZ2003DHS,ED_LITR_W_TOT,231233080,T,431006,1431006,Region,Manica,0,,0,1,EDLITRWTOT,MZDHS2003431006,2003,DHS,809,1094,,,1
MOZ,Sofala,3188636,Women's literacy: Total,100,1,MZ,Mozambique,2003,MZ2003DHS,ED_LITR_W_TOT,231233080,T,431007,1431007,Region,Sofala,0,,0,1,EDLITRWTOT,MZDHS2003431007,2003,DHS,865,1220,,,1
MOZ,Inhambane,3512227,Women's literacy: Total,100,1,MZ,Mozambique,2003,MZ2003DHS,ED_LITR_W_TOT,231233080,T,431008,1431008,Region,Inhambane,0,,0,1,EDLITRWTOT,MZDHS2003431008,2003,DHS,1088,1125,,,1
MOZ,Gaza,4177114,Women's literacy: Total,100,1,MZ,Mozambique,2003,MZ2003DHS,ED_LITR_W_TOT,231233080,T,431009,1431009,Region,Gaza,0,,0,1,EDLITRWTOT,MZDHS2003431009,2003,DHS,666,1273,,,1
MOZ,Maputo Provincia,6920310,Women's literacy: Total,100,1,MZ,Mozambique,2003,MZ2003DHS,ED_LITR_W_TOT,231233080,T,431010,1431010,Region,Maputo Provincia,0,,0,1,EDLITRWTOT,MZDHS2003431010,2003,DHS,1050,1125,,,1
MOZ,Maputo Cidade,3871720,Women's literacy: Total,100,1,MZ,Mozambique,2003,MZ2003DHS,ED_LITR_W_TOT,231233080,T,431011,1431011,Region,Maputo Cidade,0,,0,1,EDLITRWTOT,MZDHS2003431011,2003,DHS,1059,1396,,,1
MOZ,Niassa,6417693,Women who are literate,16.6,1,MZ,Mozambique,2003,MZ2003DHS,ED_LITR_W_LIT,231233090,I,431001,1431001,Region,Niassa,0,,0,1,EDLITRWLIT,MZDHS2003431001,2003,DHS,476,819,,,1
MOZ,Cabo Delgado,2993719,Women who are literate,15.5,1,MZ,Mozambique,2003,MZ2003DHS,ED_LITR_W_LIT,231233090,I,431002,1431002,Region,Cabo Delgado,0,,0,1,EDLITRWLIT,MZDHS2003431002,2003,DHS,1071,899,,,1
MOZ,Nampula,5994700,Women who are literate,24.1,1,MZ,Mozambique,2003,MZ2003DHS,ED_LITR_W_LIT,231233090,I,431003,1431003,Region,Nampula,0,,0,1,EDLITRWLIT,MZDHS2003431003,2003,DHS,2403,1217,,,1
MOZ,Zambézia,1408974,Women who are literate,19.9,1,MZ,Mozambique,2003,MZ2003DHS,ED_LITR_W_LIT,231233090,I,431004,1431004,Region,Zambézia,0,,0,1,EDLITRWLIT,MZDHS2003431004,2003,DHS,1906,1135,,,1
MOZ,Tete,5733514,Women who are literate,27.1,1,MZ,Mozambique,2003,MZ2003DHS,ED_LITR_W_LIT,231233090,I,431005,1431005,Region,Tete,0,,0,1,EDLITRWLIT,MZDHS2003431005,2003,DHS,1025,1115,,,1
MOZ,Manica,3906059,Women who are literate,39.9,1,MZ,Mozambique,2003,MZ2003DHS,ED_LITR_W_LIT,231233090,I,431006,1431006,Region,Manica,0,,0,1,EDLITRWLIT,MZDHS2003431006,2003,DHS,809,1094,,,1
MOZ,Sofala,3188637,Women who are literate,33.7,1,MZ,Mozambique,2003,MZ2003DHS,ED_LITR_W_LIT,231233090,I,431007,1431007,Region,Sofala,0,,0,1,EDLITRWLIT,MZDHS2003431007,2003,DHS,865,1220,,,1
MOZ,Inhambane,3512228,Women who are literate,54.1,1,MZ,Mozambique,2003,MZ2003DHS,ED_LITR_W_LIT,231233090,I,431008,1431008,Region,Inhambane,0,,0,1,EDLITRWLIT,MZDHS2003431008,2003,DHS,1088,1125,,,1
MOZ,Gaza,4177115,Women who are literate,55.3,1,MZ,Mozambique,2003,MZ2003DHS,ED_LITR_W_LIT,231233090,I,431009,1431009,Region,Gaza,0,,0,1,EDLITRWLIT,MZDHS2003431009,2003,DHS,666,1273,,,1
MOZ,Maputo Provincia,6920348,Women who are literate,70.3,1,MZ,Mozambique,2003,MZ2003DHS,ED_LITR_W_LIT,231233090,I,431010,1431010,Region,Maputo Provincia,0,,0,1,EDLITRWLIT,MZDHS2003431010,2003,DHS,1050,1125,,,1
MOZ,Maputo Cidade,3871721,Women who are literate,82,1,MZ,Mozambique,2003,MZ2003DHS,ED_LITR_W_LIT,231233090,I,431011,1431011,Region,Maputo Cidade,0,,0,1,EDLITRWLIT,MZDHS2003431011,2003,DHS,1059,1396,,,1
MOZ,Niassa,6471368,Number of women,476,0,MZ,Mozambique,2003,MZ2003DHS,ED_LITR_W_NUM,231233100,D,431001,1431001,Region,Niassa,0,,0,1,EDLITRWNUM,MZDHS2003431001,2003,DHS,,819,,,1
MOZ,Cabo Delgado,1408944,Number of women,1071,0,MZ,Mozambique,2003,MZ2003DHS,ED_LITR_W_NUM,231233100,D,431002,1431002,Region,Cabo Delgado,0,,0,1,EDLITRWNUM,MZDHS2003431002,2003,DHS,,899,,,1
MOZ,Nampula,6077308,Number of women,2403,0,MZ,Mozambique,2003,MZ2003DHS,ED_LITR_W_NUM,231233100,D,431003,1431003,Region,Nampula,0,,0,1,EDLITRWNUM,MZDHS2003431003,2003,DHS,,1217,,,1
MOZ,Zambézia,146511,Number of women,1906,0,MZ,Mozambique,2003,MZ2003DHS,ED_LITR_W_NUM,231233100,D,431004,1431004,Region,Zambézia,0,,0,1,EDLITRWNUM,MZDHS2003431004,2003,DHS,,1135,,,1
MOZ,Tete,5823910,Number of women,1025,0,MZ,Mozambique,2003,MZ2003DHS,ED_LITR_W_NUM,231233100,D,431005,1431005,Region,Tete,0,,0,1,EDLITRWNUM,MZDHS2003431005,2003,DHS,,1115,,,1
MOZ,Manica,3879492,Number of women,809,0,MZ,Mozambique,2003,MZ2003DHS,ED_LITR_W_NUM,231233100,D,431006,1431006,Region,Manica,0,,0,1,EDLITRWNUM,MZDHS2003431006,2003,DHS,,1094,,,1
MOZ,Sofala,1401390,Number of women,865,0,MZ,Mozambique,2003,MZ2003DHS,ED_LITR_W_NUM,231233100,D,431007,1431007,Region,Sofala,0,,0,1,EDLITRWNUM,MZDHS2003431007,2003,DHS,,1220,,,1
MOZ,Inhambane,3549666,Number of women,1088,0,MZ,Mozambique,2003,MZ2003DHS,ED_LITR_W_NUM,231233100,D,431008,1431008,Region,Inhambane,0,,0,1,EDLITRWNUM,MZDHS2003431008,2003,DHS,,1125,,,1
MOZ,Gaza,4232593,Number of women,666,0,MZ,Mozambique,2003,MZ2003DHS,ED_LITR_W_NUM,231233100,D,431009,1431009,Region,Gaza,0,,0,1,EDLITRWNUM,MZDHS2003431009,2003,DHS,,1273,,,1
MOZ,Maputo Provincia,6950732,Number of women,1050,0,MZ,Mozambique,2003,MZ2003DHS,ED_LITR_W_NUM,231233100,D,431010,1431010,Region,Maputo Provincia,0,,0,1,EDLITRWNUM,MZDHS2003431010,2003,DHS,,1125,,,1
MOZ,Maputo Cidade,3871722,Number of women,1059,0,MZ,Mozambique,2003,MZ2003DHS,ED_LITR_W_NUM,231233100,D,431011,1431011,Region,Maputo Cidade,0,,0,1,EDLITRWNUM,MZDHS2003431011,2003,DHS,,1396,,,1
MOZ,Niassa,2593330,Number of women (unweighted),819,0,MZ,Mozambique,2003,MZ2003DHS,ED_LITR_W_UNW,231233110,U,431001,1431001,Region,Niassa,0,,0,1,EDLITRWUNW,MZDHS2003431001,2003,DHS,476,,,,1
MOZ,Cabo Delgado,2993697,Number of women (unweighted),899,0,MZ,Mozambique,2003,MZ2003DHS,ED_LITR_W_UNW,231233110,U,431002,1431002,Region,Cabo Delgado,0,,0,1,EDLITRWUNW,MZDHS2003431002,2003,DHS,1071,,,,1
MOZ,Nampula,720812,Number of women (unweighted),1217,0,MZ,Mozambique,2003,MZ2003DHS,ED_LITR_W_UNW,231233110,U,431003,1431003,Region,Nampula,0,,0,1,EDLITRWUNW,MZDHS2003431003,2003,DHS,2403,,,,1
MOZ,Zambézia,5160841,Number of women (unweighted),1135,0,MZ,Mozambique,2003,MZ2003DHS,ED_LITR_W_UNW,231233110,U,431004,1431004,Region,Zambézia,0,,0,1,EDLITRWUNW,MZDHS2003431004,2003,DHS,1906,,,,1
MOZ,Tete,121009,Number of women (unweighted),1115,0,MZ,Mozambique,2003,MZ2003DHS,ED_LITR_W_UNW,231233110,U,431005,1431005,Region,Tete,0,,0,1,EDLITRWUNW,MZDHS2003431005,2003,DHS,1025,,,,1
MOZ,Manica,3389547,Number of women (unweighted),1094,0,MZ,Mozambique,2003,MZ2003DHS,ED_LITR_W_UNW,231233110,U,431006,1431006,Region,Manica,0,,0,1,EDLITRWUNW,MZDHS2003431006,2003,DHS,809,,,,1
MOZ,Sofala,3188671,Number of women (unweighted),1220,0,MZ,Mozambique,2003,MZ2003DHS,ED_LITR_W_UNW,231233110,U,431007,1431007,Region,Sofala,0,,0,1,EDLITRWUNW,MZDHS2003431007,2003,DHS,865,,,,1
MOZ,Inhambane,4281018,Number of women (unweighted),1125,0,MZ,Mozambique,2003,MZ2003DHS,ED_LITR_W_UNW,231233110,U,431008,1431008,Region,Inhambane,0,,0,1,EDLITRWUNW,MZDHS2003431008,2003,DHS,1088,,,,1
MOZ,Gaza,2989375,Number of women (unweighted),1273,0,MZ,Mozambique,2003,MZ2003DHS,ED_LITR_W_UNW,231233110,U,431009,1431009,Region,Gaza,0,,0,1,EDLITRWUNW,MZDHS2003431009,2003,DHS,666,,,,1
MOZ,Maputo Provincia,484251,Number of women (unweighted),1125,0,MZ,Mozambique,2003,MZ2003DHS,ED_LITR_W_UNW,231233110,U,431010,1431010,Region,Maputo Provincia,0,,0,1,EDLITRWUNW,MZDHS2003431010,2003,DHS,1050,,,,1
MOZ,Maputo Cidade,1417238,Number of women (unweighted),1396,0,MZ,Mozambique,2003,MZ2003DHS,ED_LITR_W_UNW,231233110,U,431011,1431011,Region,Maputo Cidade,0,,0,1,EDLITRWUNW,MZDHS2003431011,2003,DHS,1059,,,,1
MOZ,Niassa,4100818,Men with secondary or higher education,16.5,1,MZ,Mozambique,2003,MZ2003DHS,ED_LITR_M_SCH,231234120,I,431001,1431001,Region,Niassa,0,,0,1,EDLITRMSCH,MZDHS2003431001,2003,DHS,99,166,,,1
MOZ,Cabo Delgado,5067887,Men with secondary or higher education,7.6,1,MZ,Mozambique,2003,MZ2003DHS,ED_LITR_M_SCH,231234120,I,431002,1431002,Region,Cabo Delgado,0,,0,1,EDLITRMSCH,MZDHS2003431002,2003,DHS,237,217,,,1
MOZ,Nampula,4898260,Men with secondary or higher education,14.3,1,MZ,Mozambique,2003,MZ2003DHS,ED_LITR_M_SCH,231234120,I,431003,1431003,Region,Nampula,0,,0,1,EDLITRMSCH,MZDHS2003431003,2003,DHS,574,311,,,1
MOZ,Zambézia,3432822,Men with secondary or higher education,7.4,1,MZ,Mozambique,2003,MZ2003DHS,ED_LITR_M_SCH,231234120,I,431004,1431004,Region,Zambézia,0,,0,1,EDLITRMSCH,MZDHS2003431004,2003,DHS,401,244,,,1
MOZ,Tete,1408954,Men with secondary or higher education,13.7,1,MZ,Mozambique,2003,MZ2003DHS,ED_LITR_M_SCH,231234120,I,431005,1431005,Region,Tete,0,,0,1,EDLITRMSCH,MZDHS2003431005,2003,DHS,188,217,,,1
MOZ,Manica,799960,Men with secondary or higher education,20,1,MZ,Mozambique,2003,MZ2003DHS,ED_LITR_M_SCH,231234120,I,431006,1431006,Region,Manica,0,,0,1,EDLITRMSCH,MZDHS2003431006,2003,DHS,172,239,,,1
MOZ,Sofala,5785374,Men with secondary or higher education,20.3,1,MZ,Mozambique,2003,MZ2003DHS,ED_LITR_M_SCH,231234120,I,431007,1431007,Region,Sofala,0,,0,1,EDLITRMSCH,MZDHS2003431007,2003,DHS,201,284,,,1
MOZ,Inhambane,4175636,Men with secondary or higher education,17.8,1,MZ,Mozambique,2003,MZ2003DHS,ED_LITR_M_SCH,231234120,I,431008,1431008,Region,Inhambane,0,,0,1,EDLITRMSCH,MZDHS2003431008,2003,DHS,136,142,,,1
MOZ,Gaza,7015449,Men with secondary or higher education,14.5,1,MZ,Mozambique,2003,MZ2003DHS,ED_LITR_M_SCH,231234120,I,431009,1431009,Region,Gaza,0,,0,1,EDLITRMSCH,MZDHS2003431009,2003,DHS,75,180,,,1
MOZ,Maputo Provincia,3626545,Men with secondary or higher education,36.9,1,MZ,Mozambique,2003,MZ2003DHS,ED_LITR_M_SCH,231234120,I,431010,1431010,Region,Maputo Provincia,0,,0,1,EDLITRMSCH,MZDHS2003431010,2003,DHS,174,164,,,1
MOZ,Maputo Cidade,2609236,Men with secondary or higher education,40.6,1,MZ,Mozambique,2003,MZ2003DHS,ED_LITR_M_SCH,231234120,I,431011,1431011,Region,Maputo Cidade,0,,0,1,EDLITRMSCH,MZDHS2003431011,2003,DHS,232,340,,,1
MOZ,Niassa,4100820,Men who can read a whole sentence,34.6,1,MZ,Mozambique,2003,MZ2003DHS,ED_LITR_M_RDW,231234130,I,431001,1431001,Region,Niassa,0,,0,1,EDLITRMRDW,MZDHS2003431001,2003,DHS,99,166,,,1
MOZ,Cabo Delgado,5067888,Men who can read a whole sentence,41,1,MZ,Mozambique,2003,MZ2003DHS,ED_LITR_M_RDW,231234130,I,431002,1431002,Region,Cabo Delgado,0,,0,1,EDLITRMRDW,MZDHS2003431002,2003,DHS,237,217,,,1
MOZ,Nampula,4898257,Men who can read a whole sentence,39.2,1,MZ,Mozambique,2003,MZ2003DHS,ED_LITR_M_RDW,231234130,I,431003,1431003,Region,Nampula,0,,0,1,EDLITRMRDW,MZDHS2003431003,2003,DHS,574,311,,,1
MOZ,Zambézia,3432821,Men who can read a whole sentence,43.5,1,MZ,Mozambique,2003,MZ2003DHS,ED_LITR_M_RDW,231234130,I,431004,1431004,Region,Zambézia,0,,0,1,EDLITRMRDW,MZDHS2003431004,2003,DHS,401,244,,,1
MOZ,Tete,1408959,Men who can read a whole sentence,32.3,1,MZ,Mozambique,2003,MZ2003DHS,ED_LITR_M_RDW,231234130,I,431005,1431005,Region,Tete,0,,0,1,EDLITRMRDW,MZDHS2003431005,2003,DHS,188,217,,,1
MOZ,Manica,799974,Men who can read a whole sentence,64,1,MZ,Mozambique,2003,MZ2003DHS,ED_LITR_M_RDW,231234130,I,431006,1431006,Region,Manica,0,,0,1,EDLITRMRDW,MZDHS2003431006,2003,DHS,172,239,,,1
MOZ,Sofala,5785377,Men who can read a whole sentence,55.8,1,MZ,Mozambique,2003,MZ2003DHS,ED_LITR_M_RDW,231234130,I,431007,1431007,Region,Sofala,0,,0,1,EDLITRMRDW,MZDHS2003431007,2003,DHS,201,284,,,1
MOZ,Inhambane,4175638,Men who can read a whole sentence,52.8,1,MZ,Mozambique,2003,MZ2003DHS,ED_LITR_M_RDW,231234130,I,431008,1431008,Region,Inhambane,0,,0,1,EDLITRMRDW,MZDHS2003431008,2003,DHS,136,142,,,1
MOZ,Gaza,7015443,Men who can read a whole sentence,44.1,1,MZ,Mozambique,2003,MZ2003DHS,ED_LITR_M_RDW,231234130,I,431009,1431009,Region,Gaza,0,,0,1,EDLITRMRDW,MZDHS2003431009,2003,DHS,75,180,,,1
MOZ,Maputo Provincia,3626531,Men who can read a whole sentence,49.9,1,MZ,Mozambique,2003,MZ2003DHS,ED_LITR_M_RDW,231234130,I,431010,1431010,Region,Maputo Provincia,0,,0,1,EDLITRMRDW,MZDHS2003431010,2003,DHS,174,164,,,1
MOZ,Maputo Cidade,2609227,Men who can read a whole sentence,47.7,1,MZ,Mozambique,2003,MZ2003DHS,ED_LITR_M_RDW,231234130,I,431011,1431011,Region,Maputo Cidade,0,,0,1,EDLITRMRDW,MZDHS2003431011,2003,DHS,232,340,,,1
MOZ,Niassa,4100819,Men who can read part of a sentence,8.6,1,MZ,Mozambique,2003,MZ2003DHS,ED_LITR_M_RDP,231234140,I,431001,1431001,Region,Niassa,0,,0,1,EDLITRMRDP,MZDHS2003431001,2003,DHS,99,166,,,1
MOZ,Cabo Delgado,5067894,Men who can read part of a sentence,8.3,1,MZ,Mozambique,2003,MZ2003DHS,ED_LITR_M_RDP,231234140,I,431002,1431002,Region,Cabo Delgado,0,,0,1,EDLITRMRDP,MZDHS2003431002,2003,DHS,237,217,,,1
MOZ,Nampula,4898261,Men who can read part of a sentence,8.3,1,MZ,Mozambique,2003,MZ2003DHS,ED_LITR_M_RDP,231234140,I,431003,1431003,Region,Nampula,0,,0,1,EDLITRMRDP,MZDHS2003431003,2003,DHS,574,311,,,1
MOZ,Zambézia,3432823,Men who can read part of a sentence,8.4,1,MZ,Mozambique,2003,MZ2003DHS,ED_LITR_M_RDP,231234140,I,431004,1431004,Region,Zambézia,0,,0,1,EDLITRMRDP,MZDHS2003431004,2003,DHS,401,244,,,1
MOZ,Tete,1408955,Men who can read part of a sentence,14.7,1,MZ,Mozambique,2003,MZ2003DHS,ED_LITR_M_RDP,231234140,I,431005,1431005,Region,Tete,0,,0,1,EDLITRMRDP,MZDHS2003431005,2003,DHS,188,217,,,1
MOZ,Manica,799973,Men who can read part of a sentence,7.2,1,MZ,Mozambique,2003,MZ2003DHS,ED_LITR_M_RDP,231234140,I,431006,1431006,Region,Manica,0,,0,1,EDLITRMRDP,MZDHS2003431006,2003,DHS,172,239,,,1
MOZ,Sofala,5785375,Men who can read part of a sentence,5.1,1,MZ,Mozambique,2003,MZ2003DHS,ED_LITR_M_RDP,231234140,I,431007,1431007,Region,Sofala,0,,0,1,EDLITRMRDP,MZDHS2003431007,2003,DHS,201,284,,,1
MOZ,Inhambane,4175637,Men who can read part of a sentence,5.4,1,MZ,Mozambique,2003,MZ2003DHS,ED_LITR_M_RDP,231234140,I,431008,1431008,Region,Inhambane,0,,0,1,EDLITRMRDP,MZDHS2003431008,2003,DHS,136,142,,,1
MOZ,Gaza,7015450,Men who can read part of a sentence,5,1,MZ,Mozambique,2003,MZ2003DHS,ED_LITR_M_RDP,231234140,I,431009,1431009,Region,Gaza,0,,0,1,EDLITRMRDP,MZDHS2003431009,2003,DHS,75,180,,,1
MOZ,Maputo Provincia,3626546,Men who can read part of a sentence,4.7,1,MZ,Mozambique,2003,MZ2003DHS,ED_LITR_M_RDP,231234140,I,431010,1431010,Region,Maputo Provincia,0,,0,1,EDLITRMRDP,MZDHS2003431010,2003,DHS,174,164,,,1
MOZ,Maputo Cidade,2609237,Men who can read part of a sentence,7.9,1,MZ,Mozambique,2003,MZ2003DHS,ED_LITR_M_RDP,231234140,I,431011,1431011,Region,Maputo Cidade,0,,0,1,EDLITRMRDP,MZDHS2003431011,2003,DHS,232,340,,,1
MOZ,Niassa,4100824,Men who cannot read at all,39.8,1,MZ,Mozambique,2003,MZ2003DHS,ED_LITR_M_NRD,231234150,I,431001,1431001,Region,Niassa,0,,0,1,EDLITRMNRD,MZDHS2003431001,2003,DHS,99,166,,,1
MOZ,Cabo Delgado,5067889,Men who cannot read at all,43.1,1,MZ,Mozambique,2003,MZ2003DHS,ED_LITR_M_NRD,231234150,I,431002,1431002,Region,Cabo Delgado,0,,0,1,EDLITRMNRD,MZDHS2003431002,2003,DHS,237,217,,,1
MOZ,Nampula,4898258,Men who cannot read at all,38.2,1,MZ,Mozambique,2003,MZ2003DHS,ED_LITR_M_NRD,231234150,I,431003,1431003,Region,Nampula,0,,0,1,EDLITRMNRD,MZDHS2003431003,2003,DHS,574,311,,,1
MOZ,Zambézia,3432840,Men who cannot read at all,39.6,1,MZ,Mozambique,2003,MZ2003DHS,ED_LITR_M_NRD,231234150,I,431004,1431004,Region,Zambézia,0,,0,1,EDLITRMNRD,MZDHS2003431004,2003,DHS,401,244,,,1
MOZ,Tete,1408960,Men who cannot read at all,39.3,1,MZ,Mozambique,2003,MZ2003DHS,ED_LITR_M_NRD,231234150,I,431005,1431005,Region,Tete,0,,0,1,EDLITRMNRD,MZDHS2003431005,2003,DHS,188,217,,,1
MOZ,Manica,799975,Men who cannot read at all,8.5,1,MZ,Mozambique,2003,MZ2003DHS,ED_LITR_M_NRD,231234150,I,431006,1431006,Region,Manica,0,,0,1,EDLITRMNRD,MZDHS2003431006,2003,DHS,172,239,,,1
MOZ,Sofala,5785378,Men who cannot read at all,18.8,1,MZ,Mozambique,2003,MZ2003DHS,ED_LITR_M_NRD,231234150,I,431007,1431007,Region,Sofala,0,,0,1,EDLITRMNRD,MZDHS2003431007,2003,DHS,201,284,,,1
MOZ,Inhambane,4175639,Men who cannot read at all,24,1,MZ,Mozambique,2003,MZ2003DHS,ED_LITR_M_NRD,231234150,I,431008,1431008,Region,Inhambane,0,,0,1,EDLITRMNRD,MZDHS2003431008,2003,DHS,136,142,,,1
MOZ,Gaza,7015444,Men who cannot read at all,35.9,1,MZ,Mozambique,2003,MZ2003DHS,ED_LITR_M_NRD,231234150,I,431009,1431009,Region,Gaza,0,,0,1,EDLITRMNRD,MZDHS2003431009,2003,DHS,75,180,,,1
MOZ,Maputo Provincia,3626532,Men who cannot read at all,8.3,1,MZ,Mozambique,2003,MZ2003DHS,ED_LITR_M_NRD,231234150,I,431010,1431010,Region,Maputo Provincia,0,,0,1,EDLITRMNRD,MZDHS2003431010,2003,DHS,174,164,,,1
MOZ,Maputo Cidade,2609231,Men who cannot read at all,3.9,1,MZ,Mozambique,2003,MZ2003DHS,ED_LITR_M_NRD,231234150,I,431011,1431011,Region,Maputo Cidade,0,,0,1,EDLITRMNRD,MZDHS2003431011,2003,DHS,232,340,,,1
MOZ,Niassa,4100821,Men for whom no card with required language was available,0,1,MZ,Mozambique,2003,MZ2003DHS,ED_LITR_M_NCD,231234160,I,431001,1431001,Region,Niassa,0,,0,1,EDLITRMNCD,MZDHS2003431001,2003,DHS,99,166,,,1
MOZ,Cabo Delgado,5067895,Men for whom no card with required language was available,0,1,MZ,Mozambique,2003,MZ2003DHS,ED_LITR_M_NCD,231234160,I,431002,1431002,Region,Cabo Delgado,0,,0,1,EDLITRMNCD,MZDHS2003431002,2003,DHS,237,217,,,1
MOZ,Nampula,4898262,Men for whom no card with required language was available,0,1,MZ,Mozambique,2003,MZ2003DHS,ED_LITR_M_NCD,231234160,I,431003,1431003,Region,Nampula,0,,0,1,EDLITRMNCD,MZDHS2003431003,2003,DHS,574,311,,,1
MOZ,Zambézia,3432824,Men for whom no card with required language was available,0.5,1,MZ,Mozambique,2003,MZ2003DHS,ED_LITR_M_NCD,231234160,I,431004,1431004,Region,Zambézia,0,,0,1,EDLITRMNCD,MZDHS2003431004,2003,DHS,401,244,,,1
MOZ,Tete,1408956,Men for whom no card with required language was available,0,1,MZ,Mozambique,2003,MZ2003DHS,ED_LITR_M_NCD,231234160,I,431005,1431005,Region,Tete,0,,0,1,EDLITRMNCD,MZDHS2003431005,2003,DHS,188,217,,,1
MOZ,Manica,799977,Men for whom no card with required language was available,0,1,MZ,Mozambique,2003,MZ2003DHS,ED_LITR_M_NCD,231234160,I,431006,1431006,Region,Manica,0,,0,1,EDLITRMNCD,MZDHS2003431006,2003,DHS,172,239,,,1
MOZ,Sofala,5785376,Men for whom no card with required language was available,0,1,MZ,Mozambique,2003,MZ2003DHS,ED_LITR_M_NCD,231234160,I,431007,1431007,Region,Sofala,0,,0,1,EDLITRMNCD,MZDHS2003431007,2003,DHS,201,284,,,1
MOZ,Inhambane,4175657,Men for whom no card with required language was available,0,1,MZ,Mozambique,2003,MZ2003DHS,ED_LITR_M_NCD,231234160,I,431008,1431008,Region,Inhambane,0,,0,1,EDLITRMNCD,MZDHS2003431008,2003,DHS,136,142,,,1
MOZ,Gaza,7015446,Men for whom no card with required language was available,0.4,1,MZ,Mozambique,2003,MZ2003DHS,ED_LITR_M_NCD,231234160,I,431009,1431009,Region,Gaza,0,,0,1,EDLITRMNCD,MZDHS2003431009,2003,DHS,75,180,,,1
MOZ,Maputo Provincia,3626534,Men for whom no card with required language was available,0.3,1,MZ,Mozambique,2003,MZ2003DHS,ED_LITR_M_NCD,231234160,I,431010,1431010,Region,Maputo Provincia,0,,0,1,EDLITRMNCD,MZDHS2003431010,2003,DHS,174,164,,,1
MOZ,Maputo Cidade,2609232,Men for whom no card with required language was available,0,1,MZ,Mozambique,2003,MZ2003DHS,ED_LITR_M_NCD,231234160,I,431011,1431011,Region,Maputo Cidade,0,,0,1,EDLITRMNCD,MZDHS2003431011,2003,DHS,232,340,,,1
MOZ,Niassa,4100822,Men with missing information on literacy,0.5,1,MZ,Mozambique,2003,MZ2003DHS,ED_LITR_M_MIS,231234180,S,431001,1431001,Region,Niassa,0,,0,1,EDLITRMMIS,MZDHS2003431001,2003,DHS,99,166,,,1
MOZ,Cabo Delgado,5067896,Men with missing information on literacy,0,1,MZ,Mozambique,2003,MZ2003DHS,ED_LITR_M_MIS,231234180,S,431002,1431002,Region,Cabo Delgado,0,,0,1,EDLITRMMIS,MZDHS2003431002,2003,DHS,237,217,,,1
MOZ,Nampula,4898323,Men with missing information on literacy,0,1,MZ,Mozambique,2003,MZ2003DHS,ED_LITR_M_MIS,231234180,S,431003,1431003,Region,Nampula,0,,0,1,EDLITRMMIS,MZDHS2003431003,2003,DHS,574,311,,,1
MOZ,Zambézia,3432838,Men with missing information on literacy,0.6,1,MZ,Mozambique,2003,MZ2003DHS,ED_LITR_M_MIS,231234180,S,431004,1431004,Region,Zambézia,0,,0,1,EDLITRMMIS,MZDHS2003431004,2003,DHS,401,244,,,1
MOZ,Tete,1408957,Men with missing information on literacy,0,1,MZ,Mozambique,2003,MZ2003DHS,ED_LITR_M_MIS,231234180,S,431005,1431005,Region,Tete,0,,0,1,EDLITRMMIS,MZDHS2003431005,2003,DHS,188,217,,,1
MOZ,Manica,799978,Men with missing information on literacy,0.3,1,MZ,Mozambique,2003,MZ2003DHS,ED_LITR_M_MIS,231234180,S,431006,1431006,Region,Manica,0,,0,1,EDLITRMMIS,MZDHS2003431006,2003,DHS,172,239,,,1
MOZ,Sofala,5785399,Men with missing information on literacy,0,1,MZ,Mozambique,2003,MZ2003DHS,ED_LITR_M_MIS,231234180,S,431007,1431007,Region,Sofala,0,,0,1,EDLITRMMIS,MZDHS2003431007,2003,DHS,201,284,,,1
MOZ,Inhambane,4175661,Men with missing information on literacy,0,1,MZ,Mozambique,2003,MZ2003DHS,ED_LITR_M_MIS,231234180,S,431008,1431008,Region,Inhambane,0,,0,1,EDLITRMMIS,MZDHS2003431008,2003,DHS,136,142,,,1
MOZ,Gaza,7015447,Men with missing information on literacy,0,1,MZ,Mozambique,2003,MZ2003DHS,ED_LITR_M_MIS,231234180,S,431009,1431009,Region,Gaza,0,,0,1,EDLITRMMIS,MZDHS2003431009,2003,DHS,75,180,,,1
MOZ,Maputo Provincia,3626535,Men with missing information on literacy,0,1,MZ,Mozambique,2003,MZ2003DHS,ED_LITR_M_MIS,231234180,S,431010,1431010,Region,Maputo Provincia,0,,0,1,EDLITRMMIS,MZDHS2003431010,2003,DHS,174,164,,,1
MOZ,Maputo Cidade,2609234,Men with missing information on literacy,0,1,MZ,Mozambique,2003,MZ2003DHS,ED_LITR_M_MIS,231234180,S,431011,1431011,Region,Maputo Cidade,0,,0,1,EDLITRMMIS,MZDHS2003431011,2003,DHS,232,340,,,1
MOZ,Niassa,4100823,Men's literacy: Total,100,1,MZ,Mozambique,2003,MZ2003DHS,ED_LITR_M_TOT,231234190,T,431001,1431001,Region,Niassa,0,,0,1,EDLITRMTOT,MZDHS2003431001,2003,DHS,99,166,,,1
MOZ,Cabo Delgado,5067897,Men's literacy: Total,100,1,MZ,Mozambique,2003,MZ2003DHS,ED_LITR_M_TOT,231234190,T,431002,1431002,Region,Cabo Delgado,0,,0,1,EDLITRMTOT,MZDHS2003431002,2003,DHS,237,217,,,1
MOZ,Nampula,4898324,Men's literacy: Total,100,1,MZ,Mozambique,2003,MZ2003DHS,ED_LITR_M_TOT,231234190,T,431003,1431003,Region,Nampula,0,,0,1,EDLITRMTOT,MZDHS2003431003,2003,DHS,574,311,,,1
MOZ,Zambézia,3432839,Men's literacy: Total,100,1,MZ,Mozambique,2003,MZ2003DHS,ED_LITR_M_TOT,231234190,T,431004,1431004,Region,Zambézia,0,,0,1,EDLITRMTOT,MZDHS2003431004,2003,DHS,401,244,,,1
MOZ,Tete,1408958,Men's literacy: Total,100,1,MZ,Mozambique,2003,MZ2003DHS,ED_LITR_M_TOT,231234190,T,431005,1431005,Region,Tete,0,,0,1,EDLITRMTOT,MZDHS2003431005,2003,DHS,188,217,,,1
MOZ,Manica,799987,Men's literacy: Total,100,1,MZ,Mozambique,2003,MZ2003DHS,ED_LITR_M_TOT,231234190,T,431006,1431006,Region,Manica,0,,0,1,EDLITRMTOT,MZDHS2003431006,2003,DHS,172,239,,,1
MOZ,Sofala,5785401,Men's literacy: Total,100,1,MZ,Mozambique,2003,MZ2003DHS,ED_LITR_M_TOT,231234190,T,431007,1431007,Region,Sofala,0,,0,1,EDLITRMTOT,MZDHS2003431007,2003,DHS,201,284,,,1
MOZ,Inhambane,4175662,Men's literacy: Total,100,1,MZ,Mozambique,2003,MZ2003DHS,ED_LITR_M_TOT,231234190,T,431008,1431008,Region,Inhambane,0,,0,1,EDLITRMTOT,MZDHS2003431008,2003,DHS,136,142,,,1
MOZ,Gaza,7015448,Men's literacy: Total,100,1,MZ,Mozambique,2003,MZ2003DHS,ED_LITR_M_TOT,231234190,T,431009,1431009,Region,Gaza,0,,0,1,EDLITRMTOT,MZDHS2003431009,2003,DHS,75,180,,,1
MOZ,Maputo Provincia,3626544,Men's literacy: Total,100,1,MZ,Mozambique,2003,MZ2003DHS,ED_LITR_M_TOT,231234190,T,431010,1431010,Region,Maputo Provincia,0,,0,1,EDLITRMTOT,MZDHS2003431010,2003,DHS,174,164,,,1
MOZ,Maputo Cidade,2609235,Men's literacy: Total,100,1,MZ,Mozambique,2003,MZ2003DHS,ED_LITR_M_TOT,231234190,T,431011,1431011,Region,Maputo Cidade,0,,0,1,EDLITRMTOT,MZDHS2003431011,2003,DHS,232,340,,,1
MOZ,Niassa,4100825,Men who are literate,59.7,1,MZ,Mozambique,2003,MZ2003DHS,ED_LITR_M_LIT,231234200,I,431001,1431001,Region,Niassa,0,,0,1,EDLITRMLIT,MZDHS2003431001,2003,DHS,99,166,,,1
MOZ,Cabo Delgado,5067893,Men who are literate,56.9,1,MZ,Mozambique,2003,MZ2003DHS,ED_LITR_M_LIT,231234200,I,431002,1431002,Region,Cabo Delgado,0,,0,1,EDLITRMLIT,MZDHS2003431002,2003,DHS,237,217,,,1
MOZ,Nampula,4898259,Men who are literate,61.8,1,MZ,Mozambique,2003,MZ2003DHS,ED_LITR_M_LIT,231234200,I,431003,1431003,Region,Nampula,0,,0,1,EDLITRMLIT,MZDHS2003431003,2003,DHS,574,311,,,1
MOZ,Zambézia,3432841,Men who are literate,59.3,1,MZ,Mozambique,2003,MZ2003DHS,ED_LITR_M_LIT,231234200,I,431004,1431004,Region,Zambézia,0,,0,1,EDLITRMLIT,MZDHS2003431004,2003,DHS,401,244,,,1
MOZ,Tete,1408961,Men who are literate,60.7,1,MZ,Mozambique,2003,MZ2003DHS,ED_LITR_M_LIT,231234200,I,431005,1431005,Region,Tete,0,,0,1,EDLITRMLIT,MZDHS2003431005,2003,DHS,188,217,,,1
MOZ,Manica,799976,Men who are literate,91.2,1,MZ,Mozambique,2003,MZ2003DHS,ED_LITR_M_LIT,231234200,I,431006,1431006,Region,Manica,0,,0,1,EDLITRMLIT,MZDHS2003431006,2003,DHS,172,239,,,1
MOZ,Sofala,5785400,Men who are literate,81.2,1,MZ,Mozambique,2003,MZ2003DHS,ED_LITR_M_LIT,231234200,I,431007,1431007,Region,Sofala,0,,0,1,EDLITRMLIT,MZDHS2003431007,2003,DHS,201,284,,,1
MOZ,Inhambane,4175640,Men who are literate,76,1,MZ,Mozambique,2003,MZ2003DHS,ED_LITR_M_LIT,231234200,I,431008,1431008,Region,Inhambane,0,,0,1,EDLITRMLIT,MZDHS2003431008,2003,DHS,136,142,,,1
MOZ,Gaza,7015445,Men who are literate,63.7,1,MZ,Mozambique,2003,MZ2003DHS,ED_LITR_M_LIT,231234200,I,431009,1431009,Region,Gaza,0,,0,1,EDLITRMLIT,MZDHS2003431009,2003,DHS,75,180,,,1
MOZ,Maputo Provincia,3626533,Men who are literate,91.5,1,MZ,Mozambique,2003,MZ2003DHS,ED_LITR_M_LIT,231234200,I,431010,1431010,Region,Maputo Provincia,0,,0,1,EDLITRMLIT,MZDHS2003431010,2003,DHS,174,164,,,1
MOZ,Maputo Cidade,2609233,Men who are literate,96.1,1,MZ,Mozambique,2003,MZ2003DHS,ED_LITR_M_LIT,231234200,I,431011,1431011,Region,Maputo Cidade,0,,0,1,EDLITRMLIT,MZDHS2003431011,2003,DHS,232,340,,,1
MOZ,Niassa,4098255,Number of men,99,0,MZ,Mozambique,2003,MZ2003DHS,ED_LITR_M_NUM,231234210,D,431001,1431001,Region,Niassa,0,,0,1,EDLITRMNUM,MZDHS2003431001,2003,DHS,,166,,,1
MOZ,Cabo Delgado,5067892,Number of men,237,0,MZ,Mozambique,2003,MZ2003DHS,ED_LITR_M_NUM,231234210,D,431002,1431002,Region,Cabo Delgado,0,,0,1,EDLITRMNUM,MZDHS2003431002,2003,DHS,,217,,,1
MOZ,Nampula,5190665,Number of men,574,0,MZ,Mozambique,2003,MZ2003DHS,ED_LITR_M_NUM,231234210,D,431003,1431003,Region,Nampula,0,,0,1,EDLITRMNUM,MZDHS2003431003,2003,DHS,,311,,,1
MOZ,Zambézia,146570,Number of men,401,0,MZ,Mozambique,2003,MZ2003DHS,ED_LITR_M_NUM,231234210,D,431004,1431004,Region,Zambézia,0,,0,1,EDLITRMNUM,MZDHS2003431004,2003,DHS,,244,,,1
MOZ,Tete,1408962,Number of men,188,0,MZ,Mozambique,2003,MZ2003DHS,ED_LITR_M_NUM,231234210,D,431005,1431005,Region,Tete,0,,0,1,EDLITRMNUM,MZDHS2003431005,2003,DHS,,217,,,1
MOZ,Manica,1393684,Number of men,172,0,MZ,Mozambique,2003,MZ2003DHS,ED_LITR_M_NUM,231234210,D,431006,1431006,Region,Manica,0,,0,1,EDLITRMNUM,MZDHS2003431006,2003,DHS,,239,,,1
MOZ,Sofala,5785402,Number of men,201,0,MZ,Mozambique,2003,MZ2003DHS,ED_LITR_M_NUM,231234210,D,431007,1431007,Region,Sofala,0,,0,1,EDLITRMNUM,MZDHS2003431007,2003,DHS,,284,,,1
MOZ,Inhambane,4176287,Number of men,136,0,MZ,Mozambique,2003,MZ2003DHS,ED_LITR_M_NUM,231234210,D,431008,1431008,Region,Inhambane,0,,0,1,EDLITRMNUM,MZDHS2003431008,2003,DHS,,142,,,1
MOZ,Gaza,7018115,Number of men,75,0,MZ,Mozambique,2003,MZ2003DHS,ED_LITR_M_NUM,231234210,D,431009,1431009,Region,Gaza,0,,0,1,EDLITRMNUM,MZDHS2003431009,2003,DHS,,180,,,1
MOZ,Maputo Provincia,3733240,Number of men,174,0,MZ,Mozambique,2003,MZ2003DHS,ED_LITR_M_NUM,231234210,D,431010,1431010,Region,Maputo Provincia,0,,0,1,EDLITRMNUM,MZDHS2003431010,2003,DHS,,164,,,1
MOZ,Maputo Cidade,1417254,Number of men,232,0,MZ,Mozambique,2003,MZ2003DHS,ED_LITR_M_NUM,231234210,D,431011,1431011,Region,Maputo Cidade,0,,0,1,EDLITRMNUM,MZDHS2003431011,2003,DHS,,340,,,1
MOZ,Niassa,865613,Number of men (unweighted),166,0,MZ,Mozambique,2003,MZ2003DHS,ED_LITR_M_UNW,231234220,U,431001,1431001,Region,Niassa,0,,0,1,EDLITRMUNW,MZDHS2003431001,2003,DHS,99,,,,1
MOZ,Cabo Delgado,1408963,Number of men (unweighted),217,0,MZ,Mozambique,2003,MZ2003DHS,ED_LITR_M_UNW,231234220,U,431002,1431002,Region,Cabo Delgado,0,,0,1,EDLITRMUNW,MZDHS2003431002,2003,DHS,237,,,,1
MOZ,Nampula,291351,Number of men (unweighted),311,0,MZ,Mozambique,2003,MZ2003DHS,ED_LITR_M_UNW,231234220,U,431003,1431003,Region,Nampula,0,,0,1,EDLITRMUNW,MZDHS2003431003,2003,DHS,574,,,,1
MOZ,Zambézia,5188487,Number of men (unweighted),244,0,MZ,Mozambique,2003,MZ2003DHS,ED_LITR_M_UNW,231234220,U,431004,1431004,Region,Zambézia,0,,0,1,EDLITRMUNW,MZDHS2003431004,2003,DHS,401,,,,1
MOZ,Tete,1408964,Number of men (unweighted),217,0,MZ,Mozambique,2003,MZ2003DHS,ED_LITR_M_UNW,231234220,U,431005,1431005,Region,Tete,0,,0,1,EDLITRMUNW,MZDHS2003431005,2003,DHS,188,,,,1
MOZ,Manica,799985,Number of men (unweighted),239,0,MZ,Mozambique,2003,MZ2003DHS,ED_LITR_M_UNW,231234220,U,431006,1431006,Region,Manica,0,,0,1,EDLITRMUNW,MZDHS2003431006,2003,DHS,172,,,,1
MOZ,Sofala,1401389,Number of men (unweighted),284,0,MZ,Mozambique,2003,MZ2003DHS,ED_LITR_M_UNW,231234220,U,431007,1431007,Region,Sofala,0,,0,1,EDLITRMUNW,MZDHS2003431007,2003,DHS,201,,,,1
MOZ,Inhambane,4291516,Number of men (unweighted),142,0,MZ,Mozambique,2003,MZ2003DHS,ED_LITR_M_UNW,231234220,U,431008,1431008,Region,Inhambane,0,,0,1,EDLITRMUNW,MZDHS2003431008,2003,DHS,136,,,,1
MOZ,Gaza,2666844,Number of men (unweighted),180,0,MZ,Mozambique,2003,MZ2003DHS,ED_LITR_M_UNW,231234220,U,431009,1431009,Region,Gaza,0,,0,1,EDLITRMUNW,MZDHS2003431009,2003,DHS,75,,,,1
MOZ,Maputo Provincia,45422,Number of men (unweighted),164,0,MZ,Mozambique,2003,MZ2003DHS,ED_LITR_M_UNW,231234220,U,431010,1431010,Region,Maputo Provincia,0,,0,1,EDLITRMUNW,MZDHS2003431010,2003,DHS,174,,,,1
MOZ,Maputo Cidade,2609238,Number of men (unweighted),340,0,MZ,Mozambique,2003,MZ2003DHS,ED_LITR_M_UNW,231234220,U,431011,1431011,Region,Maputo Cidade,0,,0,1,EDLITRMUNW,MZDHS2003431011,2003,DHS,232,,,,1
MOZ,Niassa,7487131,Women with secondary or higher education,14.2,1,MZ,Mozambique,2011,MZ2011DHS,ED_LITR_W_SCH,231233010,I,431001,1431001,Region,Niassa,0,,0,1,EDLITRWSCH,MZDHS2011431001,2011,DHS,681,927,,,1
MOZ,Cabo Delgado,1943241,Women with secondary or higher education,8,1,MZ,Mozambique,2011,MZ2011DHS,ED_LITR_W_SCH,231233010,I,431002,1431002,Region,Cabo Delgado,0,,0,1,EDLITRWSCH,MZDHS2011431002,2011,DHS,1002,1047,,,1
MOZ,Nampula,4818226,Women with secondary or higher education,10.9,1,MZ,Mozambique,2011,MZ2011DHS,ED_LITR_W_SCH,231233010,I,431003,1431003,Region,Nampula,0,,0,1,EDLITRWSCH,MZDHS2011431003,2011,DHS,1926,980,,,1
MOZ,Zambézia,3609033,Women with secondary or higher education,7.6,1,MZ,Mozambique,2011,MZ2011DHS,ED_LITR_W_SCH,231233010,I,431004,1431004,Region,Zambézia,0,,0,1,EDLITRWSCH,MZDHS2011431004,2011,DHS,2532,1330,,,1
MOZ,Tete,2987244,Women with secondary or higher education,12.2,1,MZ,Mozambique,2011,MZ2011DHS,ED_LITR_W_SCH,231233010,I,431005,1431005,Region,Tete,0,,0,1,EDLITRWSCH,MZDHS2011431005,2011,DHS,1608,1126,,,1
MOZ,Manica,6071247,Women with secondary or higher education,25.9,1,MZ,Mozambique,2011,MZ2011DHS,ED_LITR_W_SCH,231233010,I,431006,1431006,Region,Manica,0,,0,1,EDLITRWSCH,MZDHS2011431006,2011,DHS,951,1174,,,1
MOZ,Sofala,4049148,Women with secondary or higher education,18.8,1,MZ,Mozambique,2011,MZ2011DHS,ED_LITR_W_SCH,231233010,I,431007,1431007,Region,Sofala,0,,0,1,EDLITRWSCH,MZDHS2011431007,2011,DHS,1412,1615,,,1
MOZ,Inhambane,7005907,Women with secondary or higher education,19.4,1,MZ,Mozambique,2011,MZ2011DHS,ED_LITR_W_SCH,231233010,I,431008,1431008,Region,Inhambane,0,,0,1,EDLITRWSCH,MZDHS2011431008,2011,DHS,872,1139,,,1
MOZ,Gaza,3670807,Women with secondary or higher education,20.8,1,MZ,Mozambique,2011,MZ2011DHS,ED_LITR_W_SCH,231233010,I,431009,1431009,Region,Gaza,0,,0,1,EDLITRWSCH,MZDHS2011431009,2011,DHS,813,1259,,,1
MOZ,Maputo Provincia,7787791,Women with secondary or higher education,40.3,1,MZ,Mozambique,2011,MZ2011DHS,ED_LITR_W_SCH,231233010,I,431010,1431010,Region,Maputo Provincia,0,,0,1,EDLITRWSCH,MZDHS2011431010,2011,DHS,1061,1424,,,1
MOZ,Maputo Cidade,3466403,Women with secondary or higher education,55.4,1,MZ,Mozambique,2011,MZ2011DHS,ED_LITR_W_SCH,231233010,I,431011,1431011,Region,Maputo Cidade,0,,0,1,EDLITRWSCH,MZDHS2011431011,2011,DHS,888,1724,,,1
MOZ,Niassa,7487132,Women who can read a whole sentence,7.8,1,MZ,Mozambique,2011,MZ2011DHS,ED_LITR_W_RDW,231233020,I,431001,1431001,Region,Niassa,0,,0,1,EDLITRWRDW,MZDHS2011431001,2011,DHS,681,927,,,1
MOZ,Cabo Delgado,1943242,Women who can read a whole sentence,7.3,1,MZ,Mozambique,2011,MZ2011DHS,ED_LITR_W_RDW,231233020,I,431002,1431002,Region,Cabo Delgado,0,,0,1,EDLITRWRDW,MZDHS2011431002,2011,DHS,1002,1047,,,1
MOZ,Nampula,4818227,Women who can read a whole sentence,11.5,1,MZ,Mozambique,2011,MZ2011DHS,ED_LITR_W_RDW,231233020,I,431003,1431003,Region,Nampula,0,,0,1,EDLITRWRDW,MZDHS2011431003,2011,DHS,1926,980,,,1
MOZ,Zambézia,3609034,Women who can read a whole sentence,9.6,1,MZ,Mozambique,2011,MZ2011DHS,ED_LITR_W_RDW,231233020,I,431004,1431004,Region,Zambézia,0,,0,1,EDLITRWRDW,MZDHS2011431004,2011,DHS,2532,1330,,,1
MOZ,Tete,2987245,Women who can read a whole sentence,5.8,1,MZ,Mozambique,2011,MZ2011DHS,ED_LITR_W_RDW,231233020,I,431005,1431005,Region,Tete,0,,0,1,EDLITRWRDW,MZDHS2011431005,2011,DHS,1608,1126,,,1
MOZ,Manica,6071248,Women who can read a whole sentence,17.7,1,MZ,Mozambique,2011,MZ2011DHS,ED_LITR_W_RDW,231233020,I,431006,1431006,Region,Manica,0,,0,1,EDLITRWRDW,MZDHS2011431006,2011,DHS,951,1174,,,1
MOZ,Sofala,4049149,Women who can read a whole sentence,11.3,1,MZ,Mozambique,2011,MZ2011DHS,ED_LITR_W_RDW,231233020,I,431007,1431007,Region,Sofala,0,,0,1,EDLITRWRDW,MZDHS2011431007,2011,DHS,1412,1615,,,1
MOZ,Inhambane,7005908,Women who can read a whole sentence,19.3,1,MZ,Mozambique,2011,MZ2011DHS,ED_LITR_W_RDW,231233020,I,431008,1431008,Region,Inhambane,0,,0,1,EDLITRWRDW,MZDHS2011431008,2011,DHS,872,1139,,,1
MOZ,Gaza,3670835,Women who can read a whole sentence,24.1,1,MZ,Mozambique,2011,MZ2011DHS,ED_LITR_W_RDW,231233020,I,431009,1431009,Region,Gaza,0,,0,1,EDLITRWRDW,MZDHS2011431009,2011,DHS,813,1259,,,1
MOZ,Maputo Provincia,7787792,Women who can read a whole sentence,31,1,MZ,Mozambique,2011,MZ2011DHS,ED_LITR_W_RDW,231233020,I,431010,1431010,Region,Maputo Provincia,0,,0,1,EDLITRWRDW,MZDHS2011431010,2011,DHS,1061,1424,,,1
MOZ,Maputo Cidade,3466404,Women who can read a whole sentence,24.5,1,MZ,Mozambique,2011,MZ2011DHS,ED_LITR_W_RDW,231233020,I,431011,1431011,Region,Maputo Cidade,0,,0,1,EDLITRWRDW,MZDHS2011431011,2011,DHS,888,1724,,,1
MOZ,Niassa,7487133,Women who can read part of a sentence,9.8,1,MZ,Mozambique,2011,MZ2011DHS,ED_LITR_W_RDP,231233030,I,431001,1431001,Region,Niassa,0,,0,1,EDLITRWRDP,MZDHS2011431001,2011,DHS,681,927,,,1
MOZ,Cabo Delgado,1943243,Women who can read part of a sentence,9.2,1,MZ,Mozambique,2011,MZ2011DHS,ED_LITR_W_RDP,231233030,I,431002,1431002,Region,Cabo Delgado,0,,0,1,EDLITRWRDP,MZDHS2011431002,2011,DHS,1002,1047,,,1
MOZ,Nampula,4818228,Women who can read part of a sentence,5.8,1,MZ,Mozambique,2011,MZ2011DHS,ED_LITR_W_RDP,231233030,I,431003,1431003,Region,Nampula,0,,0,1,EDLITRWRDP,MZDHS2011431003,2011,DHS,1926,980,,,1
MOZ,Zambézia,3609035,Women who can read part of a sentence,7.4,1,MZ,Mozambique,2011,MZ2011DHS,ED_LITR_W_RDP,231233030,I,431004,1431004,Region,Zambézia,0,,0,1,EDLITRWRDP,MZDHS2011431004,2011,DHS,2532,1330,,,1
MOZ,Tete,2987271,Women who can read part of a sentence,5.9,1,MZ,Mozambique,2011,MZ2011DHS,ED_LITR_W_RDP,231233030,I,431005,1431005,Region,Tete,0,,0,1,EDLITRWRDP,MZDHS2011431005,2011,DHS,1608,1126,,,1
MOZ,Manica,6071249,Women who can read part of a sentence,5.8,1,MZ,Mozambique,2011,MZ2011DHS,ED_LITR_W_RDP,231233030,I,431006,1431006,Region,Manica,0,,0,1,EDLITRWRDP,MZDHS2011431006,2011,DHS,951,1174,,,1
MOZ,Sofala,4049150,Women who can read part of a sentence,9.5,1,MZ,Mozambique,2011,MZ2011DHS,ED_LITR_W_RDP,231233030,I,431007,1431007,Region,Sofala,0,,0,1,EDLITRWRDP,MZDHS2011431007,2011,DHS,1412,1615,,,1
MOZ,Inhambane,7005909,Women who can read part of a sentence,13,1,MZ,Mozambique,2011,MZ2011DHS,ED_LITR_W_RDP,231233030,I,431008,1431008,Region,Inhambane,0,,0,1,EDLITRWRDP,MZDHS2011431008,2011,DHS,872,1139,,,1
MOZ,Gaza,3670836,Women who can read part of a sentence,10.9,1,MZ,Mozambique,2011,MZ2011DHS,ED_LITR_W_RDP,231233030,I,431009,1431009,Region,Gaza,0,,0,1,EDLITRWRDP,MZDHS2011431009,2011,DHS,813,1259,,,1
MOZ,Maputo Provincia,7787795,Women who can read part of a sentence,5.5,1,MZ,Mozambique,2011,MZ2011DHS,ED_LITR_W_RDP,231233030,I,431010,1431010,Region,Maputo Provincia,0,,0,1,EDLITRWRDP,MZDHS2011431010,2011,DHS,1061,1424,,,1
MOZ,Maputo Cidade,3466405,Women who can read part of a sentence,5.8,1,MZ,Mozambique,2011,MZ2011DHS,ED_LITR_W_RDP,231233030,I,431011,1431011,Region,Maputo Cidade,0,,0,1,EDLITRWRDP,MZDHS2011431011,2011,DHS,888,1724,,,1
MOZ,Niassa,7487137,Women who cannot read at all,68,1,MZ,Mozambique,2011,MZ2011DHS,ED_LITR_W_NRD,231233040,I,431001,1431001,Region,Niassa,0,,0,1,EDLITRWNRD,MZDHS2011431001,2011,DHS,681,927,,,1
MOZ,Cabo Delgado,1943247,Women who cannot read at all,75.5,1,MZ,Mozambique,2011,MZ2011DHS,ED_LITR_W_NRD,231233040,I,431002,1431002,Region,Cabo Delgado,0,,0,1,EDLITRWNRD,MZDHS2011431002,2011,DHS,1002,1047,,,1
MOZ,Nampula,4818231,Women who cannot read at all,71.8,1,MZ,Mozambique,2011,MZ2011DHS,ED_LITR_W_NRD,231233040,I,431003,1431003,Region,Nampula,0,,0,1,EDLITRWNRD,MZDHS2011431003,2011,DHS,1926,980,,,1
MOZ,Zambézia,3609038,Women who cannot read at all,75.3,1,MZ,Mozambique,2011,MZ2011DHS,ED_LITR_W_NRD,231233040,I,431004,1431004,Region,Zambézia,0,,0,1,EDLITRWNRD,MZDHS2011431004,2011,DHS,2532,1330,,,1
MOZ,Tete,2987279,Women who cannot read at all,75.9,1,MZ,Mozambique,2011,MZ2011DHS,ED_LITR_W_NRD,231233040,I,431005,1431005,Region,Tete,0,,0,1,EDLITRWNRD,MZDHS2011431005,2011,DHS,1608,1126,,,1
MOZ,Manica,6071253,Women who cannot read at all,50.6,1,MZ,Mozambique,2011,MZ2011DHS,ED_LITR_W_NRD,231233040,I,431006,1431006,Region,Manica,0,,0,1,EDLITRWNRD,MZDHS2011431006,2011,DHS,951,1174,,,1
MOZ,Sofala,4049151,Women who cannot read at all,60.2,1,MZ,Mozambique,2011,MZ2011DHS,ED_LITR_W_NRD,231233040,I,431007,1431007,Region,Sofala,0,,0,1,EDLITRWNRD,MZDHS2011431007,2011,DHS,1412,1615,,,1
MOZ,Inhambane,7005912,Women who cannot read at all,48,1,MZ,Mozambique,2011,MZ2011DHS,ED_LITR_W_NRD,231233040,I,431008,1431008,Region,Inhambane,0,,0,1,EDLITRWNRD,MZDHS2011431008,2011,DHS,872,1139,,,1
MOZ,Gaza,3670805,Women who cannot read at all,44,1,MZ,Mozambique,2011,MZ2011DHS,ED_LITR_W_NRD,231233040,I,431009,1431009,Region,Gaza,0,,0,1,EDLITRWNRD,MZDHS2011431009,2011,DHS,813,1259,,,1
MOZ,Maputo Provincia,7787789,Women who cannot read at all,22.8,1,MZ,Mozambique,2011,MZ2011DHS,ED_LITR_W_NRD,231233040,I,431010,1431010,Region,Maputo Provincia,0,,0,1,EDLITRWNRD,MZDHS2011431010,2011,DHS,1061,1424,,,1
MOZ,Maputo Cidade,3466407,Women who cannot read at all,14.2,1,MZ,Mozambique,2011,MZ2011DHS,ED_LITR_W_NRD,231233040,I,431011,1431011,Region,Maputo Cidade,0,,0,1,EDLITRWNRD,MZDHS2011431011,2011,DHS,888,1724,,,1
MOZ,Niassa,7487136,Women for whom no card with required language was available,0.2,1,MZ,Mozambique,2011,MZ2011DHS,ED_LITR_W_NCD,231233050,I,431001,1431001,Region,Niassa,0,,0,1,EDLITRWNCD,MZDHS2011431001,2011,DHS,681,927,,,1
MOZ,Cabo Delgado,1943277,Women for whom no card with required language was available,0,1,MZ,Mozambique,2011,MZ2011DHS,ED_LITR_W_NCD,231233050,I,431002,1431002,Region,Cabo Delgado,0,,0,1,EDLITRWNCD,MZDHS2011431002,2011,DHS,1002,1047,,,1
MOZ,Nampula,4818233,Women for whom no card with required language was available,0,1,MZ,Mozambique,2011,MZ2011DHS,ED_LITR_W_NCD,231233050,I,431003,1431003,Region,Nampula,0,,0,1,EDLITRWNCD,MZDHS2011431003,2011,DHS,1926,980,,,1
MOZ,Zambézia,3609040,Women for whom no card with required language was available,0.1,1,MZ,Mozambique,2011,MZ2011DHS,ED_LITR_W_NCD,231233050,I,431004,1431004,Region,Zambézia,0,,0,1,EDLITRWNCD,MZDHS2011431004,2011,DHS,2532,1330,,,1
MOZ,Tete,2987281,Women for whom no card with required language was available,0.3,1,MZ,Mozambique,2011,MZ2011DHS,ED_LITR_W_NCD,231233050,I,431005,1431005,Region,Tete,0,,0,1,EDLITRWNCD,MZDHS2011431005,2011,DHS,1608,1126,,,1
MOZ,Manica,6071252,Women for whom no card with required language was available,0,1,MZ,Mozambique,2011,MZ2011DHS,ED_LITR_W_NCD,231233050,I,431006,1431006,Region,Manica,0,,0,1,EDLITRWNCD,MZDHS2011431006,2011,DHS,951,1174,,,1
MOZ,Sofala,4049154,Women for whom no card with required language was available,0.1,1,MZ,Mozambique,2011,MZ2011DHS,ED_LITR_W_NCD,231233050,I,431007,1431007,Region,Sofala,0,,0,1,EDLITRWNCD,MZDHS2011431007,2011,DHS,1412,1615,,,1
MOZ,Inhambane,7005911,Women for whom no card with required language was available,0,1,MZ,Mozambique,2011,MZ2011DHS,ED_LITR_W_NCD,231233050,I,431008,1431008,Region,Inhambane,0,,0,1,EDLITRWNCD,MZDHS2011431008,2011,DHS,872,1139,,,1
MOZ,Gaza,3670837,Women for whom no card with required language was available,0.1,1,MZ,Mozambique,2011,MZ2011DHS,ED_LITR_W_NCD,231233050,I,431009,1431009,Region,Gaza,0,,0,1,EDLITRWNCD,MZDHS2011431009,2011,DHS,813,1259,,,1
MOZ,Maputo Provincia,7787796,Women for whom no card with required language was available,0.2,1,MZ,Mozambique,2011,MZ2011DHS,ED_LITR_W_NCD,231233050,I,431010,1431010,Region,Maputo Provincia,0,,0,1,EDLITRWNCD,MZDHS2011431010,2011,DHS,1061,1424,,,1
MOZ,Maputo Cidade,3466406,Women for whom no card with required language was available,0,1,MZ,Mozambique,2011,MZ2011DHS,ED_LITR_W_NCD,231233050,I,431011,1431011,Region,Maputo Cidade,0,,0,1,EDLITRWNCD,MZDHS2011431011,2011,DHS,888,1724,,,1
MOZ,Niassa,7487138,Women who are blind/visually impaired,0,1,MZ,Mozambique,2011,MZ2011DHS,ED_LITR_W_BLD,231233060,I,431001,1431001,Region,Niassa,0,,0,1,EDLITRWBLD,MZDHS2011431001,2011,DHS,681,927,,,1
MOZ,Cabo Delgado,1943248,Women who are blind/visually impaired,0,1,MZ,Mozambique,2011,MZ2011DHS,ED_LITR_W_BLD,231233060,I,431002,1431002,Region,Cabo Delgado,0,,0,1,EDLITRWBLD,MZDHS2011431002,2011,DHS,1002,1047,,,1
MOZ,Nampula,4818232,Women who are blind/visually impaired,0,1,MZ,Mozambique,2011,MZ2011DHS,ED_LITR_W_BLD,231233060,I,431003,1431003,Region,Nampula,0,,0,1,EDLITRWBLD,MZDHS2011431003,2011,DHS,1926,980,,,1
MOZ,Zambézia,3609039,Women who are blind/visually impaired,0,1,MZ,Mozambique,2011,MZ2011DHS,ED_LITR_W_BLD,231233060,I,431004,1431004,Region,Zambézia,0,,0,1,EDLITRWBLD,MZDHS2011431004,2011,DHS,2532,1330,,,1
MOZ,Tete,2987280,Women who are blind/visually impaired,0.1,1,MZ,Mozambique,2011,MZ2011DHS,ED_LITR_W_BLD,231233060,I,431005,1431005,Region,Tete,0,,0,1,EDLITRWBLD,MZDHS2011431005,2011,DHS,1608,1126,,,1
MOZ,Manica,6071289,Women who are blind/visually impaired,0,1,MZ,Mozambique,2011,MZ2011DHS,ED_LITR_W_BLD,231233060,I,431006,1431006,Region,Manica,0,,0,1,EDLITRWBLD,MZDHS2011431006,2011,DHS,951,1174,,,1
MOZ,Sofala,4049155,Women who are blind/visually impaired,0,1,MZ,Mozambique,2011,MZ2011DHS,ED_LITR_W_BLD,231233060,I,431007,1431007,Region,Sofala,0,,0,1,EDLITRWBLD,MZDHS2011431007,2011,DHS,1412,1615,,,1
MOZ,Inhambane,7005913,Women who are blind/visually impaired,0.2,1,MZ,Mozambique,2011,MZ2011DHS,ED_LITR_W_BLD,231233060,I,431008,1431008,Region,Inhambane,0,,0,1,EDLITRWBLD,MZDHS2011431008,2011,DHS,872,1139,,,1
MOZ,Gaza,3670806,Women who are blind/visually impaired,0.1,1,MZ,Mozambique,2011,MZ2011DHS,ED_LITR_W_BLD,231233060,I,431009,1431009,Region,Gaza,0,,0,1,EDLITRWBLD,MZDHS2011431009,2011,DHS,813,1259,,,1
MOZ,Maputo Provincia,7787790,Women who are blind/visually impaired,0.2,1,MZ,Mozambique,2011,MZ2011DHS,ED_LITR_W_BLD,231233060,I,431010,1431010,Region,Maputo Provincia,0,,0,1,EDLITRWBLD,MZDHS2011431010,2011,DHS,1061,1424,,,1
MOZ,Maputo Cidade,3466411,Women who are blind/visually impaired,0.1,1,MZ,Mozambique,2011,MZ2011DHS,ED_LITR_W_BLD,231233060,I,431011,1431011,Region,Maputo Cidade,0,,0,1,EDLITRWBLD,MZDHS2011431011,2011,DHS,888,1724,,,1
MOZ,Niassa,7487134,Women's literacy: Total,100,1,MZ,Mozambique,2011,MZ2011DHS,ED_LITR_W_TOT,231233080,T,431001,1431001,Region,Niassa,0,,0,1,EDLITRWTOT,MZDHS2011431001,2011,DHS,681,927,,,1
MOZ,Cabo Delgado,1943244,Women's literacy: Total,100,1,MZ,Mozambique,2011,MZ2011DHS,ED_LITR_W_TOT,231233080,T,431002,1431002,Region,Cabo Delgado,0,,0,1,EDLITRWTOT,MZDHS2011431002,2011,DHS,1002,1047,,,1
MOZ,Nampula,4818229,Women's literacy: Total,100,1,MZ,Mozambique,2011,MZ2011DHS,ED_LITR_W_TOT,231233080,T,431003,1431003,Region,Nampula,0,,0,1,EDLITRWTOT,MZDHS2011431003,2011,DHS,1926,980,,,1
MOZ,Zambézia,3609036,Women's literacy: Total,100,1,MZ,Mozambique,2011,MZ2011DHS,ED_LITR_W_TOT,231233080,T,431004,1431004,Region,Zambézia,0,,0,1,EDLITRWTOT,MZDHS2011431004,2011,DHS,2532,1330,,,1
MOZ,Tete,2987272,Women's literacy: Total,100,1,MZ,Mozambique,2011,MZ2011DHS,ED_LITR_W_TOT,231233080,T,431005,1431005,Region,Tete,0,,0,1,EDLITRWTOT,MZDHS2011431005,2011,DHS,1608,1126,,,1
MOZ,Manica,6071250,Women's literacy: Total,100,1,MZ,Mozambique,2011,MZ2011DHS,ED_LITR_W_TOT,231233080,T,431006,1431006,Region,Manica,0,,0,1,EDLITRWTOT,MZDHS2011431006,2011,DHS,951,1174,,,1
MOZ,Sofala,4049152,Women's literacy: Total,100,1,MZ,Mozambique,2011,MZ2011DHS,ED_LITR_W_TOT,231233080,T,431007,1431007,Region,Sofala,0,,0,1,EDLITRWTOT,MZDHS2011431007,2011,DHS,1412,1615,,,1
MOZ,Inhambane,7005910,Women's literacy: Total,100,1,MZ,Mozambique,2011,MZ2011DHS,ED_LITR_W_TOT,231233080,T,431008,1431008,Region,Inhambane,0,,0,1,EDLITRWTOT,MZDHS2011431008,2011,DHS,872,1139,,,1
MOZ,Gaza,3670803,Women's literacy: Total,100,1,MZ,Mozambique,2011,MZ2011DHS,ED_LITR_W_TOT,231233080,T,431009,1431009,Region,Gaza,0,,0,1,EDLITRWTOT,MZDHS2011431009,2011,DHS,813,1259,,,1
MOZ,Maputo Provincia,7787793,Women's literacy: Total,100,1,MZ,Mozambique,2011,MZ2011DHS,ED_LITR_W_TOT,231233080,T,431010,1431010,Region,Maputo Provincia,0,,0,1,EDLITRWTOT,MZDHS2011431010,2011,DHS,1061,1424,,,1
MOZ,Maputo Cidade,3466412,Women's literacy: Total,100,1,MZ,Mozambique,2011,MZ2011DHS,ED_LITR_W_TOT,231233080,T,431011,1431011,Region,Maputo Cidade,0,,0,1,EDLITRWTOT,MZDHS2011431011,2011,DHS,888,1724,,,1
MOZ,Niassa,7487135,Women who are literate,31.8,1,MZ,Mozambique,2011,MZ2011DHS,ED_LITR_W_LIT,231233090,I,431001,1431001,Region,Niassa,0,,0,1,EDLITRWLIT,MZDHS2011431001,2011,DHS,681,927,,,1
MOZ,Cabo Delgado,1943245,Women who are literate,24.5,1,MZ,Mozambique,2011,MZ2011DHS,ED_LITR_W_LIT,231233090,I,431002,1431002,Region,Cabo Delgado,0,,0,1,EDLITRWLIT,MZDHS2011431002,2011,DHS,1002,1047,,,1
MOZ,Nampula,4818230,Women who are literate,28.2,1,MZ,Mozambique,2011,MZ2011DHS,ED_LITR_W_LIT,231233090,I,431003,1431003,Region,Nampula,0,,0,1,EDLITRWLIT,MZDHS2011431003,2011,DHS,1926,980,,,1
MOZ,Zambézia,3609037,Women who are literate,24.6,1,MZ,Mozambique,2011,MZ2011DHS,ED_LITR_W_LIT,231233090,I,431004,1431004,Region,Zambézia,0,,0,1,EDLITRWLIT,MZDHS2011431004,2011,DHS,2532,1330,,,1
MOZ,Tete,2987278,Women who are literate,23.8,1,MZ,Mozambique,2011,MZ2011DHS,ED_LITR_W_LIT,231233090,I,431005,1431005,Region,Tete,0,,0,1,EDLITRWLIT,MZDHS2011431005,2011,DHS,1608,1126,,,1
MOZ,Manica,6071251,Women who are literate,49.4,1,MZ,Mozambique,2011,MZ2011DHS,ED_LITR_W_LIT,231233090,I,431006,1431006,Region,Manica,0,,0,1,EDLITRWLIT,MZDHS2011431006,2011,DHS,951,1174,,,1
MOZ,Sofala,4049153,Women who are literate,39.6,1,MZ,Mozambique,2011,MZ2011DHS,ED_LITR_W_LIT,231233090,I,431007,1431007,Region,Sofala,0,,0,1,EDLITRWLIT,MZDHS2011431007,2011,DHS,1412,1615,,,1
MOZ,Inhambane,7005914,Women who are literate,51.7,1,MZ,Mozambique,2011,MZ2011DHS,ED_LITR_W_LIT,231233090,I,431008,1431008,Region,Inhambane,0,,0,1,EDLITRWLIT,MZDHS2011431008,2011,DHS,872,1139,,,1
MOZ,Gaza,3670804,Women who are literate,55.8,1,MZ,Mozambique,2011,MZ2011DHS,ED_LITR_W_LIT,231233090,I,431009,1431009,Region,Gaza,0,,0,1,EDLITRWLIT,MZDHS2011431009,2011,DHS,813,1259,,,1
MOZ,Maputo Provincia,7787794,Women who are literate,76.8,1,MZ,Mozambique,2011,MZ2011DHS,ED_LITR_W_LIT,231233090,I,431010,1431010,Region,Maputo Provincia,0,,0,1,EDLITRWLIT,MZDHS2011431010,2011,DHS,1061,1424,,,1
MOZ,Maputo Cidade,3466413,Women who are literate,85.7,1,MZ,Mozambique,2011,MZ2011DHS,ED_LITR_W_LIT,231233090,I,431011,1431011,Region,Maputo Cidade,0,,0,1,EDLITRWLIT,MZDHS2011431011,2011,DHS,888,1724,,,1
MOZ,Niassa,7487144,Number of women,681,0,MZ,Mozambique,2011,MZ2011DHS,ED_LITR_W_NUM,231233100,D,431001,1431001,Region,Niassa,0,,0,1,EDLITRWNUM,MZDHS2011431001,2011,DHS,,927,,,1
MOZ,Cabo Delgado,1943246,Number of women,1002,0,MZ,Mozambique,2011,MZ2011DHS,ED_LITR_W_NUM,231233100,D,431002,1431002,Region,Cabo Delgado,0,,0,1,EDLITRWNUM,MZDHS2011431002,2011,DHS,,1047,,,1
MOZ,Nampula,4898023,Number of women,1926,0,MZ,Mozambique,2011,MZ2011DHS,ED_LITR_W_NUM,231233100,D,431003,1431003,Region,Nampula,0,,0,1,EDLITRWNUM,MZDHS2011431003,2011,DHS,,980,,,1
MOZ,Zambézia,3728880,Number of women,2532,0,MZ,Mozambique,2011,MZ2011DHS,ED_LITR_W_NUM,231233100,D,431004,1431004,Region,Zambézia,0,,0,1,EDLITRWNUM,MZDHS2011431004,2011,DHS,,1330,,,1
MOZ,Tete,41404,Number of women,1608,0,MZ,Mozambique,2011,MZ2011DHS,ED_LITR_W_NUM,231233100,D,431005,1431005,Region,Tete,0,,0,1,EDLITRWNUM,MZDHS2011431005,2011,DHS,,1126,,,1
MOZ,Manica,6155210,Number of women,951,0,MZ,Mozambique,2011,MZ2011DHS,ED_LITR_W_NUM,231233100,D,431006,1431006,Region,Manica,0,,0,1,EDLITRWNUM,MZDHS2011431006,2011,DHS,,1174,,,1
MOZ,Sofala,4081002,Number of women,1412,0,MZ,Mozambique,2011,MZ2011DHS,ED_LITR_W_NUM,231233100,D,431007,1431007,Region,Sofala,0,,0,1,EDLITRWNUM,MZDHS2011431007,2011,DHS,,1615,,,1
MOZ,Inhambane,7063883,Number of women,872,0,MZ,Mozambique,2011,MZ2011DHS,ED_LITR_W_NUM,231233100,D,431008,1431008,Region,Inhambane,0,,0,1,EDLITRWNUM,MZDHS2011431008,2011,DHS,,1139,,,1
MOZ,Gaza,3670838,Number of women,813,0,MZ,Mozambique,2011,MZ2011DHS,ED_LITR_W_NUM,231233100,D,431009,1431009,Region,Gaza,0,,0,1,EDLITRWNUM,MZDHS2011431009,2011,DHS,,1259,,,1
MOZ,Maputo Provincia,7787776,Number of women,1061,0,MZ,Mozambique,2011,MZ2011DHS,ED_LITR_W_NUM,231233100,D,431010,1431010,Region,Maputo Provincia,0,,0,1,EDLITRWNUM,MZDHS2011431010,2011,DHS,,1424,,,1
MOZ,Maputo Cidade,3577989,Number of women,888,0,MZ,Mozambique,2011,MZ2011DHS,ED_LITR_W_NUM,231233100,D,431011,1431011,Region,Maputo Cidade,0,,0,1,EDLITRWNUM,MZDHS2011431011,2011,DHS,,1724,,,1
MOZ,Niassa,7486232,Number of women (unweighted),927,0,MZ,Mozambique,2011,MZ2011DHS,ED_LITR_W_UNW,231233110,U,431001,1431001,Region,Niassa,0,,0,1,EDLITRWUNW,MZDHS2011431001,2011,DHS,681,,,,1
MOZ,Cabo Delgado,1945340,Number of women (unweighted),1047,0,MZ,Mozambique,2011,MZ2011DHS,ED_LITR_W_UNW,231233110,U,431002,1431002,Region,Cabo Delgado,0,,0,1,EDLITRWUNW,MZDHS2011431002,2011,DHS,1002,,,,1
MOZ,Nampula,3467,Number of women (unweighted),980,0,MZ,Mozambique,2011,MZ2011DHS,ED_LITR_W_UNW,231233110,U,431003,1431003,Region,Nampula,0,,0,1,EDLITRWUNW,MZDHS2011431003,2011,DHS,1926,,,,1
MOZ,Zambézia,3260703,Number of women (unweighted),1330,0,MZ,Mozambique,2011,MZ2011DHS,ED_LITR_W_UNW,231233110,U,431004,1431004,Region,Zambézia,0,,0,1,EDLITRWUNW,MZDHS2011431004,2011,DHS,2532,,,,1
MOZ,Tete,4934564,Number of women (unweighted),1126,0,MZ,Mozambique,2011,MZ2011DHS,ED_LITR_W_UNW,231233110,U,431005,1431005,Region,Tete,0,,0,1,EDLITRWUNW,MZDHS2011431005,2011,DHS,1608,,,,1
MOZ,Manica,534780,Number of women (unweighted),1174,0,MZ,Mozambique,2011,MZ2011DHS,ED_LITR_W_UNW,231233110,U,431006,1431006,Region,Manica,0,,0,1,EDLITRWUNW,MZDHS2011431006,2011,DHS,951,,,,1
MOZ,Sofala,2899642,Number of women (unweighted),1615,0,MZ,Mozambique,2011,MZ2011DHS,ED_LITR_W_UNW,231233110,U,431007,1431007,Region,Sofala,0,,0,1,EDLITRWUNW,MZDHS2011431007,2011,DHS,1412,,,,1
MOZ,Inhambane,741766,Number of women (unweighted),1139,0,MZ,Mozambique,2011,MZ2011DHS,ED_LITR_W_UNW,231233110,U,431008,1431008,Region,Inhambane,0,,0,1,EDLITRWUNW,MZDHS2011431008,2011,DHS,872,,,,1
MOZ,Gaza,1945200,Number of women (unweighted),1259,0,MZ,Mozambique,2011,MZ2011DHS,ED_LITR_W_UNW,231233110,U,431009,1431009,Region,Gaza,0,,0,1,EDLITRWUNW,MZDHS2011431009,2011,DHS,813,,,,1
MOZ,Maputo Provincia,7789377,Number of women (unweighted),1424,0,MZ,Mozambique,2011,MZ2011DHS,ED_LITR_W_UNW,231233110,U,431010,1431010,Region,Maputo Provincia,0,,0,1,EDLITRWUNW,MZDHS2011431010,2011,DHS,1061,,,,1
MOZ,Maputo Cidade,3402643,Number of women (unweighted),1724,0,MZ,Mozambique,2011,MZ2011DHS,ED_LITR_W_UNW,231233110,U,431011,1431011,Region,Maputo Cidade,0,,0,1,EDLITRWUNW,MZDHS2011431011,2011,DHS,888,,,,1
MOZ,Niassa,7486254,Men with secondary or higher education,21.3,1,MZ,Mozambique,2011,MZ2011DHS,ED_LITR_M_SCH,231234120,I,431001,1431001,Region,Niassa,0,,0,1,EDLITRMSCH,MZDHS2011431001,2011,DHS,173,238,,,1
MOZ,Cabo Delgado,3395715,Men with secondary or higher education,15.2,1,MZ,Mozambique,2011,MZ2011DHS,ED_LITR_M_SCH,231234120,I,431002,1431002,Region,Cabo Delgado,0,,0,1,EDLITRMSCH,MZDHS2011431002,2011,DHS,343,376,,,1
MOZ,Nampula,3546930,Men with secondary or higher education,22.4,1,MZ,Mozambique,2011,MZ2011DHS,ED_LITR_M_SCH,231234120,I,431003,1431003,Region,Nampula,0,,0,1,EDLITRMSCH,MZDHS2011431003,2011,DHS,544,299,,,1
MOZ,Zambézia,4055771,Men with secondary or higher education,20,1,MZ,Mozambique,2011,MZ2011DHS,ED_LITR_M_SCH,231234120,I,431004,1431004,Region,Zambézia,0,,0,1,EDLITRMSCH,MZDHS2011431004,2011,DHS,664,358,,,1
MOZ,Tete,6080356,Men with secondary or higher education,20.3,1,MZ,Mozambique,2011,MZ2011DHS,ED_LITR_M_SCH,231234120,I,431005,1431005,Region,Tete,0,,0,1,EDLITRMSCH,MZDHS2011431005,2011,DHS,442,338,,,1
MOZ,Manica,184057,Men with secondary or higher education,48.4,1,MZ,Mozambique,2011,MZ2011DHS,ED_LITR_M_SCH,231234120,I,431006,1431006,Region,Manica,0,,0,1,EDLITRMSCH,MZDHS2011431006,2011,DHS,245,307,,,1
MOZ,Sofala,5202871,Men with secondary or higher education,35.6,1,MZ,Mozambique,2011,MZ2011DHS,ED_LITR_M_SCH,231234120,I,431007,1431007,Region,Sofala,0,,0,1,EDLITRMSCH,MZDHS2011431007,2011,DHS,340,404,,,1
MOZ,Inhambane,4020055,Men with secondary or higher education,34.5,1,MZ,Mozambique,2011,MZ2011DHS,ED_LITR_M_SCH,231234120,I,431008,1431008,Region,Inhambane,0,,0,1,EDLITRMSCH,MZDHS2011431008,2011,DHS,132,173,,,1
MOZ,Gaza,4994927,Men with secondary or higher education,26.6,1,MZ,Mozambique,2011,MZ2011DHS,ED_LITR_M_SCH,231234120,I,431009,1431009,Region,Gaza,0,,0,1,EDLITRMSCH,MZDHS2011431009,2011,DHS,136,202,,,1
MOZ,Maputo Provincia,7772747,Men with secondary or higher education,48.5,1,MZ,Mozambique,2011,MZ2011DHS,ED_LITR_M_SCH,231234120,I,431010,1431010,Region,Maputo Provincia,0,,0,1,EDLITRMSCH,MZDHS2011431010,2011,DHS,272,387,,,1
MOZ,Maputo Cidade,5310731,Men with secondary or higher education,67.8,1,MZ,Mozambique,2011,MZ2011DHS,ED_LITR_M_SCH,231234120,I,431011,1431011,Region,Maputo Cidade,0,,0,1,EDLITRMSCH,MZDHS2011431011,2011,DHS,222,432,,,1
MOZ,Niassa,7486248,Men who can read a whole sentence,27.3,1,MZ,Mozambique,2011,MZ2011DHS,ED_LITR_M_RDW,231234130,I,431001,1431001,Region,Niassa,0,,0,1,EDLITRMRDW,MZDHS2011431001,2011,DHS,173,238,,,1
MOZ,Cabo Delgado,3395673,Men who can read a whole sentence,24.9,1,MZ,Mozambique,2011,MZ2011DHS,ED_LITR_M_RDW,231234130,I,431002,1431002,Region,Cabo Delgado,0,,0,1,EDLITRMRDW,MZDHS2011431002,2011,DHS,343,376,,,1
MOZ,Nampula,3546924,Men who can read a whole sentence,39.3,1,MZ,Mozambique,2011,MZ2011DHS,ED_LITR_M_RDW,231234130,I,431003,1431003,Region,Nampula,0,,0,1,EDLITRMRDW,MZDHS2011431003,2011,DHS,544,299,,,1
MOZ,Zambézia,4055763,Men who can read a whole sentence,30.3,1,MZ,Mozambique,2011,MZ2011DHS,ED_LITR_M_RDW,231234130,I,431004,1431004,Region,Zambézia,0,,0,1,EDLITRMRDW,MZDHS2011431004,2011,DHS,664,358,,,1
MOZ,Tete,6080355,Men who can read a whole sentence,24.2,1,MZ,Mozambique,2011,MZ2011DHS,ED_LITR_M_RDW,231234130,I,431005,1431005,Region,Tete,0,,0,1,EDLITRMRDW,MZDHS2011431005,2011,DHS,442,338,,,1
MOZ,Manica,184054,Men who can read a whole sentence,24.6,1,MZ,Mozambique,2011,MZ2011DHS,ED_LITR_M_RDW,231234130,I,431006,1431006,Region,Manica,0,,0,1,EDLITRMRDW,MZDHS2011431006,2011,DHS,245,307,,,1
MOZ,Sofala,5202863,Men who can read a whole sentence,31.5,1,MZ,Mozambique,2011,MZ2011DHS,ED_LITR_M_RDW,231234130,I,431007,1431007,Region,Sofala,0,,0,1,EDLITRMRDW,MZDHS2011431007,2011,DHS,340,404,,,1
MOZ,Inhambane,4020095,Men who can read a whole sentence,42.2,1,MZ,Mozambique,2011,MZ2011DHS,ED_LITR_M_RDW,231234130,I,431008,1431008,Region,Inhambane,0,,0,1,EDLITRMRDW,MZDHS2011431008,2011,DHS,132,173,,,1
MOZ,Gaza,4994924,Men who can read a whole sentence,36.4,1,MZ,Mozambique,2011,MZ2011DHS,ED_LITR_M_RDW,231234130,I,431009,1431009,Region,Gaza,0,,0,1,EDLITRMRDW,MZDHS2011431009,2011,DHS,136,202,,,1
MOZ,Maputo Provincia,7772745,Men who can read a whole sentence,32.8,1,MZ,Mozambique,2011,MZ2011DHS,ED_LITR_M_RDW,231234130,I,431010,1431010,Region,Maputo Provincia,0,,0,1,EDLITRMRDW,MZDHS2011431010,2011,DHS,272,387,,,1
MOZ,Maputo Cidade,5310729,Men who can read a whole sentence,19.2,1,MZ,Mozambique,2011,MZ2011DHS,ED_LITR_M_RDW,231234130,I,431011,1431011,Region,Maputo Cidade,0,,0,1,EDLITRMRDW,MZDHS2011431011,2011,DHS,222,432,,,1
MOZ,Niassa,7486255,Men who can read part of a sentence,17.4,1,MZ,Mozambique,2011,MZ2011DHS,ED_LITR_M_RDP,231234140,I,431001,1431001,Region,Niassa,0,,0,1,EDLITRMRDP,MZDHS2011431001,2011,DHS,173,238,,,1
MOZ,Cabo Delgado,3395716,Men who can read part of a sentence,5.1,1,MZ,Mozambique,2011,MZ2011DHS,ED_LITR_M_RDP,231234140,I,431002,1431002,Region,Cabo Delgado,0,,0,1,EDLITRMRDP,MZDHS2011431002,2011,DHS,343,376,,,1
MOZ,Nampula,3546931,Men who can read part of a sentence,4.8,1,MZ,Mozambique,2011,MZ2011DHS,ED_LITR_M_RDP,231234140,I,431003,1431003,Region,Nampula,0,,0,1,EDLITRMRDP,MZDHS2011431003,2011,DHS,544,299,,,1
MOZ,Zambézia,4055793,Men who can read part of a sentence,18.1,1,MZ,Mozambique,2011,MZ2011DHS,ED_LITR_M_RDP,231234140,I,431004,1431004,Region,Zambézia,0,,0,1,EDLITRMRDP,MZDHS2011431004,2011,DHS,664,358,,,1
MOZ,Tete,6080357,Men who can read part of a sentence,16.4,1,MZ,Mozambique,2011,MZ2011DHS,ED_LITR_M_RDP,231234140,I,431005,1431005,Region,Tete,0,,0,1,EDLITRMRDP,MZDHS2011431005,2011,DHS,442,338,,,1
MOZ,Manica,184063,Men who can read part of a sentence,7.5,1,MZ,Mozambique,2011,MZ2011DHS,ED_LITR_M_RDP,231234140,I,431006,1431006,Region,Manica,0,,0,1,EDLITRMRDP,MZDHS2011431006,2011,DHS,245,307,,,1
MOZ,Sofala,5202872,Men who can read part of a sentence,11,1,MZ,Mozambique,2011,MZ2011DHS,ED_LITR_M_RDP,231234140,I,431007,1431007,Region,Sofala,0,,0,1,EDLITRMRDP,MZDHS2011431007,2011,DHS,340,404,,,1
MOZ,Inhambane,4020056,Men who can read part of a sentence,7.2,1,MZ,Mozambique,2011,MZ2011DHS,ED_LITR_M_RDP,231234140,I,431008,1431008,Region,Inhambane,0,,0,1,EDLITRMRDP,MZDHS2011431008,2011,DHS,132,173,,,1
MOZ,Gaza,4994931,Men who can read part of a sentence,3.9,1,MZ,Mozambique,2011,MZ2011DHS,ED_LITR_M_RDP,231234140,I,431009,1431009,Region,Gaza,0,,0,1,EDLITRMRDP,MZDHS2011431009,2011,DHS,136,202,,,1
MOZ,Maputo Provincia,7772748,Men who can read part of a sentence,3.5,1,MZ,Mozambique,2011,MZ2011DHS,ED_LITR_M_RDP,231234140,I,431010,1431010,Region,Maputo Provincia,0,,0,1,EDLITRMRDP,MZDHS2011431010,2011,DHS,272,387,,,1
MOZ,Maputo Cidade,5310732,Men who can read part of a sentence,6.5,1,MZ,Mozambique,2011,MZ2011DHS,ED_LITR_M_RDP,231234140,I,431011,1431011,Region,Maputo Cidade,0,,0,1,EDLITRMRDP,MZDHS2011431011,2011,DHS,222,432,,,1
MOZ,Niassa,7486249,Men who cannot read at all,32.9,1,MZ,Mozambique,2011,MZ2011DHS,ED_LITR_M_NRD,231234150,I,431001,1431001,Region,Niassa,0,,0,1,EDLITRMNRD,MZDHS2011431001,2011,DHS,173,238,,,1
MOZ,Cabo Delgado,3395674,Men who cannot read at all,54.4,1,MZ,Mozambique,2011,MZ2011DHS,ED_LITR_M_NRD,231234150,I,431002,1431002,Region,Cabo Delgado,0,,0,1,EDLITRMNRD,MZDHS2011431002,2011,DHS,343,376,,,1
MOZ,Nampula,3546925,Men who cannot read at all,33.6,1,MZ,Mozambique,2011,MZ2011DHS,ED_LITR_M_NRD,231234150,I,431003,1431003,Region,Nampula,0,,0,1,EDLITRMNRD,MZDHS2011431003,2011,DHS,544,299,,,1
MOZ,Zambézia,4055764,Men who cannot read at all,31.6,1,MZ,Mozambique,2011,MZ2011DHS,ED_LITR_M_NRD,231234150,I,431004,1431004,Region,Zambézia,0,,0,1,EDLITRMNRD,MZDHS2011431004,2011,DHS,664,358,,,1
MOZ,Tete,6080361,Men who cannot read at all,38,1,MZ,Mozambique,2011,MZ2011DHS,ED_LITR_M_NRD,231234150,I,431005,1431005,Region,Tete,0,,0,1,EDLITRMNRD,MZDHS2011431005,2011,DHS,442,338,,,1
MOZ,Manica,184055,Men who cannot read at all,19.5,1,MZ,Mozambique,2011,MZ2011DHS,ED_LITR_M_NRD,231234150,I,431006,1431006,Region,Manica,0,,0,1,EDLITRMNRD,MZDHS2011431006,2011,DHS,245,307,,,1
MOZ,Sofala,5202864,Men who cannot read at all,21.7,1,MZ,Mozambique,2011,MZ2011DHS,ED_LITR_M_NRD,231234150,I,431007,1431007,Region,Sofala,0,,0,1,EDLITRMNRD,MZDHS2011431007,2011,DHS,340,404,,,1
MOZ,Inhambane,4020096,Men who cannot read at all,16.2,1,MZ,Mozambique,2011,MZ2011DHS,ED_LITR_M_NRD,231234150,I,431008,1431008,Region,Inhambane,0,,0,1,EDLITRMNRD,MZDHS2011431008,2011,DHS,132,173,,,1
MOZ,Gaza,4994925,Men who cannot read at all,33.1,1,MZ,Mozambique,2011,MZ2011DHS,ED_LITR_M_NRD,231234150,I,431009,1431009,Region,Gaza,0,,0,1,EDLITRMNRD,MZDHS2011431009,2011,DHS,136,202,,,1
MOZ,Maputo Provincia,7772746,Men who cannot read at all,14.9,1,MZ,Mozambique,2011,MZ2011DHS,ED_LITR_M_NRD,231234150,I,431010,1431010,Region,Maputo Provincia,0,,0,1,EDLITRMNRD,MZDHS2011431010,2011,DHS,272,387,,,1
MOZ,Maputo Cidade,5310730,Men who cannot read at all,6.5,1,MZ,Mozambique,2011,MZ2011DHS,ED_LITR_M_NRD,231234150,I,431011,1431011,Region,Maputo Cidade,0,,0,1,EDLITRMNRD,MZDHS2011431011,2011,DHS,222,432,,,1
MOZ,Niassa,7486251,Men for whom no card with required language was available,1.1,1,MZ,Mozambique,2011,MZ2011DHS,ED_LITR_M_NCD,231234160,I,431001,1431001,Region,Niassa,0,,0,1,EDLITRMNCD,MZDHS2011431001,2011,DHS,173,238,,,1
MOZ,Cabo Delgado,3395676,Men for whom no card with required language was available,0,1,MZ,Mozambique,2011,MZ2011DHS,ED_LITR_M_NCD,231234160,I,431002,1431002,Region,Cabo Delgado,0,,0,1,EDLITRMNCD,MZDHS2011431002,2011,DHS,343,376,,,1
MOZ,Nampula,3546927,Men for whom no card with required language was available,0,1,MZ,Mozambique,2011,MZ2011DHS,ED_LITR_M_NCD,231234160,I,431003,1431003,Region,Nampula,0,,0,1,EDLITRMNCD,MZDHS2011431003,2011,DHS,544,299,,,1
MOZ,Zambézia,4055766,Men for whom no card with required language was available,0,1,MZ,Mozambique,2011,MZ2011DHS,ED_LITR_M_NCD,231234160,I,431004,1431004,Region,Zambézia,0,,0,1,EDLITRMNCD,MZDHS2011431004,2011,DHS,664,358,,,1
MOZ,Tete,6080358,Men for whom no card with required language was available,1.1,1,MZ,Mozambique,2011,MZ2011DHS,ED_LITR_M_NCD,231234160,I,431005,1431005,Region,Tete,0,,0,1,EDLITRMNCD,MZDHS2011431005,2011,DHS,442,338,,,1
MOZ,Manica,184051,Men for whom no card with required language was available,0,1,MZ,Mozambique,2011,MZ2011DHS,ED_LITR_M_NCD,231234160,I,431006,1431006,Region,Manica,0,,0,1,EDLITRMNCD,MZDHS2011431006,2011,DHS,245,307,,,1
MOZ,Sofala,5202873,Men for whom no card with required language was available,0.1,1,MZ,Mozambique,2011,MZ2011DHS,ED_LITR_M_NCD,231234160,I,431007,1431007,Region,Sofala,0,,0,1,EDLITRMNCD,MZDHS2011431007,2011,DHS,340,404,,,1
MOZ,Inhambane,4020052,Men for whom no card with required language was available,0,1,MZ,Mozambique,2011,MZ2011DHS,ED_LITR_M_NCD,231234160,I,431008,1431008,Region,Inhambane,0,,0,1,EDLITRMNCD,MZDHS2011431008,2011,DHS,132,173,,,1
MOZ,Gaza,4994928,Men for whom no card with required language was available,0,1,MZ,Mozambique,2011,MZ2011DHS,ED_LITR_M_NCD,231234160,I,431009,1431009,Region,Gaza,0,,0,1,EDLITRMNCD,MZDHS2011431009,2011,DHS,136,202,,,1
MOZ,Maputo Provincia,7772750,Men for whom no card with required language was available,0,1,MZ,Mozambique,2011,MZ2011DHS,ED_LITR_M_NCD,231234160,I,431010,1431010,Region,Maputo Provincia,0,,0,1,EDLITRMNCD,MZDHS2011431010,2011,DHS,272,387,,,1
MOZ,Maputo Cidade,5310733,Men for whom no card with required language was available,0,1,MZ,Mozambique,2011,MZ2011DHS,ED_LITR_M_NCD,231234160,I,431011,1431011,Region,Maputo Cidade,0,,0,1,EDLITRMNCD,MZDHS2011431011,2011,DHS,222,432,,,1
MOZ,Niassa,7486252,Men who are blind/visually impaired,0,1,MZ,Mozambique,2011,MZ2011DHS,ED_LITR_M_BLD,231234170,I,431001,1431001,Region,Niassa,0,,0,1,EDLITRMBLD,MZDHS2011431001,2011,DHS,173,238,,,1
MOZ,Cabo Delgado,3395677,Men who are blind/visually impaired,0.5,1,MZ,Mozambique,2011,MZ2011DHS,ED_LITR_M_BLD,231234170,I,431002,1431002,Region,Cabo Delgado,0,,0,1,EDLITRMBLD,MZDHS2011431002,2011,DHS,343,376,,,1
MOZ,Nampula,3546928,Men who are blind/visually impaired,0,1,MZ,Mozambique,2011,MZ2011DHS,ED_LITR_M_BLD,231234170,I,431003,1431003,Region,Nampula,0,,0,1,EDLITRMBLD,MZDHS2011431003,2011,DHS,544,299,,,1
MOZ,Zambézia,4055767,Men who are blind/visually impaired,0,1,MZ,Mozambique,2011,MZ2011DHS,ED_LITR_M_BLD,231234170,I,431004,1431004,Region,Zambézia,0,,0,1,EDLITRMBLD,MZDHS2011431004,2011,DHS,664,358,,,1
MOZ,Tete,6080359,Men who are blind/visually impaired,0,1,MZ,Mozambique,2011,MZ2011DHS,ED_LITR_M_BLD,231234170,I,431005,1431005,Region,Tete,0,,0,1,EDLITRMBLD,MZDHS2011431005,2011,DHS,442,338,,,1
MOZ,Manica,184052,Men who are blind/visually impaired,0,1,MZ,Mozambique,2011,MZ2011DHS,ED_LITR_M_BLD,231234170,I,431006,1431006,Region,Manica,0,,0,1,EDLITRMBLD,MZDHS2011431006,2011,DHS,245,307,,,1
MOZ,Sofala,5202874,Men who are blind/visually impaired,0,1,MZ,Mozambique,2011,MZ2011DHS,ED_LITR_M_BLD,231234170,I,431007,1431007,Region,Sofala,0,,0,1,EDLITRMBLD,MZDHS2011431007,2011,DHS,340,404,,,1
MOZ,Inhambane,4020053,Men who are blind/visually impaired,0,1,MZ,Mozambique,2011,MZ2011DHS,ED_LITR_M_BLD,231234170,I,431008,1431008,Region,Inhambane,0,,0,1,EDLITRMBLD,MZDHS2011431008,2011,DHS,132,173,,,1
MOZ,Gaza,4994929,Men who are blind/visually impaired,0,1,MZ,Mozambique,2011,MZ2011DHS,ED_LITR_M_BLD,231234170,I,431009,1431009,Region,Gaza,0,,0,1,EDLITRMBLD,MZDHS2011431009,2011,DHS,136,202,,,1
MOZ,Maputo Provincia,7772751,Men who are blind/visually impaired,0.2,1,MZ,Mozambique,2011,MZ2011DHS,ED_LITR_M_BLD,231234170,I,431010,1431010,Region,Maputo Provincia,0,,0,1,EDLITRMBLD,MZDHS2011431010,2011,DHS,272,387,,,1
MOZ,Maputo Cidade,5310734,Men who are blind/visually impaired,0,1,MZ,Mozambique,2011,MZ2011DHS,ED_LITR_M_BLD,231234170,I,431011,1431011,Region,Maputo Cidade,0,,0,1,EDLITRMBLD,MZDHS2011431011,2011,DHS,222,432,,,1
MOZ,Niassa,7486253,Men's literacy: Total,100,1,MZ,Mozambique,2011,MZ2011DHS,ED_LITR_M_TOT,231234190,T,431001,1431001,Region,Niassa,0,,0,1,EDLITRMTOT,MZDHS2011431001,2011,DHS,173,238,,,1
MOZ,Cabo Delgado,3395714,Men's literacy: Total,100,1,MZ,Mozambique,2011,MZ2011DHS,ED_LITR_M_TOT,231234190,T,431002,1431002,Region,Cabo Delgado,0,,0,1,EDLITRMTOT,MZDHS2011431002,2011,DHS,343,376,,,1
MOZ,Nampula,3546929,Men's literacy: Total,100,1,MZ,Mozambique,2011,MZ2011DHS,ED_LITR_M_TOT,231234190,T,431003,1431003,Region,Nampula,0,,0,1,EDLITRMTOT,MZDHS2011431003,2011,DHS,544,299,,,1
MOZ,Zambézia,4055768,Men's literacy: Total,100,1,MZ,Mozambique,2011,MZ2011DHS,ED_LITR_M_TOT,231234190,T,431004,1431004,Region,Zambézia,0,,0,1,EDLITRMTOT,MZDHS2011431004,2011,DHS,664,358,,,1
MOZ,Tete,6080360,Men's literacy: Total,100,1,MZ,Mozambique,2011,MZ2011DHS,ED_LITR_M_TOT,231234190,T,431005,1431005,Region,Tete,0,,0,1,EDLITRMTOT,MZDHS2011431005,2011,DHS,442,338,,,1
MOZ,Manica,184053,Men's literacy: Total,100,1,MZ,Mozambique,2011,MZ2011DHS,ED_LITR_M_TOT,231234190,T,431006,1431006,Region,Manica,0,,0,1,EDLITRMTOT,MZDHS2011431006,2011,DHS,245,307,,,1
MOZ,Sofala,5202875,Men's literacy: Total,100,1,MZ,Mozambique,2011,MZ2011DHS,ED_LITR_M_TOT,231234190,T,431007,1431007,Region,Sofala,0,,0,1,EDLITRMTOT,MZDHS2011431007,2011,DHS,340,404,,,1
MOZ,Inhambane,4020054,Men's literacy: Total,100,1,MZ,Mozambique,2011,MZ2011DHS,ED_LITR_M_TOT,231234190,T,431008,1431008,Region,Inhambane,0,,0,1,EDLITRMTOT,MZDHS2011431008,2011,DHS,132,173,,,1
MOZ,Gaza,4994930,Men's literacy: Total,100,1,MZ,Mozambique,2011,MZ2011DHS,ED_LITR_M_TOT,231234190,T,431009,1431009,Region,Gaza,0,,0,1,EDLITRMTOT,MZDHS2011431009,2011,DHS,136,202,,,1
MOZ,Maputo Provincia,7772752,Men's literacy: Total,100,1,MZ,Mozambique,2011,MZ2011DHS,ED_LITR_M_TOT,231234190,T,431010,1431010,Region,Maputo Provincia,0,,0,1,EDLITRMTOT,MZDHS2011431010,2011,DHS,272,387,,,1
MOZ,Maputo Cidade,5310753,Men's literacy: Total,100,1,MZ,Mozambique,2011,MZ2011DHS,ED_LITR_M_TOT,231234190,T,431011,1431011,Region,Maputo Cidade,0,,0,1,EDLITRMTOT,MZDHS2011431011,2011,DHS,222,432,,,1
MOZ,Niassa,7486250,Men who are literate,66,1,MZ,Mozambique,2011,MZ2011DHS,ED_LITR_M_LIT,231234200,I,431001,1431001,Region,Niassa,0,,0,1,EDLITRMLIT,MZDHS2011431001,2011,DHS,173,238,,,1
MOZ,Cabo Delgado,3395675,Men who are literate,45.2,1,MZ,Mozambique,2011,MZ2011DHS,ED_LITR_M_LIT,231234200,I,431002,1431002,Region,Cabo Delgado,0,,0,1,EDLITRMLIT,MZDHS2011431002,2011,DHS,343,376,,,1
MOZ,Nampula,3546926,Men who are literate,66.4,1,MZ,Mozambique,2011,MZ2011DHS,ED_LITR_M_LIT,231234200,I,431003,1431003,Region,Nampula,0,,0,1,EDLITRMLIT,MZDHS2011431003,2011,DHS,544,299,,,1
MOZ,Zambézia,4055765,Men who are literate,68.4,1,MZ,Mozambique,2011,MZ2011DHS,ED_LITR_M_LIT,231234200,I,431004,1431004,Region,Zambézia,0,,0,1,EDLITRMLIT,MZDHS2011431004,2011,DHS,664,358,,,1
MOZ,Tete,6080362,Men who are literate,60.9,1,MZ,Mozambique,2011,MZ2011DHS,ED_LITR_M_LIT,231234200,I,431005,1431005,Region,Tete,0,,0,1,EDLITRMLIT,MZDHS2011431005,2011,DHS,442,338,,,1
MOZ,Manica,184056,Men who are literate,80.5,1,MZ,Mozambique,2011,MZ2011DHS,ED_LITR_M_LIT,231234200,I,431006,1431006,Region,Manica,0,,0,1,EDLITRMLIT,MZDHS2011431006,2011,DHS,245,307,,,1
MOZ,Sofala,5202865,Men who are literate,78.1,1,MZ,Mozambique,2011,MZ2011DHS,ED_LITR_M_LIT,231234200,I,431007,1431007,Region,Sofala,0,,0,1,EDLITRMLIT,MZDHS2011431007,2011,DHS,340,404,,,1
MOZ,Inhambane,4020097,Men who are literate,83.8,1,MZ,Mozambique,2011,MZ2011DHS,ED_LITR_M_LIT,231234200,I,431008,1431008,Region,Inhambane,0,,0,1,EDLITRMLIT,MZDHS2011431008,2011,DHS,132,173,,,1
MOZ,Gaza,4994926,Men who are literate,66.9,1,MZ,Mozambique,2011,MZ2011DHS,ED_LITR_M_LIT,231234200,I,431009,1431009,Region,Gaza,0,,0,1,EDLITRMLIT,MZDHS2011431009,2011,DHS,136,202,,,1
MOZ,Maputo Provincia,7772749,Men who are literate,84.9,1,MZ,Mozambique,2011,MZ2011DHS,ED_LITR_M_LIT,231234200,I,431010,1431010,Region,Maputo Provincia,0,,0,1,EDLITRMLIT,MZDHS2011431010,2011,DHS,272,387,,,1
MOZ,Maputo Cidade,5310754,Men who are literate,93.5,1,MZ,Mozambique,2011,MZ2011DHS,ED_LITR_M_LIT,231234200,I,431011,1431011,Region,Maputo Cidade,0,,0,1,EDLITRMLIT,MZDHS2011431011,2011,DHS,222,432,,,1
MOZ,Niassa,7486258,Number of men,173,0,MZ,Mozambique,2011,MZ2011DHS,ED_LITR_M_NUM,231234210,D,431001,1431001,Region,Niassa,0,,0,1,EDLITRMNUM,MZDHS2011431001,2011,DHS,,238,,,1
MOZ,Cabo Delgado,1914336,Number of men,343,0,MZ,Mozambique,2011,MZ2011DHS,ED_LITR_M_NUM,231234210,D,431002,1431002,Region,Cabo Delgado,0,,0,1,EDLITRMNUM,MZDHS2011431002,2011,DHS,,376,,,1
MOZ,Nampula,3572782,Number of men,544,0,MZ,Mozambique,2011,MZ2011DHS,ED_LITR_M_NUM,231234210,D,431003,1431003,Region,Nampula,0,,0,1,EDLITRMNUM,MZDHS2011431003,2011,DHS,,299,,,1
MOZ,Zambézia,4150797,Number of men,664,0,MZ,Mozambique,2011,MZ2011DHS,ED_LITR_M_NUM,231234210,D,431004,1431004,Region,Zambézia,0,,0,1,EDLITRMNUM,MZDHS2011431004,2011,DHS,,358,,,1
MOZ,Tete,6043428,Number of men,442,0,MZ,Mozambique,2011,MZ2011DHS,ED_LITR_M_NUM,231234210,D,431005,1431005,Region,Tete,0,,0,1,EDLITRMNUM,MZDHS2011431005,2011,DHS,,338,,,1
MOZ,Manica,1939018,Number of men,245,0,MZ,Mozambique,2011,MZ2011DHS,ED_LITR_M_NUM,231234210,D,431006,1431006,Region,Manica,0,,0,1,EDLITRMNUM,MZDHS2011431006,2011,DHS,,307,,,1
MOZ,Sofala,5202877,Number of men,340,0,MZ,Mozambique,2011,MZ2011DHS,ED_LITR_M_NUM,231234210,D,431007,1431007,Region,Sofala,0,,0,1,EDLITRMNUM,MZDHS2011431007,2011,DHS,,404,,,1
MOZ,Inhambane,4257709,Number of men,132,0,MZ,Mozambique,2011,MZ2011DHS,ED_LITR_M_NUM,231234210,D,431008,1431008,Region,Inhambane,0,,0,1,EDLITRMNUM,MZDHS2011431008,2011,DHS,,173,,,1
MOZ,Gaza,4966255,Number of men,136,0,MZ,Mozambique,2011,MZ2011DHS,ED_LITR_M_NUM,231234210,D,431009,1431009,Region,Gaza,0,,0,1,EDLITRMNUM,MZDHS2011431009,2011,DHS,,202,,,1
MOZ,Maputo Provincia,7772753,Number of men,272,0,MZ,Mozambique,2011,MZ2011DHS,ED_LITR_M_NUM,231234210,D,431010,1431010,Region,Maputo Provincia,0,,0,1,EDLITRMNUM,MZDHS2011431010,2011,DHS,,387,,,1
MOZ,Maputo Cidade,5583483,Number of men,222,0,MZ,Mozambique,2011,MZ2011DHS,ED_LITR_M_NUM,231234210,D,431011,1431011,Region,Maputo Cidade,0,,0,1,EDLITRMNUM,MZDHS2011431011,2011,DHS,,432,,,1
MOZ,Niassa,7482591,Number of men (unweighted),238,0,MZ,Mozambique,2011,MZ2011DHS,ED_LITR_M_UNW,231234220,U,431001,1431001,Region,Niassa,0,,0,1,EDLITRMUNW,MZDHS2011431001,2011,DHS,173,,,,1
MOZ,Cabo Delgado,3395713,Number of men (unweighted),376,0,MZ,Mozambique,2011,MZ2011DHS,ED_LITR_M_UNW,231234220,U,431002,1431002,Region,Cabo Delgado,0,,0,1,EDLITRMUNW,MZDHS2011431002,2011,DHS,343,,,,1
MOZ,Nampula,2967757,Number of men (unweighted),299,0,MZ,Mozambique,2011,MZ2011DHS,ED_LITR_M_UNW,231234220,U,431003,1431003,Region,Nampula,0,,0,1,EDLITRMUNW,MZDHS2011431003,2011,DHS,544,,,,1
MOZ,Zambézia,408221,Number of men (unweighted),358,0,MZ,Mozambique,2011,MZ2011DHS,ED_LITR_M_UNW,231234220,U,431004,1431004,Region,Zambézia,0,,0,1,EDLITRMUNW,MZDHS2011431004,2011,DHS,664,,,,1
MOZ,Tete,4979354,Number of men (unweighted),338,0,MZ,Mozambique,2011,MZ2011DHS,ED_LITR_M_UNW,231234220,U,431005,1431005,Region,Tete,0,,0,1,EDLITRMUNW,MZDHS2011431005,2011,DHS,442,,,,1
MOZ,Manica,184058,Number of men (unweighted),307,0,MZ,Mozambique,2011,MZ2011DHS,ED_LITR_M_UNW,231234220,U,431006,1431006,Region,Manica,0,,0,1,EDLITRMUNW,MZDHS2011431006,2011,DHS,245,,,,1
MOZ,Sofala,1922552,Number of men (unweighted),404,0,MZ,Mozambique,2011,MZ2011DHS,ED_LITR_M_UNW,231234220,U,431007,1431007,Region,Sofala,0,,0,1,EDLITRMUNW,MZDHS2011431007,2011,DHS,340,,,,1
MOZ,Inhambane,3064037,Number of men (unweighted),173,0,MZ,Mozambique,2011,MZ2011DHS,ED_LITR_M_UNW,231234220,U,431008,1431008,Region,Inhambane,0,,0,1,EDLITRMUNW,MZDHS2011431008,2011,DHS,132,,,,1
MOZ,Gaza,3370569,Number of men (unweighted),202,0,MZ,Mozambique,2011,MZ2011DHS,ED_LITR_M_UNW,231234220,U,431009,1431009,Region,Gaza,0,,0,1,EDLITRMUNW,MZDHS2011431009,2011,DHS,136,,,,1
MOZ,Maputo Provincia,7789650,Number of men (unweighted),387,0,MZ,Mozambique,2011,MZ2011DHS,ED_LITR_M_UNW,231234220,U,431010,1431010,Region,Maputo Provincia,0,,0,1,EDLITRMUNW,MZDHS2011431010,2011,DHS,272,,,,1
MOZ,Maputo Cidade,477941,Number of men (unweighted),432,0,MZ,Mozambique,2011,MZ2011DHS,ED_LITR_M_UNW,231234220,U,431011,1431011,Region,Maputo Cidade,0,,0,1,EDLITRMUNW,MZDHS2011431011,2011,DHS,222,,,,1
MOZ,Niassa,989952,Women with secondary or higher education,0.4,1,MZ,Mozambique,2018,MZ2018MIS,ED_LITR_W_SCH,231233010,I,431001,1431001,Region,Niassa,0,,0,1,EDLITRWSCH,MZMIS2018431001,2018,MIS,326,529,,,1
MOZ,Cabo Delgado,6774380,Women with secondary or higher education,0.3,1,MZ,Mozambique,2018,MZ2018MIS,ED_LITR_W_SCH,231233010,I,431002,1431002,Region,Cabo Delgado,0,,0,1,EDLITRWSCH,MZMIS2018431002,2018,MIS,432,458,,,1
MOZ,Nampula,1914989,Women with secondary or higher education,1.3,1,MZ,Mozambique,2018,MZ2018MIS,ED_LITR_W_SCH,231233010,I,431003,1431003,Region,Nampula,0,,0,1,EDLITRWSCH,MZMIS2018431003,2018,MIS,1287,551,,,1
MOZ,Zambézia,7206800,Women with secondary or higher education,0.3,1,MZ,Mozambique,2018,MZ2018MIS,ED_LITR_W_SCH,231233010,I,431004,1431004,Region,Zambézia,0,,0,1,EDLITRWSCH,MZMIS2018431004,2018,MIS,1054,520,,,1
MOZ,Tete,5420778,Women with secondary or higher education,0.7,1,MZ,Mozambique,2018,MZ2018MIS,ED_LITR_W_SCH,231233010,I,431005,1431005,Region,Tete,0,,0,1,EDLITRWSCH,MZMIS2018431005,2018,MIS,529,515,,,1
MOZ,Manica,2744359,Women with secondary or higher education,1.6,1,MZ,Mozambique,2018,MZ2018MIS,ED_LITR_W_SCH,231233010,I,431006,1431006,Region,Manica,0,,0,1,EDLITRWSCH,MZMIS2018431006,2018,MIS,425,657,,,1
MOZ,Sofala,6882350,Women with secondary or higher education,2.5,1,MZ,Mozambique,2018,MZ2018MIS,ED_LITR_W_SCH,231233010,I,431007,1431007,Region,Sofala,0,,0,1,EDLITRWSCH,MZMIS2018431007,2018,MIS,528,604,,,1
MOZ,Inhambane,7632172,Women with secondary or higher education,2,1,MZ,Mozambique,2018,MZ2018MIS,ED_LITR_W_SCH,231233010,I,431008,1431008,Region,Inhambane,0,,0,1,EDLITRWSCH,MZMIS2018431008,2018,MIS,408,534,,,1
MOZ,Gaza,6673268,Women with secondary or higher education,2.7,1,MZ,Mozambique,2018,MZ2018MIS,ED_LITR_W_SCH,231233010,I,431009,1431009,Region,Gaza,0,,0,1,EDLITRWSCH,MZMIS2018431009,2018,MIS,369,591,,,1
MOZ,Maputo Provincia,5583416,Women with secondary or higher education,3.9,1,MZ,Mozambique,2018,MZ2018MIS,ED_LITR_W_SCH,231233010,I,431010,1431010,Region,Maputo Provincia,0,,0,1,EDLITRWSCH,MZMIS2018431010,2018,MIS,420,597,,,1
MOZ,Maputo Cidade,5669965,Women with secondary or higher education,9,1,MZ,Mozambique,2018,MZ2018MIS,ED_LITR_W_SCH,231233010,I,431011,1431011,Region,Maputo Cidade,0,,0,1,EDLITRWSCH,MZMIS2018431011,2018,MIS,406,628,,,1
MOZ,Niassa,989953,Women who can read a whole sentence,18.2,1,MZ,Mozambique,2018,MZ2018MIS,ED_LITR_W_RDW,231233020,I,431001,1431001,Region,Niassa,0,,0,1,EDLITRWRDW,MZMIS2018431001,2018,MIS,326,529,,,1
MOZ,Cabo Delgado,6774381,Women who can read a whole sentence,12.3,1,MZ,Mozambique,2018,MZ2018MIS,ED_LITR_W_RDW,231233020,I,431002,1431002,Region,Cabo Delgado,0,,0,1,EDLITRWRDW,MZMIS2018431002,2018,MIS,432,458,,,1
MOZ,Nampula,1914990,Women who can read a whole sentence,25.4,1,MZ,Mozambique,2018,MZ2018MIS,ED_LITR_W_RDW,231233020,I,431003,1431003,Region,Nampula,0,,0,1,EDLITRWRDW,MZMIS2018431003,2018,MIS,1287,551,,,1
MOZ,Zambézia,7206801,Women who can read a whole sentence,28,1,MZ,Mozambique,2018,MZ2018MIS,ED_LITR_W_RDW,231233020,I,431004,1431004,Region,Zambézia,0,,0,1,EDLITRWRDW,MZMIS2018431004,2018,MIS,1054,520,,,1
MOZ,Tete,5420779,Women who can read a whole sentence,28.6,1,MZ,Mozambique,2018,MZ2018MIS,ED_LITR_W_RDW,231233020,I,431005,1431005,Region,Tete,0,,0,1,EDLITRWRDW,MZMIS2018431005,2018,MIS,529,515,,,1
MOZ,Manica,2744360,Women who can read a whole sentence,37.3,1,MZ,Mozambique,2018,MZ2018MIS,ED_LITR_W_RDW,231233020,I,431006,1431006,Region,Manica,0,,0,1,EDLITRWRDW,MZMIS2018431006,2018,MIS,425,657,,,1
MOZ,Sofala,6882351,Women who can read a whole sentence,34.1,1,MZ,Mozambique,2018,MZ2018MIS,ED_LITR_W_RDW,231233020,I,431007,1431007,Region,Sofala,0,,0,1,EDLITRWRDW,MZMIS2018431007,2018,MIS,528,604,,,1
MOZ,Inhambane,7632174,Women who can read a whole sentence,60.2,1,MZ,Mozambique,2018,MZ2018MIS,ED_LITR_W_RDW,231233020,I,431008,1431008,Region,Inhambane,0,,0,1,EDLITRWRDW,MZMIS2018431008,2018,MIS,408,534,,,1
MOZ,Gaza,6673269,Women who can read a whole sentence,53.9,1,MZ,Mozambique,2018,MZ2018MIS,ED_LITR_W_RDW,231233020,I,431009,1431009,Region,Gaza,0,,0,1,EDLITRWRDW,MZMIS2018431009,2018,MIS,369,591,,,1
MOZ,Maputo Provincia,5583417,Women who can read a whole sentence,64.4,1,MZ,Mozambique,2018,MZ2018MIS,ED_LITR_W_RDW,231233020,I,431010,1431010,Region,Maputo Provincia,0,,0,1,EDLITRWRDW,MZMIS2018431010,2018,MIS,420,597,,,1
MOZ,Maputo Cidade,5669967,Women who can read a whole sentence,69.8,1,MZ,Mozambique,2018,MZ2018MIS,ED_LITR_W_RDW,231233020,I,431011,1431011,Region,Maputo Cidade,0,,0,1,EDLITRWRDW,MZMIS2018431011,2018,MIS,406,628,,,1
MOZ,Niassa,989954,Women who can read part of a sentence,9.5,1,MZ,Mozambique,2018,MZ2018MIS,ED_LITR_W_RDP,231233030,I,431001,1431001,Region,Niassa,0,,0,1,EDLITRWRDP,MZMIS2018431001,2018,MIS,326,529,,,1
MOZ,Cabo Delgado,6774382,Women who can read part of a sentence,4.9,1,MZ,Mozambique,2018,MZ2018MIS,ED_LITR_W_RDP,231233030,I,431002,1431002,Region,Cabo Delgado,0,,0,1,EDLITRWRDP,MZMIS2018431002,2018,MIS,432,458,,,1
MOZ,Nampula,1915075,Women who can read part of a sentence,13.5,1,MZ,Mozambique,2018,MZ2018MIS,ED_LITR_W_RDP,231233030,I,431003,1431003,Region,Nampula,0,,0,1,EDLITRWRDP,MZMIS2018431003,2018,MIS,1287,551,,,1
MOZ,Zambézia,7206802,Women who can read part of a sentence,8.1,1,MZ,Mozambique,2018,MZ2018MIS,ED_LITR_W_RDP,231233030,I,431004,1431004,Region,Zambézia,0,,0,1,EDLITRWRDP,MZMIS2018431004,2018,MIS,1054,520,,,1
MOZ,Tete,5420780,Women who can read part of a sentence,17.7,1,MZ,Mozambique,2018,MZ2018MIS,ED_LITR_W_RDP,231233030,I,431005,1431005,Region,Tete,0,,0,1,EDLITRWRDP,MZMIS2018431005,2018,MIS,529,515,,,1
MOZ,Manica,2744364,Women who can read part of a sentence,15,1,MZ,Mozambique,2018,MZ2018MIS,ED_LITR_W_RDP,231233030,I,431006,1431006,Region,Manica,0,,0,1,EDLITRWRDP,MZMIS2018431006,2018,MIS,425,657,,,1
MOZ,Sofala,6882352,Women who can read part of a sentence,14.1,1,MZ,Mozambique,2018,MZ2018MIS,ED_LITR_W_RDP,231233030,I,431007,1431007,Region,Sofala,0,,0,1,EDLITRWRDP,MZMIS2018431007,2018,MIS,528,604,,,1
MOZ,Inhambane,7632175,Women who can read part of a sentence,14.7,1,MZ,Mozambique,2018,MZ2018MIS,ED_LITR_W_RDP,231233030,I,431008,1431008,Region,Inhambane,0,,0,1,EDLITRWRDP,MZMIS2018431008,2018,MIS,408,534,,,1
MOZ,Gaza,6673282,Women who can read part of a sentence,17.4,1,MZ,Mozambique,2018,MZ2018MIS,ED_LITR_W_RDP,231233030,I,431009,1431009,Region,Gaza,0,,0,1,EDLITRWRDP,MZMIS2018431009,2018,MIS,369,591,,,1
MOZ,Maputo Provincia,5583422,Women who can read part of a sentence,16.6,1,MZ,Mozambique,2018,MZ2018MIS,ED_LITR_W_RDP,231233030,I,431010,1431010,Region,Maputo Provincia,0,,0,1,EDLITRWRDP,MZMIS2018431010,2018,MIS,420,597,,,1
MOZ,Maputo Cidade,5669968,Women who can read part of a sentence,11.3,1,MZ,Mozambique,2018,MZ2018MIS,ED_LITR_W_RDP,231233030,I,431011,1431011,Region,Maputo Cidade,0,,0,1,EDLITRWRDP,MZMIS2018431011,2018,MIS,406,628,,,1
MOZ,Niassa,989955,Women who cannot read at all,71.9,1,MZ,Mozambique,2018,MZ2018MIS,ED_LITR_W_NRD,231233040,I,431001,1431001,Region,Niassa,0,,0,1,EDLITRWNRD,MZMIS2018431001,2018,MIS,326,529,,,1
MOZ,Cabo Delgado,6774377,Women who cannot read at all,81.9,1,MZ,Mozambique,2018,MZ2018MIS,ED_LITR_W_NRD,231233040,I,431002,1431002,Region,Cabo Delgado,0,,0,1,EDLITRWNRD,MZMIS2018431002,2018,MIS,432,458,,,1
MOZ,Nampula,1914890,Women who cannot read at all,59.9,1,MZ,Mozambique,2018,MZ2018MIS,ED_LITR_W_NRD,231233040,I,431003,1431003,Region,Nampula,0,,0,1,EDLITRWNRD,MZMIS2018431003,2018,MIS,1287,551,,,1
MOZ,Zambézia,7206786,Women who cannot read at all,63.3,1,MZ,Mozambique,2018,MZ2018MIS,ED_LITR_W_NRD,231233040,I,431004,1431004,Region,Zambézia,0,,0,1,EDLITRWNRD,MZMIS2018431004,2018,MIS,1054,520,,,1
MOZ,Tete,5420775,Women who cannot read at all,52.3,1,MZ,Mozambique,2018,MZ2018MIS,ED_LITR_W_NRD,231233040,I,431005,1431005,Region,Tete,0,,0,1,EDLITRWNRD,MZMIS2018431005,2018,MIS,529,515,,,1
MOZ,Manica,2744357,Women who cannot read at all,46,1,MZ,Mozambique,2018,MZ2018MIS,ED_LITR_W_NRD,231233040,I,431006,1431006,Region,Manica,0,,0,1,EDLITRWNRD,MZMIS2018431006,2018,MIS,425,657,,,1
MOZ,Sofala,6882348,Women who cannot read at all,49.2,1,MZ,Mozambique,2018,MZ2018MIS,ED_LITR_W_NRD,231233040,I,431007,1431007,Region,Sofala,0,,0,1,EDLITRWNRD,MZMIS2018431007,2018,MIS,528,604,,,1
MOZ,Inhambane,7632176,Women who cannot read at all,22.9,1,MZ,Mozambique,2018,MZ2018MIS,ED_LITR_W_NRD,231233040,I,431008,1431008,Region,Inhambane,0,,0,1,EDLITRWNRD,MZMIS2018431008,2018,MIS,408,534,,,1
MOZ,Gaza,6673266,Women who cannot read at all,26.1,1,MZ,Mozambique,2018,MZ2018MIS,ED_LITR_W_NRD,231233040,I,431009,1431009,Region,Gaza,0,,0,1,EDLITRWNRD,MZMIS2018431009,2018,MIS,369,591,,,1
MOZ,Maputo Provincia,5583418,Women who cannot read at all,15.1,1,MZ,Mozambique,2018,MZ2018MIS,ED_LITR_W_NRD,231233040,I,431010,1431010,Region,Maputo Provincia,0,,0,1,EDLITRWNRD,MZMIS2018431010,2018,MIS,420,597,,,1
MOZ,Maputo Cidade,5669961,Women who cannot read at all,10,1,MZ,Mozambique,2018,MZ2018MIS,ED_LITR_W_NRD,231233040,I,431011,1431011,Region,Maputo Cidade,0,,0,1,EDLITRWNRD,MZMIS2018431011,2018,MIS,406,628,,,1
MOZ,Niassa,989949,Women for whom no card with required language was available,0,1,MZ,Mozambique,2018,MZ2018MIS,ED_LITR_W_NCD,231233050,I,431001,1431001,Region,Niassa,0,,0,1,EDLITRWNCD,MZMIS2018431001,2018,MIS,326,529,,,1
MOZ,Cabo Delgado,6774379,Women for whom no card with required language was available,0,1,MZ,Mozambique,2018,MZ2018MIS,ED_LITR_W_NCD,231233050,I,431002,1431002,Region,Cabo Delgado,0,,0,1,EDLITRWNCD,MZMIS2018431002,2018,MIS,432,458,,,1
MOZ,Nampula,1914892,Women for whom no card with required language was available,0,1,MZ,Mozambique,2018,MZ2018MIS,ED_LITR_W_NCD,231233050,I,431003,1431003,Region,Nampula,0,,0,1,EDLITRWNCD,MZMIS2018431003,2018,MIS,1287,551,,,1
MOZ,Zambézia,7206788,Women for whom no card with required language was available,0,1,MZ,Mozambique,2018,MZ2018MIS,ED_LITR_W_NCD,231233050,I,431004,1431004,Region,Zambézia,0,,0,1,EDLITRWNCD,MZMIS2018431004,2018,MIS,1054,520,,,1
MOZ,Tete,5420777,Women for whom no card with required language was available,0.7,1,MZ,Mozambique,2018,MZ2018MIS,ED_LITR_W_NCD,231233050,I,431005,1431005,Region,Tete,0,,0,1,EDLITRWNCD,MZMIS2018431005,2018,MIS,529,515,,,1
MOZ,Manica,2744358,Women for whom no card with required language was available,0,1,MZ,Mozambique,2018,MZ2018MIS,ED_LITR_W_NCD,231233050,I,431006,1431006,Region,Manica,0,,0,1,EDLITRWNCD,MZMIS2018431006,2018,MIS,425,657,,,1
MOZ,Sofala,6882353,Women for whom no card with required language was available,0,1,MZ,Mozambique,2018,MZ2018MIS,ED_LITR_W_NCD,231233050,I,431007,1431007,Region,Sofala,0,,0,1,EDLITRWNCD,MZMIS2018431007,2018,MIS,528,604,,,1
MOZ,Inhambane,7632173,Women for whom no card with required language was available,0,1,MZ,Mozambique,2018,MZ2018MIS,ED_LITR_W_NCD,231233050,I,431008,1431008,Region,Inhambane,0,,0,1,EDLITRWNCD,MZMIS2018431008,2018,MIS,408,534,,,1
MOZ,Gaza,6673283,Women for whom no card with required language was available,0,1,MZ,Mozambique,2018,MZ2018MIS,ED_LITR_W_NCD,231233050,I,431009,1431009,Region,Gaza,0,,0,1,EDLITRWNCD,MZMIS2018431009,2018,MIS,369,591,,,1
MOZ,Maputo Provincia,5583421,Women for whom no card with required language was available,0,1,MZ,Mozambique,2018,MZ2018MIS,ED_LITR_W_NCD,231233050,I,431010,1431010,Region,Maputo Provincia,0,,0,1,EDLITRWNCD,MZMIS2018431010,2018,MIS,420,597,,,1
MOZ,Maputo Cidade,5669966,Women for whom no card with required language was available,0,1,MZ,Mozambique,2018,MZ2018MIS,ED_LITR_W_NCD,231233050,I,431011,1431011,Region,Maputo Cidade,0,,0,1,EDLITRWNCD,MZMIS2018431011,2018,MIS,406,628,,,1
MOZ,Niassa,989968,Women who are blind/visually impaired,0,1,MZ,Mozambique,2018,MZ2018MIS,ED_LITR_W_BLD,231233060,I,431001,1431001,Region,Niassa,0,,0,1,EDLITRWBLD,MZMIS2018431001,2018,MIS,326,529,,,1
MOZ,Cabo Delgado,6774378,Women who are blind/visually impaired,0.6,1,MZ,Mozambique,2018,MZ2018MIS,ED_LITR_W_BLD,231233060,I,431002,1431002,Region,Cabo Delgado,0,,0,1,EDLITRWBLD,MZMIS2018431002,2018,MIS,432,458,,,1
MOZ,Nampula,1914891,Women who are blind/visually impaired,0,1,MZ,Mozambique,2018,MZ2018MIS,ED_LITR_W_BLD,231233060,I,431003,1431003,Region,Nampula,0,,0,1,EDLITRWBLD,MZMIS2018431003,2018,MIS,1287,551,,,1
MOZ,Zambézia,7206787,Women who are blind/visually impaired,0.2,1,MZ,Mozambique,2018,MZ2018MIS,ED_LITR_W_BLD,231233060,I,431004,1431004,Region,Zambézia,0,,0,1,EDLITRWBLD,MZMIS2018431004,2018,MIS,1054,520,,,1
MOZ,Tete,5420776,Women who are blind/visually impaired,0,1,MZ,Mozambique,2018,MZ2018MIS,ED_LITR_W_BLD,231233060,I,431005,1431005,Region,Tete,0,,0,1,EDLITRWBLD,MZMIS2018431005,2018,MIS,529,515,,,1
MOZ,Manica,2744365,Women who are blind/visually impaired,0,1,MZ,Mozambique,2018,MZ2018MIS,ED_LITR_W_BLD,231233060,I,431006,1431006,Region,Manica,0,,0,1,EDLITRWBLD,MZMIS2018431006,2018,MIS,425,657,,,1
MOZ,Sofala,6882349,Women who are blind/visually impaired,0,1,MZ,Mozambique,2018,MZ2018MIS,ED_LITR_W_BLD,231233060,I,431007,1431007,Region,Sofala,0,,0,1,EDLITRWBLD,MZMIS2018431007,2018,MIS,528,604,,,1
MOZ,Inhambane,7632277,Women who are blind/visually impaired,0.3,1,MZ,Mozambique,2018,MZ2018MIS,ED_LITR_W_BLD,231233060,I,431008,1431008,Region,Inhambane,0,,0,1,EDLITRWBLD,MZMIS2018431008,2018,MIS,408,534,,,1
MOZ,Gaza,6673267,Women who are blind/visually impaired,0,1,MZ,Mozambique,2018,MZ2018MIS,ED_LITR_W_BLD,231233060,I,431009,1431009,Region,Gaza,0,,0,1,EDLITRWBLD,MZMIS2018431009,2018,MIS,369,591,,,1
MOZ,Maputo Provincia,5583420,Women who are blind/visually impaired,0,1,MZ,Mozambique,2018,MZ2018MIS,ED_LITR_W_BLD,231233060,I,431010,1431010,Region,Maputo Provincia,0,,0,1,EDLITRWBLD,MZMIS2018431010,2018,MIS,420,597,,,1
MOZ,Maputo Cidade,5669964,Women who are blind/visually impaired,0,1,MZ,Mozambique,2018,MZ2018MIS,ED_LITR_W_BLD,231233060,I,431011,1431011,Region,Maputo Cidade,0,,0,1,EDLITRWBLD,MZMIS2018431011,2018,MIS,406,628,,,1
MOZ,Niassa,989950,Women's literacy: Total,100,1,MZ,Mozambique,2018,MZ2018MIS,ED_LITR_W_TOT,231233080,T,431001,1431001,Region,Niassa,0,,0,1,EDLITRWTOT,MZMIS2018431001,2018,MIS,326,529,,,1
MOZ,Cabo Delgado,6774375,Women's literacy: Total,100,1,MZ,Mozambique,2018,MZ2018MIS,ED_LITR_W_TOT,231233080,T,431002,1431002,Region,Cabo Delgado,0,,0,1,EDLITRWTOT,MZMIS2018431002,2018,MIS,432,458,,,1
MOZ,Nampula,1914888,Women's literacy: Total,100,1,MZ,Mozambique,2018,MZ2018MIS,ED_LITR_W_TOT,231233080,T,431003,1431003,Region,Nampula,0,,0,1,EDLITRWTOT,MZMIS2018431003,2018,MIS,1287,551,,,1
MOZ,Zambézia,7206783,Women's literacy: Total,100,1,MZ,Mozambique,2018,MZ2018MIS,ED_LITR_W_TOT,231233080,T,431004,1431004,Region,Zambézia,0,,0,1,EDLITRWTOT,MZMIS2018431004,2018,MIS,1054,520,,,1
MOZ,Tete,5420791,Women's literacy: Total,100,1,MZ,Mozambique,2018,MZ2018MIS,ED_LITR_W_TOT,231233080,T,431005,1431005,Region,Tete,0,,0,1,EDLITRWTOT,MZMIS2018431005,2018,MIS,529,515,,,1
MOZ,Manica,2744366,Women's literacy: Total,100,1,MZ,Mozambique,2018,MZ2018MIS,ED_LITR_W_TOT,231233080,T,431006,1431006,Region,Manica,0,,0,1,EDLITRWTOT,MZMIS2018431006,2018,MIS,425,657,,,1
MOZ,Sofala,6882346,Women's literacy: Total,100,1,MZ,Mozambique,2018,MZ2018MIS,ED_LITR_W_TOT,231233080,T,431007,1431007,Region,Sofala,0,,0,1,EDLITRWTOT,MZMIS2018431007,2018,MIS,528,604,,,1
MOZ,Inhambane,7632177,Women's literacy: Total,100,1,MZ,Mozambique,2018,MZ2018MIS,ED_LITR_W_TOT,231233080,T,431008,1431008,Region,Inhambane,0,,0,1,EDLITRWTOT,MZMIS2018431008,2018,MIS,408,534,,,1
MOZ,Gaza,6673264,Women's literacy: Total,100,1,MZ,Mozambique,2018,MZ2018MIS,ED_LITR_W_TOT,231233080,T,431009,1431009,Region,Gaza,0,,0,1,EDLITRWTOT,MZMIS2018431009,2018,MIS,369,591,,,1
MOZ,Maputo Provincia,5583414,Women's literacy: Total,100,1,MZ,Mozambique,2018,MZ2018MIS,ED_LITR_W_TOT,231233080,T,431010,1431010,Region,Maputo Provincia,0,,0,1,EDLITRWTOT,MZMIS2018431010,2018,MIS,420,597,,,1
MOZ,Maputo Cidade,5669962,Women's literacy: Total,100,1,MZ,Mozambique,2018,MZ2018MIS,ED_LITR_W_TOT,231233080,T,431011,1431011,Region,Maputo Cidade,0,,0,1,EDLITRWTOT,MZMIS2018431011,2018,MIS,406,628,,,1
MOZ,Niassa,989951,Women who are literate,28.1,1,MZ,Mozambique,2018,MZ2018MIS,ED_LITR_W_LIT,231233090,I,431001,1431001,Region,Niassa,0,,0,1,EDLITRWLIT,MZMIS2018431001,2018,MIS,326,529,,,1
MOZ,Cabo Delgado,6774376,Women who are literate,17.5,1,MZ,Mozambique,2018,MZ2018MIS,ED_LITR_W_LIT,231233090,I,431002,1431002,Region,Cabo Delgado,0,,0,1,EDLITRWLIT,MZMIS2018431002,2018,MIS,432,458,,,1
MOZ,Nampula,1914889,Women who are literate,40.1,1,MZ,Mozambique,2018,MZ2018MIS,ED_LITR_W_LIT,231233090,I,431003,1431003,Region,Nampula,0,,0,1,EDLITRWLIT,MZMIS2018431003,2018,MIS,1287,551,,,1
MOZ,Zambézia,7206784,Women who are literate,36.5,1,MZ,Mozambique,2018,MZ2018MIS,ED_LITR_W_LIT,231233090,I,431004,1431004,Region,Zambézia,0,,0,1,EDLITRWLIT,MZMIS2018431004,2018,MIS,1054,520,,,1
MOZ,Tete,5420792,Women who are literate,47,1,MZ,Mozambique,2018,MZ2018MIS,ED_LITR_W_LIT,231233090,I,431005,1431005,Region,Tete,0,,0,1,EDLITRWLIT,MZMIS2018431005,2018,MIS,529,515,,,1
MOZ,Manica,2744367,Women who are literate,54,1,MZ,Mozambique,2018,MZ2018MIS,ED_LITR_W_LIT,231233090,I,431006,1431006,Region,Manica,0,,0,1,EDLITRWLIT,MZMIS2018431006,2018,MIS,425,657,,,1
MOZ,Sofala,6882347,Women who are literate,50.8,1,MZ,Mozambique,2018,MZ2018MIS,ED_LITR_W_LIT,231233090,I,431007,1431007,Region,Sofala,0,,0,1,EDLITRWLIT,MZMIS2018431007,2018,MIS,528,604,,,1
MOZ,Inhambane,7632178,Women who are literate,76.9,1,MZ,Mozambique,2018,MZ2018MIS,ED_LITR_W_LIT,231233090,I,431008,1431008,Region,Inhambane,0,,0,1,EDLITRWLIT,MZMIS2018431008,2018,MIS,408,534,,,1
MOZ,Gaza,6673265,Women who are literate,73.9,1,MZ,Mozambique,2018,MZ2018MIS,ED_LITR_W_LIT,231233090,I,431009,1431009,Region,Gaza,0,,0,1,EDLITRWLIT,MZMIS2018431009,2018,MIS,369,591,,,1
MOZ,Maputo Provincia,5583415,Women who are literate,84.9,1,MZ,Mozambique,2018,MZ2018MIS,ED_LITR_W_LIT,231233090,I,431010,1431010,Region,Maputo Provincia,0,,0,1,EDLITRWLIT,MZMIS2018431010,2018,MIS,420,597,,,1
MOZ,Maputo Cidade,5669963,Women who are literate,90,1,MZ,Mozambique,2018,MZ2018MIS,ED_LITR_W_LIT,231233090,I,431011,1431011,Region,Maputo Cidade,0,,0,1,EDLITRWLIT,MZMIS2018431011,2018,MIS,406,628,,,1
MOZ,Niassa,1914899,Number of women,326,0,MZ,Mozambique,2018,MZ2018MIS,ED_LITR_W_NUM,231233100,D,431001,1431001,Region,Niassa,0,,0,1,EDLITRWNUM,MZMIS2018431001,2018,MIS,,529,,,1
MOZ,Cabo Delgado,6804130,Number of women,432,0,MZ,Mozambique,2018,MZ2018MIS,ED_LITR_W_NUM,231233100,D,431002,1431002,Region,Cabo Delgado,0,,0,1,EDLITRWNUM,MZMIS2018431002,2018,MIS,,458,,,1
MOZ,Nampula,1915074,Number of women,1287,0,MZ,Mozambique,2018,MZ2018MIS,ED_LITR_W_NUM,231233100,D,431003,1431003,Region,Nampula,0,,0,1,EDLITRWNUM,MZMIS2018431003,2018,MIS,,551,,,1
MOZ,Zambézia,7206785,Number of women,1054,0,MZ,Mozambique,2018,MZ2018MIS,ED_LITR_W_NUM,231233100,D,431004,1431004,Region,Zambézia,0,,0,1,EDLITRWNUM,MZMIS2018431004,2018,MIS,,520,,,1
MOZ,Tete,5506340,Number of women,529,0,MZ,Mozambique,2018,MZ2018MIS,ED_LITR_W_NUM,231233100,D,431005,1431005,Region,Tete,0,,0,1,EDLITRWNUM,MZMIS2018431005,2018,MIS,,515,,,1
MOZ,Manica,1931506,Number of women,425,0,MZ,Mozambique,2018,MZ2018MIS,ED_LITR_W_NUM,231233100,D,431006,1431006,Region,Manica,0,,0,1,EDLITRWNUM,MZMIS2018431006,2018,MIS,,657,,,1
MOZ,Sofala,6908564,Number of women,528,0,MZ,Mozambique,2018,MZ2018MIS,ED_LITR_W_NUM,231233100,D,431007,1431007,Region,Sofala,0,,0,1,EDLITRWNUM,MZMIS2018431007,2018,MIS,,604,,,1
MOZ,Inhambane,7631728,Number of women,408,0,MZ,Mozambique,2018,MZ2018MIS,ED_LITR_W_NUM,231233100,D,431008,1431008,Region,Inhambane,0,,0,1,EDLITRWNUM,MZMIS2018431008,2018,MIS,,534,,,1
MOZ,Gaza,6736965,Number of women,369,0,MZ,Mozambique,2018,MZ2018MIS,ED_LITR_W_NUM,231233100,D,431009,1431009,Region,Gaza,0,,0,1,EDLITRWNUM,MZMIS2018431009,2018,MIS,,591,,,1
MOZ,Maputo Provincia,5583419,Number of women,420,0,MZ,Mozambique,2018,MZ2018MIS,ED_LITR_W_NUM,231233100,D,431010,1431010,Region,Maputo Provincia,0,,0,1,EDLITRWNUM,MZMIS2018431010,2018,MIS,,597,,,1
MOZ,Maputo Cidade,5669969,Number of women,406,0,MZ,Mozambique,2018,MZ2018MIS,ED_LITR_W_NUM,231233100,D,431011,1431011,Region,Maputo Cidade,0,,0,1,EDLITRWNUM,MZMIS2018431011,2018,MIS,,628,,,1
MOZ,Niassa,989969,Number of women (unweighted),529,0,MZ,Mozambique,2018,MZ2018MIS,ED_LITR_W_UNW,231233110,U,431001,1431001,Region,Niassa,0,,0,1,EDLITRWUNW,MZMIS2018431001,2018,MIS,326,,,,1
MOZ,Cabo Delgado,685095,Number of women (unweighted),458,0,MZ,Mozambique,2018,MZ2018MIS,ED_LITR_W_UNW,231233110,U,431002,1431002,Region,Cabo Delgado,0,,0,1,EDLITRWUNW,MZMIS2018431002,2018,MIS,432,,,,1
MOZ,Nampula,1914987,Number of women (unweighted),551,0,MZ,Mozambique,2018,MZ2018MIS,ED_LITR_W_UNW,231233110,U,431003,1431003,Region,Nampula,0,,0,1,EDLITRWUNW,MZMIS2018431003,2018,MIS,1287,,,,1
MOZ,Zambézia,1923027,Number of women (unweighted),520,0,MZ,Mozambique,2018,MZ2018MIS,ED_LITR_W_UNW,231233110,U,431004,1431004,Region,Zambézia,0,,0,1,EDLITRWUNW,MZMIS2018431004,2018,MIS,1054,,,,1
MOZ,Tete,290459,Number of women (unweighted),515,0,MZ,Mozambique,2018,MZ2018MIS,ED_LITR_W_UNW,231233110,U,431005,1431005,Region,Tete,0,,0,1,EDLITRWUNW,MZMIS2018431005,2018,MIS,529,,,,1
MOZ,Manica,2744363,Number of women (unweighted),657,0,MZ,Mozambique,2018,MZ2018MIS,ED_LITR_W_UNW,231233110,U,431006,1431006,Region,Manica,0,,0,1,EDLITRWUNW,MZMIS2018431006,2018,MIS,425,,,,1
MOZ,Sofala,26850,Number of women (unweighted),604,0,MZ,Mozambique,2018,MZ2018MIS,ED_LITR_W_UNW,231233110,U,431007,1431007,Region,Sofala,0,,0,1,EDLITRWUNW,MZMIS2018431007,2018,MIS,528,,,,1
MOZ,Inhambane,7632728,Number of women (unweighted),534,0,MZ,Mozambique,2018,MZ2018MIS,ED_LITR_W_UNW,231233110,U,431008,1431008,Region,Inhambane,0,,0,1,EDLITRWUNW,MZMIS2018431008,2018,MIS,408,,,,1
MOZ,Gaza,751652,Number of women (unweighted),591,0,MZ,Mozambique,2018,MZ2018MIS,ED_LITR_W_UNW,231233110,U,431009,1431009,Region,Gaza,0,,0,1,EDLITRWUNW,MZMIS2018431009,2018,MIS,369,,,,1
MOZ,Maputo Provincia,3845422,Number of women (unweighted),597,0,MZ,Mozambique,2018,MZ2018MIS,ED_LITR_W_UNW,231233110,U,431010,1431010,Region,Maputo Provincia,0,,0,1,EDLITRWUNW,MZMIS2018431010,2018,MIS,420,,,,1
MOZ,Maputo Cidade,1939669,Number of women (unweighted),628,0,MZ,Mozambique,2018,MZ2018MIS,ED_LITR_W_UNW,231233110,U,431011,1431011,Region,Maputo Cidade,0,,0,1,EDLITRWUNW,MZMIS2018431011,2018,MIS,406,,,,1
MOZ,Niassa,2136335,Women with secondary or higher education,0.8,1,MZ,Mozambique,2022,MZ2022DHS,ED_LITR_W_SCH,231233010,I,431001,1431001,Region,Niassa,0,,0,1,EDLITRWSCH,MZDHS2022431001,2022-23,DHS,861,1113,,,1
MOZ,Cabo Delgado,7114658,Women with secondary or higher education,0.5,1,MZ,Mozambique,2022,MZ2022DHS,ED_LITR_W_SCH,231233010,I,431002,1431002,Region,Cabo Delgado,0,,0,1,EDLITRWSCH,MZDHS2022431002,2022-23,DHS,705,1314,,,1
MOZ,Nampula,466614,Women with secondary or higher education,0.6,1,MZ,Mozambique,2022,MZ2022DHS,ED_LITR_W_SCH,231233010,I,431003,1431003,Region,Nampula,0,,0,1,EDLITRWSCH,MZDHS2022431003,2022-23,DHS,3064,1446,,,1
MOZ,Zambézia,2130099,Women with secondary or higher education,1,1,MZ,Mozambique,2022,MZ2022DHS,ED_LITR_W_SCH,231233010,I,431004,1431004,Region,Zambézia,0,,0,1,EDLITRWSCH,MZDHS2022431004,2022-23,DHS,2193,976,,,1
MOZ,Tete,6570928,Women with secondary or higher education,1.5,1,MZ,Mozambique,2022,MZ2022DHS,ED_LITR_W_SCH,231233010,I,431005,1431005,Region,Tete,0,,0,1,EDLITRWSCH,MZDHS2022431005,2022-23,DHS,1314,1168,,,1
MOZ,Manica,4271524,Women with secondary or higher education,1.5,1,MZ,Mozambique,2022,MZ2022DHS,ED_LITR_W_SCH,231233010,I,431006,1431006,Region,Manica,0,,0,1,EDLITRWSCH,MZDHS2022431006,2022-23,DHS,909,1196,,,1
MOZ,Sofala,419238,Women with secondary or higher education,3.5,1,MZ,Mozambique,2022,MZ2022DHS,ED_LITR_W_SCH,231233010,I,431007,1431007,Region,Sofala,0,,0,1,EDLITRWSCH,MZDHS2022431007,2022-23,DHS,909,1218,,,1
MOZ,Inhambane,2935168,Women with secondary or higher education,2.4,1,MZ,Mozambique,2022,MZ2022DHS,ED_LITR_W_SCH,231233010,I,431008,1431008,Region,Inhambane,0,,0,1,EDLITRWSCH,MZDHS2022431008,2022-23,DHS,555,1008,,,1
MOZ,Gaza,6939511,Women with secondary or higher education,2.1,1,MZ,Mozambique,2022,MZ2022DHS,ED_LITR_W_SCH,231233010,I,431009,1431009,Region,Gaza,0,,0,1,EDLITRWSCH,MZDHS2022431009,2022-23,DHS,670,1209,,,1
MOZ,Maputo Provincia,6409128,Women with secondary or higher education,7.9,1,MZ,Mozambique,2022,MZ2022DHS,ED_LITR_W_SCH,231233010,I,431010,1431010,Region,Maputo Provincia,0,,0,1,EDLITRWSCH,MZDHS2022431010,2022-23,DHS,1347,1276,,,1
MOZ,Maputo Cidade,4185318,Women with secondary or higher education,15.5,1,MZ,Mozambique,2022,MZ2022DHS,ED_LITR_W_SCH,231233010,I,431011,1431011,Region,Maputo Cidade,0,,0,1,EDLITRWSCH,MZDHS2022431011,2022-23,DHS,655,1259,,,1
MOZ,Niassa,2136336,Women who can read a whole sentence,20.7,1,MZ,Mozambique,2022,MZ2022DHS,ED_LITR_W_RDW,231233020,I,431001,1431001,Region,Niassa,0,,0,1,EDLITRWRDW,MZDHS2022431001,2022-23,DHS,861,1113,,,1
MOZ,Cabo Delgado,7114659,Women who can read a whole sentence,21.9,1,MZ,Mozambique,2022,MZ2022DHS,ED_LITR_W_RDW,231233020,I,431002,1431002,Region,Cabo Delgado,0,,0,1,EDLITRWRDW,MZDHS2022431002,2022-23,DHS,705,1314,,,1
MOZ,Nampula,466615,Women who can read a whole sentence,19.8,1,MZ,Mozambique,2022,MZ2022DHS,ED_LITR_W_RDW,231233020,I,431003,1431003,Region,Nampula,0,,0,1,EDLITRWRDW,MZDHS2022431003,2022-23,DHS,3064,1446,,,1
MOZ,Zambézia,2130100,Women who can read a whole sentence,18.8,1,MZ,Mozambique,2022,MZ2022DHS,ED_LITR_W_RDW,231233020,I,431004,1431004,Region,Zambézia,0,,0,1,EDLITRWRDW,MZDHS2022431004,2022-23,DHS,2193,976,,,1
MOZ,Tete,6571005,Women who can read a whole sentence,29.7,1,MZ,Mozambique,2022,MZ2022DHS,ED_LITR_W_RDW,231233020,I,431005,1431005,Region,Tete,0,,0,1,EDLITRWRDW,MZDHS2022431005,2022-23,DHS,1314,1168,,,1
MOZ,Manica,4271525,Women who can read a whole sentence,44,1,MZ,Mozambique,2022,MZ2022DHS,ED_LITR_W_RDW,231233020,I,431006,1431006,Region,Manica,0,,0,1,EDLITRWRDW,MZDHS2022431006,2022-23,DHS,909,1196,,,1
MOZ,Sofala,419239,Women who can read a whole sentence,34,1,MZ,Mozambique,2022,MZ2022DHS,ED_LITR_W_RDW,231233020,I,431007,1431007,Region,Sofala,0,,0,1,EDLITRWRDW,MZDHS2022431007,2022-23,DHS,909,1218,,,1
MOZ,Inhambane,2935169,Women who can read a whole sentence,61,1,MZ,Mozambique,2022,MZ2022DHS,ED_LITR_W_RDW,231233020,I,431008,1431008,Region,Inhambane,0,,0,1,EDLITRWRDW,MZDHS2022431008,2022-23,DHS,555,1008,,,1
MOZ,Gaza,6939512,Women who can read a whole sentence,62.4,1,MZ,Mozambique,2022,MZ2022DHS,ED_LITR_W_RDW,231233020,I,431009,1431009,Region,Gaza,0,,0,1,EDLITRWRDW,MZDHS2022431009,2022-23,DHS,670,1209,,,1
MOZ,Maputo Provincia,6409129,Women who can read a whole sentence,65.3,1,MZ,Mozambique,2022,MZ2022DHS,ED_LITR_W_RDW,231233020,I,431010,1431010,Region,Maputo Provincia,0,,0,1,EDLITRWRDW,MZDHS2022431010,2022-23,DHS,1347,1276,,,1
MOZ,Maputo Cidade,4185324,Women who can read a whole sentence,68,1,MZ,Mozambique,2022,MZ2022DHS,ED_LITR_W_RDW,231233020,I,431011,1431011,Region,Maputo Cidade,0,,0,1,EDLITRWRDW,MZDHS2022431011,2022-23,DHS,655,1259,,,1
MOZ,Niassa,2136337,Women who can read part of a sentence,13.6,1,MZ,Mozambique,2022,MZ2022DHS,ED_LITR_W_RDP,231233030,I,431001,1431001,Region,Niassa,0,,0,1,EDLITRWRDP,MZDHS2022431001,2022-23,DHS,861,1113,,,1
MOZ,Cabo Delgado,7114660,Women who can read part of a sentence,7.9,1,MZ,Mozambique,2022,MZ2022DHS,ED_LITR_W_RDP,231233030,I,431002,1431002,Region,Cabo Delgado,0,,0,1,EDLITRWRDP,MZDHS2022431002,2022-23,DHS,705,1314,,,1
MOZ,Nampula,466616,Women who can read part of a sentence,5.7,1,MZ,Mozambique,2022,MZ2022DHS,ED_LITR_W_RDP,231233030,I,431003,1431003,Region,Nampula,0,,0,1,EDLITRWRDP,MZDHS2022431003,2022-23,DHS,3064,1446,,,1
MOZ,Zambézia,2130103,Women who can read part of a sentence,8.7,1,MZ,Mozambique,2022,MZ2022DHS,ED_LITR_W_RDP,231233030,I,431004,1431004,Region,Zambézia,0,,0,1,EDLITRWRDP,MZDHS2022431004,2022-23,DHS,2193,976,,,1
MOZ,Tete,6571006,Women who can read part of a sentence,5.9,1,MZ,Mozambique,2022,MZ2022DHS,ED_LITR_W_RDP,231233030,I,431005,1431005,Region,Tete,0,,0,1,EDLITRWRDP,MZDHS2022431005,2022-23,DHS,1314,1168,,,1
MOZ,Manica,4271526,Women who can read part of a sentence,15,1,MZ,Mozambique,2022,MZ2022DHS,ED_LITR_W_RDP,231233030,I,431006,1431006,Region,Manica,0,,0,1,EDLITRWRDP,MZDHS2022431006,2022-23,DHS,909,1196,,,1
MOZ,Sofala,419240,Women who can read part of a sentence,12.2,1,MZ,Mozambique,2022,MZ2022DHS,ED_LITR_W_RDP,231233030,I,431007,1431007,Region,Sofala,0,,0,1,EDLITRWRDP,MZDHS2022431007,2022-23,DHS,909,1218,,,1
MOZ,Inhambane,2935170,Women who can read part of a sentence,10.6,1,MZ,Mozambique,2022,MZ2022DHS,ED_LITR_W_RDP,231233030,I,431008,1431008,Region,Inhambane,0,,0,1,EDLITRWRDP,MZDHS2022431008,2022-23,DHS,555,1008,,,1
MOZ,Gaza,6939513,Women who can read part of a sentence,17.5,1,MZ,Mozambique,2022,MZ2022DHS,ED_LITR_W_RDP,231233030,I,431009,1431009,Region,Gaza,0,,0,1,EDLITRWRDP,MZDHS2022431009,2022-23,DHS,670,1209,,,1
MOZ,Maputo Provincia,6409130,Women who can read part of a sentence,12.6,1,MZ,Mozambique,2022,MZ2022DHS,ED_LITR_W_RDP,231233030,I,431010,1431010,Region,Maputo Provincia,0,,0,1,EDLITRWRDP,MZDHS2022431010,2022-23,DHS,1347,1276,,,1
MOZ,Maputo Cidade,4185325,Women who can read part of a sentence,7.8,1,MZ,Mozambique,2022,MZ2022DHS,ED_LITR_W_RDP,231233030,I,431011,1431011,Region,Maputo Cidade,0,,0,1,EDLITRWRDP,MZDHS2022431011,2022-23,DHS,655,1259,,,1
MOZ,Niassa,2136333,Women who cannot read at all,64.7,1,MZ,Mozambique,2022,MZ2022DHS,ED_LITR_W_NRD,231233040,I,431001,1431001,Region,Niassa,0,,0,1,EDLITRWNRD,MZDHS2022431001,2022-23,DHS,861,1113,,,1
MOZ,Cabo Delgado,7114653,Women who cannot read at all,69.6,1,MZ,Mozambique,2022,MZ2022DHS,ED_LITR_W_NRD,231233040,I,431002,1431002,Region,Cabo Delgado,0,,0,1,EDLITRWNRD,MZDHS2022431002,2022-23,DHS,705,1314,,,1
MOZ,Nampula,466617,Women who cannot read at all,73.9,1,MZ,Mozambique,2022,MZ2022DHS,ED_LITR_W_NRD,231233040,I,431003,1431003,Region,Nampula,0,,0,1,EDLITRWNRD,MZDHS2022431003,2022-23,DHS,3064,1446,,,1
MOZ,Zambézia,2130101,Women who cannot read at all,71.4,1,MZ,Mozambique,2022,MZ2022DHS,ED_LITR_W_NRD,231233040,I,431004,1431004,Region,Zambézia,0,,0,1,EDLITRWNRD,MZDHS2022431004,2022-23,DHS,2193,976,,,1
MOZ,Tete,6570923,Women who cannot read at all,62.8,1,MZ,Mozambique,2022,MZ2022DHS,ED_LITR_W_NRD,231233040,I,431005,1431005,Region,Tete,0,,0,1,EDLITRWNRD,MZDHS2022431005,2022-23,DHS,1314,1168,,,1
MOZ,Manica,4271518,Women who cannot read at all,38.9,1,MZ,Mozambique,2022,MZ2022DHS,ED_LITR_W_NRD,231233040,I,431006,1431006,Region,Manica,0,,0,1,EDLITRWNRD,MZDHS2022431006,2022-23,DHS,909,1196,,,1
MOZ,Sofala,419222,Women who cannot read at all,50.2,1,MZ,Mozambique,2022,MZ2022DHS,ED_LITR_W_NRD,231233040,I,431007,1431007,Region,Sofala,0,,0,1,EDLITRWNRD,MZDHS2022431007,2022-23,DHS,909,1218,,,1
MOZ,Inhambane,2935126,Women who cannot read at all,25.9,1,MZ,Mozambique,2022,MZ2022DHS,ED_LITR_W_NRD,231233040,I,431008,1431008,Region,Inhambane,0,,0,1,EDLITRWNRD,MZDHS2022431008,2022-23,DHS,555,1008,,,1
MOZ,Gaza,6939506,Women who cannot read at all,18,1,MZ,Mozambique,2022,MZ2022DHS,ED_LITR_W_NRD,231233040,I,431009,1431009,Region,Gaza,0,,0,1,EDLITRWNRD,MZDHS2022431009,2022-23,DHS,670,1209,,,1
MOZ,Maputo Provincia,6409125,Women who cannot read at all,14.2,1,MZ,Mozambique,2022,MZ2022DHS,ED_LITR_W_NRD,231233040,I,431010,1431010,Region,Maputo Provincia,0,,0,1,EDLITRWNRD,MZDHS2022431010,2022-23,DHS,1347,1276,,,1
MOZ,Maputo Cidade,4185326,Women who cannot read at all,8.7,1,MZ,Mozambique,2022,MZ2022DHS,ED_LITR_W_NRD,231233040,I,431011,1431011,Region,Maputo Cidade,0,,0,1,EDLITRWNRD,MZDHS2022431011,2022-23,DHS,655,1259,,,1
MOZ,Niassa,2136332,Women for whom no card with required language was available,0,1,MZ,Mozambique,2022,MZ2022DHS,ED_LITR_W_NCD,231233050,I,431001,1431001,Region,Niassa,0,,0,1,EDLITRWNCD,MZDHS2022431001,2022-23,DHS,861,1113,,,1
MOZ,Cabo Delgado,7114657,Women for whom no card with required language was available,0,1,MZ,Mozambique,2022,MZ2022DHS,ED_LITR_W_NCD,231233050,I,431002,1431002,Region,Cabo Delgado,0,,0,1,EDLITRWNCD,MZDHS2022431002,2022-23,DHS,705,1314,,,1
MOZ,Nampula,466607,Women for whom no card with required language was available,0,1,MZ,Mozambique,2022,MZ2022DHS,ED_LITR_W_NCD,231233050,I,431003,1431003,Region,Nampula,0,,0,1,EDLITRWNCD,MZDHS2022431003,2022-23,DHS,3064,1446,,,1
MOZ,Zambézia,2130109,Women for whom no card with required language was available,0.2,1,MZ,Mozambique,2022,MZ2022DHS,ED_LITR_W_NCD,231233050,I,431004,1431004,Region,Zambézia,0,,0,1,EDLITRWNCD,MZDHS2022431004,2022-23,DHS,2193,976,,,1
MOZ,Tete,6570925,Women for whom no card with required language was available,0,1,MZ,Mozambique,2022,MZ2022DHS,ED_LITR_W_NCD,231233050,I,431005,1431005,Region,Tete,0,,0,1,EDLITRWNCD,MZDHS2022431005,2022-23,DHS,1314,1168,,,1
MOZ,Manica,4271523,Women for whom no card with required language was available,0.6,1,MZ,Mozambique,2022,MZ2022DHS,ED_LITR_W_NCD,231233050,I,431006,1431006,Region,Manica,0,,0,1,EDLITRWNCD,MZDHS2022431006,2022-23,DHS,909,1196,,,1
MOZ,Sofala,419237,Women for whom no card with required language was available,0,1,MZ,Mozambique,2022,MZ2022DHS,ED_LITR_W_NCD,231233050,I,431007,1431007,Region,Sofala,0,,0,1,EDLITRWNCD,MZDHS2022431007,2022-23,DHS,909,1218,,,1
MOZ,Inhambane,2935167,Women for whom no card with required language was available,0,1,MZ,Mozambique,2022,MZ2022DHS,ED_LITR_W_NCD,231233050,I,431008,1431008,Region,Inhambane,0,,0,1,EDLITRWNCD,MZDHS2022431008,2022-23,DHS,555,1008,,,1
MOZ,Gaza,6939510,Women for whom no card with required language was available,0,1,MZ,Mozambique,2022,MZ2022DHS,ED_LITR_W_NCD,231233050,I,431009,1431009,Region,Gaza,0,,0,1,EDLITRWNCD,MZDHS2022431009,2022-23,DHS,670,1209,,,1
MOZ,Maputo Provincia,6409127,Women for whom no card with required language was available,0,1,MZ,Mozambique,2022,MZ2022DHS,ED_LITR_W_NCD,231233050,I,431010,1431010,Region,Maputo Provincia,0,,0,1,EDLITRWNCD,MZDHS2022431010,2022-23,DHS,1347,1276,,,1
MOZ,Maputo Cidade,4185317,Women for whom no card with required language was available,0,1,MZ,Mozambique,2022,MZ2022DHS,ED_LITR_W_NCD,231233050,I,431011,1431011,Region,Maputo Cidade,0,,0,1,EDLITRWNCD,MZDHS2022431011,2022-23,DHS,655,1259,,,1
MOZ,Niassa,2136334,Women who are blind/visually impaired,0.1,1,MZ,Mozambique,2022,MZ2022DHS,ED_LITR_W_BLD,231233060,I,431001,1431001,Region,Niassa,0,,0,1,EDLITRWBLD,MZDHS2022431001,2022-23,DHS,861,1113,,,1
MOZ,Cabo Delgado,7114654,Women who are blind/visually impaired,0.1,1,MZ,Mozambique,2022,MZ2022DHS,ED_LITR_W_BLD,231233060,I,431002,1431002,Region,Cabo Delgado,0,,0,1,EDLITRWBLD,MZDHS2022431002,2022-23,DHS,705,1314,,,1
MOZ,Nampula,466618,Women who are blind/visually impaired,0,1,MZ,Mozambique,2022,MZ2022DHS,ED_LITR_W_BLD,231233060,I,431003,1431003,Region,Nampula,0,,0,1,EDLITRWBLD,MZDHS2022431003,2022-23,DHS,3064,1446,,,1
MOZ,Zambézia,2130102,Women who are blind/visually impaired,0,1,MZ,Mozambique,2022,MZ2022DHS,ED_LITR_W_BLD,231233060,I,431004,1431004,Region,Zambézia,0,,0,1,EDLITRWBLD,MZDHS2022431004,2022-23,DHS,2193,976,,,1
MOZ,Tete,6570924,Women who are blind/visually impaired,0.1,1,MZ,Mozambique,2022,MZ2022DHS,ED_LITR_W_BLD,231233060,I,431005,1431005,Region,Tete,0,,0,1,EDLITRWBLD,MZDHS2022431005,2022-23,DHS,1314,1168,,,1
MOZ,Manica,4271519,Women who are blind/visually impaired,0,1,MZ,Mozambique,2022,MZ2022DHS,ED_LITR_W_BLD,231233060,I,431006,1431006,Region,Manica,0,,0,1,EDLITRWBLD,MZDHS2022431006,2022-23,DHS,909,1196,,,1
MOZ,Sofala,419223,Women who are blind/visually impaired,0,1,MZ,Mozambique,2022,MZ2022DHS,ED_LITR_W_BLD,231233060,I,431007,1431007,Region,Sofala,0,,0,1,EDLITRWBLD,MZDHS2022431007,2022-23,DHS,909,1218,,,1
MOZ,Inhambane,2935144,Women who are blind/visually impaired,0,1,MZ,Mozambique,2022,MZ2022DHS,ED_LITR_W_BLD,231233060,I,431008,1431008,Region,Inhambane,0,,0,1,EDLITRWBLD,MZDHS2022431008,2022-23,DHS,555,1008,,,1
MOZ,Gaza,6939507,Women who are blind/visually impaired,0,1,MZ,Mozambique,2022,MZ2022DHS,ED_LITR_W_BLD,231233060,I,431009,1431009,Region,Gaza,0,,0,1,EDLITRWBLD,MZDHS2022431009,2022-23,DHS,670,1209,,,1
MOZ,Maputo Provincia,6409126,Women who are blind/visually impaired,0,1,MZ,Mozambique,2022,MZ2022DHS,ED_LITR_W_BLD,231233060,I,431010,1431010,Region,Maputo Provincia,0,,0,1,EDLITRWBLD,MZDHS2022431010,2022-23,DHS,1347,1276,,,1
MOZ,Maputo Cidade,4185327,Women who are blind/visually impaired,0,1,MZ,Mozambique,2022,MZ2022DHS,ED_LITR_W_BLD,231233060,I,431011,1431011,Region,Maputo Cidade,0,,0,1,EDLITRWBLD,MZDHS2022431011,2022-23,DHS,655,1259,,,1
MOZ,Niassa,2136329,Women's literacy: Total,100,1,MZ,Mozambique,2022,MZ2022DHS,ED_LITR_W_TOT,231233080,T,431001,1431001,Region,Niassa,0,,0,1,EDLITRWTOT,MZDHS2022431001,2022-23,DHS,861,1113,,,1
MOZ,Cabo Delgado,7114655,Women's literacy: Total,100,1,MZ,Mozambique,2022,MZ2022DHS,ED_LITR_W_TOT,231233080,T,431002,1431002,Region,Cabo Delgado,0,,0,1,EDLITRWTOT,MZDHS2022431002,2022-23,DHS,705,1314,,,1
MOZ,Nampula,466605,Women's literacy: Total,100,1,MZ,Mozambique,2022,MZ2022DHS,ED_LITR_W_TOT,231233080,T,431003,1431003,Region,Nampula,0,,0,1,EDLITRWTOT,MZDHS2022431003,2022-23,DHS,3064,1446,,,1
MOZ,Zambézia,2130098,Women's literacy: Total,100,1,MZ,Mozambique,2022,MZ2022DHS,ED_LITR_W_TOT,231233080,T,431004,1431004,Region,Zambézia,0,,0,1,EDLITRWTOT,MZDHS2022431004,2022-23,DHS,2193,976,,,1
MOZ,Tete,6570926,Women's literacy: Total,100,1,MZ,Mozambique,2022,MZ2022DHS,ED_LITR_W_TOT,231233080,T,431005,1431005,Region,Tete,0,,0,1,EDLITRWTOT,MZDHS2022431005,2022-23,DHS,1314,1168,,,1
MOZ,Manica,4271520,Women's literacy: Total,100,1,MZ,Mozambique,2022,MZ2022DHS,ED_LITR_W_TOT,231233080,T,431006,1431006,Region,Manica,0,,0,1,EDLITRWTOT,MZDHS2022431006,2022-23,DHS,909,1196,,,1
MOZ,Sofala,419224,Women's literacy: Total,100,1,MZ,Mozambique,2022,MZ2022DHS,ED_LITR_W_TOT,231233080,T,431007,1431007,Region,Sofala,0,,0,1,EDLITRWTOT,MZDHS2022431007,2022-23,DHS,909,1218,,,1
MOZ,Inhambane,2935142,Women's literacy: Total,100,1,MZ,Mozambique,2022,MZ2022DHS,ED_LITR_W_TOT,231233080,T,431008,1431008,Region,Inhambane,0,,0,1,EDLITRWTOT,MZDHS2022431008,2022-23,DHS,555,1008,,,1
MOZ,Gaza,6939508,Women's literacy: Total,100,1,MZ,Mozambique,2022,MZ2022DHS,ED_LITR_W_TOT,231233080,T,431009,1431009,Region,Gaza,0,,0,1,EDLITRWTOT,MZDHS2022431009,2022-23,DHS,670,1209,,,1
MOZ,Maputo Provincia,6409123,Women's literacy: Total,100,1,MZ,Mozambique,2022,MZ2022DHS,ED_LITR_W_TOT,231233080,T,431010,1431010,Region,Maputo Provincia,0,,0,1,EDLITRWTOT,MZDHS2022431010,2022-23,DHS,1347,1276,,,1
MOZ,Maputo Cidade,4185315,Women's literacy: Total,100,1,MZ,Mozambique,2022,MZ2022DHS,ED_LITR_W_TOT,231233080,T,431011,1431011,Region,Maputo Cidade,0,,0,1,EDLITRWTOT,MZDHS2022431011,2022-23,DHS,655,1259,,,1
MOZ,Niassa,2136330,Women who are literate,35.2,1,MZ,Mozambique,2022,MZ2022DHS,ED_LITR_W_LIT,231233090,I,431001,1431001,Region,Niassa,0,,0,1,EDLITRWLIT,MZDHS2022431001,2022-23,DHS,861,1113,,,1
MOZ,Cabo Delgado,7114656,Women who are literate,30.4,1,MZ,Mozambique,2022,MZ2022DHS,ED_LITR_W_LIT,231233090,I,431002,1431002,Region,Cabo Delgado,0,,0,1,EDLITRWLIT,MZDHS2022431002,2022-23,DHS,705,1314,,,1
MOZ,Nampula,466606,Women who are literate,26.1,1,MZ,Mozambique,2022,MZ2022DHS,ED_LITR_W_LIT,231233090,I,431003,1431003,Region,Nampula,0,,0,1,EDLITRWLIT,MZDHS2022431003,2022-23,DHS,3064,1446,,,1
MOZ,Zambézia,2130111,Women who are literate,28.5,1,MZ,Mozambique,2022,MZ2022DHS,ED_LITR_W_LIT,231233090,I,431004,1431004,Region,Zambézia,0,,0,1,EDLITRWLIT,MZDHS2022431004,2022-23,DHS,2193,976,,,1
MOZ,Tete,6570927,Women who are literate,37.1,1,MZ,Mozambique,2022,MZ2022DHS,ED_LITR_W_LIT,231233090,I,431005,1431005,Region,Tete,0,,0,1,EDLITRWLIT,MZDHS2022431005,2022-23,DHS,1314,1168,,,1
MOZ,Manica,4271521,Women who are literate,60.5,1,MZ,Mozambique,2022,MZ2022DHS,ED_LITR_W_LIT,231233090,I,431006,1431006,Region,Manica,0,,0,1,EDLITRWLIT,MZDHS2022431006,2022-23,DHS,909,1196,,,1
MOZ,Sofala,419225,Women who are literate,49.8,1,MZ,Mozambique,2022,MZ2022DHS,ED_LITR_W_LIT,231233090,I,431007,1431007,Region,Sofala,0,,0,1,EDLITRWLIT,MZDHS2022431007,2022-23,DHS,909,1218,,,1
MOZ,Inhambane,2935143,Women who are literate,74.1,1,MZ,Mozambique,2022,MZ2022DHS,ED_LITR_W_LIT,231233090,I,431008,1431008,Region,Inhambane,0,,0,1,EDLITRWLIT,MZDHS2022431008,2022-23,DHS,555,1008,,,1
MOZ,Gaza,6939509,Women who are literate,82,1,MZ,Mozambique,2022,MZ2022DHS,ED_LITR_W_LIT,231233090,I,431009,1431009,Region,Gaza,0,,0,1,EDLITRWLIT,MZDHS2022431009,2022-23,DHS,670,1209,,,1
MOZ,Maputo Provincia,6409124,Women who are literate,85.8,1,MZ,Mozambique,2022,MZ2022DHS,ED_LITR_W_LIT,231233090,I,431010,1431010,Region,Maputo Provincia,0,,0,1,EDLITRWLIT,MZDHS2022431010,2022-23,DHS,1347,1276,,,1
MOZ,Maputo Cidade,4185316,Women who are literate,91.3,1,MZ,Mozambique,2022,MZ2022DHS,ED_LITR_W_LIT,231233090,I,431011,1431011,Region,Maputo Cidade,0,,0,1,EDLITRWLIT,MZDHS2022431011,2022-23,DHS,655,1259,,,1
MOZ,Niassa,2136331,Number of women,861,0,MZ,Mozambique,2022,MZ2022DHS,ED_LITR_W_NUM,231233100,D,431001,1431001,Region,Niassa,0,,0,1,EDLITRWNUM,MZDHS2022431001,2022-23,DHS,,1113,,,1
MOZ,Cabo Delgado,7112741,Number of women,705,0,MZ,Mozambique,2022,MZ2022DHS,ED_LITR_W_NUM,231233100,D,431002,1431002,Region,Cabo Delgado,0,,0,1,EDLITRWNUM,MZDHS2022431002,2022-23,DHS,,1314,,,1
MOZ,Nampula,2136353,Number of women,3064,0,MZ,Mozambique,2022,MZ2022DHS,ED_LITR_W_NUM,231233100,D,431003,1431003,Region,Nampula,0,,0,1,EDLITRWNUM,MZDHS2022431003,2022-23,DHS,,1446,,,1
MOZ,Zambézia,2130112,Number of women,2193,0,MZ,Mozambique,2022,MZ2022DHS,ED_LITR_W_NUM,231233100,D,431004,1431004,Region,Zambézia,0,,0,1,EDLITRWNUM,MZDHS2022431004,2022-23,DHS,,976,,,1
MOZ,Tete,6653506,Number of women,1314,0,MZ,Mozambique,2022,MZ2022DHS,ED_LITR_W_NUM,231233100,D,431005,1431005,Region,Tete,0,,0,1,EDLITRWNUM,MZDHS2022431005,2022-23,DHS,,1168,,,1
MOZ,Manica,4271522,Number of women,909,0,MZ,Mozambique,2022,MZ2022DHS,ED_LITR_W_NUM,231233100,D,431006,1431006,Region,Manica,0,,0,1,EDLITRWNUM,MZDHS2022431006,2022-23,DHS,,1196,,,1
MOZ,Sofala,2116027,Number of women,909,0,MZ,Mozambique,2022,MZ2022DHS,ED_LITR_W_NUM,231233100,D,431007,1431007,Region,Sofala,0,,0,1,EDLITRWNUM,MZDHS2022431007,2022-23,DHS,,1218,,,1
MOZ,Inhambane,2122752,Number of women,555,0,MZ,Mozambique,2022,MZ2022DHS,ED_LITR_W_NUM,231233100,D,431008,1431008,Region,Inhambane,0,,0,1,EDLITRWNUM,MZDHS2022431008,2022-23,DHS,,1008,,,1
MOZ,Gaza,6964404,Number of women,670,0,MZ,Mozambique,2022,MZ2022DHS,ED_LITR_W_NUM,231233100,D,431009,1431009,Region,Gaza,0,,0,1,EDLITRWNUM,MZDHS2022431009,2022-23,DHS,,1209,,,1
MOZ,Maputo Provincia,6490241,Number of women,1347,0,MZ,Mozambique,2022,MZ2022DHS,ED_LITR_W_NUM,231233100,D,431010,1431010,Region,Maputo Provincia,0,,0,1,EDLITRWNUM,MZDHS2022431010,2022-23,DHS,,1276,,,1
MOZ,Maputo Cidade,4099791,Number of women,655,0,MZ,Mozambique,2022,MZ2022DHS,ED_LITR_W_NUM,231233100,D,431011,1431011,Region,Maputo Cidade,0,,0,1,EDLITRWNUM,MZDHS2022431011,2022-23,DHS,,1259,,,1
MOZ,Niassa,2136339,Number of women (unweighted),1113,0,MZ,Mozambique,2022,MZ2022DHS,ED_LITR_W_UNW,231233110,U,431001,1431001,Region,Niassa,0,,0,1,EDLITRWUNW,MZDHS2022431001,2022-23,DHS,861,,,,1
MOZ,Cabo Delgado,789717,Number of women (unweighted),1314,0,MZ,Mozambique,2022,MZ2022DHS,ED_LITR_W_UNW,231233110,U,431002,1431002,Region,Cabo Delgado,0,,0,1,EDLITRWUNW,MZDHS2022431002,2022-23,DHS,705,,,,1
MOZ,Nampula,466613,Number of women (unweighted),1446,0,MZ,Mozambique,2022,MZ2022DHS,ED_LITR_W_UNW,231233110,U,431003,1431003,Region,Nampula,0,,0,1,EDLITRWUNW,MZDHS2022431003,2022-23,DHS,3064,,,,1
MOZ,Zambézia,2130113,Number of women (unweighted),976,0,MZ,Mozambique,2022,MZ2022DHS,ED_LITR_W_UNW,231233110,U,431004,1431004,Region,Zambézia,0,,0,1,EDLITRWUNW,MZDHS2022431004,2022-23,DHS,2193,,,,1
MOZ,Tete,3399104,Number of women (unweighted),1168,0,MZ,Mozambique,2022,MZ2022DHS,ED_LITR_W_UNW,231233110,U,431005,1431005,Region,Tete,0,,0,1,EDLITRWUNW,MZDHS2022431005,2022-23,DHS,1314,,,,1
MOZ,Manica,2122762,Number of women (unweighted),1196,0,MZ,Mozambique,2022,MZ2022DHS,ED_LITR_W_UNW,231233110,U,431006,1431006,Region,Manica,0,,0,1,EDLITRWUNW,MZDHS2022431006,2022-23,DHS,909,,,,1
MOZ,Sofala,419236,Number of women (unweighted),1218,0,MZ,Mozambique,2022,MZ2022DHS,ED_LITR_W_UNW,231233110,U,431007,1431007,Region,Sofala,0,,0,1,EDLITRWUNW,MZDHS2022431007,2022-23,DHS,909,,,,1
MOZ,Inhambane,2935124,Number of women (unweighted),1008,0,MZ,Mozambique,2022,MZ2022DHS,ED_LITR_W_UNW,231233110,U,431008,1431008,Region,Inhambane,0,,0,1,EDLITRWUNW,MZDHS2022431008,2022-23,DHS,555,,,,1
MOZ,Gaza,2880263,Number of women (unweighted),1209,0,MZ,Mozambique,2022,MZ2022DHS,ED_LITR_W_UNW,231233110,U,431009,1431009,Region,Gaza,0,,0,1,EDLITRWUNW,MZDHS2022431009,2022-23,DHS,670,,,,1
MOZ,Maputo Provincia,526274,Number of women (unweighted),1276,0,MZ,Mozambique,2022,MZ2022DHS,ED_LITR_W_UNW,231233110,U,431010,1431010,Region,Maputo Provincia,0,,0,1,EDLITRWUNW,MZDHS2022431010,2022-23,DHS,1347,,,,1
MOZ,Maputo Cidade,6301616,Number of women (unweighted),1259,0,MZ,Mozambique,2022,MZ2022DHS,ED_LITR_W_UNW,231233110,U,431011,1431011,Region,Maputo Cidade,0,,0,1,EDLITRWUNW,MZDHS2022431011,2022-23,DHS,655,,,,1
MOZ,Niassa,5092839,Men with secondary or higher education,2.6,1,MZ,Mozambique,2022,MZ2022DHS,ED_LITR_M_SCH,231234120,I,431001,1431001,Region,Niassa,0,,0,1,EDLITRMSCH,MZDHS2022431001,2022-23,DHS,342,472,,,1
MOZ,Cabo Delgado,7298357,Men with secondary or higher education,2.1,1,MZ,Mozambique,2022,MZ2022DHS,ED_LITR_M_SCH,231234120,I,431002,1431002,Region,Cabo Delgado,0,,0,1,EDLITRMSCH,MZDHS2022431002,2022-23,DHS,275,540,,,1
MOZ,Nampula,523774,Men with secondary or higher education,2,1,MZ,Mozambique,2022,MZ2022DHS,ED_LITR_M_SCH,231234120,I,431003,1431003,Region,Nampula,0,,0,1,EDLITRMSCH,MZDHS2022431003,2022-23,DHS,1266,592,,,1
MOZ,Zambézia,6308492,Men with secondary or higher education,2.9,1,MZ,Mozambique,2022,MZ2022DHS,ED_LITR_M_SCH,231234120,I,431004,1431004,Region,Zambézia,0,,0,1,EDLITRMSCH,MZDHS2022431004,2022-23,DHS,863,395,,,1
MOZ,Tete,529655,Men with secondary or higher education,1.8,1,MZ,Mozambique,2022,MZ2022DHS,ED_LITR_M_SCH,231234120,I,431005,1431005,Region,Tete,0,,0,1,EDLITRMSCH,MZDHS2022431005,2022-23,DHS,513,444,,,1
MOZ,Manica,3352465,Men with secondary or higher education,3.4,1,MZ,Mozambique,2022,MZ2022DHS,ED_LITR_M_SCH,231234120,I,431006,1431006,Region,Manica,0,,0,1,EDLITRMSCH,MZDHS2022431006,2022-23,DHS,347,485,,,1
MOZ,Sofala,3668821,Men with secondary or higher education,5.6,1,MZ,Mozambique,2022,MZ2022DHS,ED_LITR_M_SCH,231234120,I,431007,1431007,Region,Sofala,0,,0,1,EDLITRMSCH,MZDHS2022431007,2022-23,DHS,356,520,,,1
MOZ,Inhambane,5473122,Men with secondary or higher education,3,1,MZ,Mozambique,2022,MZ2022DHS,ED_LITR_M_SCH,231234120,I,431008,1431008,Region,Inhambane,0,,0,1,EDLITRMSCH,MZDHS2022431008,2022-23,DHS,165,325,,,1
MOZ,Gaza,5878579,Men with secondary or higher education,3.6,1,MZ,Mozambique,2022,MZ2022DHS,ED_LITR_M_SCH,231234120,I,431009,1431009,Region,Gaza,0,,0,1,EDLITRMSCH,MZDHS2022431009,2022-23,DHS,198,407,,,1
MOZ,Maputo Provincia,4664932,Men with secondary or higher education,9.9,1,MZ,Mozambique,2022,MZ2022DHS,ED_LITR_M_SCH,231234120,I,431010,1431010,Region,Maputo Provincia,0,,0,1,EDLITRMSCH,MZDHS2022431010,2022-23,DHS,515,449,,,1
MOZ,Maputo Cidade,6908179,Men with secondary or higher education,12.5,1,MZ,Mozambique,2022,MZ2022DHS,ED_LITR_M_SCH,231234120,I,431011,1431011,Region,Maputo Cidade,0,,0,1,EDLITRMSCH,MZDHS2022431011,2022-23,DHS,274,497,,,1
MOZ,Niassa,5092842,Men who can read a whole sentence,49.2,1,MZ,Mozambique,2022,MZ2022DHS,ED_LITR_M_RDW,231234130,I,431001,1431001,Region,Niassa,0,,0,1,EDLITRMRDW,MZDHS2022431001,2022-23,DHS,342,472,,,1
MOZ,Cabo Delgado,7298346,Men who can read a whole sentence,43.4,1,MZ,Mozambique,2022,MZ2022DHS,ED_LITR_M_RDW,231234130,I,431002,1431002,Region,Cabo Delgado,0,,0,1,EDLITRMRDW,MZDHS2022431002,2022-23,DHS,275,540,,,1
MOZ,Nampula,523759,Men who can read a whole sentence,40.3,1,MZ,Mozambique,2022,MZ2022DHS,ED_LITR_M_RDW,231234130,I,431003,1431003,Region,Nampula,0,,0,1,EDLITRMRDW,MZDHS2022431003,2022-23,DHS,1266,592,,,1
MOZ,Zambézia,6308487,Men who can read a whole sentence,52.7,1,MZ,Mozambique,2022,MZ2022DHS,ED_LITR_M_RDW,231234130,I,431004,1431004,Region,Zambézia,0,,0,1,EDLITRMRDW,MZDHS2022431004,2022-23,DHS,863,395,,,1
MOZ,Tete,529637,Men who can read a whole sentence,31.8,1,MZ,Mozambique,2022,MZ2022DHS,ED_LITR_M_RDW,231234130,I,431005,1431005,Region,Tete,0,,0,1,EDLITRMRDW,MZDHS2022431005,2022-23,DHS,513,444,,,1
MOZ,Manica,3352464,Men who can read a whole sentence,72,1,MZ,Mozambique,2022,MZ2022DHS,ED_LITR_M_RDW,231234130,I,431006,1431006,Region,Manica,0,,0,1,EDLITRMRDW,MZDHS2022431006,2022-23,DHS,347,485,,,1
MOZ,Sofala,3668823,Men who can read a whole sentence,65,1,MZ,Mozambique,2022,MZ2022DHS,ED_LITR_M_RDW,231234130,I,431007,1431007,Region,Sofala,0,,0,1,EDLITRMRDW,MZDHS2022431007,2022-23,DHS,356,520,,,1
MOZ,Inhambane,5473119,Men who can read a whole sentence,62.2,1,MZ,Mozambique,2022,MZ2022DHS,ED_LITR_M_RDW,231234130,I,431008,1431008,Region,Inhambane,0,,0,1,EDLITRMRDW,MZDHS2022431008,2022-23,DHS,165,325,,,1
MOZ,Gaza,5878581,Men who can read a whole sentence,62.7,1,MZ,Mozambique,2022,MZ2022DHS,ED_LITR_M_RDW,231234130,I,431009,1431009,Region,Gaza,0,,0,1,EDLITRMRDW,MZDHS2022431009,2022-23,DHS,198,407,,,1
MOZ,Maputo Provincia,4664929,Men who can read a whole sentence,72.7,1,MZ,Mozambique,2022,MZ2022DHS,ED_LITR_M_RDW,231234130,I,431010,1431010,Region,Maputo Provincia,0,,0,1,EDLITRMRDW,MZDHS2022431010,2022-23,DHS,515,449,,,1
MOZ,Maputo Cidade,6908181,Men who can read a whole sentence,77.9,1,MZ,Mozambique,2022,MZ2022DHS,ED_LITR_M_RDW,231234130,I,431011,1431011,Region,Maputo Cidade,0,,0,1,EDLITRMRDW,MZDHS2022431011,2022-23,DHS,274,497,,,1
MOZ,Niassa,5092840,Men who can read part of a sentence,15.7,1,MZ,Mozambique,2022,MZ2022DHS,ED_LITR_M_RDP,231234140,I,431001,1431001,Region,Niassa,0,,0,1,EDLITRMRDP,MZDHS2022431001,2022-23,DHS,342,472,,,1
MOZ,Cabo Delgado,7298358,Men who can read part of a sentence,11,1,MZ,Mozambique,2022,MZ2022DHS,ED_LITR_M_RDP,231234140,I,431002,1431002,Region,Cabo Delgado,0,,0,1,EDLITRMRDP,MZDHS2022431002,2022-23,DHS,275,540,,,1
MOZ,Nampula,523775,Men who can read part of a sentence,13.5,1,MZ,Mozambique,2022,MZ2022DHS,ED_LITR_M_RDP,231234140,I,431003,1431003,Region,Nampula,0,,0,1,EDLITRMRDP,MZDHS2022431003,2022-23,DHS,1266,592,,,1
MOZ,Zambézia,6308493,Men who can read part of a sentence,8.6,1,MZ,Mozambique,2022,MZ2022DHS,ED_LITR_M_RDP,231234140,I,431004,1431004,Region,Zambézia,0,,0,1,EDLITRMRDP,MZDHS2022431004,2022-23,DHS,863,395,,,1
MOZ,Tete,529656,Men who can read part of a sentence,17.5,1,MZ,Mozambique,2022,MZ2022DHS,ED_LITR_M_RDP,231234140,I,431005,1431005,Region,Tete,0,,0,1,EDLITRMRDP,MZDHS2022431005,2022-23,DHS,513,444,,,1
MOZ,Manica,3352466,Men who can read part of a sentence,12.4,1,MZ,Mozambique,2022,MZ2022DHS,ED_LITR_M_RDP,231234140,I,431006,1431006,Region,Manica,0,,0,1,EDLITRMRDP,MZDHS2022431006,2022-23,DHS,347,485,,,1
MOZ,Sofala,3668822,Men who can read part of a sentence,14.8,1,MZ,Mozambique,2022,MZ2022DHS,ED_LITR_M_RDP,231234140,I,431007,1431007,Region,Sofala,0,,0,1,EDLITRMRDP,MZDHS2022431007,2022-23,DHS,356,520,,,1
MOZ,Inhambane,5473123,Men who can read part of a sentence,14,1,MZ,Mozambique,2022,MZ2022DHS,ED_LITR_M_RDP,231234140,I,431008,1431008,Region,Inhambane,0,,0,1,EDLITRMRDP,MZDHS2022431008,2022-23,DHS,165,325,,,1
MOZ,Gaza,5878580,Men who can read part of a sentence,5,1,MZ,Mozambique,2022,MZ2022DHS,ED_LITR_M_RDP,231234140,I,431009,1431009,Region,Gaza,0,,0,1,EDLITRMRDP,MZDHS2022431009,2022-23,DHS,198,407,,,1
MOZ,Maputo Provincia,4664933,Men who can read part of a sentence,6.1,1,MZ,Mozambique,2022,MZ2022DHS,ED_LITR_M_RDP,231234140,I,431010,1431010,Region,Maputo Provincia,0,,0,1,EDLITRMRDP,MZDHS2022431010,2022-23,DHS,515,449,,,1
MOZ,Maputo Cidade,6908180,Men who can read part of a sentence,4,1,MZ,Mozambique,2022,MZ2022DHS,ED_LITR_M_RDP,231234140,I,431011,1431011,Region,Maputo Cidade,0,,0,1,EDLITRMRDP,MZDHS2022431011,2022-23,DHS,274,497,,,1
MOZ,Niassa,5092843,Men who cannot read at all,28.3,1,MZ,Mozambique,2022,MZ2022DHS,ED_LITR_M_NRD,231234150,I,431001,1431001,Region,Niassa,0,,0,1,EDLITRMNRD,MZDHS2022431001,2022-23,DHS,342,472,,,1
MOZ,Cabo Delgado,7298347,Men who cannot read at all,43.4,1,MZ,Mozambique,2022,MZ2022DHS,ED_LITR_M_NRD,231234150,I,431002,1431002,Region,Cabo Delgado,0,,0,1,EDLITRMNRD,MZDHS2022431002,2022-23,DHS,275,540,,,1
MOZ,Nampula,523760,Men who cannot read at all,44,1,MZ,Mozambique,2022,MZ2022DHS,ED_LITR_M_NRD,231234150,I,431003,1431003,Region,Nampula,0,,0,1,EDLITRMNRD,MZDHS2022431003,2022-23,DHS,1266,592,,,1
MOZ,Zambézia,6308488,Men who cannot read at all,35.8,1,MZ,Mozambique,2022,MZ2022DHS,ED_LITR_M_NRD,231234150,I,431004,1431004,Region,Zambézia,0,,0,1,EDLITRMNRD,MZDHS2022431004,2022-23,DHS,863,395,,,1
MOZ,Tete,529638,Men who cannot read at all,46.9,1,MZ,Mozambique,2022,MZ2022DHS,ED_LITR_M_NRD,231234150,I,431005,1431005,Region,Tete,0,,0,1,EDLITRMNRD,MZDHS2022431005,2022-23,DHS,513,444,,,1
MOZ,Manica,3352470,Men who cannot read at all,11.7,1,MZ,Mozambique,2022,MZ2022DHS,ED_LITR_M_NRD,231234150,I,431006,1431006,Region,Manica,0,,0,1,EDLITRMNRD,MZDHS2022431006,2022-23,DHS,347,485,,,1
MOZ,Sofala,3668744,Men who cannot read at all,14.5,1,MZ,Mozambique,2022,MZ2022DHS,ED_LITR_M_NRD,231234150,I,431007,1431007,Region,Sofala,0,,0,1,EDLITRMNRD,MZDHS2022431007,2022-23,DHS,356,520,,,1
MOZ,Inhambane,5473120,Men who cannot read at all,20.7,1,MZ,Mozambique,2022,MZ2022DHS,ED_LITR_M_NRD,231234150,I,431008,1431008,Region,Inhambane,0,,0,1,EDLITRMNRD,MZDHS2022431008,2022-23,DHS,165,325,,,1
MOZ,Gaza,5878582,Men who cannot read at all,28.8,1,MZ,Mozambique,2022,MZ2022DHS,ED_LITR_M_NRD,231234150,I,431009,1431009,Region,Gaza,0,,0,1,EDLITRMNRD,MZDHS2022431009,2022-23,DHS,198,407,,,1
MOZ,Maputo Provincia,4664930,Men who cannot read at all,10.8,1,MZ,Mozambique,2022,MZ2022DHS,ED_LITR_M_NRD,231234150,I,431010,1431010,Region,Maputo Provincia,0,,0,1,EDLITRMNRD,MZDHS2022431010,2022-23,DHS,515,449,,,1
MOZ,Maputo Cidade,6908182,Men who cannot read at all,5.6,1,MZ,Mozambique,2022,MZ2022DHS,ED_LITR_M_NRD,231234150,I,431011,1431011,Region,Maputo Cidade,0,,0,1,EDLITRMNRD,MZDHS2022431011,2022-23,DHS,274,497,,,1
MOZ,Niassa,5092837,Men for whom no card with required language was available,4.3,1,MZ,Mozambique,2022,MZ2022DHS,ED_LITR_M_NCD,231234160,I,431001,1431001,Region,Niassa,0,,0,1,EDLITRMNCD,MZDHS2022431001,2022-23,DHS,342,472,,,1
MOZ,Cabo Delgado,7298359,Men for whom no card with required language was available,0.1,1,MZ,Mozambique,2022,MZ2022DHS,ED_LITR_M_NCD,231234160,I,431002,1431002,Region,Cabo Delgado,0,,0,1,EDLITRMNCD,MZDHS2022431002,2022-23,DHS,275,540,,,1
MOZ,Nampula,523776,Men for whom no card with required language was available,0,1,MZ,Mozambique,2022,MZ2022DHS,ED_LITR_M_NCD,231234160,I,431003,1431003,Region,Nampula,0,,0,1,EDLITRMNCD,MZDHS2022431003,2022-23,DHS,1266,592,,,1
MOZ,Zambézia,6308486,Men for whom no card with required language was available,0,1,MZ,Mozambique,2022,MZ2022DHS,ED_LITR_M_NCD,231234160,I,431004,1431004,Region,Zambézia,0,,0,1,EDLITRMNCD,MZDHS2022431004,2022-23,DHS,863,395,,,1
MOZ,Tete,529640,Men for whom no card with required language was available,2,1,MZ,Mozambique,2022,MZ2022DHS,ED_LITR_M_NCD,231234160,I,431005,1431005,Region,Tete,0,,0,1,EDLITRMNCD,MZDHS2022431005,2022-23,DHS,513,444,,,1
MOZ,Manica,3352467,Men for whom no card with required language was available,0.5,1,MZ,Mozambique,2022,MZ2022DHS,ED_LITR_M_NCD,231234160,I,431006,1431006,Region,Manica,0,,0,1,EDLITRMNCD,MZDHS2022431006,2022-23,DHS,347,485,,,1
MOZ,Sofala,3668819,Men for whom no card with required language was available,0,1,MZ,Mozambique,2022,MZ2022DHS,ED_LITR_M_NCD,231234160,I,431007,1431007,Region,Sofala,0,,0,1,EDLITRMNCD,MZDHS2022431007,2022-23,DHS,356,520,,,1
MOZ,Inhambane,5473161,Men for whom no card with required language was available,0,1,MZ,Mozambique,2022,MZ2022DHS,ED_LITR_M_NCD,231234160,I,431008,1431008,Region,Inhambane,0,,0,1,EDLITRMNCD,MZDHS2022431008,2022-23,DHS,165,325,,,1
MOZ,Gaza,5878583,Men for whom no card with required language was available,0,1,MZ,Mozambique,2022,MZ2022DHS,ED_LITR_M_NCD,231234160,I,431009,1431009,Region,Gaza,0,,0,1,EDLITRMNCD,MZDHS2022431009,2022-23,DHS,198,407,,,1
MOZ,Maputo Provincia,4664934,Men for whom no card with required language was available,0,1,MZ,Mozambique,2022,MZ2022DHS,ED_LITR_M_NCD,231234160,I,431010,1431010,Region,Maputo Provincia,0,,0,1,EDLITRMNCD,MZDHS2022431010,2022-23,DHS,515,449,,,1
MOZ,Maputo Cidade,6908184,Men for whom no card with required language was available,0,1,MZ,Mozambique,2022,MZ2022DHS,ED_LITR_M_NCD,231234160,I,431011,1431011,Region,Maputo Cidade,0,,0,1,EDLITRMNCD,MZDHS2022431011,2022-23,DHS,274,497,,,1
MOZ,Niassa,5092838,Men who are blind/visually impaired,0,1,MZ,Mozambique,2022,MZ2022DHS,ED_LITR_M_BLD,231234170,I,431001,1431001,Region,Niassa,0,,0,1,EDLITRMBLD,MZDHS2022431001,2022-23,DHS,342,472,,,1
MOZ,Cabo Delgado,7298360,Men who are blind/visually impaired,0,1,MZ,Mozambique,2022,MZ2022DHS,ED_LITR_M_BLD,231234170,I,431002,1431002,Region,Cabo Delgado,0,,0,1,EDLITRMBLD,MZDHS2022431002,2022-23,DHS,275,540,,,1
MOZ,Nampula,523777,Men who are blind/visually impaired,0.3,1,MZ,Mozambique,2022,MZ2022DHS,ED_LITR_M_BLD,231234170,I,431003,1431003,Region,Nampula,0,,0,1,EDLITRMBLD,MZDHS2022431003,2022-23,DHS,1266,592,,,1
MOZ,Zambézia,6308490,Men who are blind/visually impaired,0,1,MZ,Mozambique,2022,MZ2022DHS,ED_LITR_M_BLD,231234170,I,431004,1431004,Region,Zambézia,0,,0,1,EDLITRMBLD,MZDHS2022431004,2022-23,DHS,863,395,,,1
MOZ,Tete,529641,Men who are blind/visually impaired,0,1,MZ,Mozambique,2022,MZ2022DHS,ED_LITR_M_BLD,231234170,I,431005,1431005,Region,Tete,0,,0,1,EDLITRMBLD,MZDHS2022431005,2022-23,DHS,513,444,,,1
MOZ,Manica,3352468,Men who are blind/visually impaired,0,1,MZ,Mozambique,2022,MZ2022DHS,ED_LITR_M_BLD,231234170,I,431006,1431006,Region,Manica,0,,0,1,EDLITRMBLD,MZDHS2022431006,2022-23,DHS,347,485,,,1
MOZ,Sofala,3668820,Men who are blind/visually impaired,0.2,1,MZ,Mozambique,2022,MZ2022DHS,ED_LITR_M_BLD,231234170,I,431007,1431007,Region,Sofala,0,,0,1,EDLITRMBLD,MZDHS2022431007,2022-23,DHS,356,520,,,1
MOZ,Inhambane,5473207,Men who are blind/visually impaired,0,1,MZ,Mozambique,2022,MZ2022DHS,ED_LITR_M_BLD,231234170,I,431008,1431008,Region,Inhambane,0,,0,1,EDLITRMBLD,MZDHS2022431008,2022-23,DHS,165,325,,,1
MOZ,Gaza,5878585,Men who are blind/visually impaired,0,1,MZ,Mozambique,2022,MZ2022DHS,ED_LITR_M_BLD,231234170,I,431009,1431009,Region,Gaza,0,,0,1,EDLITRMBLD,MZDHS2022431009,2022-23,DHS,198,407,,,1
MOZ,Maputo Provincia,4664935,Men who are blind/visually impaired,0.4,1,MZ,Mozambique,2022,MZ2022DHS,ED_LITR_M_BLD,231234170,I,431010,1431010,Region,Maputo Provincia,0,,0,1,EDLITRMBLD,MZDHS2022431010,2022-23,DHS,515,449,,,1
MOZ,Maputo Cidade,6908231,Men who are blind/visually impaired,0,1,MZ,Mozambique,2022,MZ2022DHS,ED_LITR_M_BLD,231234170,I,431011,1431011,Region,Maputo Cidade,0,,0,1,EDLITRMBLD,MZDHS2022431011,2022-23,DHS,274,497,,,1
MOZ,Niassa,5092841,Men's literacy: Total,100,1,MZ,Mozambique,2022,MZ2022DHS,ED_LITR_M_TOT,231234190,T,431001,1431001,Region,Niassa,0,,0,1,EDLITRMTOT,MZDHS2022431001,2022-23,DHS,342,472,,,1
MOZ,Cabo Delgado,7298361,Men's literacy: Total,100,1,MZ,Mozambique,2022,MZ2022DHS,ED_LITR_M_TOT,231234190,T,431002,1431002,Region,Cabo Delgado,0,,0,1,EDLITRMTOT,MZDHS2022431002,2022-23,DHS,275,540,,,1
MOZ,Nampula,523778,Men's literacy: Total,100,1,MZ,Mozambique,2022,MZ2022DHS,ED_LITR_M_TOT,231234190,T,431003,1431003,Region,Nampula,0,,0,1,EDLITRMTOT,MZDHS2022431003,2022-23,DHS,1266,592,,,1
MOZ,Zambézia,6308491,Men's literacy: Total,100,1,MZ,Mozambique,2022,MZ2022DHS,ED_LITR_M_TOT,231234190,T,431004,1431004,Region,Zambézia,0,,0,1,EDLITRMTOT,MZDHS2022431004,2022-23,DHS,863,395,,,1
MOZ,Tete,529642,Men's literacy: Total,100,1,MZ,Mozambique,2022,MZ2022DHS,ED_LITR_M_TOT,231234190,T,431005,1431005,Region,Tete,0,,0,1,EDLITRMTOT,MZDHS2022431005,2022-23,DHS,513,444,,,1
MOZ,Manica,3352469,Men's literacy: Total,100,1,MZ,Mozambique,2022,MZ2022DHS,ED_LITR_M_TOT,231234190,T,431006,1431006,Region,Manica,0,,0,1,EDLITRMTOT,MZDHS2022431006,2022-23,DHS,347,485,,,1
MOZ,Sofala,3668793,Men's literacy: Total,100,1,MZ,Mozambique,2022,MZ2022DHS,ED_LITR_M_TOT,231234190,T,431007,1431007,Region,Sofala,0,,0,1,EDLITRMTOT,MZDHS2022431007,2022-23,DHS,356,520,,,1
MOZ,Inhambane,5473208,Men's literacy: Total,100,1,MZ,Mozambique,2022,MZ2022DHS,ED_LITR_M_TOT,231234190,T,431008,1431008,Region,Inhambane,0,,0,1,EDLITRMTOT,MZDHS2022431008,2022-23,DHS,165,325,,,1
MOZ,Gaza,5878586,Men's literacy: Total,100,1,MZ,Mozambique,2022,MZ2022DHS,ED_LITR_M_TOT,231234190,T,431009,1431009,Region,Gaza,0,,0,1,EDLITRMTOT,MZDHS2022431009,2022-23,DHS,198,407,,,1
MOZ,Maputo Provincia,4664970,Men's literacy: Total,100,1,MZ,Mozambique,2022,MZ2022DHS,ED_LITR_M_TOT,231234190,T,431010,1431010,Region,Maputo Provincia,0,,0,1,EDLITRMTOT,MZDHS2022431010,2022-23,DHS,515,449,,,1
MOZ,Maputo Cidade,6908232,Men's literacy: Total,100,1,MZ,Mozambique,2022,MZ2022DHS,ED_LITR_M_TOT,231234190,T,431011,1431011,Region,Maputo Cidade,0,,0,1,EDLITRMTOT,MZDHS2022431011,2022-23,DHS,274,497,,,1
MOZ,Niassa,5092862,Men who are literate,67.4,1,MZ,Mozambique,2022,MZ2022DHS,ED_LITR_M_LIT,231234200,I,431001,1431001,Region,Niassa,0,,0,1,EDLITRMLIT,MZDHS2022431001,2022-23,DHS,342,472,,,1
MOZ,Cabo Delgado,7298348,Men who are literate,56.5,1,MZ,Mozambique,2022,MZ2022DHS,ED_LITR_M_LIT,231234200,I,431002,1431002,Region,Cabo Delgado,0,,0,1,EDLITRMLIT,MZDHS2022431002,2022-23,DHS,275,540,,,1
MOZ,Nampula,523779,Men who are literate,55.8,1,MZ,Mozambique,2022,MZ2022DHS,ED_LITR_M_LIT,231234200,I,431003,1431003,Region,Nampula,0,,0,1,EDLITRMLIT,MZDHS2022431003,2022-23,DHS,1266,592,,,1
MOZ,Zambézia,6308489,Men who are literate,64.2,1,MZ,Mozambique,2022,MZ2022DHS,ED_LITR_M_LIT,231234200,I,431004,1431004,Region,Zambézia,0,,0,1,EDLITRMLIT,MZDHS2022431004,2022-23,DHS,863,395,,,1
MOZ,Tete,529639,Men who are literate,51.1,1,MZ,Mozambique,2022,MZ2022DHS,ED_LITR_M_LIT,231234200,I,431005,1431005,Region,Tete,0,,0,1,EDLITRMLIT,MZDHS2022431005,2022-23,DHS,513,444,,,1
MOZ,Manica,3352471,Men who are literate,87.7,1,MZ,Mozambique,2022,MZ2022DHS,ED_LITR_M_LIT,231234200,I,431006,1431006,Region,Manica,0,,0,1,EDLITRMLIT,MZDHS2022431006,2022-23,DHS,347,485,,,1
MOZ,Sofala,3668746,Men who are literate,85.3,1,MZ,Mozambique,2022,MZ2022DHS,ED_LITR_M_LIT,231234200,I,431007,1431007,Region,Sofala,0,,0,1,EDLITRMLIT,MZDHS2022431007,2022-23,DHS,356,520,,,1
MOZ,Inhambane,5473121,Men who are literate,79.3,1,MZ,Mozambique,2022,MZ2022DHS,ED_LITR_M_LIT,231234200,I,431008,1431008,Region,Inhambane,0,,0,1,EDLITRMLIT,MZDHS2022431008,2022-23,DHS,165,325,,,1
MOZ,Gaza,5878584,Men who are literate,71.2,1,MZ,Mozambique,2022,MZ2022DHS,ED_LITR_M_LIT,231234200,I,431009,1431009,Region,Gaza,0,,0,1,EDLITRMLIT,MZDHS2022431009,2022-23,DHS,198,407,,,1
MOZ,Maputo Provincia,4664931,Men who are literate,88.8,1,MZ,Mozambique,2022,MZ2022DHS,ED_LITR_M_LIT,231234200,I,431010,1431010,Region,Maputo Provincia,0,,0,1,EDLITRMLIT,MZDHS2022431010,2022-23,DHS,515,449,,,1
MOZ,Maputo Cidade,6908183,Men who are literate,94.4,1,MZ,Mozambique,2022,MZ2022DHS,ED_LITR_M_LIT,231234200,I,431011,1431011,Region,Maputo Cidade,0,,0,1,EDLITRMLIT,MZDHS2022431011,2022-23,DHS,274,497,,,1
MOZ,Niassa,5063409,Number of men,342,0,MZ,Mozambique,2022,MZ2022DHS,ED_LITR_M_NUM,231234210,D,431001,1431001,Region,Niassa,0,,0,1,EDLITRMNUM,MZDHS2022431001,2022-23,DHS,,472,,,1
MOZ,Cabo Delgado,7300822,Number of men,275,0,MZ,Mozambique,2022,MZ2022DHS,ED_LITR_M_NUM,231234210,D,431002,1431002,Region,Cabo Delgado,0,,0,1,EDLITRMNUM,MZDHS2022431002,2022-23,DHS,,540,,,1
MOZ,Nampula,2136340,Number of men,1266,0,MZ,Mozambique,2022,MZ2022DHS,ED_LITR_M_NUM,231234210,D,431003,1431003,Region,Nampula,0,,0,1,EDLITRMNUM,MZDHS2022431003,2022-23,DHS,,592,,,1
MOZ,Zambézia,6308543,Number of men,863,0,MZ,Mozambique,2022,MZ2022DHS,ED_LITR_M_NUM,231234210,D,431004,1431004,Region,Zambézia,0,,0,1,EDLITRMNUM,MZDHS2022431004,2022-23,DHS,,395,,,1
MOZ,Tete,2116073,Number of men,513,0,MZ,Mozambique,2022,MZ2022DHS,ED_LITR_M_NUM,231234210,D,431005,1431005,Region,Tete,0,,0,1,EDLITRMNUM,MZDHS2022431005,2022-23,DHS,,444,,,1
MOZ,Manica,2122766,Number of men,347,0,MZ,Mozambique,2022,MZ2022DHS,ED_LITR_M_NUM,231234210,D,431006,1431006,Region,Manica,0,,0,1,EDLITRMNUM,MZDHS2022431006,2022-23,DHS,,485,,,1
MOZ,Sofala,3668745,Number of men,356,0,MZ,Mozambique,2022,MZ2022DHS,ED_LITR_M_NUM,231234210,D,431007,1431007,Region,Sofala,0,,0,1,EDLITRMNUM,MZDHS2022431007,2022-23,DHS,,520,,,1
MOZ,Inhambane,5557301,Number of men,165,0,MZ,Mozambique,2022,MZ2022DHS,ED_LITR_M_NUM,231234210,D,431008,1431008,Region,Inhambane,0,,0,1,EDLITRMNUM,MZDHS2022431008,2022-23,DHS,,325,,,1
MOZ,Gaza,5911688,Number of men,198,0,MZ,Mozambique,2022,MZ2022DHS,ED_LITR_M_NUM,231234210,D,431009,1431009,Region,Gaza,0,,0,1,EDLITRMNUM,MZDHS2022431009,2022-23,DHS,,407,,,1
MOZ,Maputo Provincia,4776295,Number of men,515,0,MZ,Mozambique,2022,MZ2022DHS,ED_LITR_M_NUM,231234210,D,431010,1431010,Region,Maputo Provincia,0,,0,1,EDLITRMNUM,MZDHS2022431010,2022-23,DHS,,449,,,1
MOZ,Maputo Cidade,6878847,Number of men,274,0,MZ,Mozambique,2022,MZ2022DHS,ED_LITR_M_NUM,231234210,D,431011,1431011,Region,Maputo Cidade,0,,0,1,EDLITRMNUM,MZDHS2022431011,2022-23,DHS,,497,,,1
MOZ,Niassa,533304,Number of men (unweighted),472,0,MZ,Mozambique,2022,MZ2022DHS,ED_LITR_M_UNW,231234220,U,431001,1431001,Region,Niassa,0,,0,1,EDLITRMUNW,MZDHS2022431001,2022-23,DHS,342,,,,1
MOZ,Cabo Delgado,2970468,Number of men (unweighted),540,0,MZ,Mozambique,2022,MZ2022DHS,ED_LITR_M_UNW,231234220,U,431002,1431002,Region,Cabo Delgado,0,,0,1,EDLITRMUNW,MZDHS2022431002,2022-23,DHS,275,,,,1
MOZ,Nampula,523640,Number of men (unweighted),592,0,MZ,Mozambique,2022,MZ2022DHS,ED_LITR_M_UNW,231234220,U,431003,1431003,Region,Nampula,0,,0,1,EDLITRMUNW,MZDHS2022431003,2022-23,DHS,1266,,,,1
MOZ,Zambézia,2130136,Number of men (unweighted),395,0,MZ,Mozambique,2022,MZ2022DHS,ED_LITR_M_UNW,231234220,U,431004,1431004,Region,Zambézia,0,,0,1,EDLITRMUNW,MZDHS2022431004,2022-23,DHS,863,,,,1
MOZ,Tete,529652,Number of men (unweighted),444,0,MZ,Mozambique,2022,MZ2022DHS,ED_LITR_M_UNW,231234220,U,431005,1431005,Region,Tete,0,,0,1,EDLITRMUNW,MZDHS2022431005,2022-23,DHS,513,,,,1
MOZ,Manica,3352472,Number of men (unweighted),485,0,MZ,Mozambique,2022,MZ2022DHS,ED_LITR_M_UNW,231234220,U,431006,1431006,Region,Manica,0,,0,1,EDLITRMUNW,MZDHS2022431006,2022-23,DHS,347,,,,1
MOZ,Sofala,2116122,Number of men (unweighted),520,0,MZ,Mozambique,2022,MZ2022DHS,ED_LITR_M_UNW,231234220,U,431007,1431007,Region,Sofala,0,,0,1,EDLITRMUNW,MZDHS2022431007,2022-23,DHS,356,,,,1
MOZ,Inhambane,2566357,Number of men (unweighted),325,0,MZ,Mozambique,2022,MZ2022DHS,ED_LITR_M_UNW,231234220,U,431008,1431008,Region,Inhambane,0,,0,1,EDLITRMUNW,MZDHS2022431008,2022-23,DHS,165,,,,1
MOZ,Gaza,555,Number of men (unweighted),407,0,MZ,Mozambique,2022,MZ2022DHS,ED_LITR_M_UNW,231234220,U,431009,1431009,Region,Gaza,0,,0,1,EDLITRMUNW,MZDHS2022431009,2022-23,DHS,198,,,,1
MOZ,Maputo Provincia,9229,Number of men (unweighted),449,0,MZ,Mozambique,2022,MZ2022DHS,ED_LITR_M_UNW,231234220,U,431010,1431010,Region,Maputo Provincia,0,,0,1,EDLITRMUNW,MZDHS2022431010,2022-23,DHS,515,,,,1
MOZ,Maputo Cidade,6301618,Number of men (unweighted),497,0,MZ,Mozambique,2022,MZ2022DHS,ED_LITR_M_UNW,231234220,U,431011,1431011,Region,Maputo Cidade,0,,0,1,EDLITRMUNW,MZDHS2022431011,2022-23,DHS,274,,,,1
