name,iso,id,country,admin_level,category,range_type,range,population_type,population,population_share,population_interval,population_interval_share
Alto Molocue,,85939544B55280380491119,MOZ,ADM2,hospitals,TIME,600,adults,18846,4.32,18846,4.32
Alto Molocue,,85939544B55280380491119,MOZ,ADM2,hospitals,TIME,600,elderly,674,4.31,674,4.31
Alto Molocue,,85939544B55280380491119,MOZ,ADM2,hospitals,TIME,600,school_age,11419,4.32,11419,4.32
Alto Molocue,,85939544B55280380491119,MOZ,ADM2,hospitals,TIME,600,total,19673,4.32,19673,4.32
Alto Molocue,,85939544B55280380491119,MOZ,ADM2,hospitals,TIME,600,under_5,3732,4.32,3732,4.32
Alto Molocue,,85939544B55280380491119,MOZ,ADM2,hospitals,TIME,600,women_childbearing,4576,4.32,4576,4.32
Alto Molocue,,85939544B55280380491119,MOZ,ADM2,hospitals,TIME,1200,adults,21577,4.95,2731,0.63
Alto Molocue,,85939544B55280380491119,MOZ,ADM2,hospitals,TIME,1200,elderly,772,4.94,98,0.63
Alto Molocue,,85939544B55280380491119,MOZ,ADM2,hospitals,TIME,1200,school_age,13074,4.95,1655,0.63
Alto Molocue,,85939544B55280380491119,MOZ,ADM2,hospitals,TIME,1200,total,22524,4.95,2851,0.63
Alto Molocue,,85939544B55280380491119,MOZ,ADM2,hospitals,TIME,1200,under_5,4272,4.95,540,0.63
Alto Molocue,,85939544B55280380491119,MOZ,ADM2,hospitals,TIME,1200,women_childbearing,5239,4.95,663,0.63
Alto Molocue,,85939544B55280380491119,MOZ,ADM2,hospitals,TIME,1800,adults,25035,5.74,3458,0.79
Alto Molocue,,85939544B55280380491119,MOZ,ADM2,hospitals,TIME,1800,elderly,896,5.73,124,0.79
Alto Molocue,,85939544B55280380491119,MOZ,ADM2,hospitals,TIME,1800,school_age,15169,5.74,2095,0.79
Alto Molocue,,85939544B55280380491119,MOZ,ADM2,hospitals,TIME,1800,total,26133,5.74,3609,0.79
Alto Molocue,,85939544B55280380491119,MOZ,ADM2,hospitals,TIME,1800,under_5,4957,5.74,685,0.79
Alto Molocue,,85939544B55280380491119,MOZ,ADM2,hospitals,TIME,1800,women_childbearing,6079,5.74,840,0.79
Alto Molocue,,85939544B55280380491119,MOZ,ADM2,hospitals,TIME,2400,adults,36661,8.4,11626,2.67
Alto Molocue,,85939544B55280380491119,MOZ,ADM2,hospitals,TIME,2400,elderly,1313,8.4,417,2.67
Alto Molocue,,85939544B55280380491119,MOZ,ADM2,hospitals,TIME,2400,school_age,22214,8.4,7045,2.67
Alto Molocue,,85939544B55280380491119,MOZ,ADM2,hospitals,TIME,2400,total,38268,8.4,12135,2.66
Alto Molocue,,85939544B55280380491119,MOZ,ADM2,hospitals,TIME,2400,under_5,7259,8.4,2302,2.66
Alto Molocue,,85939544B55280380491119,MOZ,ADM2,hospitals,TIME,2400,women_childbearing,8901,8.4,2822,2.66
Alto Molocue,,85939544B55280380491119,MOZ,ADM2,hospitals,TIME,3000,adults,45027,10.32,8366,1.92
Alto Molocue,,85939544B55280380491119,MOZ,ADM2,hospitals,TIME,3000,elderly,1612,10.32,299,1.91
Alto Molocue,,85939544B55280380491119,MOZ,ADM2,hospitals,TIME,3000,school_age,27283,10.32,5069,1.92
Alto Molocue,,85939544B55280380491119,MOZ,ADM2,hospitals,TIME,3000,total,47002,10.32,8734,1.92
Alto Molocue,,85939544B55280380491119,MOZ,ADM2,hospitals,TIME,3000,under_5,8916,10.32,1657,1.92
Alto Molocue,,85939544B55280380491119,MOZ,ADM2,hospitals,TIME,3000,women_childbearing,10933,10.32,2032,1.92
Alto Molocue,,85939544B55280380491119,MOZ,ADM2,hospitals,TIME,3600,adults,69552,15.94,24525,5.62
Alto Molocue,,85939544B55280380491119,MOZ,ADM2,hospitals,TIME,3600,elderly,2491,15.94,879,5.63
Alto Molocue,,85939544B55280380491119,MOZ,ADM2,hospitals,TIME,3600,school_age,42143,15.94,14860,5.62
Alto Molocue,,85939544B55280380491119,MOZ,ADM2,hospitals,TIME,3600,total,72603,15.94,25601,5.62
Alto Molocue,,85939544B55280380491119,MOZ,ADM2,hospitals,TIME,3600,under_5,13773,15.94,4857,5.62
Alto Molocue,,85939544B55280380491119,MOZ,ADM2,hospitals,TIME,3600,women_childbearing,16888,15.94,5955,5.62
Alto Molocue,,85939544B55280380491119,MOZ,ADM2,hospitals,TIME,4200,adults,82193,18.84,12641,2.9
Alto Molocue,,85939544B55280380491119,MOZ,ADM2,hospitals,TIME,4200,elderly,2944,18.84,453,2.9
Alto Molocue,,85939544B55280380491119,MOZ,ADM2,hospitals,TIME,4200,school_age,49803,18.84,7660,2.9
Alto Molocue,,85939544B55280380491119,MOZ,ADM2,hospitals,TIME,4200,total,85799,18.84,13196,2.9
Alto Molocue,,85939544B55280380491119,MOZ,ADM2,hospitals,TIME,4200,under_5,16276,18.84,2503,2.9
Alto Molocue,,85939544B55280380491119,MOZ,ADM2,hospitals,TIME,4200,women_childbearing,19958,18.84,3070,2.9
Alto Molocue,,85939544B55280380491119,MOZ,ADM2,hospitals,TIME,4800,adults,93183,21.36,10990,2.52
Alto Molocue,,85939544B55280380491119,MOZ,ADM2,hospitals,TIME,4800,elderly,3337,21.36,393,2.52
Alto Molocue,,85939544B55280380491119,MOZ,ADM2,hospitals,TIME,4800,school_age,56462,21.36,6659,2.52
Alto Molocue,,85939544B55280380491119,MOZ,ADM2,hospitals,TIME,4800,total,97270,21.36,11471,2.52
Alto Molocue,,85939544B55280380491119,MOZ,ADM2,hospitals,TIME,4800,under_5,18452,21.36,2176,2.52
Alto Molocue,,85939544B55280380491119,MOZ,ADM2,hospitals,TIME,4800,women_childbearing,22626,21.36,2668,2.52
Alto Molocue,,85939544B55280380491119,MOZ,ADM2,hospitals,TIME,5400,adults,139592,32.0,46409,10.64
Alto Molocue,,85939544B55280380491119,MOZ,ADM2,hospitals,TIME,5400,elderly,4999,31.99,1662,10.64
Alto Molocue,,85939544B55280380491119,MOZ,ADM2,hospitals,TIME,5400,school_age,84582,32.0,28120,10.64
Alto Molocue,,85939544B55280380491119,MOZ,ADM2,hospitals,TIME,5400,total,145714,32.0,48444,10.64
Alto Molocue,,85939544B55280380491119,MOZ,ADM2,hospitals,TIME,5400,under_5,27642,32.0,9190,10.64
Alto Molocue,,85939544B55280380491119,MOZ,ADM2,hospitals,TIME,5400,women_childbearing,33895,32.0,11269,10.64
Alto Molocue,,85939544B55280380491119,MOZ,ADM2,hospitals,TIME,6000,adults,148260,33.99,8668,1.99
Alto Molocue,,85939544B55280380491119,MOZ,ADM2,hospitals,TIME,6000,elderly,5310,33.98,311,1.99
Alto Molocue,,85939544B55280380491119,MOZ,ADM2,hospitals,TIME,6000,school_age,89835,33.99,5253,1.99
Alto Molocue,,85939544B55280380491119,MOZ,ADM2,hospitals,TIME,6000,total,154763,33.99,9049,1.99
Alto Molocue,,85939544B55280380491119,MOZ,ADM2,hospitals,TIME,6000,under_5,29358,33.99,1716,1.99
Alto Molocue,,85939544B55280380491119,MOZ,ADM2,hospitals,TIME,6000,women_childbearing,36000,33.99,2105,1.99
Ancuabe,,85939544B12924931865401,MOZ,ADM2,hospitals,TIME,600,adults,7866,5.85,7866,5.85
Ancuabe,,85939544B12924931865401,MOZ,ADM2,hospitals,TIME,600,elderly,397,5.83,397,5.83
Ancuabe,,85939544B12924931865401,MOZ,ADM2,hospitals,TIME,600,school_age,4471,5.85,4471,5.85
Ancuabe,,85939544B12924931865401,MOZ,ADM2,hospitals,TIME,600,total,8328,5.85,8328,5.85
Ancuabe,,85939544B12924931865401,MOZ,ADM2,hospitals,TIME,600,under_5,1423,5.85,1423,5.85
Ancuabe,,85939544B12924931865401,MOZ,ADM2,hospitals,TIME,600,women_childbearing,2049,5.85,2049,5.85
Ancuabe,,85939544B12924931865401,MOZ,ADM2,hospitals,TIME,1200,adults,15673,11.65,7807,5.8
Ancuabe,,85939544B12924931865401,MOZ,ADM2,hospitals,TIME,1200,elderly,792,11.64,395,5.8
Ancuabe,,85939544B12924931865401,MOZ,ADM2,hospitals,TIME,1200,school_age,8909,11.65,4438,5.8
Ancuabe,,85939544B12924931865401,MOZ,ADM2,hospitals,TIME,1200,total,16594,11.65,8266,5.8
Ancuabe,,85939544B12924931865401,MOZ,ADM2,hospitals,TIME,1200,under_5,2835,11.65,1412,5.8
Ancuabe,,85939544B12924931865401,MOZ,ADM2,hospitals,TIME,1200,women_childbearing,4083,11.65,2034,5.8
Ancuabe,,85939544B12924931865401,MOZ,ADM2,hospitals,TIME,1800,adults,44448,33.03,28775,21.39
Ancuabe,,85939544B12924931865401,MOZ,ADM2,hospitals,TIME,1800,elderly,2249,33.04,1457,21.4
Ancuabe,,85939544B12924931865401,MOZ,ADM2,hospitals,TIME,1800,school_age,25266,33.03,16357,21.39
Ancuabe,,85939544B12924931865401,MOZ,ADM2,hospitals,TIME,1800,total,47060,33.03,30466,21.39
Ancuabe,,85939544B12924931865401,MOZ,ADM2,hospitals,TIME,1800,under_5,8041,33.03,5206,21.39
Ancuabe,,85939544B12924931865401,MOZ,ADM2,hospitals,TIME,1800,women_childbearing,11579,33.03,7496,21.38
Ancuabe,,85939544B12924931865401,MOZ,ADM2,hospitals,TIME,2400,adults,56807,42.22,12359,9.19
Ancuabe,,85939544B12924931865401,MOZ,ADM2,hospitals,TIME,2400,elderly,2874,42.22,625,9.18
Ancuabe,,85939544B12924931865401,MOZ,ADM2,hospitals,TIME,2400,school_age,32291,42.22,7025,9.19
Ancuabe,,85939544B12924931865401,MOZ,ADM2,hospitals,TIME,2400,total,60145,42.22,13085,9.19
Ancuabe,,85939544B12924931865401,MOZ,ADM2,hospitals,TIME,2400,under_5,10277,42.22,2236,9.19
Ancuabe,,85939544B12924931865401,MOZ,ADM2,hospitals,TIME,2400,women_childbearing,14799,42.22,3220,9.19
Ancuabe,,85939544B12924931865401,MOZ,ADM2,hospitals,TIME,3000,adults,72521,53.9,15714,11.68
Ancuabe,,85939544B12924931865401,MOZ,ADM2,hospitals,TIME,3000,elderly,3669,53.9,795,11.68
Ancuabe,,85939544B12924931865401,MOZ,ADM2,hospitals,TIME,3000,school_age,41224,53.9,8933,11.68
Ancuabe,,85939544B12924931865401,MOZ,ADM2,hospitals,TIME,3000,total,76782,53.9,16637,11.68
Ancuabe,,85939544B12924931865401,MOZ,ADM2,hospitals,TIME,3000,under_5,13120,53.9,2843,11.68
Ancuabe,,85939544B12924931865401,MOZ,ADM2,hospitals,TIME,3000,women_childbearing,18893,53.9,4094,11.68
Ancuabe,,85939544B12924931865401,MOZ,ADM2,hospitals,TIME,3600,adults,78382,58.25,5861,4.36
Ancuabe,,85939544B12924931865401,MOZ,ADM2,hospitals,TIME,3600,elderly,3965,58.25,296,4.35
Ancuabe,,85939544B12924931865401,MOZ,ADM2,hospitals,TIME,3600,school_age,44555,58.25,3331,4.36
Ancuabe,,85939544B12924931865401,MOZ,ADM2,hospitals,TIME,3600,total,82988,58.26,6206,4.36
Ancuabe,,85939544B12924931865401,MOZ,ADM2,hospitals,TIME,3600,under_5,14180,58.25,1060,4.35
Ancuabe,,85939544B12924931865401,MOZ,ADM2,hospitals,TIME,3600,women_childbearing,20420,58.25,1527,4.36
Ancuabe,,85939544B12924931865401,MOZ,ADM2,hospitals,TIME,4200,adults,84982,63.16,6600,4.91
Ancuabe,,85939544B12924931865401,MOZ,ADM2,hospitals,TIME,4200,elderly,4299,63.16,334,4.91
Ancuabe,,85939544B12924931865401,MOZ,ADM2,hospitals,TIME,4200,school_age,48307,63.16,3752,4.91
Ancuabe,,85939544B12924931865401,MOZ,ADM2,hospitals,TIME,4200,total,89975,63.16,6987,4.9
Ancuabe,,85939544B12924931865401,MOZ,ADM2,hospitals,TIME,4200,under_5,15374,63.16,1194,4.91
Ancuabe,,85939544B12924931865401,MOZ,ADM2,hospitals,TIME,4200,women_childbearing,22139,63.16,1719,4.9
Ancuabe,,85939544B12924931865401,MOZ,ADM2,hospitals,TIME,4800,adults,89378,66.43,4396,3.27
Ancuabe,,85939544B12924931865401,MOZ,ADM2,hospitals,TIME,4800,elderly,4522,66.43,223,3.28
Ancuabe,,85939544B12924931865401,MOZ,ADM2,hospitals,TIME,4800,school_age,50805,66.43,2498,3.27
Ancuabe,,85939544B12924931865401,MOZ,ADM2,hospitals,TIME,4800,total,94629,66.43,4654,3.27
Ancuabe,,85939544B12924931865401,MOZ,ADM2,hospitals,TIME,4800,under_5,16169,66.42,795,3.27
Ancuabe,,85939544B12924931865401,MOZ,ADM2,hospitals,TIME,4800,women_childbearing,23285,66.43,1146,3.27
Ancuabe,,85939544B12924931865401,MOZ,ADM2,hospitals,TIME,5400,adults,97419,72.4,8041,5.98
Ancuabe,,85939544B12924931865401,MOZ,ADM2,hospitals,TIME,5400,elderly,4929,72.41,407,5.98
Ancuabe,,85939544B12924931865401,MOZ,ADM2,hospitals,TIME,5400,school_age,55377,72.4,4572,5.98
Ancuabe,,85939544B12924931865401,MOZ,ADM2,hospitals,TIME,5400,total,103143,72.4,8514,5.98
Ancuabe,,85939544B12924931865401,MOZ,ADM2,hospitals,TIME,5400,under_5,17624,72.4,1455,5.98
Ancuabe,,85939544B12924931865401,MOZ,ADM2,hospitals,TIME,5400,women_childbearing,25380,72.4,2095,5.98
Ancuabe,,85939544B12924931865401,MOZ,ADM2,hospitals,TIME,6000,adults,98535,73.23,1116,0.83
Ancuabe,,85939544B12924931865401,MOZ,ADM2,hospitals,TIME,6000,elderly,4985,73.23,56,0.82
Ancuabe,,85939544B12924931865401,MOZ,ADM2,hospitals,TIME,6000,school_age,56011,73.23,634,0.83
Ancuabe,,85939544B12924931865401,MOZ,ADM2,hospitals,TIME,6000,total,104325,73.23,1182,0.83
Ancuabe,,85939544B12924931865401,MOZ,ADM2,hospitals,TIME,6000,under_5,17826,73.23,202,0.83
Ancuabe,,85939544B12924931865401,MOZ,ADM2,hospitals,TIME,6000,women_childbearing,25670,73.23,290,0.83
Angoche,,85939544B28799715012212,MOZ,ADM2,hospitals,TIME,600,adults,26679,7.86,26679,7.86
Angoche,,85939544B28799715012212,MOZ,ADM2,hospitals,TIME,600,elderly,1506,7.85,1506,7.85
Angoche,,85939544B28799715012212,MOZ,ADM2,hospitals,TIME,600,school_age,15276,7.86,15276,7.86
Angoche,,85939544B28799715012212,MOZ,ADM2,hospitals,TIME,600,total,28405,7.86,28405,7.86
Angoche,,85939544B28799715012212,MOZ,ADM2,hospitals,TIME,600,under_5,4815,7.86,4815,7.86
Angoche,,85939544B28799715012212,MOZ,ADM2,hospitals,TIME,600,women_childbearing,6734,7.86,6734,7.86
Angoche,,85939544B28799715012212,MOZ,ADM2,hospitals,TIME,1200,adults,29747,8.76,3068,0.9
Angoche,,85939544B28799715012212,MOZ,ADM2,hospitals,TIME,1200,elderly,1679,8.76,173,0.9
Angoche,,85939544B28799715012212,MOZ,ADM2,hospitals,TIME,1200,school_age,17033,8.76,1757,0.9
Angoche,,85939544B28799715012212,MOZ,ADM2,hospitals,TIME,1200,total,31671,8.76,3266,0.9
Angoche,,85939544B28799715012212,MOZ,ADM2,hospitals,TIME,1200,under_5,5368,8.76,553,0.9
Angoche,,85939544B28799715012212,MOZ,ADM2,hospitals,TIME,1200,women_childbearing,7508,8.76,774,0.9
Angoche,,85939544B28799715012212,MOZ,ADM2,hospitals,TIME,1800,adults,33667,9.91,3920,1.15
Angoche,,85939544B28799715012212,MOZ,ADM2,hospitals,TIME,1800,elderly,1901,9.91,222,1.16
Angoche,,85939544B28799715012212,MOZ,ADM2,hospitals,TIME,1800,school_age,19277,9.91,2244,1.15
Angoche,,85939544B28799715012212,MOZ,ADM2,hospitals,TIME,1800,total,35844,9.91,4173,1.15
Angoche,,85939544B28799715012212,MOZ,ADM2,hospitals,TIME,1800,under_5,6076,9.91,708,1.16
Angoche,,85939544B28799715012212,MOZ,ADM2,hospitals,TIME,1800,women_childbearing,8498,9.91,990,1.15
Angoche,,85939544B28799715012212,MOZ,ADM2,hospitals,TIME,2400,adults,38982,11.48,5315,1.57
Angoche,,85939544B28799715012212,MOZ,ADM2,hospitals,TIME,2400,elderly,2201,11.48,300,1.56
Angoche,,85939544B28799715012212,MOZ,ADM2,hospitals,TIME,2400,school_age,22321,11.48,3044,1.57
Angoche,,85939544B28799715012212,MOZ,ADM2,hospitals,TIME,2400,total,41503,11.48,5659,1.57
Angoche,,85939544B28799715012212,MOZ,ADM2,hospitals,TIME,2400,under_5,7035,11.48,959,1.56
Angoche,,85939544B28799715012212,MOZ,ADM2,hospitals,TIME,2400,women_childbearing,9839,11.48,1341,1.56
Angoche,,85939544B28799715012212,MOZ,ADM2,hospitals,TIME,3000,adults,43507,12.81,4525,1.33
Angoche,,85939544B28799715012212,MOZ,ADM2,hospitals,TIME,3000,elderly,2456,12.81,255,1.33
Angoche,,85939544B28799715012212,MOZ,ADM2,hospitals,TIME,3000,school_age,24912,12.81,2591,1.33
Angoche,,85939544B28799715012212,MOZ,ADM2,hospitals,TIME,3000,total,46321,12.81,4818,1.33
Angoche,,85939544B28799715012212,MOZ,ADM2,hospitals,TIME,3000,under_5,7852,12.81,817,1.33
Angoche,,85939544B28799715012212,MOZ,ADM2,hospitals,TIME,3000,women_childbearing,10981,12.81,1142,1.33
Angoche,,85939544B28799715012212,MOZ,ADM2,hospitals,TIME,3600,adults,49158,14.48,5651,1.66
Angoche,,85939544B28799715012212,MOZ,ADM2,hospitals,TIME,3600,elderly,2775,14.47,319,1.66
Angoche,,85939544B28799715012212,MOZ,ADM2,hospitals,TIME,3600,school_age,28148,14.48,3236,1.66
Angoche,,85939544B28799715012212,MOZ,ADM2,hospitals,TIME,3600,total,52338,14.48,6017,1.66
Angoche,,85939544B28799715012212,MOZ,ADM2,hospitals,TIME,3600,under_5,8872,14.48,1020,1.66
Angoche,,85939544B28799715012212,MOZ,ADM2,hospitals,TIME,3600,women_childbearing,12408,14.48,1427,1.66
Angoche,,85939544B28799715012212,MOZ,ADM2,hospitals,TIME,4200,adults,66593,19.61,17435,5.13
Angoche,,85939544B28799715012212,MOZ,ADM2,hospitals,TIME,4200,elderly,3760,19.61,985,5.14
Angoche,,85939544B28799715012212,MOZ,ADM2,hospitals,TIME,4200,school_age,38131,19.61,9983,5.13
Angoche,,85939544B28799715012212,MOZ,ADM2,hospitals,TIME,4200,total,70900,19.61,18562,5.13
Angoche,,85939544B28799715012212,MOZ,ADM2,hospitals,TIME,4200,under_5,12018,19.61,3146,5.13
Angoche,,85939544B28799715012212,MOZ,ADM2,hospitals,TIME,4200,women_childbearing,16809,19.61,4401,5.13
Angoche,,85939544B28799715012212,MOZ,ADM2,hospitals,TIME,4800,adults,80476,23.7,13883,4.09
Angoche,,85939544B28799715012212,MOZ,ADM2,hospitals,TIME,4800,elderly,4544,23.7,784,4.09
Angoche,,85939544B28799715012212,MOZ,ADM2,hospitals,TIME,4800,school_age,46080,23.7,7949,4.09
Angoche,,85939544B28799715012212,MOZ,ADM2,hospitals,TIME,4800,total,85680,23.7,14780,4.09
Angoche,,85939544B28799715012212,MOZ,ADM2,hospitals,TIME,4800,under_5,14524,23.7,2506,4.09
Angoche,,85939544B28799715012212,MOZ,ADM2,hospitals,TIME,4800,women_childbearing,20313,23.7,3504,4.09
Angoche,,85939544B28799715012212,MOZ,ADM2,hospitals,TIME,5400,adults,97641,28.75,17165,5.05
Angoche,,85939544B28799715012212,MOZ,ADM2,hospitals,TIME,5400,elderly,5513,28.75,969,5.05
Angoche,,85939544B28799715012212,MOZ,ADM2,hospitals,TIME,5400,school_age,55909,28.75,9829,5.05
Angoche,,85939544B28799715012212,MOZ,ADM2,hospitals,TIME,5400,total,103956,28.75,18276,5.05
Angoche,,85939544B28799715012212,MOZ,ADM2,hospitals,TIME,5400,under_5,17622,28.75,3098,5.05
Angoche,,85939544B28799715012212,MOZ,ADM2,hospitals,TIME,5400,women_childbearing,24646,28.75,4333,5.06
Angoche,,85939544B28799715012212,MOZ,ADM2,hospitals,TIME,6000,adults,109789,32.33,12148,3.58
Angoche,,85939544B28799715012212,MOZ,ADM2,hospitals,TIME,6000,elderly,6199,32.33,686,3.58
Angoche,,85939544B28799715012212,MOZ,ADM2,hospitals,TIME,6000,school_age,62865,32.33,6956,3.58
Angoche,,85939544B28799715012212,MOZ,ADM2,hospitals,TIME,6000,total,116889,32.33,12933,3.58
Angoche,,85939544B28799715012212,MOZ,ADM2,hospitals,TIME,6000,under_5,19814,32.33,2192,3.58
Angoche,,85939544B28799715012212,MOZ,ADM2,hospitals,TIME,6000,women_childbearing,27712,32.33,3066,3.58
Angonia,,85939544B12573256040215,MOZ,ADM2,hospitals,TIME,600,adults,21295,5.85,21295,5.85
Angonia,,85939544B12573256040215,MOZ,ADM2,hospitals,TIME,600,elderly,1083,5.85,1083,5.85
Angonia,,85939544B12573256040215,MOZ,ADM2,hospitals,TIME,600,school_age,12579,5.85,12579,5.85
Angonia,,85939544B12573256040215,MOZ,ADM2,hospitals,TIME,600,total,22552,5.85,22552,5.85
Angonia,,85939544B12573256040215,MOZ,ADM2,hospitals,TIME,600,under_5,3674,5.85,3674,5.85
Angonia,,85939544B12573256040215,MOZ,ADM2,hospitals,TIME,600,women_childbearing,5323,5.85,5323,5.85
Angonia,,85939544B12573256040215,MOZ,ADM2,hospitals,TIME,1200,adults,39840,10.94,18545,5.09
Angonia,,85939544B12573256040215,MOZ,ADM2,hospitals,TIME,1200,elderly,2027,10.94,944,5.1
Angonia,,85939544B12573256040215,MOZ,ADM2,hospitals,TIME,1200,school_age,23533,10.94,10954,5.09
Angonia,,85939544B12573256040215,MOZ,ADM2,hospitals,TIME,1200,total,42192,10.94,19640,5.09
Angonia,,85939544B12573256040215,MOZ,ADM2,hospitals,TIME,1200,under_5,6874,10.94,3200,5.09
Angonia,,85939544B12573256040215,MOZ,ADM2,hospitals,TIME,1200,women_childbearing,9960,10.94,4637,5.09
Angonia,,85939544B12573256040215,MOZ,ADM2,hospitals,TIME,1800,adults,65010,17.85,25170,6.91
Angonia,,85939544B12573256040215,MOZ,ADM2,hospitals,TIME,1800,elderly,3307,17.85,1280,6.91
Angonia,,85939544B12573256040215,MOZ,ADM2,hospitals,TIME,1800,school_age,38402,17.85,14869,6.91
Angonia,,85939544B12573256040215,MOZ,ADM2,hospitals,TIME,1800,total,68849,17.85,26657,6.91
Angonia,,85939544B12573256040215,MOZ,ADM2,hospitals,TIME,1800,under_5,11218,17.85,4344,6.91
Angonia,,85939544B12573256040215,MOZ,ADM2,hospitals,TIME,1800,women_childbearing,16252,17.85,6292,6.91
Angonia,,85939544B12573256040215,MOZ,ADM2,hospitals,TIME,2400,adults,106941,29.37,41931,11.51
Angonia,,85939544B12573256040215,MOZ,ADM2,hospitals,TIME,2400,elderly,5441,29.37,2134,11.52
Angonia,,85939544B12573256040215,MOZ,ADM2,hospitals,TIME,2400,school_age,63171,29.37,24769,11.51
Angonia,,85939544B12573256040215,MOZ,ADM2,hospitals,TIME,2400,total,113255,29.37,44406,11.51
Angonia,,85939544B12573256040215,MOZ,ADM2,hospitals,TIME,2400,under_5,18454,29.36,7236,11.51
Angonia,,85939544B12573256040215,MOZ,ADM2,hospitals,TIME,2400,women_childbearing,26734,29.37,10482,11.51
Angonia,,85939544B12573256040215,MOZ,ADM2,hospitals,TIME,3000,adults,139616,38.34,32675,8.97
Angonia,,85939544B12573256040215,MOZ,ADM2,hospitals,TIME,3000,elderly,7103,38.34,1662,8.97
Angonia,,85939544B12573256040215,MOZ,ADM2,hospitals,TIME,3000,school_age,82473,38.34,19302,8.97
Angonia,,85939544B12573256040215,MOZ,ADM2,hospitals,TIME,3000,total,147859,38.34,34604,8.97
Angonia,,85939544B12573256040215,MOZ,ADM2,hospitals,TIME,3000,under_5,24093,38.34,5639,8.97
Angonia,,85939544B12573256040215,MOZ,ADM2,hospitals,TIME,3000,women_childbearing,34903,38.34,8169,8.97
Angonia,,85939544B12573256040215,MOZ,ADM2,hospitals,TIME,3600,adults,184122,50.56,44506,12.22
Angonia,,85939544B12573256040215,MOZ,ADM2,hospitals,TIME,3600,elderly,9368,50.56,2265,12.23
Angonia,,85939544B12573256040215,MOZ,ADM2,hospitals,TIME,3600,school_age,108763,50.56,26290,12.22
Angonia,,85939544B12573256040215,MOZ,ADM2,hospitals,TIME,3600,total,194993,50.56,47134,12.22
Angonia,,85939544B12573256040215,MOZ,ADM2,hospitals,TIME,3600,under_5,31773,50.56,7680,12.22
Angonia,,85939544B12573256040215,MOZ,ADM2,hospitals,TIME,3600,women_childbearing,46030,50.56,11127,12.22
Angonia,,85939544B12573256040215,MOZ,ADM2,hospitals,TIME,4200,adults,198374,54.47,14252,3.91
Angonia,,85939544B12573256040215,MOZ,ADM2,hospitals,TIME,4200,elderly,10093,54.48,725,3.91
Angonia,,85939544B12573256040215,MOZ,ADM2,hospitals,TIME,4200,school_age,117182,54.47,8419,3.91
Angonia,,85939544B12573256040215,MOZ,ADM2,hospitals,TIME,4200,total,210086,54.47,15093,3.91
Angonia,,85939544B12573256040215,MOZ,ADM2,hospitals,TIME,4200,under_5,34233,54.47,2460,3.91
Angonia,,85939544B12573256040215,MOZ,ADM2,hospitals,TIME,4200,women_childbearing,49593,54.48,3563,3.91
Angonia,,85939544B12573256040215,MOZ,ADM2,hospitals,TIME,4800,adults,212399,58.33,14025,3.85
Angonia,,85939544B12573256040215,MOZ,ADM2,hospitals,TIME,4800,elderly,10806,58.33,713,3.85
Angonia,,85939544B12573256040215,MOZ,ADM2,hospitals,TIME,4800,school_age,125467,58.33,8285,3.85
Angonia,,85939544B12573256040215,MOZ,ADM2,hospitals,TIME,4800,total,224939,58.33,14853,3.85
Angonia,,85939544B12573256040215,MOZ,ADM2,hospitals,TIME,4800,under_5,36653,58.32,2420,3.85
Angonia,,85939544B12573256040215,MOZ,ADM2,hospitals,TIME,4800,women_childbearing,53098,58.33,3505,3.85
Angonia,,85939544B12573256040215,MOZ,ADM2,hospitals,TIME,5400,adults,232498,63.84,20099,5.52
Angonia,,85939544B12573256040215,MOZ,ADM2,hospitals,TIME,5400,elderly,11829,63.85,1023,5.52
Angonia,,85939544B12573256040215,MOZ,ADM2,hospitals,TIME,5400,school_age,137340,63.84,11873,5.52
Angonia,,85939544B12573256040215,MOZ,ADM2,hospitals,TIME,5400,total,246225,63.84,21286,5.52
Angonia,,85939544B12573256040215,MOZ,ADM2,hospitals,TIME,5400,under_5,40122,63.84,3469,5.52
Angonia,,85939544B12573256040215,MOZ,ADM2,hospitals,TIME,5400,women_childbearing,58123,63.85,5025,5.52
Angonia,,85939544B12573256040215,MOZ,ADM2,hospitals,TIME,6000,adults,253425,69.59,20927,5.75
Angonia,,85939544B12573256040215,MOZ,ADM2,hospitals,TIME,6000,elderly,12894,69.6,1065,5.75
Angonia,,85939544B12573256040215,MOZ,ADM2,hospitals,TIME,6000,school_age,149701,69.59,12361,5.75
Angonia,,85939544B12573256040215,MOZ,ADM2,hospitals,TIME,6000,total,268388,69.59,22163,5.75
Angonia,,85939544B12573256040215,MOZ,ADM2,hospitals,TIME,6000,under_5,43733,69.59,3611,5.75
Angonia,,85939544B12573256040215,MOZ,ADM2,hospitals,TIME,6000,women_childbearing,63355,69.59,5232,5.75
Balama,,85939544B22682737370097,MOZ,ADM2,hospitals,TIME,1800,adults,189,0.12,189,0.12
Balama,,85939544B22682737370097,MOZ,ADM2,hospitals,TIME,1800,elderly,7,0.11,7,0.11
Balama,,85939544B22682737370097,MOZ,ADM2,hospitals,TIME,1800,school_age,108,0.12,108,0.12
Balama,,85939544B22682737370097,MOZ,ADM2,hospitals,TIME,1800,total,199,0.12,199,0.12
Balama,,85939544B22682737370097,MOZ,ADM2,hospitals,TIME,1800,under_5,36,0.12,36,0.12
Balama,,85939544B22682737370097,MOZ,ADM2,hospitals,TIME,1800,women_childbearing,48,0.12,48,0.12
Balama,,85939544B22682737370097,MOZ,ADM2,hospitals,TIME,2400,adults,506,0.31,317,0.2
Balama,,85939544B22682737370097,MOZ,ADM2,hospitals,TIME,2400,elderly,20,0.3,13,0.2
Balama,,85939544B22682737370097,MOZ,ADM2,hospitals,TIME,2400,school_age,290,0.31,182,0.2
Balama,,85939544B22682737370097,MOZ,ADM2,hospitals,TIME,2400,total,531,0.31,332,0.2
Balama,,85939544B22682737370097,MOZ,ADM2,hospitals,TIME,2400,under_5,98,0.31,62,0.2
Balama,,85939544B22682737370097,MOZ,ADM2,hospitals,TIME,2400,women_childbearing,129,0.31,81,0.2
Balama,,85939544B22682737370097,MOZ,ADM2,hospitals,TIME,3000,adults,2348,1.45,1842,1.14
Balama,,85939544B22682737370097,MOZ,ADM2,hospitals,TIME,3000,elderly,96,1.44,76,1.14
Balama,,85939544B22682737370097,MOZ,ADM2,hospitals,TIME,3000,school_age,1345,1.45,1055,1.14
Balama,,85939544B22682737370097,MOZ,ADM2,hospitals,TIME,3000,total,2464,1.45,1933,1.14
Balama,,85939544B22682737370097,MOZ,ADM2,hospitals,TIME,3000,under_5,454,1.45,356,1.14
Balama,,85939544B22682737370097,MOZ,ADM2,hospitals,TIME,3000,women_childbearing,600,1.45,471,1.14
Balama,,85939544B22682737370097,MOZ,ADM2,hospitals,TIME,3600,adults,3403,2.11,1055,0.65
Balama,,85939544B22682737370097,MOZ,ADM2,hospitals,TIME,3600,elderly,140,2.1,44,0.66
Balama,,85939544B22682737370097,MOZ,ADM2,hospitals,TIME,3600,school_age,1948,2.11,603,0.65
Balama,,85939544B22682737370097,MOZ,ADM2,hospitals,TIME,3600,total,3570,2.11,1106,0.65
Balama,,85939544B22682737370097,MOZ,ADM2,hospitals,TIME,3600,under_5,658,2.11,204,0.65
Balama,,85939544B22682737370097,MOZ,ADM2,hospitals,TIME,3600,women_childbearing,870,2.11,270,0.65
Balama,,85939544B22682737370097,MOZ,ADM2,hospitals,TIME,4200,adults,8133,5.04,4730,2.93
Balama,,85939544B22682737370097,MOZ,ADM2,hospitals,TIME,4200,elderly,335,5.03,195,2.93
Balama,,85939544B22682737370097,MOZ,ADM2,hospitals,TIME,4200,school_age,4657,5.04,2709,2.93
Balama,,85939544B22682737370097,MOZ,ADM2,hospitals,TIME,4200,total,8534,5.04,4964,2.93
Balama,,85939544B22682737370097,MOZ,ADM2,hospitals,TIME,4200,under_5,1572,5.03,914,2.93
Balama,,85939544B22682737370097,MOZ,ADM2,hospitals,TIME,4200,women_childbearing,2079,5.03,1209,2.93
Balama,,85939544B22682737370097,MOZ,ADM2,hospitals,TIME,4800,adults,10809,6.69,2676,1.66
Balama,,85939544B22682737370097,MOZ,ADM2,hospitals,TIME,4800,elderly,445,6.68,110,1.65
Balama,,85939544B22682737370097,MOZ,ADM2,hospitals,TIME,4800,school_age,6189,6.69,1532,1.66
Balama,,85939544B22682737370097,MOZ,ADM2,hospitals,TIME,4800,total,11342,6.69,2808,1.66
Balama,,85939544B22682737370097,MOZ,ADM2,hospitals,TIME,4800,under_5,2090,6.69,518,1.66
Balama,,85939544B22682737370097,MOZ,ADM2,hospitals,TIME,4800,women_childbearing,2764,6.69,685,1.66
Balama,,85939544B22682737370097,MOZ,ADM2,hospitals,TIME,5400,adults,47141,29.19,36332,22.49
Balama,,85939544B22682737370097,MOZ,ADM2,hospitals,TIME,5400,elderly,1944,29.19,1499,22.51
Balama,,85939544B22682737370097,MOZ,ADM2,hospitals,TIME,5400,school_age,26994,29.19,20805,22.49
Balama,,85939544B22682737370097,MOZ,ADM2,hospitals,TIME,5400,total,49467,29.19,38125,22.49
Balama,,85939544B22682737370097,MOZ,ADM2,hospitals,TIME,5400,under_5,9116,29.18,7026,22.49
Balama,,85939544B22682737370097,MOZ,ADM2,hospitals,TIME,5400,women_childbearing,12054,29.19,9290,22.49
Balama,,85939544B22682737370097,MOZ,ADM2,hospitals,TIME,6000,adults,62221,38.52,15080,9.34
Balama,,85939544B22682737370097,MOZ,ADM2,hospitals,TIME,6000,elderly,2565,38.51,621,9.32
Balama,,85939544B22682737370097,MOZ,ADM2,hospitals,TIME,6000,school_age,35629,38.52,8635,9.34
Balama,,85939544B22682737370097,MOZ,ADM2,hospitals,TIME,6000,total,65290,38.52,15823,9.34
Balama,,85939544B22682737370097,MOZ,ADM2,hospitals,TIME,6000,under_5,12032,38.52,2916,9.34
Balama,,85939544B22682737370097,MOZ,ADM2,hospitals,TIME,6000,women_childbearing,15910,38.52,3856,9.34
Barue,,85939544B78941967379031,MOZ,ADM2,hospitals,TIME,600,adults,65769,23.71,65769,23.71
Barue,,85939544B78941967379031,MOZ,ADM2,hospitals,TIME,600,elderly,2705,23.7,2705,23.7
Barue,,85939544B78941967379031,MOZ,ADM2,hospitals,TIME,600,school_age,40998,23.71,40998,23.71
Barue,,85939544B78941967379031,MOZ,ADM2,hospitals,TIME,600,total,69007,23.71,69007,23.71
Barue,,85939544B78941967379031,MOZ,ADM2,hospitals,TIME,600,under_5,12313,23.71,12313,23.71
Barue,,85939544B78941967379031,MOZ,ADM2,hospitals,TIME,600,women_childbearing,16152,23.71,16152,23.71
Barue,,85939544B78941967379031,MOZ,ADM2,hospitals,TIME,1200,adults,76037,27.41,10268,3.7
Barue,,85939544B78941967379031,MOZ,ADM2,hospitals,TIME,1200,elderly,3128,27.41,423,3.71
Barue,,85939544B78941967379031,MOZ,ADM2,hospitals,TIME,1200,school_age,47399,27.41,6401,3.7
Barue,,85939544B78941967379031,MOZ,ADM2,hospitals,TIME,1200,total,79780,27.41,10773,3.7
Barue,,85939544B78941967379031,MOZ,ADM2,hospitals,TIME,1200,under_5,14236,27.41,1923,3.7
Barue,,85939544B78941967379031,MOZ,ADM2,hospitals,TIME,1200,women_childbearing,18674,27.41,2522,3.7
Barue,,85939544B78941967379031,MOZ,ADM2,hospitals,TIME,1800,adults,85975,30.99,9938,3.58
Barue,,85939544B78941967379031,MOZ,ADM2,hospitals,TIME,1800,elderly,3537,30.99,409,3.58
Barue,,85939544B78941967379031,MOZ,ADM2,hospitals,TIME,1800,school_age,53594,30.99,6195,3.58
Barue,,85939544B78941967379031,MOZ,ADM2,hospitals,TIME,1800,total,90207,30.99,10427,3.58
Barue,,85939544B78941967379031,MOZ,ADM2,hospitals,TIME,1800,under_5,16096,30.99,1860,3.58
Barue,,85939544B78941967379031,MOZ,ADM2,hospitals,TIME,1800,women_childbearing,21115,30.99,2441,3.58
Barue,,85939544B78941967379031,MOZ,ADM2,hospitals,TIME,2400,adults,97074,34.99,11099,4.0
Barue,,85939544B78941967379031,MOZ,ADM2,hospitals,TIME,2400,elderly,3993,34.99,456,4.0
Barue,,85939544B78941967379031,MOZ,ADM2,hospitals,TIME,2400,school_age,60513,35.0,6919,4.0
Barue,,85939544B78941967379031,MOZ,ADM2,hospitals,TIME,2400,total,101852,34.99,11645,4.0
Barue,,85939544B78941967379031,MOZ,ADM2,hospitals,TIME,2400,under_5,18174,35.0,2078,4.0
Barue,,85939544B78941967379031,MOZ,ADM2,hospitals,TIME,2400,women_childbearing,23841,34.99,2726,4.0
Barue,,85939544B78941967379031,MOZ,ADM2,hospitals,TIME,3000,adults,105428,38.01,8354,3.01
Barue,,85939544B78941967379031,MOZ,ADM2,hospitals,TIME,3000,elderly,4337,38.0,344,3.01
Barue,,85939544B78941967379031,MOZ,ADM2,hospitals,TIME,3000,school_age,65721,38.01,5208,3.01
Barue,,85939544B78941967379031,MOZ,ADM2,hospitals,TIME,3000,total,110618,38.01,8766,3.01
Barue,,85939544B78941967379031,MOZ,ADM2,hospitals,TIME,3000,under_5,19738,38.01,1564,3.01
Barue,,85939544B78941967379031,MOZ,ADM2,hospitals,TIME,3000,women_childbearing,25893,38.01,2052,3.01
Barue,,85939544B78941967379031,MOZ,ADM2,hospitals,TIME,3600,adults,113329,40.85,7901,2.85
Barue,,85939544B78941967379031,MOZ,ADM2,hospitals,TIME,3600,elderly,4662,40.85,325,2.85
Barue,,85939544B78941967379031,MOZ,ADM2,hospitals,TIME,3600,school_age,70646,40.86,4925,2.85
Barue,,85939544B78941967379031,MOZ,ADM2,hospitals,TIME,3600,total,118907,40.85,8289,2.85
Barue,,85939544B78941967379031,MOZ,ADM2,hospitals,TIME,3600,under_5,21217,40.86,1479,2.85
Barue,,85939544B78941967379031,MOZ,ADM2,hospitals,TIME,3600,women_childbearing,27833,40.85,1940,2.85
Barue,,85939544B78941967379031,MOZ,ADM2,hospitals,TIME,4200,adults,117919,42.51,4590,1.65
Barue,,85939544B78941967379031,MOZ,ADM2,hospitals,TIME,4200,elderly,4851,42.51,189,1.66
Barue,,85939544B78941967379031,MOZ,ADM2,hospitals,TIME,4200,school_age,73507,42.51,2861,1.65
Barue,,85939544B78941967379031,MOZ,ADM2,hospitals,TIME,4200,total,123724,42.51,4817,1.66
Barue,,85939544B78941967379031,MOZ,ADM2,hospitals,TIME,4200,under_5,22077,42.51,860,1.66
Barue,,85939544B78941967379031,MOZ,ADM2,hospitals,TIME,4200,women_childbearing,28960,42.51,1127,1.65
Barue,,85939544B78941967379031,MOZ,ADM2,hospitals,TIME,4800,adults,120268,43.36,2349,0.85
Barue,,85939544B78941967379031,MOZ,ADM2,hospitals,TIME,4800,elderly,4947,43.35,96,0.84
Barue,,85939544B78941967379031,MOZ,ADM2,hospitals,TIME,4800,school_age,74971,43.36,1464,0.85
Barue,,85939544B78941967379031,MOZ,ADM2,hospitals,TIME,4800,total,126188,43.36,2464,0.85
Barue,,85939544B78941967379031,MOZ,ADM2,hospitals,TIME,4800,under_5,22516,43.36,439,0.85
Barue,,85939544B78941967379031,MOZ,ADM2,hospitals,TIME,4800,women_childbearing,29537,43.36,577,0.85
Barue,,85939544B78941967379031,MOZ,ADM2,hospitals,TIME,5400,adults,122526,44.17,2258,0.81
Barue,,85939544B78941967379031,MOZ,ADM2,hospitals,TIME,5400,elderly,5040,44.16,93,0.81
Barue,,85939544B78941967379031,MOZ,ADM2,hospitals,TIME,5400,school_age,76379,44.17,1408,0.81
Barue,,85939544B78941967379031,MOZ,ADM2,hospitals,TIME,5400,total,128557,44.17,2369,0.81
Barue,,85939544B78941967379031,MOZ,ADM2,hospitals,TIME,5400,under_5,22939,44.17,423,0.81
Barue,,85939544B78941967379031,MOZ,ADM2,hospitals,TIME,5400,women_childbearing,30092,44.17,555,0.81
Barue,,85939544B78941967379031,MOZ,ADM2,hospitals,TIME,6000,adults,125847,45.37,3321,1.2
Barue,,85939544B78941967379031,MOZ,ADM2,hospitals,TIME,6000,elderly,5177,45.36,137,1.2
Barue,,85939544B78941967379031,MOZ,ADM2,hospitals,TIME,6000,school_age,78449,45.37,2070,1.2
Barue,,85939544B78941967379031,MOZ,ADM2,hospitals,TIME,6000,total,132042,45.37,3485,1.2
Barue,,85939544B78941967379031,MOZ,ADM2,hospitals,TIME,6000,under_5,23561,45.37,622,1.2
Barue,,85939544B78941967379031,MOZ,ADM2,hospitals,TIME,6000,women_childbearing,30908,45.37,816,1.2
Bilene,,85939544B43586850524471,MOZ,ADM2,hospitals,TIME,2400,adults,671,0.57,671,0.57
Bilene,,85939544B43586850524471,MOZ,ADM2,hospitals,TIME,2400,elderly,49,0.57,49,0.57
Bilene,,85939544B43586850524471,MOZ,ADM2,hospitals,TIME,2400,school_age,384,0.57,384,0.57
Bilene,,85939544B43586850524471,MOZ,ADM2,hospitals,TIME,2400,total,726,0.57,726,0.57
Bilene,,85939544B43586850524471,MOZ,ADM2,hospitals,TIME,2400,under_5,97,0.57,97,0.57
Bilene,,85939544B43586850524471,MOZ,ADM2,hospitals,TIME,2400,women_childbearing,187,0.57,187,0.57
Bilene,,85939544B43586850524471,MOZ,ADM2,hospitals,TIME,3000,adults,7199,6.13,6528,5.56
Bilene,,85939544B43586850524471,MOZ,ADM2,hospitals,TIME,3000,elderly,526,6.13,477,5.56
Bilene,,85939544B43586850524471,MOZ,ADM2,hospitals,TIME,3000,school_age,4117,6.13,3733,5.56
Bilene,,85939544B43586850524471,MOZ,ADM2,hospitals,TIME,3000,total,7786,6.13,7060,5.56
Bilene,,85939544B43586850524471,MOZ,ADM2,hospitals,TIME,3000,under_5,1048,6.13,951,5.56
Bilene,,85939544B43586850524471,MOZ,ADM2,hospitals,TIME,3000,women_childbearing,2012,6.13,1825,5.56
Bilene,,85939544B43586850524471,MOZ,ADM2,hospitals,TIME,3600,adults,65754,56.02,58555,49.88
Bilene,,85939544B43586850524471,MOZ,ADM2,hospitals,TIME,3600,elderly,4809,56.01,4283,49.88
Bilene,,85939544B43586850524471,MOZ,ADM2,hospitals,TIME,3600,school_age,37607,56.02,33490,49.89
Bilene,,85939544B43586850524471,MOZ,ADM2,hospitals,TIME,3600,total,71111,56.02,63325,49.88
Bilene,,85939544B43586850524471,MOZ,ADM2,hospitals,TIME,3600,under_5,9574,56.02,8526,49.89
Bilene,,85939544B43586850524471,MOZ,ADM2,hospitals,TIME,3600,women_childbearing,18380,56.02,16368,49.89
Bilene,,85939544B43586850524471,MOZ,ADM2,hospitals,TIME,4200,adults,75941,64.7,10187,8.68
Bilene,,85939544B43586850524471,MOZ,ADM2,hospitals,TIME,4200,elderly,5555,64.7,746,8.69
Bilene,,85939544B43586850524471,MOZ,ADM2,hospitals,TIME,4200,school_age,43434,64.7,5827,8.68
Bilene,,85939544B43586850524471,MOZ,ADM2,hospitals,TIME,4200,total,82129,64.7,11018,8.68
Bilene,,85939544B43586850524471,MOZ,ADM2,hospitals,TIME,4200,under_5,11057,64.7,1483,8.68
Bilene,,85939544B43586850524471,MOZ,ADM2,hospitals,TIME,4200,women_childbearing,21228,64.7,2848,8.68
Bilene,,85939544B43586850524471,MOZ,ADM2,hospitals,TIME,4800,adults,79227,67.5,3286,2.8
Bilene,,85939544B43586850524471,MOZ,ADM2,hospitals,TIME,4800,elderly,5795,67.49,240,2.8
Bilene,,85939544B43586850524471,MOZ,ADM2,hospitals,TIME,4800,school_age,45313,67.5,1879,2.8
Bilene,,85939544B43586850524471,MOZ,ADM2,hospitals,TIME,4800,total,85683,67.5,3554,2.8
Bilene,,85939544B43586850524471,MOZ,ADM2,hospitals,TIME,4800,under_5,11535,67.5,478,2.8
Bilene,,85939544B43586850524471,MOZ,ADM2,hospitals,TIME,4800,women_childbearing,22147,67.5,919,2.8
Bilene,,85939544B43586850524471,MOZ,ADM2,hospitals,TIME,5400,adults,86724,73.88,7497,6.39
Bilene,,85939544B43586850524471,MOZ,ADM2,hospitals,TIME,5400,elderly,6343,73.88,548,6.38
Bilene,,85939544B43586850524471,MOZ,ADM2,hospitals,TIME,5400,school_age,49601,73.88,4288,6.39
Bilene,,85939544B43586850524471,MOZ,ADM2,hospitals,TIME,5400,total,93790,73.88,8107,6.39
Bilene,,85939544B43586850524471,MOZ,ADM2,hospitals,TIME,5400,under_5,12627,73.89,1092,6.39
Bilene,,85939544B43586850524471,MOZ,ADM2,hospitals,TIME,5400,women_childbearing,24242,73.88,2095,6.39
Bilene,,85939544B43586850524471,MOZ,ADM2,hospitals,TIME,6000,adults,98932,84.28,12208,10.4
Bilene,,85939544B43586850524471,MOZ,ADM2,hospitals,TIME,6000,elderly,7236,84.28,893,10.4
Bilene,,85939544B43586850524471,MOZ,ADM2,hospitals,TIME,6000,school_age,56583,84.28,6982,10.4
Bilene,,85939544B43586850524471,MOZ,ADM2,hospitals,TIME,6000,total,106993,84.28,13203,10.4
Bilene,,85939544B43586850524471,MOZ,ADM2,hospitals,TIME,6000,under_5,14404,84.28,1777,10.4
Bilene,,85939544B43586850524471,MOZ,ADM2,hospitals,TIME,6000,women_childbearing,27655,84.29,3413,10.4
Boane,,85939544B68927430168058,MOZ,ADM2,hospitals,TIME,600,adults,37250,32.07,37250,32.07
Boane,,85939544B68927430168058,MOZ,ADM2,hospitals,TIME,600,elderly,2251,32.06,2251,32.06
Boane,,85939544B68927430168058,MOZ,ADM2,hospitals,TIME,600,school_age,19884,32.07,19884,32.07
Boane,,85939544B68927430168058,MOZ,ADM2,hospitals,TIME,600,total,39809,32.07,39809,32.07
Boane,,85939544B68927430168058,MOZ,ADM2,hospitals,TIME,600,under_5,5257,32.07,5257,32.07
Boane,,85939544B68927430168058,MOZ,ADM2,hospitals,TIME,600,women_childbearing,10208,32.07,10208,32.07
Boane,,85939544B68927430168058,MOZ,ADM2,hospitals,TIME,1200,adults,84373,72.63,47123,40.56
Boane,,85939544B68927430168058,MOZ,ADM2,hospitals,TIME,1200,elderly,5099,72.62,2848,40.56
Boane,,85939544B68927430168058,MOZ,ADM2,hospitals,TIME,1200,school_age,45039,72.63,25155,40.57
Boane,,85939544B68927430168058,MOZ,ADM2,hospitals,TIME,1200,total,90168,72.63,50359,40.56
Boane,,85939544B68927430168058,MOZ,ADM2,hospitals,TIME,1200,under_5,11908,72.64,6651,40.57
Boane,,85939544B68927430168058,MOZ,ADM2,hospitals,TIME,1200,women_childbearing,23122,72.63,12914,40.57
Boane,,85939544B68927430168058,MOZ,ADM2,hospitals,TIME,1800,adults,107670,92.68,23297,20.05
Boane,,85939544B68927430168058,MOZ,ADM2,hospitals,TIME,1800,elderly,6508,92.69,1409,20.07
Boane,,85939544B68927430168058,MOZ,ADM2,hospitals,TIME,1800,school_age,57475,92.69,12436,20.05
Boane,,85939544B68927430168058,MOZ,ADM2,hospitals,TIME,1800,total,115065,92.68,24897,20.05
Boane,,85939544B68927430168058,MOZ,ADM2,hospitals,TIME,1800,under_5,15196,92.69,3288,20.06
Boane,,85939544B68927430168058,MOZ,ADM2,hospitals,TIME,1800,women_childbearing,29507,92.69,6385,20.06
Boane,,85939544B68927430168058,MOZ,ADM2,hospitals,TIME,2400,adults,112019,96.43,4349,3.74
Boane,,85939544B68927430168058,MOZ,ADM2,hospitals,TIME,2400,elderly,6770,96.43,262,3.73
Boane,,85939544B68927430168058,MOZ,ADM2,hospitals,TIME,2400,school_age,59795,96.43,2320,3.74
Boane,,85939544B68927430168058,MOZ,ADM2,hospitals,TIME,2400,total,119712,96.43,4647,3.74
Boane,,85939544B68927430168058,MOZ,ADM2,hospitals,TIME,2400,under_5,15809,96.43,613,3.74
Boane,,85939544B68927430168058,MOZ,ADM2,hospitals,TIME,2400,women_childbearing,30698,96.43,1191,3.74
Boane,,85939544B68927430168058,MOZ,ADM2,hospitals,TIME,3000,adults,114269,98.36,2250,1.94
Boane,,85939544B68927430168058,MOZ,ADM2,hospitals,TIME,3000,elderly,6906,98.36,136,1.94
Boane,,85939544B68927430168058,MOZ,ADM2,hospitals,TIME,3000,school_age,60996,98.36,1201,1.94
Boane,,85939544B68927430168058,MOZ,ADM2,hospitals,TIME,3000,total,122117,98.36,2405,1.94
Boane,,85939544B68927430168058,MOZ,ADM2,hospitals,TIME,3000,under_5,16126,98.37,317,1.93
Boane,,85939544B68927430168058,MOZ,ADM2,hospitals,TIME,3000,women_childbearing,31314,98.37,616,1.94
Boane,,85939544B68927430168058,MOZ,ADM2,hospitals,TIME,3600,adults,115450,99.38,1181,1.02
Boane,,85939544B68927430168058,MOZ,ADM2,hospitals,TIME,3600,elderly,6977,99.37,71,1.01
Boane,,85939544B68927430168058,MOZ,ADM2,hospitals,TIME,3600,school_age,61626,99.38,630,1.02
Boane,,85939544B68927430168058,MOZ,ADM2,hospitals,TIME,3600,total,123378,99.38,1261,1.02
Boane,,85939544B68927430168058,MOZ,ADM2,hospitals,TIME,3600,under_5,16293,99.38,167,1.02
Boane,,85939544B68927430168058,MOZ,ADM2,hospitals,TIME,3600,women_childbearing,31637,99.38,323,1.01
Boane,,85939544B68927430168058,MOZ,ADM2,hospitals,TIME,4200,adults,115723,99.62,273,0.24
Boane,,85939544B68927430168058,MOZ,ADM2,hospitals,TIME,4200,elderly,6994,99.62,17,0.24
Boane,,85939544B68927430168058,MOZ,ADM2,hospitals,TIME,4200,school_age,61772,99.62,146,0.24
Boane,,85939544B68927430168058,MOZ,ADM2,hospitals,TIME,4200,total,123671,99.62,293,0.24
Boane,,85939544B68927430168058,MOZ,ADM2,hospitals,TIME,4200,under_5,16331,99.62,38,0.23
Boane,,85939544B68927430168058,MOZ,ADM2,hospitals,TIME,4200,women_childbearing,31712,99.62,75,0.24
Boane,,85939544B68927430168058,MOZ,ADM2,hospitals,TIME,4800,adults,115795,99.68,72,0.06
Boane,,85939544B68927430168058,MOZ,ADM2,hospitals,TIME,4800,elderly,6998,99.67,4,0.06
Boane,,85939544B68927430168058,MOZ,ADM2,hospitals,TIME,4800,school_age,61810,99.68,38,0.06
Boane,,85939544B68927430168058,MOZ,ADM2,hospitals,TIME,4800,total,123747,99.68,76,0.06
Boane,,85939544B68927430168058,MOZ,ADM2,hospitals,TIME,4800,under_5,16341,99.68,10,0.06
Boane,,85939544B68927430168058,MOZ,ADM2,hospitals,TIME,4800,women_childbearing,31732,99.68,20,0.06
Boane,,85939544B68927430168058,MOZ,ADM2,hospitals,TIME,5400,adults,116170,100.0,375,0.32
Boane,,85939544B68927430168058,MOZ,ADM2,hospitals,TIME,5400,elderly,7021,100.0,23,0.33
Boane,,85939544B68927430168058,MOZ,ADM2,hospitals,TIME,5400,school_age,62010,100.0,200,0.32
Boane,,85939544B68927430168058,MOZ,ADM2,hospitals,TIME,5400,total,124148,100.0,401,0.32
Boane,,85939544B68927430168058,MOZ,ADM2,hospitals,TIME,5400,under_5,16394,100.0,53,0.32
Boane,,85939544B68927430168058,MOZ,ADM2,hospitals,TIME,5400,women_childbearing,31834,100.0,102,0.32
Boane,,85939544B68927430168058,MOZ,ADM2,hospitals,TIME,6000,adults,116170,100.0,0,0.0
Boane,,85939544B68927430168058,MOZ,ADM2,hospitals,TIME,6000,elderly,7021,100.0,0,0.0
Boane,,85939544B68927430168058,MOZ,ADM2,hospitals,TIME,6000,school_age,62010,100.0,0,0.0
Boane,,85939544B68927430168058,MOZ,ADM2,hospitals,TIME,6000,total,124148,100.0,0,0.0
Boane,,85939544B68927430168058,MOZ,ADM2,hospitals,TIME,6000,under_5,16394,100.0,0,0.0
Boane,,85939544B68927430168058,MOZ,ADM2,hospitals,TIME,6000,women_childbearing,31834,100.0,0,0.0
Buzi,,85939544B98429522964184,MOZ,ADM2,hospitals,TIME,600,adults,7187,4.28,7187,4.28
Buzi,,85939544B98429522964184,MOZ,ADM2,hospitals,TIME,600,elderly,365,4.28,365,4.28
Buzi,,85939544B98429522964184,MOZ,ADM2,hospitals,TIME,600,school_age,4349,4.28,4349,4.28
Buzi,,85939544B98429522964184,MOZ,ADM2,hospitals,TIME,600,total,7611,4.28,7611,4.28
Buzi,,85939544B98429522964184,MOZ,ADM2,hospitals,TIME,600,under_5,1179,4.28,1179,4.28
Buzi,,85939544B98429522964184,MOZ,ADM2,hospitals,TIME,600,women_childbearing,1864,4.28,1864,4.28
Buzi,,85939544B98429522964184,MOZ,ADM2,hospitals,TIME,1200,adults,8718,5.2,1531,0.91
Buzi,,85939544B98429522964184,MOZ,ADM2,hospitals,TIME,1200,elderly,443,5.19,78,0.91
Buzi,,85939544B98429522964184,MOZ,ADM2,hospitals,TIME,1200,school_age,5276,5.2,927,0.91
Buzi,,85939544B98429522964184,MOZ,ADM2,hospitals,TIME,1200,total,9232,5.2,1621,0.91
Buzi,,85939544B98429522964184,MOZ,ADM2,hospitals,TIME,1200,under_5,1430,5.19,251,0.91
Buzi,,85939544B98429522964184,MOZ,ADM2,hospitals,TIME,1200,women_childbearing,2262,5.2,398,0.91
Buzi,,85939544B98429522964184,MOZ,ADM2,hospitals,TIME,1800,adults,16358,9.75,7640,4.55
Buzi,,85939544B98429522964184,MOZ,ADM2,hospitals,TIME,1800,elderly,831,9.74,388,4.55
Buzi,,85939544B98429522964184,MOZ,ADM2,hospitals,TIME,1800,school_age,9899,9.75,4623,4.55
Buzi,,85939544B98429522964184,MOZ,ADM2,hospitals,TIME,1800,total,17323,9.75,8091,4.55
Buzi,,85939544B98429522964184,MOZ,ADM2,hospitals,TIME,1800,under_5,2683,9.75,1253,4.55
Buzi,,85939544B98429522964184,MOZ,ADM2,hospitals,TIME,1800,women_childbearing,4244,9.75,1982,4.55
Buzi,,85939544B98429522964184,MOZ,ADM2,hospitals,TIME,2400,adults,27394,16.33,11036,6.58
Buzi,,85939544B98429522964184,MOZ,ADM2,hospitals,TIME,2400,elderly,1393,16.32,562,6.59
Buzi,,85939544B98429522964184,MOZ,ADM2,hospitals,TIME,2400,school_age,16578,16.33,6679,6.58
Buzi,,85939544B98429522964184,MOZ,ADM2,hospitals,TIME,2400,total,29010,16.33,11687,6.58
Buzi,,85939544B98429522964184,MOZ,ADM2,hospitals,TIME,2400,under_5,4494,16.33,1811,6.58
Buzi,,85939544B98429522964184,MOZ,ADM2,hospitals,TIME,2400,women_childbearing,7107,16.33,2863,6.58
Buzi,,85939544B98429522964184,MOZ,ADM2,hospitals,TIME,3000,adults,35853,21.37,8459,5.04
Buzi,,85939544B98429522964184,MOZ,ADM2,hospitals,TIME,3000,elderly,1823,21.36,430,5.04
Buzi,,85939544B98429522964184,MOZ,ADM2,hospitals,TIME,3000,school_age,21697,21.37,5119,5.04
Buzi,,85939544B98429522964184,MOZ,ADM2,hospitals,TIME,3000,total,37969,21.37,8959,5.04
Buzi,,85939544B98429522964184,MOZ,ADM2,hospitals,TIME,3000,under_5,5882,21.37,1388,5.04
Buzi,,85939544B98429522964184,MOZ,ADM2,hospitals,TIME,3000,women_childbearing,9302,21.37,2195,5.04
Buzi,,85939544B98429522964184,MOZ,ADM2,hospitals,TIME,3600,adults,41076,24.48,5223,3.11
Buzi,,85939544B98429522964184,MOZ,ADM2,hospitals,TIME,3600,elderly,2089,24.48,266,3.12
Buzi,,85939544B98429522964184,MOZ,ADM2,hospitals,TIME,3600,school_age,24858,24.48,3161,3.11
Buzi,,85939544B98429522964184,MOZ,ADM2,hospitals,TIME,3600,total,43500,24.48,5531,3.11
Buzi,,85939544B98429522964184,MOZ,ADM2,hospitals,TIME,3600,under_5,6739,24.48,857,3.11
Buzi,,85939544B98429522964184,MOZ,ADM2,hospitals,TIME,3600,women_childbearing,10657,24.48,1355,3.11
Buzi,,85939544B98429522964184,MOZ,ADM2,hospitals,TIME,4200,adults,46464,27.7,5388,3.21
Buzi,,85939544B98429522964184,MOZ,ADM2,hospitals,TIME,4200,elderly,2363,27.69,274,3.21
Buzi,,85939544B98429522964184,MOZ,ADM2,hospitals,TIME,4200,school_age,28119,27.7,3261,3.21
Buzi,,85939544B98429522964184,MOZ,ADM2,hospitals,TIME,4200,total,49206,27.7,5706,3.21
Buzi,,85939544B98429522964184,MOZ,ADM2,hospitals,TIME,4200,under_5,7623,27.69,884,3.21
Buzi,,85939544B98429522964184,MOZ,ADM2,hospitals,TIME,4200,women_childbearing,12055,27.69,1398,3.21
Buzi,,85939544B98429522964184,MOZ,ADM2,hospitals,TIME,4800,adults,54079,32.24,7615,4.54
Buzi,,85939544B98429522964184,MOZ,ADM2,hospitals,TIME,4800,elderly,2750,32.23,387,4.54
Buzi,,85939544B98429522964184,MOZ,ADM2,hospitals,TIME,4800,school_age,32728,32.24,4609,4.54
Buzi,,85939544B98429522964184,MOZ,ADM2,hospitals,TIME,4800,total,57271,32.24,8065,4.54
Buzi,,85939544B98429522964184,MOZ,ADM2,hospitals,TIME,4800,under_5,8872,32.23,1249,4.54
Buzi,,85939544B98429522964184,MOZ,ADM2,hospitals,TIME,4800,women_childbearing,14031,32.23,1976,4.54
Buzi,,85939544B98429522964184,MOZ,ADM2,hospitals,TIME,5400,adults,63976,38.13,9897,5.9
Buzi,,85939544B98429522964184,MOZ,ADM2,hospitals,TIME,5400,elderly,3253,38.12,503,5.89
Buzi,,85939544B98429522964184,MOZ,ADM2,hospitals,TIME,5400,school_age,38717,38.13,5989,5.9
Buzi,,85939544B98429522964184,MOZ,ADM2,hospitals,TIME,5400,total,67752,38.13,10481,5.9
Buzi,,85939544B98429522964184,MOZ,ADM2,hospitals,TIME,5400,under_5,10496,38.13,1624,5.9
Buzi,,85939544B98429522964184,MOZ,ADM2,hospitals,TIME,5400,women_childbearing,16598,38.13,2567,5.9
Buzi,,85939544B98429522964184,MOZ,ADM2,hospitals,TIME,6000,adults,75259,44.86,11283,6.73
Buzi,,85939544B98429522964184,MOZ,ADM2,hospitals,TIME,6000,elderly,3827,44.85,574,6.73
Buzi,,85939544B98429522964184,MOZ,ADM2,hospitals,TIME,6000,school_age,45545,44.86,6828,6.73
Buzi,,85939544B98429522964184,MOZ,ADM2,hospitals,TIME,6000,total,79701,44.86,11949,6.73
Buzi,,85939544B98429522964184,MOZ,ADM2,hospitals,TIME,6000,under_5,12347,44.85,1851,6.72
Buzi,,85939544B98429522964184,MOZ,ADM2,hospitals,TIME,6000,women_childbearing,19526,44.86,2928,6.73
Cabo Delgado,MZ-P,27363107B79734749620930,MOZ,ADM1,hospitals,TIME,600,adults,571264,27.07,571264,27.07
Cabo Delgado,MZ-P,27363107B79734749620930,MOZ,ADM1,hospitals,TIME,600,elderly,26245,23.68,26245,23.68
Cabo Delgado,MZ-P,27363107B79734749620930,MOZ,ADM1,hospitals,TIME,600,school_age,313687,26.88,313687,26.88
Cabo Delgado,MZ-P,27363107B79734749620930,MOZ,ADM1,hospitals,TIME,600,total,602149,26.9,602149,26.9
Cabo Delgado,MZ-P,27363107B79734749620930,MOZ,ADM1,hospitals,TIME,600,under_5,86498,24.6,86498,24.6
Cabo Delgado,MZ-P,27363107B79734749620930,MOZ,ADM1,hospitals,TIME,600,women_childbearing,152050,27.33,152050,27.33
Cabo Delgado,MZ-P,27363107B79734749620930,MOZ,ADM1,hospitals,TIME,1200,adults,692244,32.81,120980,5.73
Cabo Delgado,MZ-P,27363107B79734749620930,MOZ,ADM1,hospitals,TIME,1200,elderly,32997,29.78,6752,6.09
Cabo Delgado,MZ-P,27363107B79734749620930,MOZ,ADM1,hospitals,TIME,1200,school_age,380542,32.6,66855,5.73
Cabo Delgado,MZ-P,27363107B79734749620930,MOZ,ADM1,hospitals,TIME,1200,total,730874,32.65,128725,5.75
Cabo Delgado,MZ-P,27363107B79734749620930,MOZ,ADM1,hospitals,TIME,1200,under_5,106547,30.3,20049,5.7
Cabo Delgado,MZ-P,27363107B79734749620930,MOZ,ADM1,hospitals,TIME,1200,women_childbearing,183836,33.04,31786,5.71
Cabo Delgado,MZ-P,27363107B79734749620930,MOZ,ADM1,hospitals,TIME,1800,adults,798702,37.85,106458,5.05
Cabo Delgado,MZ-P,27363107B79734749620930,MOZ,ADM1,hospitals,TIME,1800,elderly,39370,35.53,6373,5.75
Cabo Delgado,MZ-P,27363107B79734749620930,MOZ,ADM1,hospitals,TIME,1800,school_age,439489,37.65,58947,5.05
Cabo Delgado,MZ-P,27363107B79734749620930,MOZ,ADM1,hospitals,TIME,1800,total,844582,37.74,113708,5.08
Cabo Delgado,MZ-P,27363107B79734749620930,MOZ,ADM1,hospitals,TIME,1800,under_5,124408,35.38,17861,5.08
Cabo Delgado,MZ-P,27363107B79734749620930,MOZ,ADM1,hospitals,TIME,1800,women_childbearing,211841,38.07,28005,5.03
Cabo Delgado,MZ-P,27363107B79734749620930,MOZ,ADM1,hospitals,TIME,2400,adults,910517,43.15,111815,5.3
Cabo Delgado,MZ-P,27363107B79734749620930,MOZ,ADM1,hospitals,TIME,2400,elderly,46351,41.83,6981,6.3
Cabo Delgado,MZ-P,27363107B79734749620930,MOZ,ADM1,hospitals,TIME,2400,school_age,500997,42.92,61508,5.27
Cabo Delgado,MZ-P,27363107B79734749620930,MOZ,ADM1,hospitals,TIME,2400,total,964300,43.08,119718,5.35
Cabo Delgado,MZ-P,27363107B79734749620930,MOZ,ADM1,hospitals,TIME,2400,under_5,142762,40.59,18354,5.22
Cabo Delgado,MZ-P,27363107B79734749620930,MOZ,ADM1,hospitals,TIME,2400,women_childbearing,241256,43.36,29415,5.29
Cabo Delgado,MZ-P,27363107B79734749620930,MOZ,ADM1,hospitals,TIME,3000,adults,1015011,48.1,104494,4.95
Cabo Delgado,MZ-P,27363107B79734749620930,MOZ,ADM1,hospitals,TIME,3000,elderly,52799,47.65,6448,5.82
Cabo Delgado,MZ-P,27363107B79734749620930,MOZ,ADM1,hospitals,TIME,3000,school_age,558592,47.86,57595,4.93
Cabo Delgado,MZ-P,27363107B79734749620930,MOZ,ADM1,hospitals,TIME,3000,total,1076104,48.08,111804,5.0
Cabo Delgado,MZ-P,27363107B79734749620930,MOZ,ADM1,hospitals,TIME,3000,under_5,160191,45.55,17429,4.96
Cabo Delgado,MZ-P,27363107B79734749620930,MOZ,ADM1,hospitals,TIME,3000,women_childbearing,268676,48.28,27420,4.93
Cabo Delgado,MZ-P,27363107B79734749620930,MOZ,ADM1,hospitals,TIME,3600,adults,1112071,52.7,97060,4.6
Cabo Delgado,MZ-P,27363107B79734749620930,MOZ,ADM1,hospitals,TIME,3600,elderly,58302,52.61,5503,4.97
Cabo Delgado,MZ-P,27363107B79734749620930,MOZ,ADM1,hospitals,TIME,3600,school_age,612011,52.44,53419,4.58
Cabo Delgado,MZ-P,27363107B79734749620930,MOZ,ADM1,hospitals,TIME,3600,total,1179462,52.7,103358,4.62
Cabo Delgado,MZ-P,27363107B79734749620930,MOZ,ADM1,hospitals,TIME,3600,under_5,176492,50.19,16301,4.64
Cabo Delgado,MZ-P,27363107B79734749620930,MOZ,ADM1,hospitals,TIME,3600,women_childbearing,294296,52.89,25620,4.6
Cabo Delgado,MZ-P,27363107B79734749620930,MOZ,ADM1,hospitals,TIME,4200,adults,1182985,56.06,70914,3.36
Cabo Delgado,MZ-P,27363107B79734749620930,MOZ,ADM1,hospitals,TIME,4200,elderly,61973,55.93,3671,3.31
Cabo Delgado,MZ-P,27363107B79734749620930,MOZ,ADM1,hospitals,TIME,4200,school_age,651465,55.82,39454,3.38
Cabo Delgado,MZ-P,27363107B79734749620930,MOZ,ADM1,hospitals,TIME,4200,total,1254627,56.06,75165,3.36
Cabo Delgado,MZ-P,27363107B79734749620930,MOZ,ADM1,hospitals,TIME,4200,under_5,188983,53.74,12491,3.55
Cabo Delgado,MZ-P,27363107B79734749620930,MOZ,ADM1,hospitals,TIME,4200,women_childbearing,312919,56.24,18623,3.35
Cabo Delgado,MZ-P,27363107B79734749620930,MOZ,ADM1,hospitals,TIME,4800,adults,1267923,60.09,84938,4.03
Cabo Delgado,MZ-P,27363107B79734749620930,MOZ,ADM1,hospitals,TIME,4800,elderly,67457,60.87,5484,4.95
Cabo Delgado,MZ-P,27363107B79734749620930,MOZ,ADM1,hospitals,TIME,4800,school_age,698984,59.89,47519,4.07
Cabo Delgado,MZ-P,27363107B79734749620930,MOZ,ADM1,hospitals,TIME,4800,total,1345751,60.13,91124,4.07
Cabo Delgado,MZ-P,27363107B79734749620930,MOZ,ADM1,hospitals,TIME,4800,under_5,203472,57.86,14489,4.12
Cabo Delgado,MZ-P,27363107B79734749620930,MOZ,ADM1,hospitals,TIME,4800,women_childbearing,335167,60.23,22248,4.0
Cabo Delgado,MZ-P,27363107B79734749620930,MOZ,ADM1,hospitals,TIME,5400,adults,1369260,64.89,101337,4.8
Cabo Delgado,MZ-P,27363107B79734749620930,MOZ,ADM1,hospitals,TIME,5400,elderly,72499,65.42,5042,4.55
Cabo Delgado,MZ-P,27363107B79734749620930,MOZ,ADM1,hospitals,TIME,5400,school_age,755921,64.77,56937,4.88
Cabo Delgado,MZ-P,27363107B79734749620930,MOZ,ADM1,hospitals,TIME,5400,total,1452956,64.92,107205,4.79
Cabo Delgado,MZ-P,27363107B79734749620930,MOZ,ADM1,hospitals,TIME,5400,under_5,221816,63.07,18344,5.22
Cabo Delgado,MZ-P,27363107B79734749620930,MOZ,ADM1,hospitals,TIME,5400,women_childbearing,361582,64.98,26415,4.75
Cabo Delgado,MZ-P,27363107B79734749620930,MOZ,ADM1,hospitals,TIME,6000,adults,1435251,68.02,65991,3.13
Cabo Delgado,MZ-P,27363107B79734749620930,MOZ,ADM1,hospitals,TIME,6000,elderly,75789,68.39,3290,2.97
Cabo Delgado,MZ-P,27363107B79734749620930,MOZ,ADM1,hospitals,TIME,6000,school_age,792741,67.92,36820,3.15
Cabo Delgado,MZ-P,27363107B79734749620930,MOZ,ADM1,hospitals,TIME,6000,total,1522775,68.04,69819,3.12
Cabo Delgado,MZ-P,27363107B79734749620930,MOZ,ADM1,hospitals,TIME,6000,under_5,233667,66.44,11851,3.37
Cabo Delgado,MZ-P,27363107B79734749620930,MOZ,ADM1,hospitals,TIME,6000,women_childbearing,378853,68.08,17271,3.1
Cahora Bassa,,85939544B63348478902842,MOZ,ADM2,hospitals,TIME,600,adults,45930,31.45,45930,31.45
Cahora Bassa,,85939544B63348478902842,MOZ,ADM2,hospitals,TIME,600,elderly,1900,31.44,1900,31.44
Cahora Bassa,,85939544B63348478902842,MOZ,ADM2,hospitals,TIME,600,school_age,27302,31.45,27302,31.45
Cahora Bassa,,85939544B63348478902842,MOZ,ADM2,hospitals,TIME,600,total,48201,31.45,48201,31.45
Cahora Bassa,,85939544B63348478902842,MOZ,ADM2,hospitals,TIME,600,under_5,7662,31.45,7662,31.45
Cahora Bassa,,85939544B63348478902842,MOZ,ADM2,hospitals,TIME,600,women_childbearing,11131,31.45,11131,31.45
Cahora Bassa,,85939544B63348478902842,MOZ,ADM2,hospitals,TIME,1200,adults,49153,33.66,3223,2.21
Cahora Bassa,,85939544B63348478902842,MOZ,ADM2,hospitals,TIME,1200,elderly,2033,33.64,133,2.2
Cahora Bassa,,85939544B63348478902842,MOZ,ADM2,hospitals,TIME,1200,school_age,29218,33.66,1916,2.21
Cahora Bassa,,85939544B63348478902842,MOZ,ADM2,hospitals,TIME,1200,total,51584,33.66,3383,2.21
Cahora Bassa,,85939544B63348478902842,MOZ,ADM2,hospitals,TIME,1200,under_5,8200,33.66,538,2.21
Cahora Bassa,,85939544B63348478902842,MOZ,ADM2,hospitals,TIME,1200,women_childbearing,11912,33.65,781,2.21
Cahora Bassa,,85939544B63348478902842,MOZ,ADM2,hospitals,TIME,1800,adults,52132,35.7,2979,2.04
Cahora Bassa,,85939544B63348478902842,MOZ,ADM2,hospitals,TIME,1800,elderly,2156,35.68,123,2.04
Cahora Bassa,,85939544B63348478902842,MOZ,ADM2,hospitals,TIME,1800,school_age,30989,35.7,1771,2.04
Cahora Bassa,,85939544B63348478902842,MOZ,ADM2,hospitals,TIME,1800,total,54711,35.7,3127,2.04
Cahora Bassa,,85939544B63348478902842,MOZ,ADM2,hospitals,TIME,1800,under_5,8697,35.7,497,2.04
Cahora Bassa,,85939544B63348478902842,MOZ,ADM2,hospitals,TIME,1800,women_childbearing,12634,35.69,722,2.04
Cahora Bassa,,85939544B63348478902842,MOZ,ADM2,hospitals,TIME,2400,adults,57567,39.42,5435,3.72
Cahora Bassa,,85939544B63348478902842,MOZ,ADM2,hospitals,TIME,2400,elderly,2381,39.4,225,3.72
Cahora Bassa,,85939544B63348478902842,MOZ,ADM2,hospitals,TIME,2400,school_age,34221,39.42,3232,3.72
Cahora Bassa,,85939544B63348478902842,MOZ,ADM2,hospitals,TIME,2400,total,60414,39.42,5703,3.72
Cahora Bassa,,85939544B63348478902842,MOZ,ADM2,hospitals,TIME,2400,under_5,9604,39.42,907,3.72
Cahora Bassa,,85939544B63348478902842,MOZ,ADM2,hospitals,TIME,2400,women_childbearing,13952,39.42,1318,3.72
Cahora Bassa,,85939544B63348478902842,MOZ,ADM2,hospitals,TIME,3000,adults,72181,49.42,14614,10.01
Cahora Bassa,,85939544B63348478902842,MOZ,ADM2,hospitals,TIME,3000,elderly,2986,49.41,605,10.01
Cahora Bassa,,85939544B63348478902842,MOZ,ADM2,hospitals,TIME,3000,school_age,42908,49.43,8687,10.01
Cahora Bassa,,85939544B63348478902842,MOZ,ADM2,hospitals,TIME,3000,total,75751,49.42,15337,10.01
Cahora Bassa,,85939544B63348478902842,MOZ,ADM2,hospitals,TIME,3000,under_5,12042,49.43,2438,10.01
Cahora Bassa,,85939544B63348478902842,MOZ,ADM2,hospitals,TIME,3000,women_childbearing,17493,49.42,3541,10.0
Cahora Bassa,,85939544B63348478902842,MOZ,ADM2,hospitals,TIME,3600,adults,75947,52.0,3766,2.58
Cahora Bassa,,85939544B63348478902842,MOZ,ADM2,hospitals,TIME,3600,elderly,3142,51.99,156,2.58
Cahora Bassa,,85939544B63348478902842,MOZ,ADM2,hospitals,TIME,3600,school_age,45146,52.0,2238,2.58
Cahora Bassa,,85939544B63348478902842,MOZ,ADM2,hospitals,TIME,3600,total,79703,52.0,3952,2.58
Cahora Bassa,,85939544B63348478902842,MOZ,ADM2,hospitals,TIME,3600,under_5,12670,52.0,628,2.58
Cahora Bassa,,85939544B63348478902842,MOZ,ADM2,hospitals,TIME,3600,women_childbearing,18406,52.0,913,2.58
Cahora Bassa,,85939544B63348478902842,MOZ,ADM2,hospitals,TIME,4200,adults,78579,53.81,2632,1.8
Cahora Bassa,,85939544B63348478902842,MOZ,ADM2,hospitals,TIME,4200,elderly,3251,53.8,109,1.8
Cahora Bassa,,85939544B63348478902842,MOZ,ADM2,hospitals,TIME,4200,school_age,46711,53.81,1565,1.8
Cahora Bassa,,85939544B63348478902842,MOZ,ADM2,hospitals,TIME,4200,total,82465,53.8,2762,1.8
Cahora Bassa,,85939544B63348478902842,MOZ,ADM2,hospitals,TIME,4200,under_5,13109,53.8,439,1.8
Cahora Bassa,,85939544B63348478902842,MOZ,ADM2,hospitals,TIME,4200,women_childbearing,19044,53.8,638,1.8
Cahora Bassa,,85939544B63348478902842,MOZ,ADM2,hospitals,TIME,4800,adults,81452,55.77,2873,1.97
Cahora Bassa,,85939544B63348478902842,MOZ,ADM2,hospitals,TIME,4800,elderly,3369,55.75,118,1.95
Cahora Bassa,,85939544B63348478902842,MOZ,ADM2,hospitals,TIME,4800,school_age,48419,55.77,1708,1.97
Cahora Bassa,,85939544B63348478902842,MOZ,ADM2,hospitals,TIME,4800,total,85480,55.77,3015,1.97
Cahora Bassa,,85939544B63348478902842,MOZ,ADM2,hospitals,TIME,4800,under_5,13588,55.77,479,1.97
Cahora Bassa,,85939544B63348478902842,MOZ,ADM2,hospitals,TIME,4800,women_childbearing,19740,55.77,696,1.97
Cahora Bassa,,85939544B63348478902842,MOZ,ADM2,hospitals,TIME,5400,adults,82273,56.34,821,0.56
Cahora Bassa,,85939544B63348478902842,MOZ,ADM2,hospitals,TIME,5400,elderly,3403,56.31,34,0.56
Cahora Bassa,,85939544B63348478902842,MOZ,ADM2,hospitals,TIME,5400,school_age,48907,56.34,488,0.56
Cahora Bassa,,85939544B63348478902842,MOZ,ADM2,hospitals,TIME,5400,total,86343,56.34,863,0.56
Cahora Bassa,,85939544B63348478902842,MOZ,ADM2,hospitals,TIME,5400,under_5,13726,56.34,138,0.57
Cahora Bassa,,85939544B63348478902842,MOZ,ADM2,hospitals,TIME,5400,women_childbearing,19939,56.33,199,0.56
Cahora Bassa,,85939544B63348478902842,MOZ,ADM2,hospitals,TIME,6000,adults,84556,57.9,2283,1.56
Cahora Bassa,,85939544B63348478902842,MOZ,ADM2,hospitals,TIME,6000,elderly,3498,57.89,95,1.57
Cahora Bassa,,85939544B63348478902842,MOZ,ADM2,hospitals,TIME,6000,school_age,50264,57.9,1357,1.56
Cahora Bassa,,85939544B63348478902842,MOZ,ADM2,hospitals,TIME,6000,total,88738,57.9,2395,1.56
Cahora Bassa,,85939544B63348478902842,MOZ,ADM2,hospitals,TIME,6000,under_5,14106,57.9,380,1.56
Cahora Bassa,,85939544B63348478902842,MOZ,ADM2,hospitals,TIME,6000,women_childbearing,20492,57.9,553,1.56
Caia,,85939544B71313946873981,MOZ,ADM2,hospitals,TIME,4800,adults,44,0.03,44,0.03
Caia,,85939544B71313946873981,MOZ,ADM2,hospitals,TIME,4800,elderly,2,0.03,2,0.03
Caia,,85939544B71313946873981,MOZ,ADM2,hospitals,TIME,4800,school_age,28,0.03,28,0.03
Caia,,85939544B71313946873981,MOZ,ADM2,hospitals,TIME,4800,total,47,0.03,47,0.03
Caia,,85939544B71313946873981,MOZ,ADM2,hospitals,TIME,4800,under_5,8,0.03,8,0.03
Caia,,85939544B71313946873981,MOZ,ADM2,hospitals,TIME,4800,women_childbearing,10,0.03,10,0.03
Caia,,85939544B71313946873981,MOZ,ADM2,hospitals,TIME,5400,adults,37257,22.88,37213,22.86
Caia,,85939544B71313946873981,MOZ,ADM2,hospitals,TIME,5400,elderly,1735,22.89,1733,22.86
Caia,,85939544B71313946873981,MOZ,ADM2,hospitals,TIME,5400,school_age,23412,22.88,23384,22.86
Caia,,85939544B71313946873981,MOZ,ADM2,hospitals,TIME,5400,total,39295,22.88,39248,22.86
Caia,,85939544B71313946873981,MOZ,ADM2,hospitals,TIME,5400,under_5,7133,22.88,7125,22.85
Caia,,85939544B71313946873981,MOZ,ADM2,hospitals,TIME,5400,women_childbearing,8838,22.88,8828,22.86
Caia,,85939544B71313946873981,MOZ,ADM2,hospitals,TIME,6000,adults,40187,24.68,2930,1.8
Caia,,85939544B71313946873981,MOZ,ADM2,hospitals,TIME,6000,elderly,1871,24.68,136,1.79
Caia,,85939544B71313946873981,MOZ,ADM2,hospitals,TIME,6000,school_age,25254,24.68,1842,1.8
Caia,,85939544B71313946873981,MOZ,ADM2,hospitals,TIME,6000,total,42386,24.68,3091,1.8
Caia,,85939544B71313946873981,MOZ,ADM2,hospitals,TIME,6000,under_5,7694,24.68,561,1.8
Caia,,85939544B71313946873981,MOZ,ADM2,hospitals,TIME,6000,women_childbearing,9533,24.68,695,1.8
Changara,,85939544B96154885816761,MOZ,ADM2,hospitals,TIME,1200,adults,3189,2.46,3189,2.46
Changara,,85939544B96154885816761,MOZ,ADM2,hospitals,TIME,1200,elderly,166,2.46,166,2.46
Changara,,85939544B96154885816761,MOZ,ADM2,hospitals,TIME,1200,school_age,2021,2.46,2021,2.46
Changara,,85939544B96154885816761,MOZ,ADM2,hospitals,TIME,1200,total,3381,2.46,3381,2.46
Changara,,85939544B96154885816761,MOZ,ADM2,hospitals,TIME,1200,under_5,596,2.46,596,2.46
Changara,,85939544B96154885816761,MOZ,ADM2,hospitals,TIME,1200,women_childbearing,751,2.46,751,2.46
Changara,,85939544B96154885816761,MOZ,ADM2,hospitals,TIME,1800,adults,14396,11.11,11207,8.65
Changara,,85939544B96154885816761,MOZ,ADM2,hospitals,TIME,1800,elderly,749,11.11,583,8.65
Changara,,85939544B96154885816761,MOZ,ADM2,hospitals,TIME,1800,school_age,9122,11.11,7101,8.65
Changara,,85939544B96154885816761,MOZ,ADM2,hospitals,TIME,1800,total,15264,11.11,11883,8.65
Changara,,85939544B96154885816761,MOZ,ADM2,hospitals,TIME,1800,under_5,2692,11.11,2096,8.65
Changara,,85939544B96154885816761,MOZ,ADM2,hospitals,TIME,1800,women_childbearing,3392,11.11,2641,8.65
Changara,,85939544B96154885816761,MOZ,ADM2,hospitals,TIME,2400,adults,19716,15.22,5320,4.11
Changara,,85939544B96154885816761,MOZ,ADM2,hospitals,TIME,2400,elderly,1026,15.22,277,4.11
Changara,,85939544B96154885816761,MOZ,ADM2,hospitals,TIME,2400,school_age,12492,15.22,3370,4.11
Changara,,85939544B96154885816761,MOZ,ADM2,hospitals,TIME,2400,total,20903,15.22,5639,4.11
Changara,,85939544B96154885816761,MOZ,ADM2,hospitals,TIME,2400,under_5,3687,15.22,995,4.11
Changara,,85939544B96154885816761,MOZ,ADM2,hospitals,TIME,2400,women_childbearing,4646,15.22,1254,4.11
Changara,,85939544B96154885816761,MOZ,ADM2,hospitals,TIME,3000,adults,35052,27.06,15336,11.84
Changara,,85939544B96154885816761,MOZ,ADM2,hospitals,TIME,3000,elderly,1824,27.05,798,11.83
Changara,,85939544B96154885816761,MOZ,ADM2,hospitals,TIME,3000,school_age,22209,27.06,9717,11.84
Changara,,85939544B96154885816761,MOZ,ADM2,hospitals,TIME,3000,total,37163,27.06,16260,11.84
Changara,,85939544B96154885816761,MOZ,ADM2,hospitals,TIME,3000,under_5,6555,27.06,2868,11.84
Changara,,85939544B96154885816761,MOZ,ADM2,hospitals,TIME,3000,women_childbearing,8260,27.06,3614,11.84
Changara,,85939544B96154885816761,MOZ,ADM2,hospitals,TIME,3600,adults,48116,37.14,13064,10.08
Changara,,85939544B96154885816761,MOZ,ADM2,hospitals,TIME,3600,elderly,2504,37.13,680,10.08
Changara,,85939544B96154885816761,MOZ,ADM2,hospitals,TIME,3600,school_age,30487,37.14,8278,10.09
Changara,,85939544B96154885816761,MOZ,ADM2,hospitals,TIME,3600,total,51014,37.14,13851,10.08
Changara,,85939544B96154885816761,MOZ,ADM2,hospitals,TIME,3600,under_5,8998,37.14,2443,10.08
Changara,,85939544B96154885816761,MOZ,ADM2,hospitals,TIME,3600,women_childbearing,11339,37.14,3079,10.09
Changara,,85939544B96154885816761,MOZ,ADM2,hospitals,TIME,4200,adults,63170,48.76,15054,11.62
Changara,,85939544B96154885816761,MOZ,ADM2,hospitals,TIME,4200,elderly,3288,48.76,784,11.63
Changara,,85939544B96154885816761,MOZ,ADM2,hospitals,TIME,4200,school_age,40025,48.76,9538,11.62
Changara,,85939544B96154885816761,MOZ,ADM2,hospitals,TIME,4200,total,66975,48.76,15961,11.62
Changara,,85939544B96154885816761,MOZ,ADM2,hospitals,TIME,4200,under_5,11813,48.76,2815,11.62
Changara,,85939544B96154885816761,MOZ,ADM2,hospitals,TIME,4200,women_childbearing,14887,48.76,3548,11.62
Changara,,85939544B96154885816761,MOZ,ADM2,hospitals,TIME,4800,adults,72654,56.08,9484,7.32
Changara,,85939544B96154885816761,MOZ,ADM2,hospitals,TIME,4800,elderly,3782,56.09,494,7.33
Changara,,85939544B96154885816761,MOZ,ADM2,hospitals,TIME,4800,school_age,46034,56.08,6009,7.32
Changara,,85939544B96154885816761,MOZ,ADM2,hospitals,TIME,4800,total,77029,56.08,10054,7.32
Changara,,85939544B96154885816761,MOZ,ADM2,hospitals,TIME,4800,under_5,13586,56.08,1773,7.32
Changara,,85939544B96154885816761,MOZ,ADM2,hospitals,TIME,4800,women_childbearing,17122,56.08,2235,7.32
Changara,,85939544B96154885816761,MOZ,ADM2,hospitals,TIME,5400,adults,77272,59.65,4618,3.56
Changara,,85939544B96154885816761,MOZ,ADM2,hospitals,TIME,5400,elderly,4022,59.65,240,3.56
Changara,,85939544B96154885816761,MOZ,ADM2,hospitals,TIME,5400,school_age,48960,59.65,2926,3.56
Changara,,85939544B96154885816761,MOZ,ADM2,hospitals,TIME,5400,total,81926,59.65,4897,3.57
Changara,,85939544B96154885816761,MOZ,ADM2,hospitals,TIME,5400,under_5,14450,59.65,864,3.57
Changara,,85939544B96154885816761,MOZ,ADM2,hospitals,TIME,5400,women_childbearing,18210,59.65,1088,3.56
Changara,,85939544B96154885816761,MOZ,ADM2,hospitals,TIME,6000,adults,82761,63.89,5489,4.24
Changara,,85939544B96154885816761,MOZ,ADM2,hospitals,TIME,6000,elderly,4308,63.89,286,4.24
Changara,,85939544B96154885816761,MOZ,ADM2,hospitals,TIME,6000,school_age,52438,63.89,3478,4.24
Changara,,85939544B96154885816761,MOZ,ADM2,hospitals,TIME,6000,total,87746,63.89,5820,4.24
Changara,,85939544B96154885816761,MOZ,ADM2,hospitals,TIME,6000,under_5,15476,63.88,1026,4.24
Changara,,85939544B96154885816761,MOZ,ADM2,hospitals,TIME,6000,women_childbearing,19504,63.89,1294,4.24
Cheringoma,,85939544B41216917110496,MOZ,ADM2,hospitals,TIME,5400,adults,1470,2.35,1470,2.35
Cheringoma,,85939544B41216917110496,MOZ,ADM2,hospitals,TIME,5400,elderly,49,2.33,49,2.33
Cheringoma,,85939544B41216917110496,MOZ,ADM2,hospitals,TIME,5400,school_age,916,2.34,916,2.34
Cheringoma,,85939544B41216917110496,MOZ,ADM2,hospitals,TIME,5400,total,1531,2.35,1531,2.35
Cheringoma,,85939544B41216917110496,MOZ,ADM2,hospitals,TIME,5400,under_5,296,2.33,296,2.33
Cheringoma,,85939544B41216917110496,MOZ,ADM2,hospitals,TIME,5400,women_childbearing,333,2.36,333,2.36
Cheringoma,,85939544B41216917110496,MOZ,ADM2,hospitals,TIME,6000,adults,3233,5.17,1763,2.82
Cheringoma,,85939544B41216917110496,MOZ,ADM2,hospitals,TIME,6000,elderly,108,5.14,59,2.81
Cheringoma,,85939544B41216917110496,MOZ,ADM2,hospitals,TIME,6000,school_age,2017,5.16,1101,2.82
Cheringoma,,85939544B41216917110496,MOZ,ADM2,hospitals,TIME,6000,total,3368,5.17,1837,2.82
Cheringoma,,85939544B41216917110496,MOZ,ADM2,hospitals,TIME,6000,under_5,653,5.15,357,2.81
Cheringoma,,85939544B41216917110496,MOZ,ADM2,hospitals,TIME,6000,women_childbearing,732,5.18,399,2.82
Chibabava,,85939544B25886081823580,MOZ,ADM2,hospitals,TIME,600,adults,281,0.17,281,0.17
Chibabava,,85939544B25886081823580,MOZ,ADM2,hospitals,TIME,600,elderly,15,0.17,15,0.17
Chibabava,,85939544B25886081823580,MOZ,ADM2,hospitals,TIME,600,school_age,169,0.17,169,0.17
Chibabava,,85939544B25886081823580,MOZ,ADM2,hospitals,TIME,600,total,298,0.17,298,0.17
Chibabava,,85939544B25886081823580,MOZ,ADM2,hospitals,TIME,600,under_5,53,0.17,53,0.17
Chibabava,,85939544B25886081823580,MOZ,ADM2,hospitals,TIME,600,women_childbearing,76,0.17,76,0.17
Chibabava,,85939544B25886081823580,MOZ,ADM2,hospitals,TIME,1200,adults,486,0.3,205,0.13
Chibabava,,85939544B25886081823580,MOZ,ADM2,hospitals,TIME,1200,elderly,26,0.3,11,0.13
Chibabava,,85939544B25886081823580,MOZ,ADM2,hospitals,TIME,1200,school_age,293,0.3,124,0.13
Chibabava,,85939544B25886081823580,MOZ,ADM2,hospitals,TIME,1200,total,516,0.3,218,0.13
Chibabava,,85939544B25886081823580,MOZ,ADM2,hospitals,TIME,1200,under_5,93,0.3,40,0.13
Chibabava,,85939544B25886081823580,MOZ,ADM2,hospitals,TIME,1200,women_childbearing,132,0.3,56,0.13
Chibabava,,85939544B25886081823580,MOZ,ADM2,hospitals,TIME,1800,adults,856,0.53,370,0.23
Chibabava,,85939544B25886081823580,MOZ,ADM2,hospitals,TIME,1800,elderly,46,0.52,20,0.23
Chibabava,,85939544B25886081823580,MOZ,ADM2,hospitals,TIME,1800,school_age,517,0.53,224,0.23
Chibabava,,85939544B25886081823580,MOZ,ADM2,hospitals,TIME,1800,total,910,0.53,394,0.23
Chibabava,,85939544B25886081823580,MOZ,ADM2,hospitals,TIME,1800,under_5,163,0.53,70,0.23
Chibabava,,85939544B25886081823580,MOZ,ADM2,hospitals,TIME,1800,women_childbearing,233,0.53,101,0.23
Chibabava,,85939544B25886081823580,MOZ,ADM2,hospitals,TIME,2400,adults,1489,0.93,633,0.39
Chibabava,,85939544B25886081823580,MOZ,ADM2,hospitals,TIME,2400,elderly,81,0.92,35,0.4
Chibabava,,85939544B25886081823580,MOZ,ADM2,hospitals,TIME,2400,school_age,899,0.93,382,0.39
Chibabava,,85939544B25886081823580,MOZ,ADM2,hospitals,TIME,2400,total,1582,0.93,672,0.39
Chibabava,,85939544B25886081823580,MOZ,ADM2,hospitals,TIME,2400,under_5,284,0.92,121,0.39
Chibabava,,85939544B25886081823580,MOZ,ADM2,hospitals,TIME,2400,women_childbearing,405,0.93,172,0.39
Chibabava,,85939544B25886081823580,MOZ,ADM2,hospitals,TIME,3000,adults,3397,2.11,1908,1.19
Chibabava,,85939544B25886081823580,MOZ,ADM2,hospitals,TIME,3000,elderly,185,2.11,104,1.19
Chibabava,,85939544B25886081823580,MOZ,ADM2,hospitals,TIME,3000,school_age,2052,2.11,1153,1.19
Chibabava,,85939544B25886081823580,MOZ,ADM2,hospitals,TIME,3000,total,3610,2.11,2028,1.19
Chibabava,,85939544B25886081823580,MOZ,ADM2,hospitals,TIME,3000,under_5,649,2.11,365,1.19
Chibabava,,85939544B25886081823580,MOZ,ADM2,hospitals,TIME,3000,women_childbearing,925,2.11,520,1.19
Chibabava,,85939544B25886081823580,MOZ,ADM2,hospitals,TIME,3600,adults,6492,4.04,3095,1.93
Chibabava,,85939544B25886081823580,MOZ,ADM2,hospitals,TIME,3600,elderly,354,4.04,169,1.93
Chibabava,,85939544B25886081823580,MOZ,ADM2,hospitals,TIME,3600,school_age,3922,4.04,1870,1.93
Chibabava,,85939544B25886081823580,MOZ,ADM2,hospitals,TIME,3600,total,6900,4.04,3290,1.93
Chibabava,,85939544B25886081823580,MOZ,ADM2,hospitals,TIME,3600,under_5,1241,4.04,592,1.93
Chibabava,,85939544B25886081823580,MOZ,ADM2,hospitals,TIME,3600,women_childbearing,1769,4.04,844,1.93
Chibabava,,85939544B25886081823580,MOZ,ADM2,hospitals,TIME,4200,adults,10524,6.55,4032,2.51
Chibabava,,85939544B25886081823580,MOZ,ADM2,hospitals,TIME,4200,elderly,574,6.54,220,2.51
Chibabava,,85939544B25886081823580,MOZ,ADM2,hospitals,TIME,4200,school_age,6358,6.55,2436,2.51
Chibabava,,85939544B25886081823580,MOZ,ADM2,hospitals,TIME,4200,total,11186,6.55,4286,2.51
Chibabava,,85939544B25886081823580,MOZ,ADM2,hospitals,TIME,4200,under_5,2012,6.55,771,2.51
Chibabava,,85939544B25886081823580,MOZ,ADM2,hospitals,TIME,4200,women_childbearing,2868,6.55,1099,2.51
Chibabava,,85939544B25886081823580,MOZ,ADM2,hospitals,TIME,4800,adults,13000,8.09,2476,1.54
Chibabava,,85939544B25886081823580,MOZ,ADM2,hospitals,TIME,4800,elderly,709,8.08,135,1.54
Chibabava,,85939544B25886081823580,MOZ,ADM2,hospitals,TIME,4800,school_age,7854,8.09,1496,1.54
Chibabava,,85939544B25886081823580,MOZ,ADM2,hospitals,TIME,4800,total,13817,8.09,2631,1.54
Chibabava,,85939544B25886081823580,MOZ,ADM2,hospitals,TIME,4800,under_5,2486,8.09,474,1.54
Chibabava,,85939544B25886081823580,MOZ,ADM2,hospitals,TIME,4800,women_childbearing,3543,8.09,675,1.54
Chibabava,,85939544B25886081823580,MOZ,ADM2,hospitals,TIME,5400,adults,24027,14.96,11027,6.87
Chibabava,,85939544B25886081823580,MOZ,ADM2,hospitals,TIME,5400,elderly,1312,14.95,603,6.87
Chibabava,,85939544B25886081823580,MOZ,ADM2,hospitals,TIME,5400,school_age,14516,14.96,6662,6.87
Chibabava,,85939544B25886081823580,MOZ,ADM2,hospitals,TIME,5400,total,25536,14.96,11719,6.86
Chibabava,,85939544B25886081823580,MOZ,ADM2,hospitals,TIME,5400,under_5,4594,14.96,2108,6.86
Chibabava,,85939544B25886081823580,MOZ,ADM2,hospitals,TIME,5400,women_childbearing,6548,14.96,3005,6.86
Chibabava,,85939544B25886081823580,MOZ,ADM2,hospitals,TIME,6000,adults,38714,24.1,14687,9.14
Chibabava,,85939544B25886081823580,MOZ,ADM2,hospitals,TIME,6000,elderly,2114,24.1,802,9.14
Chibabava,,85939544B25886081823580,MOZ,ADM2,hospitals,TIME,6000,school_age,23389,24.1,8873,9.14
Chibabava,,85939544B25886081823580,MOZ,ADM2,hospitals,TIME,6000,total,41146,24.1,15610,9.14
Chibabava,,85939544B25886081823580,MOZ,ADM2,hospitals,TIME,6000,under_5,7403,24.1,2809,9.14
Chibabava,,85939544B25886081823580,MOZ,ADM2,hospitals,TIME,6000,women_childbearing,10552,24.1,4004,9.15
Chibuto,,85939544B98651386750815,MOZ,ADM2,hospitals,TIME,600,adults,356,0.16,356,0.16
Chibuto,,85939544B98651386750815,MOZ,ADM2,hospitals,TIME,600,elderly,28,0.15,28,0.15
Chibuto,,85939544B98651386750815,MOZ,ADM2,hospitals,TIME,600,school_age,206,0.16,206,0.16
Chibuto,,85939544B98651386750815,MOZ,ADM2,hospitals,TIME,600,total,388,0.16,388,0.16
Chibuto,,85939544B98651386750815,MOZ,ADM2,hospitals,TIME,600,under_5,54,0.16,54,0.16
Chibuto,,85939544B98651386750815,MOZ,ADM2,hospitals,TIME,600,women_childbearing,98,0.16,98,0.16
Chibuto,,85939544B98651386750815,MOZ,ADM2,hospitals,TIME,1200,adults,1819,0.81,1463,0.65
Chibuto,,85939544B98651386750815,MOZ,ADM2,hospitals,TIME,1200,elderly,147,0.8,119,0.65
Chibuto,,85939544B98651386750815,MOZ,ADM2,hospitals,TIME,1200,school_age,1054,0.81,848,0.65
Chibuto,,85939544B98651386750815,MOZ,ADM2,hospitals,TIME,1200,total,1982,0.81,1594,0.65
Chibuto,,85939544B98651386750815,MOZ,ADM2,hospitals,TIME,1200,under_5,277,0.81,223,0.65
Chibuto,,85939544B98651386750815,MOZ,ADM2,hospitals,TIME,1200,women_childbearing,500,0.81,402,0.65
Chibuto,,85939544B98651386750815,MOZ,ADM2,hospitals,TIME,1800,adults,3727,1.65,1908,0.85
Chibuto,,85939544B98651386750815,MOZ,ADM2,hospitals,TIME,1800,elderly,302,1.65,155,0.85
Chibuto,,85939544B98651386750815,MOZ,ADM2,hospitals,TIME,1800,school_age,2161,1.65,1107,0.85
Chibuto,,85939544B98651386750815,MOZ,ADM2,hospitals,TIME,1800,total,4061,1.65,2079,0.85
Chibuto,,85939544B98651386750815,MOZ,ADM2,hospitals,TIME,1800,under_5,568,1.65,291,0.85
Chibuto,,85939544B98651386750815,MOZ,ADM2,hospitals,TIME,1800,women_childbearing,1025,1.65,525,0.85
Chibuto,,85939544B98651386750815,MOZ,ADM2,hospitals,TIME,2400,adults,33493,14.85,29766,13.19
Chibuto,,85939544B98651386750815,MOZ,ADM2,hospitals,TIME,2400,elderly,2717,14.85,2415,13.2
Chibuto,,85939544B98651386750815,MOZ,ADM2,hospitals,TIME,2400,school_age,19416,14.85,17255,13.19
Chibuto,,85939544B98651386750815,MOZ,ADM2,hospitals,TIME,2400,total,36492,14.85,32431,13.19
Chibuto,,85939544B98651386750815,MOZ,ADM2,hospitals,TIME,2400,under_5,5106,14.84,4538,13.19
Chibuto,,85939544B98651386750815,MOZ,ADM2,hospitals,TIME,2400,women_childbearing,9216,14.84,8191,13.19
Chibuto,,85939544B98651386750815,MOZ,ADM2,hospitals,TIME,3000,adults,142217,63.04,108724,48.19
Chibuto,,85939544B98651386750815,MOZ,ADM2,hospitals,TIME,3000,elderly,11538,63.05,8821,48.2
Chibuto,,85939544B98651386750815,MOZ,ADM2,hospitals,TIME,3000,school_age,82440,63.04,63024,48.19
Chibuto,,85939544B98651386750815,MOZ,ADM2,hospitals,TIME,3000,total,154949,63.04,118457,48.19
Chibuto,,85939544B98651386750815,MOZ,ADM2,hospitals,TIME,3000,under_5,21683,63.04,16577,48.19
Chibuto,,85939544B98651386750815,MOZ,ADM2,hospitals,TIME,3000,women_childbearing,39135,63.04,29919,48.19
Chibuto,,85939544B98651386750815,MOZ,ADM2,hospitals,TIME,3600,adults,159028,70.49,16811,7.45
Chibuto,,85939544B98651386750815,MOZ,ADM2,hospitals,TIME,3600,elderly,12900,70.49,1362,7.44
Chibuto,,85939544B98651386750815,MOZ,ADM2,hospitals,TIME,3600,school_age,92186,70.49,9746,7.45
Chibuto,,85939544B98651386750815,MOZ,ADM2,hospitals,TIME,3600,total,173264,70.49,18315,7.45
Chibuto,,85939544B98651386750815,MOZ,ADM2,hospitals,TIME,3600,under_5,24245,70.49,2562,7.45
Chibuto,,85939544B98651386750815,MOZ,ADM2,hospitals,TIME,3600,women_childbearing,43761,70.49,4626,7.45
Chibuto,,85939544B98651386750815,MOZ,ADM2,hospitals,TIME,4200,adults,161408,71.55,2380,1.05
Chibuto,,85939544B98651386750815,MOZ,ADM2,hospitals,TIME,4200,elderly,13093,71.54,193,1.05
Chibuto,,85939544B98651386750815,MOZ,ADM2,hospitals,TIME,4200,school_age,93566,71.55,1380,1.06
Chibuto,,85939544B98651386750815,MOZ,ADM2,hospitals,TIME,4200,total,175856,71.54,2592,1.05
Chibuto,,85939544B98651386750815,MOZ,ADM2,hospitals,TIME,4200,under_5,24608,71.54,363,1.06
Chibuto,,85939544B98651386750815,MOZ,ADM2,hospitals,TIME,4200,women_childbearing,44416,71.54,655,1.06
Chibuto,,85939544B98651386750815,MOZ,ADM2,hospitals,TIME,4800,adults,169336,75.06,7928,3.51
Chibuto,,85939544B98651386750815,MOZ,ADM2,hospitals,TIME,4800,elderly,13736,75.06,643,3.51
Chibuto,,85939544B98651386750815,MOZ,ADM2,hospitals,TIME,4800,school_age,98162,75.06,4596,3.51
Chibuto,,85939544B98651386750815,MOZ,ADM2,hospitals,TIME,4800,total,184494,75.06,8638,3.51
Chibuto,,85939544B98651386750815,MOZ,ADM2,hospitals,TIME,4800,under_5,25817,75.06,1209,3.51
Chibuto,,85939544B98651386750815,MOZ,ADM2,hospitals,TIME,4800,women_childbearing,46598,75.06,2182,3.51
Chibuto,,85939544B98651386750815,MOZ,ADM2,hospitals,TIME,5400,adults,170680,75.66,1344,0.6
Chibuto,,85939544B98651386750815,MOZ,ADM2,hospitals,TIME,5400,elderly,13845,75.65,109,0.6
Chibuto,,85939544B98651386750815,MOZ,ADM2,hospitals,TIME,5400,school_age,98941,75.66,779,0.6
Chibuto,,85939544B98651386750815,MOZ,ADM2,hospitals,TIME,5400,total,185958,75.65,1464,0.6
Chibuto,,85939544B98651386750815,MOZ,ADM2,hospitals,TIME,5400,under_5,26022,75.65,205,0.6
Chibuto,,85939544B98651386750815,MOZ,ADM2,hospitals,TIME,5400,women_childbearing,46968,75.65,370,0.6
Chibuto,,85939544B98651386750815,MOZ,ADM2,hospitals,TIME,6000,adults,174740,77.45,4060,1.8
Chibuto,,85939544B98651386750815,MOZ,ADM2,hospitals,TIME,6000,elderly,14174,77.45,329,1.8
Chibuto,,85939544B98651386750815,MOZ,ADM2,hospitals,TIME,6000,school_age,101294,77.45,2353,1.8
Chibuto,,85939544B98651386750815,MOZ,ADM2,hospitals,TIME,6000,total,190382,77.45,4424,1.8
Chibuto,,85939544B98651386750815,MOZ,ADM2,hospitals,TIME,6000,under_5,26641,77.45,619,1.8
Chibuto,,85939544B98651386750815,MOZ,ADM2,hospitals,TIME,6000,women_childbearing,48085,77.45,1117,1.8
Chifunde,,85939544B38440784035247,MOZ,ADM2,hospitals,TIME,1800,adults,599,0.24,599,0.24
Chifunde,,85939544B38440784035247,MOZ,ADM2,hospitals,TIME,1800,elderly,22,0.24,22,0.24
Chifunde,,85939544B38440784035247,MOZ,ADM2,hospitals,TIME,1800,school_age,358,0.24,358,0.24
Chifunde,,85939544B38440784035247,MOZ,ADM2,hospitals,TIME,1800,total,626,0.24,626,0.24
Chifunde,,85939544B38440784035247,MOZ,ADM2,hospitals,TIME,1800,under_5,118,0.24,118,0.24
Chifunde,,85939544B38440784035247,MOZ,ADM2,hospitals,TIME,1800,women_childbearing,142,0.24,142,0.24
Chifunde,,85939544B38440784035247,MOZ,ADM2,hospitals,TIME,2400,adults,4400,1.76,3801,1.52
Chifunde,,85939544B38440784035247,MOZ,ADM2,hospitals,TIME,2400,elderly,162,1.75,140,1.52
Chifunde,,85939544B38440784035247,MOZ,ADM2,hospitals,TIME,2400,school_age,2635,1.76,2277,1.52
Chifunde,,85939544B38440784035247,MOZ,ADM2,hospitals,TIME,2400,total,4598,1.76,3972,1.52
Chifunde,,85939544B38440784035247,MOZ,ADM2,hospitals,TIME,2400,under_5,873,1.76,755,1.52
Chifunde,,85939544B38440784035247,MOZ,ADM2,hospitals,TIME,2400,women_childbearing,1045,1.76,903,1.52
Chifunde,,85939544B38440784035247,MOZ,ADM2,hospitals,TIME,3000,adults,7156,2.86,2756,1.1
Chifunde,,85939544B38440784035247,MOZ,ADM2,hospitals,TIME,3000,elderly,263,2.85,101,1.09
Chifunde,,85939544B38440784035247,MOZ,ADM2,hospitals,TIME,3000,school_age,4285,2.86,1650,1.1
Chifunde,,85939544B38440784035247,MOZ,ADM2,hospitals,TIME,3000,total,7477,2.86,2879,1.1
Chifunde,,85939544B38440784035247,MOZ,ADM2,hospitals,TIME,3000,under_5,1419,2.86,546,1.1
Chifunde,,85939544B38440784035247,MOZ,ADM2,hospitals,TIME,3000,women_childbearing,1699,2.86,654,1.1
Chifunde,,85939544B38440784035247,MOZ,ADM2,hospitals,TIME,3600,adults,7872,3.14,716,0.29
Chifunde,,85939544B38440784035247,MOZ,ADM2,hospitals,TIME,3600,elderly,290,3.14,27,0.29
Chifunde,,85939544B38440784035247,MOZ,ADM2,hospitals,TIME,3600,school_age,4713,3.14,428,0.29
Chifunde,,85939544B38440784035247,MOZ,ADM2,hospitals,TIME,3600,total,8226,3.14,749,0.29
Chifunde,,85939544B38440784035247,MOZ,ADM2,hospitals,TIME,3600,under_5,1561,3.14,142,0.29
Chifunde,,85939544B38440784035247,MOZ,ADM2,hospitals,TIME,3600,women_childbearing,1869,3.14,170,0.29
Chifunde,,85939544B38440784035247,MOZ,ADM2,hospitals,TIME,4200,adults,8664,3.46,792,0.32
Chifunde,,85939544B38440784035247,MOZ,ADM2,hospitals,TIME,4200,elderly,319,3.46,29,0.31
Chifunde,,85939544B38440784035247,MOZ,ADM2,hospitals,TIME,4200,school_age,5187,3.46,474,0.32
Chifunde,,85939544B38440784035247,MOZ,ADM2,hospitals,TIME,4200,total,9053,3.46,827,0.32
Chifunde,,85939544B38440784035247,MOZ,ADM2,hospitals,TIME,4200,under_5,1718,3.46,157,0.32
Chifunde,,85939544B38440784035247,MOZ,ADM2,hospitals,TIME,4200,women_childbearing,2057,3.46,188,0.32
Chifunde,,85939544B38440784035247,MOZ,ADM2,hospitals,TIME,4800,adults,8674,3.46,10,0.0
Chifunde,,85939544B38440784035247,MOZ,ADM2,hospitals,TIME,4800,elderly,319,3.46,0,0.0
Chifunde,,85939544B38440784035247,MOZ,ADM2,hospitals,TIME,4800,school_age,5194,3.46,7,0.0
Chifunde,,85939544B38440784035247,MOZ,ADM2,hospitals,TIME,4800,total,9064,3.46,11,0.0
Chifunde,,85939544B38440784035247,MOZ,ADM2,hospitals,TIME,4800,under_5,1720,3.46,2,0.0
Chifunde,,85939544B38440784035247,MOZ,ADM2,hospitals,TIME,4800,women_childbearing,2060,3.46,3,0.01
Chifunde,,85939544B38440784035247,MOZ,ADM2,hospitals,TIME,5400,adults,8675,3.46,1,0.0
Chifunde,,85939544B38440784035247,MOZ,ADM2,hospitals,TIME,5400,elderly,319,3.46,0,0.0
Chifunde,,85939544B38440784035247,MOZ,ADM2,hospitals,TIME,5400,school_age,5194,3.46,0,0.0
Chifunde,,85939544B38440784035247,MOZ,ADM2,hospitals,TIME,5400,total,9065,3.46,1,0.0
Chifunde,,85939544B38440784035247,MOZ,ADM2,hospitals,TIME,5400,under_5,1721,3.46,1,0.0
Chifunde,,85939544B38440784035247,MOZ,ADM2,hospitals,TIME,5400,women_childbearing,2060,3.46,0,0.0
Chifunde,,85939544B38440784035247,MOZ,ADM2,hospitals,TIME,6000,adults,8675,3.46,0,0.0
Chifunde,,85939544B38440784035247,MOZ,ADM2,hospitals,TIME,6000,elderly,319,3.46,0,0.0
Chifunde,,85939544B38440784035247,MOZ,ADM2,hospitals,TIME,6000,school_age,5194,3.46,0,0.0
Chifunde,,85939544B38440784035247,MOZ,ADM2,hospitals,TIME,6000,total,9065,3.46,0,0.0
Chifunde,,85939544B38440784035247,MOZ,ADM2,hospitals,TIME,6000,under_5,1721,3.46,0,0.0
Chifunde,,85939544B38440784035247,MOZ,ADM2,hospitals,TIME,6000,women_childbearing,2060,3.46,0,0.0
Chiure,,85939544B26812417695120,MOZ,ADM2,hospitals,TIME,600,adults,54504,20.66,54504,20.66
Chiure,,85939544B26812417695120,MOZ,ADM2,hospitals,TIME,600,elderly,2209,20.66,2209,20.66
Chiure,,85939544B26812417695120,MOZ,ADM2,hospitals,TIME,600,school_age,30250,20.66,30250,20.66
Chiure,,85939544B26812417695120,MOZ,ADM2,hospitals,TIME,600,total,57154,20.66,57154,20.66
Chiure,,85939544B26812417695120,MOZ,ADM2,hospitals,TIME,600,under_5,9583,20.66,9583,20.66
Chiure,,85939544B26812417695120,MOZ,ADM2,hospitals,TIME,600,women_childbearing,14531,20.66,14531,20.66
Chiure,,85939544B26812417695120,MOZ,ADM2,hospitals,TIME,1200,adults,81651,30.96,27147,10.29
Chiure,,85939544B26812417695120,MOZ,ADM2,hospitals,TIME,1200,elderly,3310,30.96,1101,10.3
Chiure,,85939544B26812417695120,MOZ,ADM2,hospitals,TIME,1200,school_age,45317,30.96,15067,10.29
Chiure,,85939544B26812417695120,MOZ,ADM2,hospitals,TIME,1200,total,85621,30.96,28467,10.29
Chiure,,85939544B26812417695120,MOZ,ADM2,hospitals,TIME,1200,under_5,14356,30.95,4773,10.29
Chiure,,85939544B26812417695120,MOZ,ADM2,hospitals,TIME,1200,women_childbearing,21769,30.96,7238,10.29
Chiure,,85939544B26812417695120,MOZ,ADM2,hospitals,TIME,1800,adults,96921,36.74,15270,5.79
Chiure,,85939544B26812417695120,MOZ,ADM2,hospitals,TIME,1800,elderly,3929,36.75,619,5.79
Chiure,,85939544B26812417695120,MOZ,ADM2,hospitals,TIME,1800,school_age,53792,36.74,8475,5.79
Chiure,,85939544B26812417695120,MOZ,ADM2,hospitals,TIME,1800,total,101633,36.74,16012,5.79
Chiure,,85939544B26812417695120,MOZ,ADM2,hospitals,TIME,1800,under_5,17041,36.74,2685,5.79
Chiure,,85939544B26812417695120,MOZ,ADM2,hospitals,TIME,1800,women_childbearing,25840,36.74,4071,5.79
Chiure,,85939544B26812417695120,MOZ,ADM2,hospitals,TIME,2400,adults,111794,42.38,14873,5.64
Chiure,,85939544B26812417695120,MOZ,ADM2,hospitals,TIME,2400,elderly,4531,42.38,602,5.63
Chiure,,85939544B26812417695120,MOZ,ADM2,hospitals,TIME,2400,school_age,62047,42.38,8255,5.64
Chiure,,85939544B26812417695120,MOZ,ADM2,hospitals,TIME,2400,total,117230,42.38,15597,5.64
Chiure,,85939544B26812417695120,MOZ,ADM2,hospitals,TIME,2400,under_5,19656,42.38,2615,5.64
Chiure,,85939544B26812417695120,MOZ,ADM2,hospitals,TIME,2400,women_childbearing,29806,42.38,3966,5.64
Chiure,,85939544B26812417695120,MOZ,ADM2,hospitals,TIME,3000,adults,129783,49.2,17989,6.82
Chiure,,85939544B26812417695120,MOZ,ADM2,hospitals,TIME,3000,elderly,5261,49.21,730,6.83
Chiure,,85939544B26812417695120,MOZ,ADM2,hospitals,TIME,3000,school_age,72031,49.2,9984,6.82
Chiure,,85939544B26812417695120,MOZ,ADM2,hospitals,TIME,3000,total,136093,49.2,18863,6.82
Chiure,,85939544B26812417695120,MOZ,ADM2,hospitals,TIME,3000,under_5,22819,49.2,3163,6.82
Chiure,,85939544B26812417695120,MOZ,ADM2,hospitals,TIME,3000,women_childbearing,34602,49.2,4796,6.82
Chiure,,85939544B26812417695120,MOZ,ADM2,hospitals,TIME,3600,adults,144666,54.85,14883,5.64
Chiure,,85939544B26812417695120,MOZ,ADM2,hospitals,TIME,3600,elderly,5864,54.84,603,5.64
Chiure,,85939544B26812417695120,MOZ,ADM2,hospitals,TIME,3600,school_age,80292,54.85,8261,5.64
Chiure,,85939544B26812417695120,MOZ,ADM2,hospitals,TIME,3600,total,151700,54.85,15607,5.64
Chiure,,85939544B26812417695120,MOZ,ADM2,hospitals,TIME,3600,under_5,25436,54.84,2617,5.64
Chiure,,85939544B26812417695120,MOZ,ADM2,hospitals,TIME,3600,women_childbearing,38570,54.85,3968,5.64
Chiure,,85939544B26812417695120,MOZ,ADM2,hospitals,TIME,4200,adults,150903,57.21,6237,2.36
Chiure,,85939544B26812417695120,MOZ,ADM2,hospitals,TIME,4200,elderly,6117,57.21,253,2.37
Chiure,,85939544B26812417695120,MOZ,ADM2,hospitals,TIME,4200,school_age,83753,57.21,3461,2.36
Chiure,,85939544B26812417695120,MOZ,ADM2,hospitals,TIME,4200,total,158240,57.21,6540,2.36
Chiure,,85939544B26812417695120,MOZ,ADM2,hospitals,TIME,4200,under_5,26532,57.21,1096,2.36
Chiure,,85939544B26812417695120,MOZ,ADM2,hospitals,TIME,4200,women_childbearing,40233,57.21,1663,2.36
Chiure,,85939544B26812417695120,MOZ,ADM2,hospitals,TIME,4800,adults,155769,59.06,4866,1.84
Chiure,,85939544B26812417695120,MOZ,ADM2,hospitals,TIME,4800,elderly,6314,59.05,197,1.84
Chiure,,85939544B26812417695120,MOZ,ADM2,hospitals,TIME,4800,school_age,86454,59.06,2701,1.85
Chiure,,85939544B26812417695120,MOZ,ADM2,hospitals,TIME,4800,total,163342,59.06,5102,1.84
Chiure,,85939544B26812417695120,MOZ,ADM2,hospitals,TIME,4800,under_5,27388,59.05,856,1.85
Chiure,,85939544B26812417695120,MOZ,ADM2,hospitals,TIME,4800,women_childbearing,41530,59.06,1297,1.84
Chiure,,85939544B26812417695120,MOZ,ADM2,hospitals,TIME,5400,adults,164001,62.18,8232,3.12
Chiure,,85939544B26812417695120,MOZ,ADM2,hospitals,TIME,5400,elderly,6648,62.18,334,3.12
Chiure,,85939544B26812417695120,MOZ,ADM2,hospitals,TIME,5400,school_age,91023,62.18,4569,3.12
Chiure,,85939544B26812417695120,MOZ,ADM2,hospitals,TIME,5400,total,171975,62.18,8633,3.12
Chiure,,85939544B26812417695120,MOZ,ADM2,hospitals,TIME,5400,under_5,28835,62.17,1447,3.12
Chiure,,85939544B26812417695120,MOZ,ADM2,hospitals,TIME,5400,women_childbearing,43725,62.18,2195,3.12
Chiure,,85939544B26812417695120,MOZ,ADM2,hospitals,TIME,6000,adults,170583,64.67,6582,2.5
Chiure,,85939544B26812417695120,MOZ,ADM2,hospitals,TIME,6000,elderly,6915,64.67,267,2.5
Chiure,,85939544B26812417695120,MOZ,ADM2,hospitals,TIME,6000,school_age,94676,64.67,3653,2.5
Chiure,,85939544B26812417695120,MOZ,ADM2,hospitals,TIME,6000,total,178876,64.67,6901,2.5
Chiure,,85939544B26812417695120,MOZ,ADM2,hospitals,TIME,6000,under_5,29992,64.67,1157,2.49
Chiure,,85939544B26812417695120,MOZ,ADM2,hospitals,TIME,6000,women_childbearing,45480,64.67,1755,2.5
Chiuta,,85939544B4853369515096,MOZ,ADM2,hospitals,TIME,600,adults,9461,7.42,9461,7.42
Chiuta,,85939544B4853369515096,MOZ,ADM2,hospitals,TIME,600,elderly,395,7.41,395,7.41
Chiuta,,85939544B4853369515096,MOZ,ADM2,hospitals,TIME,600,school_age,5883,7.42,5883,7.42
Chiuta,,85939544B4853369515096,MOZ,ADM2,hospitals,TIME,600,total,9933,7.42,9933,7.42
Chiuta,,85939544B4853369515096,MOZ,ADM2,hospitals,TIME,600,under_5,1939,7.42,1939,7.42
Chiuta,,85939544B4853369515096,MOZ,ADM2,hospitals,TIME,600,women_childbearing,2259,7.42,2259,7.42
Chiuta,,85939544B4853369515096,MOZ,ADM2,hospitals,TIME,1200,adults,12087,9.48,2626,2.06
Chiuta,,85939544B4853369515096,MOZ,ADM2,hospitals,TIME,1200,elderly,504,9.46,109,2.05
Chiuta,,85939544B4853369515096,MOZ,ADM2,hospitals,TIME,1200,school_age,7516,9.47,1633,2.06
Chiuta,,85939544B4853369515096,MOZ,ADM2,hospitals,TIME,1200,total,12689,9.47,2756,2.06
Chiuta,,85939544B4853369515096,MOZ,ADM2,hospitals,TIME,1200,under_5,2478,9.48,539,2.06
Chiuta,,85939544B4853369515096,MOZ,ADM2,hospitals,TIME,1200,women_childbearing,2886,9.47,627,2.06
Chiuta,,85939544B4853369515096,MOZ,ADM2,hospitals,TIME,1800,adults,13769,10.79,1682,1.32
Chiuta,,85939544B4853369515096,MOZ,ADM2,hospitals,TIME,1800,elderly,575,10.79,71,1.33
Chiuta,,85939544B4853369515096,MOZ,ADM2,hospitals,TIME,1800,school_age,8562,10.79,1046,1.32
Chiuta,,85939544B4853369515096,MOZ,ADM2,hospitals,TIME,1800,total,14455,10.79,1766,1.32
Chiuta,,85939544B4853369515096,MOZ,ADM2,hospitals,TIME,1800,under_5,2823,10.8,345,1.32
Chiuta,,85939544B4853369515096,MOZ,ADM2,hospitals,TIME,1800,women_childbearing,3288,10.79,402,1.32
Chiuta,,85939544B4853369515096,MOZ,ADM2,hospitals,TIME,2400,adults,16439,12.89,2670,2.09
Chiuta,,85939544B4853369515096,MOZ,ADM2,hospitals,TIME,2400,elderly,686,12.87,111,2.08
Chiuta,,85939544B4853369515096,MOZ,ADM2,hospitals,TIME,2400,school_age,10223,12.89,1661,2.09
Chiuta,,85939544B4853369515096,MOZ,ADM2,hospitals,TIME,2400,total,17259,12.89,2804,2.09
Chiuta,,85939544B4853369515096,MOZ,ADM2,hospitals,TIME,2400,under_5,3370,12.89,547,2.09
Chiuta,,85939544B4853369515096,MOZ,ADM2,hospitals,TIME,2400,women_childbearing,3926,12.89,638,2.09
Chiuta,,85939544B4853369515096,MOZ,ADM2,hospitals,TIME,3000,adults,18321,14.36,1882,1.48
Chiuta,,85939544B4853369515096,MOZ,ADM2,hospitals,TIME,3000,elderly,765,14.36,79,1.48
Chiuta,,85939544B4853369515096,MOZ,ADM2,hospitals,TIME,3000,school_age,11393,14.36,1170,1.47
Chiuta,,85939544B4853369515096,MOZ,ADM2,hospitals,TIME,3000,total,19235,14.36,1976,1.48
Chiuta,,85939544B4853369515096,MOZ,ADM2,hospitals,TIME,3000,under_5,3756,14.36,386,1.48
Chiuta,,85939544B4853369515096,MOZ,ADM2,hospitals,TIME,3000,women_childbearing,4375,14.36,449,1.47
Chiuta,,85939544B4853369515096,MOZ,ADM2,hospitals,TIME,3600,adults,22746,17.83,4425,3.47
Chiuta,,85939544B4853369515096,MOZ,ADM2,hospitals,TIME,3600,elderly,950,17.83,185,3.47
Chiuta,,85939544B4853369515096,MOZ,ADM2,hospitals,TIME,3600,school_age,14145,17.83,2752,3.47
Chiuta,,85939544B4853369515096,MOZ,ADM2,hospitals,TIME,3600,total,23880,17.83,4645,3.47
Chiuta,,85939544B4853369515096,MOZ,ADM2,hospitals,TIME,3600,under_5,4663,17.83,907,3.47
Chiuta,,85939544B4853369515096,MOZ,ADM2,hospitals,TIME,3600,women_childbearing,5432,17.83,1057,3.47
Chiuta,,85939544B4853369515096,MOZ,ADM2,hospitals,TIME,4200,adults,32583,25.54,9837,7.71
Chiuta,,85939544B4853369515096,MOZ,ADM2,hospitals,TIME,4200,elderly,1361,25.54,411,7.71
Chiuta,,85939544B4853369515096,MOZ,ADM2,hospitals,TIME,4200,school_age,20262,25.54,6117,7.71
Chiuta,,85939544B4853369515096,MOZ,ADM2,hospitals,TIME,4200,total,34207,25.54,10327,7.71
Chiuta,,85939544B4853369515096,MOZ,ADM2,hospitals,TIME,4200,under_5,6680,25.55,2017,7.71
Chiuta,,85939544B4853369515096,MOZ,ADM2,hospitals,TIME,4200,women_childbearing,7781,25.54,2349,7.71
Chiuta,,85939544B4853369515096,MOZ,ADM2,hospitals,TIME,4800,adults,35249,27.63,2666,2.09
Chiuta,,85939544B4853369515096,MOZ,ADM2,hospitals,TIME,4800,elderly,1472,27.62,111,2.08
Chiuta,,85939544B4853369515096,MOZ,ADM2,hospitals,TIME,4800,school_age,21920,27.63,1658,2.09
Chiuta,,85939544B4853369515096,MOZ,ADM2,hospitals,TIME,4800,total,37007,27.63,2800,2.09
Chiuta,,85939544B4853369515096,MOZ,ADM2,hospitals,TIME,4800,under_5,7226,27.64,546,2.09
Chiuta,,85939544B4853369515096,MOZ,ADM2,hospitals,TIME,4800,women_childbearing,8418,27.63,637,2.09
Chiuta,,85939544B4853369515096,MOZ,ADM2,hospitals,TIME,5400,adults,36972,28.98,1723,1.35
Chiuta,,85939544B4853369515096,MOZ,ADM2,hospitals,TIME,5400,elderly,1544,28.97,72,1.35
Chiuta,,85939544B4853369515096,MOZ,ADM2,hospitals,TIME,5400,school_age,22991,28.98,1071,1.35
Chiuta,,85939544B4853369515096,MOZ,ADM2,hospitals,TIME,5400,total,38815,28.98,1808,1.35
Chiuta,,85939544B4853369515096,MOZ,ADM2,hospitals,TIME,5400,under_5,7579,28.99,353,1.35
Chiuta,,85939544B4853369515096,MOZ,ADM2,hospitals,TIME,5400,women_childbearing,8829,28.98,411,1.35
Chiuta,,85939544B4853369515096,MOZ,ADM2,hospitals,TIME,6000,adults,38269,30.0,1297,1.02
Chiuta,,85939544B4853369515096,MOZ,ADM2,hospitals,TIME,6000,elderly,1598,29.99,54,1.01
Chiuta,,85939544B4853369515096,MOZ,ADM2,hospitals,TIME,6000,school_age,23798,30.0,807,1.02
Chiuta,,85939544B4853369515096,MOZ,ADM2,hospitals,TIME,6000,total,40177,30.0,1362,1.02
Chiuta,,85939544B4853369515096,MOZ,ADM2,hospitals,TIME,6000,under_5,7845,30.0,266,1.02
Chiuta,,85939544B4853369515096,MOZ,ADM2,hospitals,TIME,6000,women_childbearing,9139,30.0,310,1.02
Chokwe,,85939544B8547864433088,MOZ,ADM2,hospitals,TIME,600,adults,63478,34.09,63478,34.09
Chokwe,,85939544B8547864433088,MOZ,ADM2,hospitals,TIME,600,elderly,3882,34.08,3882,34.08
Chokwe,,85939544B8547864433088,MOZ,ADM2,hospitals,TIME,600,school_age,37013,34.09,37013,34.09
Chokwe,,85939544B8547864433088,MOZ,ADM2,hospitals,TIME,600,total,67884,34.09,67884,34.09
Chokwe,,85939544B8547864433088,MOZ,ADM2,hospitals,TIME,600,under_5,9568,34.09,9568,34.09
Chokwe,,85939544B8547864433088,MOZ,ADM2,hospitals,TIME,600,women_childbearing,18445,34.09,18445,34.09
Chokwe,,85939544B8547864433088,MOZ,ADM2,hospitals,TIME,1200,adults,80205,43.08,16727,8.98
Chokwe,,85939544B8547864433088,MOZ,ADM2,hospitals,TIME,1200,elderly,4905,43.06,1023,8.98
Chokwe,,85939544B8547864433088,MOZ,ADM2,hospitals,TIME,1200,school_age,46766,43.08,9753,8.98
Chokwe,,85939544B8547864433088,MOZ,ADM2,hospitals,TIME,1200,total,85772,43.08,17888,8.98
Chokwe,,85939544B8547864433088,MOZ,ADM2,hospitals,TIME,1200,under_5,12089,43.08,2521,8.98
Chokwe,,85939544B8547864433088,MOZ,ADM2,hospitals,TIME,1200,women_childbearing,23306,43.08,4861,8.99
Chokwe,,85939544B8547864433088,MOZ,ADM2,hospitals,TIME,1800,adults,90462,48.59,10257,5.51
Chokwe,,85939544B8547864433088,MOZ,ADM2,hospitals,TIME,1800,elderly,5533,48.57,628,5.51
Chokwe,,85939544B8547864433088,MOZ,ADM2,hospitals,TIME,1800,school_age,52746,48.59,5980,5.51
Chokwe,,85939544B8547864433088,MOZ,ADM2,hospitals,TIME,1800,total,96741,48.59,10969,5.51
Chokwe,,85939544B8547864433088,MOZ,ADM2,hospitals,TIME,1800,under_5,13635,48.59,1546,5.51
Chokwe,,85939544B8547864433088,MOZ,ADM2,hospitals,TIME,1800,women_childbearing,26286,48.59,2980,5.51
Chokwe,,85939544B8547864433088,MOZ,ADM2,hospitals,TIME,2400,adults,111532,59.9,21070,11.32
Chokwe,,85939544B8547864433088,MOZ,ADM2,hospitals,TIME,2400,elderly,6822,59.88,1289,11.31
Chokwe,,85939544B8547864433088,MOZ,ADM2,hospitals,TIME,2400,school_age,65031,59.9,12285,11.32
Chokwe,,85939544B8547864433088,MOZ,ADM2,hospitals,TIME,2400,total,119274,59.9,22533,11.32
Chokwe,,85939544B8547864433088,MOZ,ADM2,hospitals,TIME,2400,under_5,16810,59.9,3175,11.31
Chokwe,,85939544B8547864433088,MOZ,ADM2,hospitals,TIME,2400,women_childbearing,32409,59.91,6123,11.32
Chokwe,,85939544B8547864433088,MOZ,ADM2,hospitals,TIME,3000,adults,121754,65.39,10222,5.49
Chokwe,,85939544B8547864433088,MOZ,ADM2,hospitals,TIME,3000,elderly,7448,65.38,626,5.5
Chokwe,,85939544B8547864433088,MOZ,ADM2,hospitals,TIME,3000,school_age,70992,65.39,5961,5.49
Chokwe,,85939544B8547864433088,MOZ,ADM2,hospitals,TIME,3000,total,130206,65.39,10932,5.49
Chokwe,,85939544B8547864433088,MOZ,ADM2,hospitals,TIME,3000,under_5,18351,65.39,1541,5.49
Chokwe,,85939544B8547864433088,MOZ,ADM2,hospitals,TIME,3000,women_childbearing,35379,65.4,2970,5.49
Chokwe,,85939544B8547864433088,MOZ,ADM2,hospitals,TIME,3600,adults,138716,74.5,16962,9.11
Chokwe,,85939544B8547864433088,MOZ,ADM2,hospitals,TIME,3600,elderly,8486,74.49,1038,9.11
Chokwe,,85939544B8547864433088,MOZ,ADM2,hospitals,TIME,3600,school_age,80882,74.5,9890,9.11
Chokwe,,85939544B8547864433088,MOZ,ADM2,hospitals,TIME,3600,total,148346,74.5,18140,9.11
Chokwe,,85939544B8547864433088,MOZ,ADM2,hospitals,TIME,3600,under_5,20908,74.5,2557,9.11
Chokwe,,85939544B8547864433088,MOZ,ADM2,hospitals,TIME,3600,women_childbearing,40307,74.5,4928,9.11
Chokwe,,85939544B8547864433088,MOZ,ADM2,hospitals,TIME,4200,adults,144977,77.87,6261,3.36
Chokwe,,85939544B8547864433088,MOZ,ADM2,hospitals,TIME,4200,elderly,8869,77.85,383,3.36
Chokwe,,85939544B8547864433088,MOZ,ADM2,hospitals,TIME,4200,school_age,84532,77.87,3650,3.36
Chokwe,,85939544B8547864433088,MOZ,ADM2,hospitals,TIME,4200,total,155041,77.87,6695,3.36
Chokwe,,85939544B8547864433088,MOZ,ADM2,hospitals,TIME,4200,under_5,21851,77.86,943,3.36
Chokwe,,85939544B8547864433088,MOZ,ADM2,hospitals,TIME,4200,women_childbearing,42126,77.87,1819,3.36
Chokwe,,85939544B8547864433088,MOZ,ADM2,hospitals,TIME,4800,adults,150204,80.67,5227,2.81
Chokwe,,85939544B8547864433088,MOZ,ADM2,hospitals,TIME,4800,elderly,9189,80.66,320,2.81
Chokwe,,85939544B8547864433088,MOZ,ADM2,hospitals,TIME,4800,school_age,87580,80.67,3048,2.81
Chokwe,,85939544B8547864433088,MOZ,ADM2,hospitals,TIME,4800,total,160631,80.67,5590,2.81
Chokwe,,85939544B8547864433088,MOZ,ADM2,hospitals,TIME,4800,under_5,22639,80.67,788,2.81
Chokwe,,85939544B8547864433088,MOZ,ADM2,hospitals,TIME,4800,women_childbearing,43645,80.67,1519,2.81
Chokwe,,85939544B8547864433088,MOZ,ADM2,hospitals,TIME,5400,adults,151818,81.54,1614,0.87
Chokwe,,85939544B8547864433088,MOZ,ADM2,hospitals,TIME,5400,elderly,9287,81.52,98,0.86
Chokwe,,85939544B8547864433088,MOZ,ADM2,hospitals,TIME,5400,school_age,88521,81.54,941,0.87
Chokwe,,85939544B8547864433088,MOZ,ADM2,hospitals,TIME,5400,total,162357,81.54,1726,0.87
Chokwe,,85939544B8547864433088,MOZ,ADM2,hospitals,TIME,5400,under_5,22882,81.54,243,0.87
Chokwe,,85939544B8547864433088,MOZ,ADM2,hospitals,TIME,5400,women_childbearing,44114,81.54,469,0.87
Chokwe,,85939544B8547864433088,MOZ,ADM2,hospitals,TIME,6000,adults,174893,93.93,23075,12.39
Chokwe,,85939544B8547864433088,MOZ,ADM2,hospitals,TIME,6000,elderly,10699,93.92,1412,12.39
Chokwe,,85939544B8547864433088,MOZ,ADM2,hospitals,TIME,6000,school_age,101975,93.93,13454,12.39
Chokwe,,85939544B8547864433088,MOZ,ADM2,hospitals,TIME,6000,total,187034,93.93,24677,12.39
Chokwe,,85939544B8547864433088,MOZ,ADM2,hospitals,TIME,6000,under_5,26360,93.93,3478,12.39
Chokwe,,85939544B8547864433088,MOZ,ADM2,hospitals,TIME,6000,women_childbearing,50819,93.94,6705,12.39
Chongoene,,85939544B23893317259127,MOZ,ADM2,hospitals,TIME,600,adults,35162,17.98,35162,17.98
Chongoene,,85939544B23893317259127,MOZ,ADM2,hospitals,TIME,600,elderly,2679,17.12,2679,17.12
Chongoene,,85939544B23893317259127,MOZ,ADM2,hospitals,TIME,600,school_age,20759,17.9,20759,17.9
Chongoene,,85939544B23893317259127,MOZ,ADM2,hospitals,TIME,600,total,38135,17.91,38135,17.91
Chongoene,,85939544B23893317259127,MOZ,ADM2,hospitals,TIME,600,under_5,5259,17.89,5259,17.89
Chongoene,,85939544B23893317259127,MOZ,ADM2,hospitals,TIME,600,women_childbearing,9676,18.11,9676,18.11
Chongoene,,85939544B23893317259127,MOZ,ADM2,hospitals,TIME,1200,adults,75755,38.73,40593,20.75
Chongoene,,85939544B23893317259127,MOZ,ADM2,hospitals,TIME,1200,elderly,5771,36.88,3092,19.76
Chongoene,,85939544B23893317259127,MOZ,ADM2,hospitals,TIME,1200,school_age,44726,38.57,23967,20.67
Chongoene,,85939544B23893317259127,MOZ,ADM2,hospitals,TIME,1200,total,82160,38.59,44025,20.68
Chongoene,,85939544B23893317259127,MOZ,ADM2,hospitals,TIME,1200,under_5,11342,38.59,6083,20.7
Chongoene,,85939544B23893317259127,MOZ,ADM2,hospitals,TIME,1200,women_childbearing,20847,39.02,11171,20.91
Chongoene,,85939544B23893317259127,MOZ,ADM2,hospitals,TIME,1800,adults,98640,50.43,22885,11.7
Chongoene,,85939544B23893317259127,MOZ,ADM2,hospitals,TIME,1800,elderly,7526,48.1,1755,11.22
Chongoene,,85939544B23893317259127,MOZ,ADM2,hospitals,TIME,1800,school_age,58245,50.23,13519,11.66
Chongoene,,85939544B23893317259127,MOZ,ADM2,hospitals,TIME,1800,total,106991,50.25,24831,11.66
Chongoene,,85939544B23893317259127,MOZ,ADM2,hospitals,TIME,1800,under_5,14774,50.27,3432,11.68
Chongoene,,85939544B23893317259127,MOZ,ADM2,hospitals,TIME,1800,women_childbearing,27138,50.8,6291,11.78
Chongoene,,85939544B23893317259127,MOZ,ADM2,hospitals,TIME,2400,adults,115856,59.23,17216,8.8
Chongoene,,85939544B23893317259127,MOZ,ADM2,hospitals,TIME,2400,elderly,8858,56.62,1332,8.51
Chongoene,,85939544B23893317259127,MOZ,ADM2,hospitals,TIME,2400,school_age,68423,59.0,10178,8.78
Chongoene,,85939544B23893317259127,MOZ,ADM2,hospitals,TIME,2400,total,125684,59.03,18693,8.78
Chongoene,,85939544B23893317259127,MOZ,ADM2,hospitals,TIME,2400,under_5,17357,59.06,2583,8.79
Chongoene,,85939544B23893317259127,MOZ,ADM2,hospitals,TIME,2400,women_childbearing,31864,59.64,4726,8.85
Chongoene,,85939544B23893317259127,MOZ,ADM2,hospitals,TIME,3000,adults,119269,60.97,3413,1.74
Chongoene,,85939544B23893317259127,MOZ,ADM2,hospitals,TIME,3000,elderly,9153,58.5,295,1.89
Chongoene,,85939544B23893317259127,MOZ,ADM2,hospitals,TIME,3000,school_age,70460,60.76,2037,1.76
Chongoene,,85939544B23893317259127,MOZ,ADM2,hospitals,TIME,3000,total,129419,60.79,3735,1.75
Chongoene,,85939544B23893317259127,MOZ,ADM2,hospitals,TIME,3000,under_5,17872,60.81,515,1.75
Chongoene,,85939544B23893317259127,MOZ,ADM2,hospitals,TIME,3000,women_childbearing,32784,61.36,920,1.72
Chongoene,,85939544B23893317259127,MOZ,ADM2,hospitals,TIME,3600,adults,159749,81.67,40480,20.69
Chongoene,,85939544B23893317259127,MOZ,ADM2,hospitals,TIME,3600,elderly,12342,78.88,3189,20.38
Chongoene,,85939544B23893317259127,MOZ,ADM2,hospitals,TIME,3600,school_age,94427,81.43,23967,20.67
Chongoene,,85939544B23893317259127,MOZ,ADM2,hospitals,TIME,3600,total,173427,81.46,44008,20.67
Chongoene,,85939544B23893317259127,MOZ,ADM2,hospitals,TIME,3600,under_5,23952,81.5,6080,20.69
Chongoene,,85939544B23893317259127,MOZ,ADM2,hospitals,TIME,3600,women_childbearing,43866,82.11,11082,20.74
Chongoene,,85939544B23893317259127,MOZ,ADM2,hospitals,TIME,4200,adults,160705,82.15,956,0.49
Chongoene,,85939544B23893317259127,MOZ,ADM2,hospitals,TIME,4200,elderly,12431,79.45,89,0.57
Chongoene,,85939544B23893317259127,MOZ,ADM2,hospitals,TIME,4200,school_age,95002,81.92,575,0.5
Chongoene,,85939544B23893317259127,MOZ,ADM2,hospitals,TIME,4200,total,174481,81.95,1054,0.5
Chongoene,,85939544B23893317259127,MOZ,ADM2,hospitals,TIME,4200,under_5,24097,81.99,145,0.49
Chongoene,,85939544B23893317259127,MOZ,ADM2,hospitals,TIME,4200,women_childbearing,44121,82.58,255,0.48
Chongoene,,85939544B23893317259127,MOZ,ADM2,hospitals,TIME,4800,adults,165143,84.42,4438,2.27
Chongoene,,85939544B23893317259127,MOZ,ADM2,hospitals,TIME,4800,elderly,12789,81.74,358,2.29
Chongoene,,85939544B23893317259127,MOZ,ADM2,hospitals,TIME,4800,school_age,97636,84.19,2634,2.27
Chongoene,,85939544B23893317259127,MOZ,ADM2,hospitals,TIME,4800,total,179315,84.23,4834,2.27
Chongoene,,85939544B23893317259127,MOZ,ADM2,hospitals,TIME,4800,under_5,24764,84.26,667,2.27
Chongoene,,85939544B23893317259127,MOZ,ADM2,hospitals,TIME,4800,women_childbearing,45331,84.85,1210,2.26
Chongoene,,85939544B23893317259127,MOZ,ADM2,hospitals,TIME,5400,adults,168965,86.38,3822,1.95
Chongoene,,85939544B23893317259127,MOZ,ADM2,hospitals,TIME,5400,elderly,13181,84.25,392,2.51
Chongoene,,85939544B23893317259127,MOZ,ADM2,hospitals,TIME,5400,school_age,99956,86.19,2320,2.0
Chongoene,,85939544B23893317259127,MOZ,ADM2,hospitals,TIME,5400,total,183561,86.22,4246,1.99
Chongoene,,85939544B23893317259127,MOZ,ADM2,hospitals,TIME,5400,under_5,25348,86.25,584,1.99
Chongoene,,85939544B23893317259127,MOZ,ADM2,hospitals,TIME,5400,women_childbearing,46329,86.72,998,1.87
Chongoene,,85939544B23893317259127,MOZ,ADM2,hospitals,TIME,6000,adults,169547,86.68,582,0.3
Chongoene,,85939544B23893317259127,MOZ,ADM2,hospitals,TIME,6000,elderly,13239,84.62,58,0.37
Chongoene,,85939544B23893317259127,MOZ,ADM2,hospitals,TIME,6000,school_age,100309,86.5,353,0.3
Chongoene,,85939544B23893317259127,MOZ,ADM2,hospitals,TIME,6000,total,184206,86.52,645,0.3
Chongoene,,85939544B23893317259127,MOZ,ADM2,hospitals,TIME,6000,under_5,25437,86.55,89,0.3
Chongoene,,85939544B23893317259127,MOZ,ADM2,hospitals,TIME,6000,women_childbearing,46481,87.0,152,0.28
Cidade Da Beira,,85939544B78683919401949,MOZ,ADM2,hospitals,TIME,600,adults,434444,94.12,434444,94.12
Cidade Da Beira,,85939544B78683919401949,MOZ,ADM2,hospitals,TIME,600,elderly,14017,94.12,14017,94.12
Cidade Da Beira,,85939544B78683919401949,MOZ,ADM2,hospitals,TIME,600,school_age,230891,94.12,230891,94.12
Cidade Da Beira,,85939544B78683919401949,MOZ,ADM2,hospitals,TIME,600,total,451944,94.12,451944,94.12
Cidade Da Beira,,85939544B78683919401949,MOZ,ADM2,hospitals,TIME,600,under_5,50526,94.12,50526,94.12
Cidade Da Beira,,85939544B78683919401949,MOZ,ADM2,hospitals,TIME,600,women_childbearing,117306,94.12,117306,94.12
Cidade Da Beira,,85939544B78683919401949,MOZ,ADM2,hospitals,TIME,1200,adults,448510,97.17,14066,3.05
Cidade Da Beira,,85939544B78683919401949,MOZ,ADM2,hospitals,TIME,1200,elderly,14470,97.17,453,3.04
Cidade Da Beira,,85939544B78683919401949,MOZ,ADM2,hospitals,TIME,1200,school_age,238367,97.17,7476,3.05
Cidade Da Beira,,85939544B78683919401949,MOZ,ADM2,hospitals,TIME,1200,total,466577,97.17,14633,3.05
Cidade Da Beira,,85939544B78683919401949,MOZ,ADM2,hospitals,TIME,1200,under_5,52162,97.17,1636,3.05
Cidade Da Beira,,85939544B78683919401949,MOZ,ADM2,hospitals,TIME,1200,women_childbearing,121104,97.17,3798,3.05
Cidade Da Beira,,85939544B78683919401949,MOZ,ADM2,hospitals,TIME,1800,adults,454452,98.46,5942,1.29
Cidade Da Beira,,85939544B78683919401949,MOZ,ADM2,hospitals,TIME,1800,elderly,14662,98.46,192,1.29
Cidade Da Beira,,85939544B78683919401949,MOZ,ADM2,hospitals,TIME,1800,school_age,241524,98.46,3157,1.29
Cidade Da Beira,,85939544B78683919401949,MOZ,ADM2,hospitals,TIME,1800,total,472757,98.46,6180,1.29
Cidade Da Beira,,85939544B78683919401949,MOZ,ADM2,hospitals,TIME,1800,under_5,52853,98.46,691,1.29
Cidade Da Beira,,85939544B78683919401949,MOZ,ADM2,hospitals,TIME,1800,women_childbearing,122708,98.46,1604,1.29
Cidade Da Beira,,85939544B78683919401949,MOZ,ADM2,hospitals,TIME,2400,adults,456796,98.97,2344,0.51
Cidade Da Beira,,85939544B78683919401949,MOZ,ADM2,hospitals,TIME,2400,elderly,14738,98.97,76,0.51
Cidade Da Beira,,85939544B78683919401949,MOZ,ADM2,hospitals,TIME,2400,school_age,242770,98.97,1246,0.51
Cidade Da Beira,,85939544B78683919401949,MOZ,ADM2,hospitals,TIME,2400,total,475197,98.97,2440,0.51
Cidade Da Beira,,85939544B78683919401949,MOZ,ADM2,hospitals,TIME,2400,under_5,53126,98.97,273,0.51
Cidade Da Beira,,85939544B78683919401949,MOZ,ADM2,hospitals,TIME,2400,women_childbearing,123341,98.97,633,0.51
Cidade Da Beira,,85939544B78683919401949,MOZ,ADM2,hospitals,TIME,3000,adults,457757,99.17,961,0.21
Cidade Da Beira,,85939544B78683919401949,MOZ,ADM2,hospitals,TIME,3000,elderly,14769,99.17,31,0.21
Cidade Da Beira,,85939544B78683919401949,MOZ,ADM2,hospitals,TIME,3000,school_age,243281,99.17,511,0.21
Cidade Da Beira,,85939544B78683919401949,MOZ,ADM2,hospitals,TIME,3000,total,476196,99.17,999,0.21
Cidade Da Beira,,85939544B78683919401949,MOZ,ADM2,hospitals,TIME,3000,under_5,53237,99.17,111,0.21
Cidade Da Beira,,85939544B78683919401949,MOZ,ADM2,hospitals,TIME,3000,women_childbearing,123601,99.17,260,0.21
Cidade Da Beira,,85939544B78683919401949,MOZ,ADM2,hospitals,TIME,3600,adults,458000,99.23,243,0.05
Cidade Da Beira,,85939544B78683919401949,MOZ,ADM2,hospitals,TIME,3600,elderly,14777,99.23,8,0.05
Cidade Da Beira,,85939544B78683919401949,MOZ,ADM2,hospitals,TIME,3600,school_age,243410,99.23,129,0.05
Cidade Da Beira,,85939544B78683919401949,MOZ,ADM2,hospitals,TIME,3600,total,476448,99.23,252,0.05
Cidade Da Beira,,85939544B78683919401949,MOZ,ADM2,hospitals,TIME,3600,under_5,53265,99.23,28,0.05
Cidade Da Beira,,85939544B78683919401949,MOZ,ADM2,hospitals,TIME,3600,women_childbearing,123666,99.23,65,0.05
Cidade Da Beira,,85939544B78683919401949,MOZ,ADM2,hospitals,TIME,4200,adults,458402,99.31,402,0.09
Cidade Da Beira,,85939544B78683919401949,MOZ,ADM2,hospitals,TIME,4200,elderly,14790,99.32,13,0.09
Cidade Da Beira,,85939544B78683919401949,MOZ,ADM2,hospitals,TIME,4200,school_age,243624,99.31,214,0.09
Cidade Da Beira,,85939544B78683919401949,MOZ,ADM2,hospitals,TIME,4200,total,476867,99.31,419,0.09
Cidade Da Beira,,85939544B78683919401949,MOZ,ADM2,hospitals,TIME,4200,under_5,53312,99.31,47,0.09
Cidade Da Beira,,85939544B78683919401949,MOZ,ADM2,hospitals,TIME,4200,women_childbearing,123775,99.31,109,0.09
Cidade Da Beira,,85939544B78683919401949,MOZ,ADM2,hospitals,TIME,4800,adults,458533,99.34,131,0.03
Cidade Da Beira,,85939544B78683919401949,MOZ,ADM2,hospitals,TIME,4800,elderly,14794,99.34,4,0.03
Cidade Da Beira,,85939544B78683919401949,MOZ,ADM2,hospitals,TIME,4800,school_age,243693,99.34,69,0.03
Cidade Da Beira,,85939544B78683919401949,MOZ,ADM2,hospitals,TIME,4800,total,477003,99.34,136,0.03
Cidade Da Beira,,85939544B78683919401949,MOZ,ADM2,hospitals,TIME,4800,under_5,53328,99.34,16,0.03
Cidade Da Beira,,85939544B78683919401949,MOZ,ADM2,hospitals,TIME,4800,women_childbearing,123810,99.34,35,0.03
Cidade Da Beira,,85939544B78683919401949,MOZ,ADM2,hospitals,TIME,5400,adults,458868,99.42,335,0.07
Cidade Da Beira,,85939544B78683919401949,MOZ,ADM2,hospitals,TIME,5400,elderly,14805,99.42,11,0.07
Cidade Da Beira,,85939544B78683919401949,MOZ,ADM2,hospitals,TIME,5400,school_age,243871,99.42,178,0.07
Cidade Da Beira,,85939544B78683919401949,MOZ,ADM2,hospitals,TIME,5400,total,477351,99.41,348,0.07
Cidade Da Beira,,85939544B78683919401949,MOZ,ADM2,hospitals,TIME,5400,under_5,53366,99.41,38,0.07
Cidade Da Beira,,85939544B78683919401949,MOZ,ADM2,hospitals,TIME,5400,women_childbearing,123901,99.42,91,0.07
Cidade Da Beira,,85939544B78683919401949,MOZ,ADM2,hospitals,TIME,6000,adults,459252,99.5,384,0.08
Cidade Da Beira,,85939544B78683919401949,MOZ,ADM2,hospitals,TIME,6000,elderly,14817,99.5,12,0.08
Cidade Da Beira,,85939544B78683919401949,MOZ,ADM2,hospitals,TIME,6000,school_age,244075,99.5,204,0.08
Cidade Da Beira,,85939544B78683919401949,MOZ,ADM2,hospitals,TIME,6000,total,477751,99.5,400,0.08
Cidade Da Beira,,85939544B78683919401949,MOZ,ADM2,hospitals,TIME,6000,under_5,53411,99.5,45,0.08
Cidade Da Beira,,85939544B78683919401949,MOZ,ADM2,hospitals,TIME,6000,women_childbearing,124004,99.5,103,0.08
Cidade Da Matola,,85939544B308430160587,MOZ,ADM2,hospitals,TIME,600,adults,1123471,87.79,1123471,87.79
Cidade Da Matola,,85939544B308430160587,MOZ,ADM2,hospitals,TIME,600,elderly,37561,87.79,37561,87.79
Cidade Da Matola,,85939544B308430160587,MOZ,ADM2,hospitals,TIME,600,school_age,583265,87.79,583265,87.79
Cidade Da Matola,,85939544B308430160587,MOZ,ADM2,hospitals,TIME,600,total,1170049,87.79,1170049,87.79
Cidade Da Matola,,85939544B308430160587,MOZ,ADM2,hospitals,TIME,600,under_5,137339,87.79,137339,87.79
Cidade Da Matola,,85939544B308430160587,MOZ,ADM2,hospitals,TIME,600,women_childbearing,330773,87.79,330773,87.79
Cidade Da Matola,,85939544B308430160587,MOZ,ADM2,hospitals,TIME,1200,adults,1276996,99.79,153525,12.0
Cidade Da Matola,,85939544B308430160587,MOZ,ADM2,hospitals,TIME,1200,elderly,42696,99.79,5135,12.0
Cidade Da Matola,,85939544B308430160587,MOZ,ADM2,hospitals,TIME,1200,school_age,662970,99.79,79705,12.0
Cidade Da Matola,,85939544B308430160587,MOZ,ADM2,hospitals,TIME,1200,total,1329941,99.79,159892,12.0
Cidade Da Matola,,85939544B308430160587,MOZ,ADM2,hospitals,TIME,1200,under_5,156108,99.79,18769,12.0
Cidade Da Matola,,85939544B308430160587,MOZ,ADM2,hospitals,TIME,1200,women_childbearing,375973,99.79,45200,12.0
Cidade Da Matola,,85939544B308430160587,MOZ,ADM2,hospitals,TIME,1800,adults,1278079,99.87,1083,0.08
Cidade Da Matola,,85939544B308430160587,MOZ,ADM2,hospitals,TIME,1800,elderly,42732,99.87,36,0.08
Cidade Da Matola,,85939544B308430160587,MOZ,ADM2,hospitals,TIME,1800,school_age,663533,99.87,563,0.08
Cidade Da Matola,,85939544B308430160587,MOZ,ADM2,hospitals,TIME,1800,total,1331069,99.87,1128,0.08
Cidade Da Matola,,85939544B308430160587,MOZ,ADM2,hospitals,TIME,1800,under_5,156241,99.87,133,0.09
Cidade Da Matola,,85939544B308430160587,MOZ,ADM2,hospitals,TIME,1800,women_childbearing,376292,99.87,319,0.08
Cidade Da Matola,,85939544B308430160587,MOZ,ADM2,hospitals,TIME,2400,adults,1279205,99.96,1126,0.09
Cidade Da Matola,,85939544B308430160587,MOZ,ADM2,hospitals,TIME,2400,elderly,42769,99.96,37,0.09
Cidade Da Matola,,85939544B308430160587,MOZ,ADM2,hospitals,TIME,2400,school_age,664117,99.96,584,0.09
Cidade Da Matola,,85939544B308430160587,MOZ,ADM2,hospitals,TIME,2400,total,1332241,99.96,1172,0.09
Cidade Da Matola,,85939544B308430160587,MOZ,ADM2,hospitals,TIME,2400,under_5,156378,99.96,137,0.09
Cidade Da Matola,,85939544B308430160587,MOZ,ADM2,hospitals,TIME,2400,women_childbearing,376623,99.96,331,0.09
Cidade Da Matola,,85939544B308430160587,MOZ,ADM2,hospitals,TIME,3000,adults,1279733,100.0,528,0.04
Cidade Da Matola,,85939544B308430160587,MOZ,ADM2,hospitals,TIME,3000,elderly,42787,100.0,18,0.04
Cidade Da Matola,,85939544B308430160587,MOZ,ADM2,hospitals,TIME,3000,school_age,664391,100.0,274,0.04
Cidade Da Matola,,85939544B308430160587,MOZ,ADM2,hospitals,TIME,3000,total,1332792,100.0,551,0.04
Cidade Da Matola,,85939544B308430160587,MOZ,ADM2,hospitals,TIME,3000,under_5,156443,100.0,65,0.04
Cidade Da Matola,,85939544B308430160587,MOZ,ADM2,hospitals,TIME,3000,women_childbearing,376779,100.0,156,0.04
Cidade Da Matola,,85939544B308430160587,MOZ,ADM2,hospitals,TIME,3600,adults,1279734,100.0,1,0.0
Cidade Da Matola,,85939544B308430160587,MOZ,ADM2,hospitals,TIME,3600,elderly,42787,100.0,0,0.0
Cidade Da Matola,,85939544B308430160587,MOZ,ADM2,hospitals,TIME,3600,school_age,664392,100.0,1,0.0
Cidade Da Matola,,85939544B308430160587,MOZ,ADM2,hospitals,TIME,3600,total,1332792,100.0,0,0.0
Cidade Da Matola,,85939544B308430160587,MOZ,ADM2,hospitals,TIME,3600,under_5,156443,100.0,0,0.0
Cidade Da Matola,,85939544B308430160587,MOZ,ADM2,hospitals,TIME,3600,women_childbearing,376779,100.0,0,0.0
Cidade Da Matola,,85939544B308430160587,MOZ,ADM2,hospitals,TIME,4200,adults,1279734,100.0,0,0.0
Cidade Da Matola,,85939544B308430160587,MOZ,ADM2,hospitals,TIME,4200,elderly,42787,100.0,0,0.0
Cidade Da Matola,,85939544B308430160587,MOZ,ADM2,hospitals,TIME,4200,school_age,664392,100.0,0,0.0
Cidade Da Matola,,85939544B308430160587,MOZ,ADM2,hospitals,TIME,4200,total,1332792,100.0,0,0.0
Cidade Da Matola,,85939544B308430160587,MOZ,ADM2,hospitals,TIME,4200,under_5,156443,100.0,0,0.0
Cidade Da Matola,,85939544B308430160587,MOZ,ADM2,hospitals,TIME,4200,women_childbearing,376779,100.0,0,0.0
Cidade Da Matola,,85939544B308430160587,MOZ,ADM2,hospitals,TIME,4800,adults,1279734,100.0,0,0.0
Cidade Da Matola,,85939544B308430160587,MOZ,ADM2,hospitals,TIME,4800,elderly,42787,100.0,0,0.0
Cidade Da Matola,,85939544B308430160587,MOZ,ADM2,hospitals,TIME,4800,school_age,664392,100.0,0,0.0
Cidade Da Matola,,85939544B308430160587,MOZ,ADM2,hospitals,TIME,4800,total,1332792,100.0,0,0.0
Cidade Da Matola,,85939544B308430160587,MOZ,ADM2,hospitals,TIME,4800,under_5,156443,100.0,0,0.0
Cidade Da Matola,,85939544B308430160587,MOZ,ADM2,hospitals,TIME,4800,women_childbearing,376779,100.0,0,0.0
Cidade Da Matola,,85939544B308430160587,MOZ,ADM2,hospitals,TIME,5400,adults,1279734,100.0,0,0.0
Cidade Da Matola,,85939544B308430160587,MOZ,ADM2,hospitals,TIME,5400,elderly,42787,100.0,0,0.0
Cidade Da Matola,,85939544B308430160587,MOZ,ADM2,hospitals,TIME,5400,school_age,664392,100.0,0,0.0
Cidade Da Matola,,85939544B308430160587,MOZ,ADM2,hospitals,TIME,5400,total,1332792,100.0,0,0.0
Cidade Da Matola,,85939544B308430160587,MOZ,ADM2,hospitals,TIME,5400,under_5,156443,100.0,0,0.0
Cidade Da Matola,,85939544B308430160587,MOZ,ADM2,hospitals,TIME,5400,women_childbearing,376779,100.0,0,0.0
Cidade Da Matola,,85939544B308430160587,MOZ,ADM2,hospitals,TIME,6000,adults,1279734,100.0,0,0.0
Cidade Da Matola,,85939544B308430160587,MOZ,ADM2,hospitals,TIME,6000,elderly,42787,100.0,0,0.0
Cidade Da Matola,,85939544B308430160587,MOZ,ADM2,hospitals,TIME,6000,school_age,664392,100.0,0,0.0
Cidade Da Matola,,85939544B308430160587,MOZ,ADM2,hospitals,TIME,6000,total,1332792,100.0,0,0.0
Cidade Da Matola,,85939544B308430160587,MOZ,ADM2,hospitals,TIME,6000,under_5,156443,100.0,0,0.0
Cidade Da Matola,,85939544B308430160587,MOZ,ADM2,hospitals,TIME,6000,women_childbearing,376779,100.0,0,0.0
Cidade De Chimoio,,85939544B35135302322965,MOZ,ADM2,hospitals,TIME,600,adults,321535,90.56,321535,90.56
Cidade De Chimoio,,85939544B35135302322965,MOZ,ADM2,hospitals,TIME,600,elderly,8206,90.52,8206,90.52
Cidade De Chimoio,,85939544B35135302322965,MOZ,ADM2,hospitals,TIME,600,school_age,188101,90.56,188101,90.56
Cidade De Chimoio,,85939544B35135302322965,MOZ,ADM2,hospitals,TIME,600,total,332303,90.56,332303,90.56
Cidade De Chimoio,,85939544B35135302322965,MOZ,ADM2,hospitals,TIME,600,under_5,47687,90.55,47687,90.55
Cidade De Chimoio,,85939544B35135302322965,MOZ,ADM2,hospitals,TIME,600,women_childbearing,80982,90.56,80982,90.56
Cidade De Chimoio,,85939544B35135302322965,MOZ,ADM2,hospitals,TIME,1200,adults,343558,96.76,22023,6.2
Cidade De Chimoio,,85939544B35135302322965,MOZ,ADM2,hospitals,TIME,1200,elderly,8770,96.75,564,6.22
Cidade De Chimoio,,85939544B35135302322965,MOZ,ADM2,hospitals,TIME,1200,school_age,200986,96.76,12885,6.2
Cidade De Chimoio,,85939544B35135302322965,MOZ,ADM2,hospitals,TIME,1200,total,355064,96.76,22761,6.2
Cidade De Chimoio,,85939544B35135302322965,MOZ,ADM2,hospitals,TIME,1200,under_5,50955,96.76,3268,6.21
Cidade De Chimoio,,85939544B35135302322965,MOZ,ADM2,hospitals,TIME,1200,women_childbearing,86528,96.77,5546,6.2
Cidade De Chimoio,,85939544B35135302322965,MOZ,ADM2,hospitals,TIME,1800,adults,344384,97.0,826,0.23
Cidade De Chimoio,,85939544B35135302322965,MOZ,ADM2,hospitals,TIME,1800,elderly,8791,96.98,21,0.23
Cidade De Chimoio,,85939544B35135302322965,MOZ,ADM2,hospitals,TIME,1800,school_age,201470,96.99,484,0.23
Cidade De Chimoio,,85939544B35135302322965,MOZ,ADM2,hospitals,TIME,1800,total,355919,97.0,855,0.23
Cidade De Chimoio,,85939544B35135302322965,MOZ,ADM2,hospitals,TIME,1800,under_5,51078,96.99,123,0.23
Cidade De Chimoio,,85939544B35135302322965,MOZ,ADM2,hospitals,TIME,1800,women_childbearing,86736,97.0,208,0.23
Cidade De Chimoio,,85939544B35135302322965,MOZ,ADM2,hospitals,TIME,2400,adults,351210,98.92,6826,1.92
Cidade De Chimoio,,85939544B35135302322965,MOZ,ADM2,hospitals,TIME,2400,elderly,8965,98.9,174,1.92
Cidade De Chimoio,,85939544B35135302322965,MOZ,ADM2,hospitals,TIME,2400,school_age,205463,98.92,3993,1.92
Cidade De Chimoio,,85939544B35135302322965,MOZ,ADM2,hospitals,TIME,2400,total,362973,98.92,7054,1.92
Cidade De Chimoio,,85939544B35135302322965,MOZ,ADM2,hospitals,TIME,2400,under_5,52090,98.91,1012,1.92
Cidade De Chimoio,,85939544B35135302322965,MOZ,ADM2,hospitals,TIME,2400,women_childbearing,88455,98.92,1719,1.92
Cidade De Chimoio,,85939544B35135302322965,MOZ,ADM2,hospitals,TIME,3000,adults,351822,99.09,612,0.17
Cidade De Chimoio,,85939544B35135302322965,MOZ,ADM2,hospitals,TIME,3000,elderly,8981,99.07,16,0.18
Cidade De Chimoio,,85939544B35135302322965,MOZ,ADM2,hospitals,TIME,3000,school_age,205821,99.09,358,0.17
Cidade De Chimoio,,85939544B35135302322965,MOZ,ADM2,hospitals,TIME,3000,total,363605,99.09,632,0.17
Cidade De Chimoio,,85939544B35135302322965,MOZ,ADM2,hospitals,TIME,3000,under_5,52181,99.09,91,0.17
Cidade De Chimoio,,85939544B35135302322965,MOZ,ADM2,hospitals,TIME,3000,women_childbearing,88609,99.09,154,0.17
Cidade De Chimoio,,85939544B35135302322965,MOZ,ADM2,hospitals,TIME,3600,adults,352310,99.23,488,0.14
Cidade De Chimoio,,85939544B35135302322965,MOZ,ADM2,hospitals,TIME,3600,elderly,8993,99.21,12,0.13
Cidade De Chimoio,,85939544B35135302322965,MOZ,ADM2,hospitals,TIME,3600,school_age,206107,99.23,286,0.14
Cidade De Chimoio,,85939544B35135302322965,MOZ,ADM2,hospitals,TIME,3600,total,364110,99.23,505,0.14
Cidade De Chimoio,,85939544B35135302322965,MOZ,ADM2,hospitals,TIME,3600,under_5,52253,99.22,72,0.14
Cidade De Chimoio,,85939544B35135302322965,MOZ,ADM2,hospitals,TIME,3600,women_childbearing,88732,99.23,123,0.14
Cidade De Chimoio,,85939544B35135302322965,MOZ,ADM2,hospitals,TIME,4200,adults,352632,99.32,322,0.09
Cidade De Chimoio,,85939544B35135302322965,MOZ,ADM2,hospitals,TIME,4200,elderly,9002,99.31,9,0.1
Cidade De Chimoio,,85939544B35135302322965,MOZ,ADM2,hospitals,TIME,4200,school_age,206295,99.32,188,0.09
Cidade De Chimoio,,85939544B35135302322965,MOZ,ADM2,hospitals,TIME,4200,total,364443,99.32,333,0.09
Cidade De Chimoio,,85939544B35135302322965,MOZ,ADM2,hospitals,TIME,4200,under_5,52301,99.31,48,0.09
Cidade De Chimoio,,85939544B35135302322965,MOZ,ADM2,hospitals,TIME,4200,women_childbearing,88813,99.32,81,0.09
Cidade De Chimoio,,85939544B35135302322965,MOZ,ADM2,hospitals,TIME,4800,adults,352736,99.35,104,0.03
Cidade De Chimoio,,85939544B35135302322965,MOZ,ADM2,hospitals,TIME,4800,elderly,9004,99.33,2,0.02
Cidade De Chimoio,,85939544B35135302322965,MOZ,ADM2,hospitals,TIME,4800,school_age,206356,99.35,61,0.03
Cidade De Chimoio,,85939544B35135302322965,MOZ,ADM2,hospitals,TIME,4800,total,364550,99.35,107,0.03
Cidade De Chimoio,,85939544B35135302322965,MOZ,ADM2,hospitals,TIME,4800,under_5,52316,99.34,15,0.03
Cidade De Chimoio,,85939544B35135302322965,MOZ,ADM2,hospitals,TIME,4800,women_childbearing,88839,99.35,26,0.03
Cidade De Chimoio,,85939544B35135302322965,MOZ,ADM2,hospitals,TIME,5400,adults,353120,99.46,384,0.11
Cidade De Chimoio,,85939544B35135302322965,MOZ,ADM2,hospitals,TIME,5400,elderly,9014,99.44,10,0.11
Cidade De Chimoio,,85939544B35135302322965,MOZ,ADM2,hospitals,TIME,5400,school_age,206581,99.46,225,0.11
Cidade De Chimoio,,85939544B35135302322965,MOZ,ADM2,hospitals,TIME,5400,total,364947,99.46,397,0.11
Cidade De Chimoio,,85939544B35135302322965,MOZ,ADM2,hospitals,TIME,5400,under_5,52373,99.45,57,0.11
Cidade De Chimoio,,85939544B35135302322965,MOZ,ADM2,hospitals,TIME,5400,women_childbearing,88936,99.46,97,0.11
Cidade De Chimoio,,85939544B35135302322965,MOZ,ADM2,hospitals,TIME,6000,adults,353181,99.47,61,0.02
Cidade De Chimoio,,85939544B35135302322965,MOZ,ADM2,hospitals,TIME,6000,elderly,9016,99.46,2,0.02
Cidade De Chimoio,,85939544B35135302322965,MOZ,ADM2,hospitals,TIME,6000,school_age,206616,99.47,35,0.02
Cidade De Chimoio,,85939544B35135302322965,MOZ,ADM2,hospitals,TIME,6000,total,365010,99.47,63,0.02
Cidade De Chimoio,,85939544B35135302322965,MOZ,ADM2,hospitals,TIME,6000,under_5,52382,99.47,9,0.02
Cidade De Chimoio,,85939544B35135302322965,MOZ,ADM2,hospitals,TIME,6000,women_childbearing,88951,99.48,15,0.02
Cidade De Inhambane,,85939544B19302565001464,MOZ,ADM2,hospitals,TIME,600,adults,50622,62.99,50622,62.99
Cidade De Inhambane,,85939544B19302565001464,MOZ,ADM2,hospitals,TIME,600,elderly,2734,62.89,2734,62.89
Cidade De Inhambane,,85939544B19302565001464,MOZ,ADM2,hospitals,TIME,600,school_age,27854,62.98,27854,62.98
Cidade De Inhambane,,85939544B19302565001464,MOZ,ADM2,hospitals,TIME,600,total,53770,62.99,53770,62.99
Cidade De Inhambane,,85939544B19302565001464,MOZ,ADM2,hospitals,TIME,600,under_5,6395,62.95,6395,62.95
Cidade De Inhambane,,85939544B19302565001464,MOZ,ADM2,hospitals,TIME,600,women_childbearing,15024,63.0,15024,63.0
Cidade De Inhambane,,85939544B19302565001464,MOZ,ADM2,hospitals,TIME,1200,adults,67736,84.29,17114,21.3
Cidade De Inhambane,,85939544B19302565001464,MOZ,ADM2,hospitals,TIME,1200,elderly,3662,84.24,928,21.35
Cidade De Inhambane,,85939544B19302565001464,MOZ,ADM2,hospitals,TIME,1200,school_age,37276,84.28,9422,21.3
Cidade De Inhambane,,85939544B19302565001464,MOZ,ADM2,hospitals,TIME,1200,total,71953,84.29,18183,21.3
Cidade De Inhambane,,85939544B19302565001464,MOZ,ADM2,hospitals,TIME,1200,under_5,8561,84.27,2166,21.32
Cidade De Inhambane,,85939544B19302565001464,MOZ,ADM2,hospitals,TIME,1200,women_childbearing,20101,84.3,5077,21.29
Cidade De Inhambane,,85939544B19302565001464,MOZ,ADM2,hospitals,TIME,1800,adults,70958,88.3,3222,4.01
Cidade De Inhambane,,85939544B19302565001464,MOZ,ADM2,hospitals,TIME,1800,elderly,3837,88.27,175,4.03
Cidade De Inhambane,,85939544B19302565001464,MOZ,ADM2,hospitals,TIME,1800,school_age,39051,88.29,1775,4.01
Cidade De Inhambane,,85939544B19302565001464,MOZ,ADM2,hospitals,TIME,1800,total,75376,88.3,3423,4.01
Cidade De Inhambane,,85939544B19302565001464,MOZ,ADM2,hospitals,TIME,1800,under_5,8969,88.29,408,4.02
Cidade De Inhambane,,85939544B19302565001464,MOZ,ADM2,hospitals,TIME,1800,women_childbearing,21057,88.3,956,4.01
Cidade De Inhambane,,85939544B19302565001464,MOZ,ADM2,hospitals,TIME,2400,adults,72332,90.01,1374,1.71
Cidade De Inhambane,,85939544B19302565001464,MOZ,ADM2,hospitals,TIME,2400,elderly,3911,89.97,74,1.7
Cidade De Inhambane,,85939544B19302565001464,MOZ,ADM2,hospitals,TIME,2400,school_age,39807,90.0,756,1.71
Cidade De Inhambane,,85939544B19302565001464,MOZ,ADM2,hospitals,TIME,2400,total,76835,90.0,1459,1.71
Cidade De Inhambane,,85939544B19302565001464,MOZ,ADM2,hospitals,TIME,2400,under_5,9143,90.0,174,1.71
Cidade De Inhambane,,85939544B19302565001464,MOZ,ADM2,hospitals,TIME,2400,women_childbearing,21464,90.01,407,1.71
Cidade De Inhambane,,85939544B19302565001464,MOZ,ADM2,hospitals,TIME,3000,adults,74264,92.41,1932,2.4
Cidade De Inhambane,,85939544B19302565001464,MOZ,ADM2,hospitals,TIME,3000,elderly,4016,92.39,105,2.42
Cidade De Inhambane,,85939544B19302565001464,MOZ,ADM2,hospitals,TIME,3000,school_age,40871,92.41,1064,2.41
Cidade De Inhambane,,85939544B19302565001464,MOZ,ADM2,hospitals,TIME,3000,total,78889,92.41,2054,2.41
Cidade De Inhambane,,85939544B19302565001464,MOZ,ADM2,hospitals,TIME,3000,under_5,9387,92.4,244,2.4
Cidade De Inhambane,,85939544B19302565001464,MOZ,ADM2,hospitals,TIME,3000,women_childbearing,22038,92.42,574,2.41
Cidade De Inhambane,,85939544B19302565001464,MOZ,ADM2,hospitals,TIME,3600,adults,75191,93.56,927,1.15
Cidade De Inhambane,,85939544B19302565001464,MOZ,ADM2,hospitals,TIME,3600,elderly,4066,93.54,50,1.15
Cidade De Inhambane,,85939544B19302565001464,MOZ,ADM2,hospitals,TIME,3600,school_age,41380,93.56,509,1.15
Cidade De Inhambane,,85939544B19302565001464,MOZ,ADM2,hospitals,TIME,3600,total,79873,93.56,984,1.15
Cidade De Inhambane,,85939544B19302565001464,MOZ,ADM2,hospitals,TIME,3600,under_5,9504,93.55,117,1.15
Cidade De Inhambane,,85939544B19302565001464,MOZ,ADM2,hospitals,TIME,3600,women_childbearing,22313,93.57,275,1.15
Cidade De Inhambane,,85939544B19302565001464,MOZ,ADM2,hospitals,TIME,4200,adults,76501,95.19,1310,1.63
Cidade De Inhambane,,85939544B19302565001464,MOZ,ADM2,hospitals,TIME,4200,elderly,4137,95.17,71,1.63
Cidade De Inhambane,,85939544B19302565001464,MOZ,ADM2,hospitals,TIME,4200,school_age,42102,95.19,722,1.63
Cidade De Inhambane,,85939544B19302565001464,MOZ,ADM2,hospitals,TIME,4200,total,81265,95.19,1392,1.63
Cidade De Inhambane,,85939544B19302565001464,MOZ,ADM2,hospitals,TIME,4200,under_5,9670,95.19,166,1.63
Cidade De Inhambane,,85939544B19302565001464,MOZ,ADM2,hospitals,TIME,4200,women_childbearing,22701,95.2,388,1.63
Cidade De Inhambane,,85939544B19302565001464,MOZ,ADM2,hospitals,TIME,4800,adults,76980,95.79,479,0.6
Cidade De Inhambane,,85939544B19302565001464,MOZ,ADM2,hospitals,TIME,4800,elderly,4163,95.77,26,0.6
Cidade De Inhambane,,85939544B19302565001464,MOZ,ADM2,hospitals,TIME,4800,school_age,42365,95.79,263,0.59
Cidade De Inhambane,,85939544B19302565001464,MOZ,ADM2,hospitals,TIME,4800,total,81773,95.79,508,0.6
Cidade De Inhambane,,85939544B19302565001464,MOZ,ADM2,hospitals,TIME,4800,under_5,9731,95.79,61,0.6
Cidade De Inhambane,,85939544B19302565001464,MOZ,ADM2,hospitals,TIME,4800,women_childbearing,22843,95.79,142,0.6
Cidade De Inhambane,,85939544B19302565001464,MOZ,ADM2,hospitals,TIME,5400,adults,77684,96.67,704,0.88
Cidade De Inhambane,,85939544B19302565001464,MOZ,ADM2,hospitals,TIME,5400,elderly,4201,96.64,38,0.87
Cidade De Inhambane,,85939544B19302565001464,MOZ,ADM2,hospitals,TIME,5400,school_age,42753,96.66,388,0.88
Cidade De Inhambane,,85939544B19302565001464,MOZ,ADM2,hospitals,TIME,5400,total,82521,96.67,748,0.88
Cidade De Inhambane,,85939544B19302565001464,MOZ,ADM2,hospitals,TIME,5400,under_5,9820,96.66,89,0.88
Cidade De Inhambane,,85939544B19302565001464,MOZ,ADM2,hospitals,TIME,5400,women_childbearing,23052,96.67,209,0.88
Cidade De Inhambane,,85939544B19302565001464,MOZ,ADM2,hospitals,TIME,6000,adults,78323,97.46,639,0.8
Cidade De Inhambane,,85939544B19302565001464,MOZ,ADM2,hospitals,TIME,6000,elderly,4236,97.45,35,0.81
Cidade De Inhambane,,85939544B19302565001464,MOZ,ADM2,hospitals,TIME,6000,school_age,43105,97.46,352,0.8
Cidade De Inhambane,,85939544B19302565001464,MOZ,ADM2,hospitals,TIME,6000,total,83200,97.46,679,0.8
Cidade De Inhambane,,85939544B19302565001464,MOZ,ADM2,hospitals,TIME,6000,under_5,9900,97.45,80,0.79
Cidade De Inhambane,,85939544B19302565001464,MOZ,ADM2,hospitals,TIME,6000,women_childbearing,23242,97.47,190,0.8
Cidade De Maputo,,85939544B59479814848654,MOZ,ADM2,hospitals,TIME,600,adults,1132543,94.59,1132543,94.59
Cidade De Maputo,,85939544B59479814848654,MOZ,ADM2,hospitals,TIME,600,elderly,40886,94.85,40886,94.85
Cidade De Maputo,,85939544B59479814848654,MOZ,ADM2,hospitals,TIME,600,school_age,555605,94.31,555605,94.31
Cidade De Maputo,,85939544B59479814848654,MOZ,ADM2,hospitals,TIME,600,total,1182543,94.6,1182543,94.6
Cidade De Maputo,,85939544B59479814848654,MOZ,ADM2,hospitals,TIME,600,under_5,119528,94.23,119528,94.23
Cidade De Maputo,,85939544B59479814848654,MOZ,ADM2,hospitals,TIME,600,women_childbearing,343769,94.69,343769,94.69
Cidade De Maputo,,85939544B59479814848654,MOZ,ADM2,hospitals,TIME,1200,adults,1191086,99.48,58543,4.89
Cidade De Maputo,,85939544B59479814848654,MOZ,ADM2,hospitals,TIME,1200,elderly,42674,99.0,1788,4.15
Cidade De Maputo,,85939544B59479814848654,MOZ,ADM2,hospitals,TIME,1200,school_age,585690,99.42,30085,5.11
Cidade De Maputo,,85939544B59479814848654,MOZ,ADM2,hospitals,TIME,1200,total,1243342,99.46,60799,4.86
Cidade De Maputo,,85939544B59479814848654,MOZ,ADM2,hospitals,TIME,1200,under_5,126059,99.37,6531,5.15
Cidade De Maputo,,85939544B59479814848654,MOZ,ADM2,hospitals,TIME,1200,women_childbearing,361304,99.52,17535,4.83
Cidade De Maputo,,85939544B59479814848654,MOZ,ADM2,hospitals,TIME,1800,adults,1191352,99.5,266,0.02
Cidade De Maputo,,85939544B59479814848654,MOZ,ADM2,hospitals,TIME,1800,elderly,42688,99.03,14,0.03
Cidade De Maputo,,85939544B59479814848654,MOZ,ADM2,hospitals,TIME,1800,school_age,585831,99.44,141,0.02
Cidade De Maputo,,85939544B59479814848654,MOZ,ADM2,hospitals,TIME,1800,total,1243624,99.48,282,0.02
Cidade De Maputo,,85939544B59479814848654,MOZ,ADM2,hospitals,TIME,1800,under_5,126090,99.4,31,0.02
Cidade De Maputo,,85939544B59479814848654,MOZ,ADM2,hospitals,TIME,1800,women_childbearing,361381,99.54,77,0.02
Cidade De Maputo,,85939544B59479814848654,MOZ,ADM2,hospitals,TIME,2400,adults,1191395,99.5,43,0.0
Cidade De Maputo,,85939544B59479814848654,MOZ,ADM2,hospitals,TIME,2400,elderly,42691,99.04,3,0.01
Cidade De Maputo,,85939544B59479814848654,MOZ,ADM2,hospitals,TIME,2400,school_age,585853,99.44,22,0.0
Cidade De Maputo,,85939544B59479814848654,MOZ,ADM2,hospitals,TIME,2400,total,1243670,99.49,46,0.0
Cidade De Maputo,,85939544B59479814848654,MOZ,ADM2,hospitals,TIME,2400,under_5,126096,99.4,6,0.0
Cidade De Maputo,,85939544B59479814848654,MOZ,ADM2,hospitals,TIME,2400,women_childbearing,361392,99.54,11,0.0
Cidade De Maputo,,85939544B59479814848654,MOZ,ADM2,hospitals,TIME,3000,adults,1191603,99.52,208,0.02
Cidade De Maputo,,85939544B59479814848654,MOZ,ADM2,hospitals,TIME,3000,elderly,42707,99.08,16,0.04
Cidade De Maputo,,85939544B59479814848654,MOZ,ADM2,hospitals,TIME,3000,school_age,585965,99.46,112,0.02
Cidade De Maputo,,85939544B59479814848654,MOZ,ADM2,hospitals,TIME,3000,total,1243896,99.5,226,0.02
Cidade De Maputo,,85939544B59479814848654,MOZ,ADM2,hospitals,TIME,3000,under_5,126121,99.42,25,0.02
Cidade De Maputo,,85939544B59479814848654,MOZ,ADM2,hospitals,TIME,3000,women_childbearing,361450,99.56,58,0.02
Cidade De Maputo,,85939544B59479814848654,MOZ,ADM2,hospitals,TIME,3600,adults,1191603,99.52,0,0.0
Cidade De Maputo,,85939544B59479814848654,MOZ,ADM2,hospitals,TIME,3600,elderly,42707,99.08,0,0.0
Cidade De Maputo,,85939544B59479814848654,MOZ,ADM2,hospitals,TIME,3600,school_age,585965,99.46,0,0.0
Cidade De Maputo,,85939544B59479814848654,MOZ,ADM2,hospitals,TIME,3600,total,1243896,99.5,0,0.0
Cidade De Maputo,,85939544B59479814848654,MOZ,ADM2,hospitals,TIME,3600,under_5,126121,99.42,0,0.0
Cidade De Maputo,,85939544B59479814848654,MOZ,ADM2,hospitals,TIME,3600,women_childbearing,361450,99.56,0,0.0
Cidade De Maputo,,85939544B59479814848654,MOZ,ADM2,hospitals,TIME,4200,adults,1191621,99.52,18,0.0
Cidade De Maputo,,85939544B59479814848654,MOZ,ADM2,hospitals,TIME,4200,elderly,42708,99.08,1,0.0
Cidade De Maputo,,85939544B59479814848654,MOZ,ADM2,hospitals,TIME,4200,school_age,585975,99.46,10,0.0
Cidade De Maputo,,85939544B59479814848654,MOZ,ADM2,hospitals,TIME,4200,total,1243915,99.51,19,0.0
Cidade De Maputo,,85939544B59479814848654,MOZ,ADM2,hospitals,TIME,4200,under_5,126123,99.43,2,0.0
Cidade De Maputo,,85939544B59479814848654,MOZ,ADM2,hospitals,TIME,4200,women_childbearing,361455,99.56,5,0.0
Cidade De Maputo,,85939544B59479814848654,MOZ,ADM2,hospitals,TIME,4800,adults,1191621,99.52,0,0.0
Cidade De Maputo,,85939544B59479814848654,MOZ,ADM2,hospitals,TIME,4800,elderly,42708,99.08,0,0.0
Cidade De Maputo,,85939544B59479814848654,MOZ,ADM2,hospitals,TIME,4800,school_age,585975,99.46,0,0.0
Cidade De Maputo,,85939544B59479814848654,MOZ,ADM2,hospitals,TIME,4800,total,1243915,99.51,0,0.0
Cidade De Maputo,,85939544B59479814848654,MOZ,ADM2,hospitals,TIME,4800,under_5,126123,99.43,0,0.0
Cidade De Maputo,,85939544B59479814848654,MOZ,ADM2,hospitals,TIME,4800,women_childbearing,361455,99.56,0,0.0
Cidade De Maputo,,85939544B59479814848654,MOZ,ADM2,hospitals,TIME,5400,adults,1191624,99.52,3,0.0
Cidade De Maputo,,85939544B59479814848654,MOZ,ADM2,hospitals,TIME,5400,elderly,42708,99.08,0,0.0
Cidade De Maputo,,85939544B59479814848654,MOZ,ADM2,hospitals,TIME,5400,school_age,585977,99.46,2,0.0
Cidade De Maputo,,85939544B59479814848654,MOZ,ADM2,hospitals,TIME,5400,total,1243919,99.51,4,0.0
Cidade De Maputo,,85939544B59479814848654,MOZ,ADM2,hospitals,TIME,5400,under_5,126124,99.43,1,0.0
Cidade De Maputo,,85939544B59479814848654,MOZ,ADM2,hospitals,TIME,5400,women_childbearing,361456,99.56,1,0.0
Cidade De Maputo,,85939544B59479814848654,MOZ,ADM2,hospitals,TIME,6000,adults,1191640,99.52,16,0.0
Cidade De Maputo,,85939544B59479814848654,MOZ,ADM2,hospitals,TIME,6000,elderly,42709,99.08,1,0.0
Cidade De Maputo,,85939544B59479814848654,MOZ,ADM2,hospitals,TIME,6000,school_age,585985,99.47,8,0.0
Cidade De Maputo,,85939544B59479814848654,MOZ,ADM2,hospitals,TIME,6000,total,1243935,99.51,16,0.0
Cidade De Maputo,,85939544B59479814848654,MOZ,ADM2,hospitals,TIME,6000,under_5,126125,99.43,1,0.0
Cidade De Maputo,,85939544B59479814848654,MOZ,ADM2,hospitals,TIME,6000,women_childbearing,361461,99.56,5,0.0
Cidade De Nampula,,85939544B70859422468328,MOZ,ADM2,hospitals,TIME,600,adults,683323,83.07,683323,83.07
Cidade De Nampula,,85939544B70859422468328,MOZ,ADM2,hospitals,TIME,600,elderly,15085,82.96,15085,82.96
Cidade De Nampula,,85939544B70859422468328,MOZ,ADM2,hospitals,TIME,600,school_age,387452,83.07,387452,83.07
Cidade De Nampula,,85939544B70859422468328,MOZ,ADM2,hospitals,TIME,600,total,703833,83.07,703833,83.07
Cidade De Nampula,,85939544B70859422468328,MOZ,ADM2,hospitals,TIME,600,under_5,98143,83.05,98143,83.05
Cidade De Nampula,,85939544B70859422468328,MOZ,ADM2,hospitals,TIME,600,women_childbearing,173790,83.08,173790,83.08
Cidade De Nampula,,85939544B70859422468328,MOZ,ADM2,hospitals,TIME,1200,adults,772081,93.86,88758,10.79
Cidade De Nampula,,85939544B70859422468328,MOZ,ADM2,hospitals,TIME,1200,elderly,17047,93.75,1962,10.79
Cidade De Nampula,,85939544B70859422468328,MOZ,ADM2,hospitals,TIME,1200,school_age,437780,93.86,50328,10.79
Cidade De Nampula,,85939544B70859422468328,MOZ,ADM2,hospitals,TIME,1200,total,795256,93.86,91423,10.79
Cidade De Nampula,,85939544B70859422468328,MOZ,ADM2,hospitals,TIME,1200,under_5,110893,93.84,12750,10.79
Cidade De Nampula,,85939544B70859422468328,MOZ,ADM2,hospitals,TIME,1200,women_childbearing,196363,93.87,22573,10.79
Cidade De Nampula,,85939544B70859422468328,MOZ,ADM2,hospitals,TIME,1800,adults,773860,94.08,1779,0.22
Cidade De Nampula,,85939544B70859422468328,MOZ,ADM2,hospitals,TIME,1800,elderly,17086,93.96,39,0.21
Cidade De Nampula,,85939544B70859422468328,MOZ,ADM2,hospitals,TIME,1800,school_age,438789,94.08,1009,0.22
Cidade De Nampula,,85939544B70859422468328,MOZ,ADM2,hospitals,TIME,1800,total,797089,94.08,1833,0.22
Cidade De Nampula,,85939544B70859422468328,MOZ,ADM2,hospitals,TIME,1800,under_5,111149,94.05,256,0.22
Cidade De Nampula,,85939544B70859422468328,MOZ,ADM2,hospitals,TIME,1800,women_childbearing,196815,94.08,452,0.22
Cidade De Nampula,,85939544B70859422468328,MOZ,ADM2,hospitals,TIME,2400,adults,778522,94.65,4662,0.57
Cidade De Nampula,,85939544B70859422468328,MOZ,ADM2,hospitals,TIME,2400,elderly,17189,94.53,103,0.57
Cidade De Nampula,,85939544B70859422468328,MOZ,ADM2,hospitals,TIME,2400,school_age,441432,94.64,2643,0.57
Cidade De Nampula,,85939544B70859422468328,MOZ,ADM2,hospitals,TIME,2400,total,801891,94.64,4802,0.57
Cidade De Nampula,,85939544B70859422468328,MOZ,ADM2,hospitals,TIME,2400,under_5,111819,94.62,670,0.57
Cidade De Nampula,,85939544B70859422468328,MOZ,ADM2,hospitals,TIME,2400,women_childbearing,198001,94.65,1186,0.57
Cidade De Nampula,,85939544B70859422468328,MOZ,ADM2,hospitals,TIME,3000,adults,781430,95.0,2908,0.35
Cidade De Nampula,,85939544B70859422468328,MOZ,ADM2,hospitals,TIME,3000,elderly,17253,94.88,64,0.35
Cidade De Nampula,,85939544B70859422468328,MOZ,ADM2,hospitals,TIME,3000,school_age,443081,95.0,1649,0.35
Cidade De Nampula,,85939544B70859422468328,MOZ,ADM2,hospitals,TIME,3000,total,804886,95.0,2995,0.35
Cidade De Nampula,,85939544B70859422468328,MOZ,ADM2,hospitals,TIME,3000,under_5,112237,94.97,418,0.35
Cidade De Nampula,,85939544B70859422468328,MOZ,ADM2,hospitals,TIME,3000,women_childbearing,198740,95.0,739,0.35
Cidade De Nampula,,85939544B70859422468328,MOZ,ADM2,hospitals,TIME,3600,adults,786148,95.57,4718,0.57
Cidade De Nampula,,85939544B70859422468328,MOZ,ADM2,hospitals,TIME,3600,elderly,17362,95.48,109,0.6
Cidade De Nampula,,85939544B70859422468328,MOZ,ADM2,hospitals,TIME,3600,school_age,445759,95.57,2678,0.57
Cidade De Nampula,,85939544B70859422468328,MOZ,ADM2,hospitals,TIME,3600,total,809751,95.57,4865,0.57
Cidade De Nampula,,85939544B70859422468328,MOZ,ADM2,hospitals,TIME,3600,under_5,112921,95.55,684,0.58
Cidade De Nampula,,85939544B70859422468328,MOZ,ADM2,hospitals,TIME,3600,women_childbearing,199939,95.58,1199,0.57
Cidade De Nampula,,85939544B70859422468328,MOZ,ADM2,hospitals,TIME,4200,adults,791012,96.17,4864,0.59
Cidade De Nampula,,85939544B70859422468328,MOZ,ADM2,hospitals,TIME,4200,elderly,17473,96.09,111,0.61
Cidade De Nampula,,85939544B70859422468328,MOZ,ADM2,hospitals,TIME,4200,school_age,448519,96.16,2760,0.59
Cidade De Nampula,,85939544B70859422468328,MOZ,ADM2,hospitals,TIME,4200,total,814763,96.16,5012,0.59
Cidade De Nampula,,85939544B70859422468328,MOZ,ADM2,hospitals,TIME,4200,under_5,113624,96.15,703,0.59
Cidade De Nampula,,85939544B70859422468328,MOZ,ADM2,hospitals,TIME,4200,women_childbearing,201174,96.17,1235,0.59
Cidade De Nampula,,85939544B70859422468328,MOZ,ADM2,hospitals,TIME,4800,adults,802082,97.51,11070,1.35
Cidade De Nampula,,85939544B70859422468328,MOZ,ADM2,hospitals,TIME,4800,elderly,17720,97.45,247,1.36
Cidade De Nampula,,85939544B70859422468328,MOZ,ADM2,hospitals,TIME,4800,school_age,454797,97.51,6278,1.35
Cidade De Nampula,,85939544B70859422468328,MOZ,ADM2,hospitals,TIME,4800,total,826169,97.51,11406,1.35
Cidade De Nampula,,85939544B70859422468328,MOZ,ADM2,hospitals,TIME,4800,under_5,115218,97.5,1594,1.35
Cidade De Nampula,,85939544B70859422468328,MOZ,ADM2,hospitals,TIME,4800,women_childbearing,203989,97.51,2815,1.35
Cidade De Nampula,,85939544B70859422468328,MOZ,ADM2,hospitals,TIME,5400,adults,809826,98.45,7744,0.94
Cidade De Nampula,,85939544B70859422468328,MOZ,ADM2,hospitals,TIME,5400,elderly,17895,98.41,175,0.96
Cidade De Nampula,,85939544B70859422468328,MOZ,ADM2,hospitals,TIME,5400,school_age,459191,98.45,4394,0.94
Cidade De Nampula,,85939544B70859422468328,MOZ,ADM2,hospitals,TIME,5400,total,834149,98.45,7980,0.94
Cidade De Nampula,,85939544B70859422468328,MOZ,ADM2,hospitals,TIME,5400,under_5,116336,98.44,1118,0.95
Cidade De Nampula,,85939544B70859422468328,MOZ,ADM2,hospitals,TIME,5400,women_childbearing,205957,98.45,1968,0.94
Cidade De Nampula,,85939544B70859422468328,MOZ,ADM2,hospitals,TIME,6000,adults,812038,98.72,2212,0.27
Cidade De Nampula,,85939544B70859422468328,MOZ,ADM2,hospitals,TIME,6000,elderly,17945,98.69,50,0.27
Cidade De Nampula,,85939544B70859422468328,MOZ,ADM2,hospitals,TIME,6000,school_age,460446,98.72,1255,0.27
Cidade De Nampula,,85939544B70859422468328,MOZ,ADM2,hospitals,TIME,6000,total,836429,98.72,2280,0.27
Cidade De Nampula,,85939544B70859422468328,MOZ,ADM2,hospitals,TIME,6000,under_5,116656,98.71,320,0.27
Cidade De Nampula,,85939544B70859422468328,MOZ,ADM2,hospitals,TIME,6000,women_childbearing,206518,98.72,561,0.27
Cidade De Pemba,,85939544B58572468312701,MOZ,ADM2,hospitals,TIME,600,adults,233716,93.25,233716,93.25
Cidade De Pemba,,85939544B58572468312701,MOZ,ADM2,hospitals,TIME,600,elderly,7241,93.24,7241,93.24
Cidade De Pemba,,85939544B58572468312701,MOZ,ADM2,hospitals,TIME,600,school_age,130528,93.25,130528,93.25
Cidade De Pemba,,85939544B58572468312701,MOZ,ADM2,hospitals,TIME,600,total,242829,93.25,242829,93.25
Cidade De Pemba,,85939544B58572468312701,MOZ,ADM2,hospitals,TIME,600,under_5,31718,93.25,31718,93.25
Cidade De Pemba,,85939544B58572468312701,MOZ,ADM2,hospitals,TIME,600,women_childbearing,62194,93.26,62194,93.26
Cidade De Pemba,,85939544B58572468312701,MOZ,ADM2,hospitals,TIME,1200,adults,240139,95.82,6423,2.56
Cidade De Pemba,,85939544B58572468312701,MOZ,ADM2,hospitals,TIME,1200,elderly,7441,95.82,200,2.58
Cidade De Pemba,,85939544B58572468312701,MOZ,ADM2,hospitals,TIME,1200,school_age,134117,95.82,3589,2.56
Cidade De Pemba,,85939544B58572468312701,MOZ,ADM2,hospitals,TIME,1200,total,249504,95.82,6675,2.56
Cidade De Pemba,,85939544B58572468312701,MOZ,ADM2,hospitals,TIME,1200,under_5,32592,95.82,874,2.57
Cidade De Pemba,,85939544B58572468312701,MOZ,ADM2,hospitals,TIME,1200,women_childbearing,63903,95.82,1709,2.56
Cidade De Pemba,,85939544B58572468312701,MOZ,ADM2,hospitals,TIME,1800,adults,240437,95.94,298,0.12
Cidade De Pemba,,85939544B58572468312701,MOZ,ADM2,hospitals,TIME,1800,elderly,7451,95.94,10,0.13
Cidade De Pemba,,85939544B58572468312701,MOZ,ADM2,hospitals,TIME,1800,school_age,134283,95.94,166,0.12
Cidade De Pemba,,85939544B58572468312701,MOZ,ADM2,hospitals,TIME,1800,total,249813,95.94,309,0.12
Cidade De Pemba,,85939544B58572468312701,MOZ,ADM2,hospitals,TIME,1800,under_5,32633,95.94,41,0.12
Cidade De Pemba,,85939544B58572468312701,MOZ,ADM2,hospitals,TIME,1800,women_childbearing,63982,95.94,79,0.12
Cidade De Pemba,,85939544B58572468312701,MOZ,ADM2,hospitals,TIME,2400,adults,242709,96.84,2272,0.91
Cidade De Pemba,,85939544B58572468312701,MOZ,ADM2,hospitals,TIME,2400,elderly,7521,96.85,70,0.9
Cidade De Pemba,,85939544B58572468312701,MOZ,ADM2,hospitals,TIME,2400,school_age,135552,96.84,1269,0.91
Cidade De Pemba,,85939544B58572468312701,MOZ,ADM2,hospitals,TIME,2400,total,252174,96.84,2361,0.91
Cidade De Pemba,,85939544B58572468312701,MOZ,ADM2,hospitals,TIME,2400,under_5,32941,96.84,308,0.91
Cidade De Pemba,,85939544B58572468312701,MOZ,ADM2,hospitals,TIME,2400,women_childbearing,64586,96.84,604,0.91
Cidade De Pemba,,85939544B58572468312701,MOZ,ADM2,hospitals,TIME,3000,adults,243957,97.34,1248,0.5
Cidade De Pemba,,85939544B58572468312701,MOZ,ADM2,hospitals,TIME,3000,elderly,7560,97.35,39,0.5
Cidade De Pemba,,85939544B58572468312701,MOZ,ADM2,hospitals,TIME,3000,school_age,136249,97.34,697,0.5
Cidade De Pemba,,85939544B58572468312701,MOZ,ADM2,hospitals,TIME,3000,total,253471,97.34,1297,0.5
Cidade De Pemba,,85939544B58572468312701,MOZ,ADM2,hospitals,TIME,3000,under_5,33110,97.34,169,0.5
Cidade De Pemba,,85939544B58572468312701,MOZ,ADM2,hospitals,TIME,3000,women_childbearing,64919,97.34,333,0.5
Cidade De Pemba,,85939544B58572468312701,MOZ,ADM2,hospitals,TIME,3600,adults,246354,98.3,2397,0.96
Cidade De Pemba,,85939544B58572468312701,MOZ,ADM2,hospitals,TIME,3600,elderly,7634,98.3,74,0.95
Cidade De Pemba,,85939544B58572468312701,MOZ,ADM2,hospitals,TIME,3600,school_age,137588,98.3,1339,0.96
Cidade De Pemba,,85939544B58572468312701,MOZ,ADM2,hospitals,TIME,3600,total,255961,98.3,2490,0.96
Cidade De Pemba,,85939544B58572468312701,MOZ,ADM2,hospitals,TIME,3600,under_5,33436,98.3,326,0.96
Cidade De Pemba,,85939544B58572468312701,MOZ,ADM2,hospitals,TIME,3600,women_childbearing,65556,98.3,637,0.96
Cidade De Pemba,,85939544B58572468312701,MOZ,ADM2,hospitals,TIME,4200,adults,247809,98.88,1455,0.58
Cidade De Pemba,,85939544B58572468312701,MOZ,ADM2,hospitals,TIME,4200,elderly,7679,98.88,45,0.58
Cidade De Pemba,,85939544B58572468312701,MOZ,ADM2,hospitals,TIME,4200,school_age,138400,98.88,812,0.58
Cidade De Pemba,,85939544B58572468312701,MOZ,ADM2,hospitals,TIME,4200,total,257473,98.88,1512,0.58
Cidade De Pemba,,85939544B58572468312701,MOZ,ADM2,hospitals,TIME,4200,under_5,33633,98.88,197,0.58
Cidade De Pemba,,85939544B58572468312701,MOZ,ADM2,hospitals,TIME,4200,women_childbearing,65944,98.88,388,0.58
Cidade De Pemba,,85939544B58572468312701,MOZ,ADM2,hospitals,TIME,4800,adults,248640,99.21,831,0.33
Cidade De Pemba,,85939544B58572468312701,MOZ,ADM2,hospitals,TIME,4800,elderly,7705,99.21,26,0.33
Cidade De Pemba,,85939544B58572468312701,MOZ,ADM2,hospitals,TIME,4800,school_age,138864,99.21,464,0.33
Cidade De Pemba,,85939544B58572468312701,MOZ,ADM2,hospitals,TIME,4800,total,258336,99.21,863,0.33
Cidade De Pemba,,85939544B58572468312701,MOZ,ADM2,hospitals,TIME,4800,under_5,33746,99.21,113,0.33
Cidade De Pemba,,85939544B58572468312701,MOZ,ADM2,hospitals,TIME,4800,women_childbearing,66165,99.21,221,0.33
Cidade De Pemba,,85939544B58572468312701,MOZ,ADM2,hospitals,TIME,5400,adults,248799,99.27,159,0.06
Cidade De Pemba,,85939544B58572468312701,MOZ,ADM2,hospitals,TIME,5400,elderly,7710,99.28,5,0.06
Cidade De Pemba,,85939544B58572468312701,MOZ,ADM2,hospitals,TIME,5400,school_age,138953,99.27,89,0.06
Cidade De Pemba,,85939544B58572468312701,MOZ,ADM2,hospitals,TIME,5400,total,258501,99.27,165,0.06
Cidade De Pemba,,85939544B58572468312701,MOZ,ADM2,hospitals,TIME,5400,under_5,33767,99.27,21,0.06
Cidade De Pemba,,85939544B58572468312701,MOZ,ADM2,hospitals,TIME,5400,women_childbearing,66207,99.27,42,0.06
Cidade De Pemba,,85939544B58572468312701,MOZ,ADM2,hospitals,TIME,6000,adults,249044,99.37,245,0.1
Cidade De Pemba,,85939544B58572468312701,MOZ,ADM2,hospitals,TIME,6000,elderly,7717,99.37,7,0.09
Cidade De Pemba,,85939544B58572468312701,MOZ,ADM2,hospitals,TIME,6000,school_age,139090,99.37,137,0.1
Cidade De Pemba,,85939544B58572468312701,MOZ,ADM2,hospitals,TIME,6000,total,258755,99.37,254,0.1
Cidade De Pemba,,85939544B58572468312701,MOZ,ADM2,hospitals,TIME,6000,under_5,33801,99.37,34,0.1
Cidade De Pemba,,85939544B58572468312701,MOZ,ADM2,hospitals,TIME,6000,women_childbearing,66272,99.37,65,0.1
Cidade De Quelimane,,85939544B40669081557189,MOZ,ADM2,hospitals,TIME,600,adults,232727,89.41,232727,89.41
Cidade De Quelimane,,85939544B40669081557189,MOZ,ADM2,hospitals,TIME,600,elderly,6235,89.4,6235,89.4
Cidade De Quelimane,,85939544B40669081557189,MOZ,ADM2,hospitals,TIME,600,school_age,129904,89.41,129904,89.41
Cidade De Quelimane,,85939544B40669081557189,MOZ,ADM2,hospitals,TIME,600,total,240819,89.41,240819,89.41
Cidade De Quelimane,,85939544B40669081557189,MOZ,ADM2,hospitals,TIME,600,under_5,28147,89.41,28147,89.41
Cidade De Quelimane,,85939544B40669081557189,MOZ,ADM2,hospitals,TIME,600,women_childbearing,61731,89.41,61731,89.41
Cidade De Quelimane,,85939544B40669081557189,MOZ,ADM2,hospitals,TIME,1200,adults,239586,92.04,6859,2.64
Cidade De Quelimane,,85939544B40669081557189,MOZ,ADM2,hospitals,TIME,1200,elderly,6419,92.04,184,2.64
Cidade De Quelimane,,85939544B40669081557189,MOZ,ADM2,hospitals,TIME,1200,school_age,133733,92.04,3829,2.64
Cidade De Quelimane,,85939544B40669081557189,MOZ,ADM2,hospitals,TIME,1200,total,247916,92.04,7097,2.63
Cidade De Quelimane,,85939544B40669081557189,MOZ,ADM2,hospitals,TIME,1200,under_5,28976,92.04,829,2.63
Cidade De Quelimane,,85939544B40669081557189,MOZ,ADM2,hospitals,TIME,1200,women_childbearing,63551,92.04,1820,2.64
Cidade De Quelimane,,85939544B40669081557189,MOZ,ADM2,hospitals,TIME,1800,adults,239773,92.11,187,0.07
Cidade De Quelimane,,85939544B40669081557189,MOZ,ADM2,hospitals,TIME,1800,elderly,6424,92.11,5,0.07
Cidade De Quelimane,,85939544B40669081557189,MOZ,ADM2,hospitals,TIME,1800,school_age,133838,92.12,105,0.07
Cidade De Quelimane,,85939544B40669081557189,MOZ,ADM2,hospitals,TIME,1800,total,248110,92.11,194,0.07
Cidade De Quelimane,,85939544B40669081557189,MOZ,ADM2,hospitals,TIME,1800,under_5,28999,92.12,23,0.07
Cidade De Quelimane,,85939544B40669081557189,MOZ,ADM2,hospitals,TIME,1800,women_childbearing,63600,92.11,49,0.07
Cidade De Quelimane,,85939544B40669081557189,MOZ,ADM2,hospitals,TIME,2400,adults,242652,93.22,2879,1.11
Cidade De Quelimane,,85939544B40669081557189,MOZ,ADM2,hospitals,TIME,2400,elderly,6501,93.22,77,1.1
Cidade De Quelimane,,85939544B40669081557189,MOZ,ADM2,hospitals,TIME,2400,school_age,135444,93.22,1606,1.11
Cidade De Quelimane,,85939544B40669081557189,MOZ,ADM2,hospitals,TIME,2400,total,251088,93.22,2978,1.11
Cidade De Quelimane,,85939544B40669081557189,MOZ,ADM2,hospitals,TIME,2400,under_5,29347,93.22,348,1.11
Cidade De Quelimane,,85939544B40669081557189,MOZ,ADM2,hospitals,TIME,2400,women_childbearing,64364,93.22,764,1.11
Cidade De Quelimane,,85939544B40669081557189,MOZ,ADM2,hospitals,TIME,3000,adults,243962,93.72,1310,0.5
Cidade De Quelimane,,85939544B40669081557189,MOZ,ADM2,hospitals,TIME,3000,elderly,6536,93.72,35,0.5
Cidade De Quelimane,,85939544B40669081557189,MOZ,ADM2,hospitals,TIME,3000,school_age,136176,93.72,732,0.5
Cidade De Quelimane,,85939544B40669081557189,MOZ,ADM2,hospitals,TIME,3000,total,252444,93.72,1356,0.5
Cidade De Quelimane,,85939544B40669081557189,MOZ,ADM2,hospitals,TIME,3000,under_5,29505,93.72,158,0.5
Cidade De Quelimane,,85939544B40669081557189,MOZ,ADM2,hospitals,TIME,3000,women_childbearing,64711,93.72,347,0.5
Cidade De Quelimane,,85939544B40669081557189,MOZ,ADM2,hospitals,TIME,3600,adults,250073,96.07,6111,2.35
Cidade De Quelimane,,85939544B40669081557189,MOZ,ADM2,hospitals,TIME,3600,elderly,6700,96.07,164,2.35
Cidade De Quelimane,,85939544B40669081557189,MOZ,ADM2,hospitals,TIME,3600,school_age,139587,96.07,3411,2.35
Cidade De Quelimane,,85939544B40669081557189,MOZ,ADM2,hospitals,TIME,3600,total,258767,96.07,6323,2.35
Cidade De Quelimane,,85939544B40669081557189,MOZ,ADM2,hospitals,TIME,3600,under_5,30245,96.07,740,2.35
Cidade De Quelimane,,85939544B40669081557189,MOZ,ADM2,hospitals,TIME,3600,women_childbearing,66332,96.07,1621,2.35
Cidade De Quelimane,,85939544B40669081557189,MOZ,ADM2,hospitals,TIME,4200,adults,253405,97.35,3332,1.28
Cidade De Quelimane,,85939544B40669081557189,MOZ,ADM2,hospitals,TIME,4200,elderly,6789,97.35,89,1.28
Cidade De Quelimane,,85939544B40669081557189,MOZ,ADM2,hospitals,TIME,4200,school_age,141447,97.35,1860,1.28
Cidade De Quelimane,,85939544B40669081557189,MOZ,ADM2,hospitals,TIME,4200,total,262216,97.35,3449,1.28
Cidade De Quelimane,,85939544B40669081557189,MOZ,ADM2,hospitals,TIME,4200,under_5,30648,97.35,403,1.28
Cidade De Quelimane,,85939544B40669081557189,MOZ,ADM2,hospitals,TIME,4200,women_childbearing,67216,97.35,884,1.28
Cidade De Quelimane,,85939544B40669081557189,MOZ,ADM2,hospitals,TIME,4800,adults,253947,97.56,542,0.21
Cidade De Quelimane,,85939544B40669081557189,MOZ,ADM2,hospitals,TIME,4800,elderly,6804,97.56,15,0.22
Cidade De Quelimane,,85939544B40669081557189,MOZ,ADM2,hospitals,TIME,4800,school_age,141749,97.56,302,0.21
Cidade De Quelimane,,85939544B40669081557189,MOZ,ADM2,hospitals,TIME,4800,total,262777,97.56,561,0.21
Cidade De Quelimane,,85939544B40669081557189,MOZ,ADM2,hospitals,TIME,4800,under_5,30713,97.56,65,0.21
Cidade De Quelimane,,85939544B40669081557189,MOZ,ADM2,hospitals,TIME,4800,women_childbearing,67360,97.56,144,0.21
Cidade De Quelimane,,85939544B40669081557189,MOZ,ADM2,hospitals,TIME,5400,adults,255011,97.97,1064,0.41
Cidade De Quelimane,,85939544B40669081557189,MOZ,ADM2,hospitals,TIME,5400,elderly,6832,97.96,28,0.4
Cidade De Quelimane,,85939544B40669081557189,MOZ,ADM2,hospitals,TIME,5400,school_age,142343,97.97,594,0.41
Cidade De Quelimane,,85939544B40669081557189,MOZ,ADM2,hospitals,TIME,5400,total,263878,97.97,1101,0.41
Cidade De Quelimane,,85939544B40669081557189,MOZ,ADM2,hospitals,TIME,5400,under_5,30842,97.97,129,0.41
Cidade De Quelimane,,85939544B40669081557189,MOZ,ADM2,hospitals,TIME,5400,women_childbearing,67642,97.97,282,0.41
Cidade De Quelimane,,85939544B40669081557189,MOZ,ADM2,hospitals,TIME,6000,adults,255659,98.22,648,0.25
Cidade De Quelimane,,85939544B40669081557189,MOZ,ADM2,hospitals,TIME,6000,elderly,6850,98.22,18,0.26
Cidade De Quelimane,,85939544B40669081557189,MOZ,ADM2,hospitals,TIME,6000,school_age,142705,98.22,362,0.25
Cidade De Quelimane,,85939544B40669081557189,MOZ,ADM2,hospitals,TIME,6000,total,264548,98.22,670,0.25
Cidade De Quelimane,,85939544B40669081557189,MOZ,ADM2,hospitals,TIME,6000,under_5,30920,98.22,78,0.25
Cidade De Quelimane,,85939544B40669081557189,MOZ,ADM2,hospitals,TIME,6000,women_childbearing,67814,98.22,172,0.25
Cidade De Tete,,85939544B33116803936279,MOZ,ADM2,hospitals,TIME,600,adults,181615,68.63,181615,68.63
Cidade De Tete,,85939544B33116803936279,MOZ,ADM2,hospitals,TIME,600,elderly,5229,68.6,5229,68.6
Cidade De Tete,,85939544B33116803936279,MOZ,ADM2,hospitals,TIME,600,school_age,104206,68.63,104206,68.63
Cidade De Tete,,85939544B33116803936279,MOZ,ADM2,hospitals,TIME,600,total,188296,68.63,188296,68.63
Cidade De Tete,,85939544B33116803936279,MOZ,ADM2,hospitals,TIME,600,under_5,25982,68.62,25982,68.62
Cidade De Tete,,85939544B33116803936279,MOZ,ADM2,hospitals,TIME,600,women_childbearing,47003,68.63,47003,68.63
Cidade De Tete,,85939544B33116803936279,MOZ,ADM2,hospitals,TIME,1200,adults,252123,95.28,70508,26.64
Cidade De Tete,,85939544B33116803936279,MOZ,ADM2,hospitals,TIME,1200,elderly,7260,95.25,2031,26.65
Cidade De Tete,,85939544B33116803936279,MOZ,ADM2,hospitals,TIME,1200,school_age,144663,95.27,40457,26.64
Cidade De Tete,,85939544B33116803936279,MOZ,ADM2,hospitals,TIME,1200,total,261398,95.28,73102,26.64
Cidade De Tete,,85939544B33116803936279,MOZ,ADM2,hospitals,TIME,1200,under_5,36070,95.27,10088,26.64
Cidade De Tete,,85939544B33116803936279,MOZ,ADM2,hospitals,TIME,1200,women_childbearing,65251,95.28,18248,26.65
Cidade De Tete,,85939544B33116803936279,MOZ,ADM2,hospitals,TIME,1800,adults,255350,96.5,3227,1.22
Cidade De Tete,,85939544B33116803936279,MOZ,ADM2,hospitals,TIME,1800,elderly,7354,96.48,94,1.23
Cidade De Tete,,85939544B33116803936279,MOZ,ADM2,hospitals,TIME,1800,school_age,146516,96.49,1853,1.22
Cidade De Tete,,85939544B33116803936279,MOZ,ADM2,hospitals,TIME,1800,total,264745,96.5,3347,1.22
Cidade De Tete,,85939544B33116803936279,MOZ,ADM2,hospitals,TIME,1800,under_5,36532,96.49,462,1.22
Cidade De Tete,,85939544B33116803936279,MOZ,ADM2,hospitals,TIME,1800,women_childbearing,66086,96.5,835,1.22
Cidade De Tete,,85939544B33116803936279,MOZ,ADM2,hospitals,TIME,2400,adults,258481,97.68,3131,1.18
Cidade De Tete,,85939544B33116803936279,MOZ,ADM2,hospitals,TIME,2400,elderly,7444,97.66,90,1.18
Cidade De Tete,,85939544B33116803936279,MOZ,ADM2,hospitals,TIME,2400,school_age,148313,97.68,1797,1.18
Cidade De Tete,,85939544B33116803936279,MOZ,ADM2,hospitals,TIME,2400,total,267991,97.68,3246,1.18
Cidade De Tete,,85939544B33116803936279,MOZ,ADM2,hospitals,TIME,2400,under_5,36981,97.68,449,1.19
Cidade De Tete,,85939544B33116803936279,MOZ,ADM2,hospitals,TIME,2400,women_childbearing,66896,97.68,810,1.18
Cidade De Tete,,85939544B33116803936279,MOZ,ADM2,hospitals,TIME,3000,adults,258949,97.86,468,0.18
Cidade De Tete,,85939544B33116803936279,MOZ,ADM2,hospitals,TIME,3000,elderly,7458,97.85,14,0.18
Cidade De Tete,,85939544B33116803936279,MOZ,ADM2,hospitals,TIME,3000,school_age,148581,97.85,268,0.18
Cidade De Tete,,85939544B33116803936279,MOZ,ADM2,hospitals,TIME,3000,total,268476,97.86,485,0.18
Cidade De Tete,,85939544B33116803936279,MOZ,ADM2,hospitals,TIME,3000,under_5,37048,97.85,67,0.18
Cidade De Tete,,85939544B33116803936279,MOZ,ADM2,hospitals,TIME,3000,women_childbearing,67016,97.86,120,0.18
Cidade De Tete,,85939544B33116803936279,MOZ,ADM2,hospitals,TIME,3600,adults,259619,98.11,670,0.25
Cidade De Tete,,85939544B33116803936279,MOZ,ADM2,hospitals,TIME,3600,elderly,7477,98.1,19,0.25
Cidade De Tete,,85939544B33116803936279,MOZ,ADM2,hospitals,TIME,3600,school_age,148966,98.11,385,0.25
Cidade De Tete,,85939544B33116803936279,MOZ,ADM2,hospitals,TIME,3600,total,269171,98.11,695,0.25
Cidade De Tete,,85939544B33116803936279,MOZ,ADM2,hospitals,TIME,3600,under_5,37144,98.11,96,0.25
Cidade De Tete,,85939544B33116803936279,MOZ,ADM2,hospitals,TIME,3600,women_childbearing,67190,98.11,174,0.25
Cidade De Tete,,85939544B33116803936279,MOZ,ADM2,hospitals,TIME,4200,adults,259752,98.16,133,0.05
Cidade De Tete,,85939544B33116803936279,MOZ,ADM2,hospitals,TIME,4200,elderly,7481,98.15,4,0.05
Cidade De Tete,,85939544B33116803936279,MOZ,ADM2,hospitals,TIME,4200,school_age,149043,98.16,77,0.05
Cidade De Tete,,85939544B33116803936279,MOZ,ADM2,hospitals,TIME,4200,total,269309,98.16,138,0.05
Cidade De Tete,,85939544B33116803936279,MOZ,ADM2,hospitals,TIME,4200,under_5,37163,98.16,19,0.05
Cidade De Tete,,85939544B33116803936279,MOZ,ADM2,hospitals,TIME,4200,women_childbearing,67224,98.16,34,0.05
Cidade De Tete,,85939544B33116803936279,MOZ,ADM2,hospitals,TIME,4800,adults,262476,99.19,2724,1.03
Cidade De Tete,,85939544B33116803936279,MOZ,ADM2,hospitals,TIME,4800,elderly,7559,99.17,78,1.02
Cidade De Tete,,85939544B33116803936279,MOZ,ADM2,hospitals,TIME,4800,school_age,150606,99.19,1563,1.03
Cidade De Tete,,85939544B33116803936279,MOZ,ADM2,hospitals,TIME,4800,total,272133,99.19,2824,1.03
Cidade De Tete,,85939544B33116803936279,MOZ,ADM2,hospitals,TIME,4800,under_5,37553,99.19,390,1.03
Cidade De Tete,,85939544B33116803936279,MOZ,ADM2,hospitals,TIME,4800,women_childbearing,67929,99.19,705,1.03
Cidade De Tete,,85939544B33116803936279,MOZ,ADM2,hospitals,TIME,5400,adults,262566,99.22,90,0.03
Cidade De Tete,,85939544B33116803936279,MOZ,ADM2,hospitals,TIME,5400,elderly,7562,99.21,3,0.04
Cidade De Tete,,85939544B33116803936279,MOZ,ADM2,hospitals,TIME,5400,school_age,150658,99.22,52,0.03
Cidade De Tete,,85939544B33116803936279,MOZ,ADM2,hospitals,TIME,5400,total,272227,99.22,94,0.03
Cidade De Tete,,85939544B33116803936279,MOZ,ADM2,hospitals,TIME,5400,under_5,37566,99.22,13,0.03
Cidade De Tete,,85939544B33116803936279,MOZ,ADM2,hospitals,TIME,5400,women_childbearing,67953,99.22,24,0.04
Cidade De Tete,,85939544B33116803936279,MOZ,ADM2,hospitals,TIME,6000,adults,263040,99.4,474,0.18
Cidade De Tete,,85939544B33116803936279,MOZ,ADM2,hospitals,TIME,6000,elderly,7576,99.4,14,0.18
Cidade De Tete,,85939544B33116803936279,MOZ,ADM2,hospitals,TIME,6000,school_age,150931,99.4,273,0.18
Cidade De Tete,,85939544B33116803936279,MOZ,ADM2,hospitals,TIME,6000,total,272718,99.4,491,0.18
Cidade De Tete,,85939544B33116803936279,MOZ,ADM2,hospitals,TIME,6000,under_5,37635,99.4,69,0.18
Cidade De Tete,,85939544B33116803936279,MOZ,ADM2,hospitals,TIME,6000,women_childbearing,68075,99.4,122,0.18
Cidade De Xai-Xai,,85939544B37239521731461,MOZ,ADM2,hospitals,TIME,600,adults,128131,93.17,128131,93.17
Cidade De Xai-Xai,,85939544B37239521731461,MOZ,ADM2,hospitals,TIME,600,elderly,5290,93.17,5290,93.17
Cidade De Xai-Xai,,85939544B37239521731461,MOZ,ADM2,hospitals,TIME,600,school_age,72369,93.17,72369,93.17
Cidade De Xai-Xai,,85939544B37239521731461,MOZ,ADM2,hospitals,TIME,600,total,134458,93.17,134458,93.17
Cidade De Xai-Xai,,85939544B37239521731461,MOZ,ADM2,hospitals,TIME,600,under_5,15116,93.17,15116,93.17
Cidade De Xai-Xai,,85939544B37239521731461,MOZ,ADM2,hospitals,TIME,600,women_childbearing,38250,93.17,38250,93.17
Cidade De Xai-Xai,,85939544B37239521731461,MOZ,ADM2,hospitals,TIME,1200,adults,133252,96.89,5121,3.72
Cidade De Xai-Xai,,85939544B37239521731461,MOZ,ADM2,hospitals,TIME,1200,elderly,5503,96.92,213,3.75
Cidade De Xai-Xai,,85939544B37239521731461,MOZ,ADM2,hospitals,TIME,1200,school_age,75263,96.89,2894,3.73
Cidade De Xai-Xai,,85939544B37239521731461,MOZ,ADM2,hospitals,TIME,1200,total,139833,96.89,5375,3.72
Cidade De Xai-Xai,,85939544B37239521731461,MOZ,ADM2,hospitals,TIME,1200,under_5,15721,96.9,605,3.73
Cidade De Xai-Xai,,85939544B37239521731461,MOZ,ADM2,hospitals,TIME,1200,women_childbearing,39778,96.89,1528,3.72
Cidade De Xai-Xai,,85939544B37239521731461,MOZ,ADM2,hospitals,TIME,1800,adults,134063,97.48,811,0.59
Cidade De Xai-Xai,,85939544B37239521731461,MOZ,ADM2,hospitals,TIME,1800,elderly,5536,97.5,33,0.58
Cidade De Xai-Xai,,85939544B37239521731461,MOZ,ADM2,hospitals,TIME,1800,school_age,75720,97.48,457,0.59
Cidade De Xai-Xai,,85939544B37239521731461,MOZ,ADM2,hospitals,TIME,1800,total,140684,97.48,851,0.59
Cidade De Xai-Xai,,85939544B37239521731461,MOZ,ADM2,hospitals,TIME,1800,under_5,15817,97.49,96,0.59
Cidade De Xai-Xai,,85939544B37239521731461,MOZ,ADM2,hospitals,TIME,1800,women_childbearing,40020,97.48,242,0.59
Cidade De Xai-Xai,,85939544B37239521731461,MOZ,ADM2,hospitals,TIME,2400,adults,134158,97.55,95,0.07
Cidade De Xai-Xai,,85939544B37239521731461,MOZ,ADM2,hospitals,TIME,2400,elderly,5540,97.57,4,0.07
Cidade De Xai-Xai,,85939544B37239521731461,MOZ,ADM2,hospitals,TIME,2400,school_age,75774,97.55,54,0.07
Cidade De Xai-Xai,,85939544B37239521731461,MOZ,ADM2,hospitals,TIME,2400,total,140783,97.55,99,0.07
Cidade De Xai-Xai,,85939544B37239521731461,MOZ,ADM2,hospitals,TIME,2400,under_5,15828,97.56,11,0.07
Cidade De Xai-Xai,,85939544B37239521731461,MOZ,ADM2,hospitals,TIME,2400,women_childbearing,40049,97.55,29,0.07
Cidade De Xai-Xai,,85939544B37239521731461,MOZ,ADM2,hospitals,TIME,3000,adults,134333,97.68,175,0.13
Cidade De Xai-Xai,,85939544B37239521731461,MOZ,ADM2,hospitals,TIME,3000,elderly,5547,97.69,7,0.12
Cidade De Xai-Xai,,85939544B37239521731461,MOZ,ADM2,hospitals,TIME,3000,school_age,75873,97.68,99,0.13
Cidade De Xai-Xai,,85939544B37239521731461,MOZ,ADM2,hospitals,TIME,3000,total,140967,97.68,184,0.13
Cidade De Xai-Xai,,85939544B37239521731461,MOZ,ADM2,hospitals,TIME,3000,under_5,15849,97.69,21,0.13
Cidade De Xai-Xai,,85939544B37239521731461,MOZ,ADM2,hospitals,TIME,3000,women_childbearing,40101,97.68,52,0.13
Cidade De Xai-Xai,,85939544B37239521731461,MOZ,ADM2,hospitals,TIME,3600,adults,136380,99.17,2047,1.49
Cidade De Xai-Xai,,85939544B37239521731461,MOZ,ADM2,hospitals,TIME,3600,elderly,5631,99.17,84,1.48
Cidade De Xai-Xai,,85939544B37239521731461,MOZ,ADM2,hospitals,TIME,3600,school_age,77029,99.17,1156,1.49
Cidade De Xai-Xai,,85939544B37239521731461,MOZ,ADM2,hospitals,TIME,3600,total,143115,99.17,2148,1.49
Cidade De Xai-Xai,,85939544B37239521731461,MOZ,ADM2,hospitals,TIME,3600,under_5,16090,99.17,241,1.49
Cidade De Xai-Xai,,85939544B37239521731461,MOZ,ADM2,hospitals,TIME,3600,women_childbearing,40713,99.17,612,1.49
Cidade De Xai-Xai,,85939544B37239521731461,MOZ,ADM2,hospitals,TIME,4200,adults,136428,99.2,48,0.03
Cidade De Xai-Xai,,85939544B37239521731461,MOZ,ADM2,hospitals,TIME,4200,elderly,5633,99.21,2,0.04
Cidade De Xai-Xai,,85939544B37239521731461,MOZ,ADM2,hospitals,TIME,4200,school_age,77056,99.2,27,0.03
Cidade De Xai-Xai,,85939544B37239521731461,MOZ,ADM2,hospitals,TIME,4200,total,143165,99.2,50,0.03
Cidade De Xai-Xai,,85939544B37239521731461,MOZ,ADM2,hospitals,TIME,4200,under_5,16095,99.2,5,0.03
Cidade De Xai-Xai,,85939544B37239521731461,MOZ,ADM2,hospitals,TIME,4200,women_childbearing,40727,99.2,14,0.03
Cidade De Xai-Xai,,85939544B37239521731461,MOZ,ADM2,hospitals,TIME,4800,adults,136527,99.27,99,0.07
Cidade De Xai-Xai,,85939544B37239521731461,MOZ,ADM2,hospitals,TIME,4800,elderly,5637,99.28,4,0.07
Cidade De Xai-Xai,,85939544B37239521731461,MOZ,ADM2,hospitals,TIME,4800,school_age,77112,99.28,56,0.07
Cidade De Xai-Xai,,85939544B37239521731461,MOZ,ADM2,hospitals,TIME,4800,total,143270,99.28,105,0.07
Cidade De Xai-Xai,,85939544B37239521731461,MOZ,ADM2,hospitals,TIME,4800,under_5,16107,99.28,12,0.07
Cidade De Xai-Xai,,85939544B37239521731461,MOZ,ADM2,hospitals,TIME,4800,women_childbearing,40757,99.28,30,0.07
Cidade De Xai-Xai,,85939544B37239521731461,MOZ,ADM2,hospitals,TIME,5400,adults,136760,99.44,233,0.17
Cidade De Xai-Xai,,85939544B37239521731461,MOZ,ADM2,hospitals,TIME,5400,elderly,5647,99.45,10,0.18
Cidade De Xai-Xai,,85939544B37239521731461,MOZ,ADM2,hospitals,TIME,5400,school_age,77243,99.44,131,0.17
Cidade De Xai-Xai,,85939544B37239521731461,MOZ,ADM2,hospitals,TIME,5400,total,143513,99.44,243,0.17
Cidade De Xai-Xai,,85939544B37239521731461,MOZ,ADM2,hospitals,TIME,5400,under_5,16134,99.45,27,0.17
Cidade De Xai-Xai,,85939544B37239521731461,MOZ,ADM2,hospitals,TIME,5400,women_childbearing,40826,99.44,69,0.17
Cidade De Xai-Xai,,85939544B37239521731461,MOZ,ADM2,hospitals,TIME,6000,adults,136778,99.46,18,0.01
Cidade De Xai-Xai,,85939544B37239521731461,MOZ,ADM2,hospitals,TIME,6000,elderly,5648,99.47,1,0.02
Cidade De Xai-Xai,,85939544B37239521731461,MOZ,ADM2,hospitals,TIME,6000,school_age,77254,99.46,11,0.01
Cidade De Xai-Xai,,85939544B37239521731461,MOZ,ADM2,hospitals,TIME,6000,total,143533,99.46,20,0.01
Cidade De Xai-Xai,,85939544B37239521731461,MOZ,ADM2,hospitals,TIME,6000,under_5,16137,99.46,3,0.02
Cidade De Xai-Xai,,85939544B37239521731461,MOZ,ADM2,hospitals,TIME,6000,women_childbearing,40831,99.46,5,0.01
Cuamba,,85939544B95923837460414,MOZ,ADM2,hospitals,TIME,600,adults,59127,19.97,59127,19.97
Cuamba,,85939544B95923837460414,MOZ,ADM2,hospitals,TIME,600,elderly,2004,19.97,2004,19.97
Cuamba,,85939544B95923837460414,MOZ,ADM2,hospitals,TIME,600,school_age,34942,19.97,34942,19.97
Cuamba,,85939544B95923837460414,MOZ,ADM2,hospitals,TIME,600,total,61606,19.97,61606,19.97
Cuamba,,85939544B95923837460414,MOZ,ADM2,hospitals,TIME,600,under_5,11257,19.97,11257,19.97
Cuamba,,85939544B95923837460414,MOZ,ADM2,hospitals,TIME,600,women_childbearing,14255,19.97,14255,19.97
Cuamba,,85939544B95923837460414,MOZ,ADM2,hospitals,TIME,1200,adults,67920,22.94,8793,2.97
Cuamba,,85939544B95923837460414,MOZ,ADM2,hospitals,TIME,1200,elderly,2302,22.94,298,2.97
Cuamba,,85939544B95923837460414,MOZ,ADM2,hospitals,TIME,1200,school_age,40138,22.94,5196,2.97
Cuamba,,85939544B95923837460414,MOZ,ADM2,hospitals,TIME,1200,total,70767,22.94,9161,2.97
Cuamba,,85939544B95923837460414,MOZ,ADM2,hospitals,TIME,1200,under_5,12931,22.94,1674,2.97
Cuamba,,85939544B95923837460414,MOZ,ADM2,hospitals,TIME,1200,women_childbearing,16375,22.95,2120,2.97
Cuamba,,85939544B95923837460414,MOZ,ADM2,hospitals,TIME,1800,adults,85020,28.72,17100,5.78
Cuamba,,85939544B95923837460414,MOZ,ADM2,hospitals,TIME,1800,elderly,2881,28.71,579,5.77
Cuamba,,85939544B95923837460414,MOZ,ADM2,hospitals,TIME,1800,school_age,50244,28.72,10106,5.78
Cuamba,,85939544B95923837460414,MOZ,ADM2,hospitals,TIME,1800,total,88585,28.72,17818,5.78
Cuamba,,85939544B95923837460414,MOZ,ADM2,hospitals,TIME,1800,under_5,16187,28.72,3256,5.78
Cuamba,,85939544B95923837460414,MOZ,ADM2,hospitals,TIME,1800,women_childbearing,20498,28.72,4123,5.78
Cuamba,,85939544B95923837460414,MOZ,ADM2,hospitals,TIME,2400,adults,114088,38.54,29068,9.82
Cuamba,,85939544B95923837460414,MOZ,ADM2,hospitals,TIME,2400,elderly,3867,38.54,986,9.83
Cuamba,,85939544B95923837460414,MOZ,ADM2,hospitals,TIME,2400,school_age,67421,38.54,17177,9.82
Cuamba,,85939544B95923837460414,MOZ,ADM2,hospitals,TIME,2400,total,118871,38.54,30286,9.82
Cuamba,,85939544B95923837460414,MOZ,ADM2,hospitals,TIME,2400,under_5,21721,38.53,5534,9.82
Cuamba,,85939544B95923837460414,MOZ,ADM2,hospitals,TIME,2400,women_childbearing,27506,38.54,7008,9.82
Cuamba,,85939544B95923837460414,MOZ,ADM2,hospitals,TIME,3000,adults,126664,42.79,12576,4.25
Cuamba,,85939544B95923837460414,MOZ,ADM2,hospitals,TIME,3000,elderly,4293,42.78,426,4.25
Cuamba,,85939544B95923837460414,MOZ,ADM2,hospitals,TIME,3000,school_age,74853,42.79,7432,4.25
Cuamba,,85939544B95923837460414,MOZ,ADM2,hospitals,TIME,3000,total,131975,42.79,13104,4.25
Cuamba,,85939544B95923837460414,MOZ,ADM2,hospitals,TIME,3000,under_5,24116,42.78,2395,4.25
Cuamba,,85939544B95923837460414,MOZ,ADM2,hospitals,TIME,3000,women_childbearing,30538,42.79,3032,4.25
Cuamba,,85939544B95923837460414,MOZ,ADM2,hospitals,TIME,3600,adults,137781,46.54,11117,3.76
Cuamba,,85939544B95923837460414,MOZ,ADM2,hospitals,TIME,3600,elderly,4670,46.54,377,3.76
Cuamba,,85939544B95923837460414,MOZ,ADM2,hospitals,TIME,3600,school_age,81423,46.54,6570,3.76
Cuamba,,85939544B95923837460414,MOZ,ADM2,hospitals,TIME,3600,total,143558,46.55,11583,3.76
Cuamba,,85939544B95923837460414,MOZ,ADM2,hospitals,TIME,3600,under_5,26232,46.53,2116,3.75
Cuamba,,85939544B95923837460414,MOZ,ADM2,hospitals,TIME,3600,women_childbearing,33218,46.55,2680,3.76
Cuamba,,85939544B95923837460414,MOZ,ADM2,hospitals,TIME,4200,adults,213867,72.25,76086,25.7
Cuamba,,85939544B95923837460414,MOZ,ADM2,hospitals,TIME,4200,elderly,7249,72.24,2579,25.7
Cuamba,,85939544B95923837460414,MOZ,ADM2,hospitals,TIME,4200,school_age,126391,72.25,44968,25.7
Cuamba,,85939544B95923837460414,MOZ,ADM2,hospitals,TIME,4200,total,222833,72.25,79275,25.7
Cuamba,,85939544B95923837460414,MOZ,ADM2,hospitals,TIME,4200,under_5,40724,72.24,14492,25.71
Cuamba,,85939544B95923837460414,MOZ,ADM2,hospitals,TIME,4200,women_childbearing,51560,72.25,18342,25.7
Cuamba,,85939544B95923837460414,MOZ,ADM2,hospitals,TIME,4800,adults,232021,78.38,18154,6.13
Cuamba,,85939544B95923837460414,MOZ,ADM2,hospitals,TIME,4800,elderly,7864,78.37,615,6.13
Cuamba,,85939544B95923837460414,MOZ,ADM2,hospitals,TIME,4800,school_age,137119,78.38,10728,6.13
Cuamba,,85939544B95923837460414,MOZ,ADM2,hospitals,TIME,4800,total,241748,78.38,18915,6.13
Cuamba,,85939544B95923837460414,MOZ,ADM2,hospitals,TIME,4800,under_5,44181,78.38,3457,6.13
Cuamba,,85939544B95923837460414,MOZ,ADM2,hospitals,TIME,4800,women_childbearing,55937,78.38,4377,6.13
Cuamba,,85939544B95923837460414,MOZ,ADM2,hospitals,TIME,5400,adults,233095,78.74,1074,0.36
Cuamba,,85939544B95923837460414,MOZ,ADM2,hospitals,TIME,5400,elderly,7901,78.74,37,0.37
Cuamba,,85939544B95923837460414,MOZ,ADM2,hospitals,TIME,5400,school_age,137754,78.74,635,0.36
Cuamba,,85939544B95923837460414,MOZ,ADM2,hospitals,TIME,5400,total,242868,78.74,1120,0.36
Cuamba,,85939544B95923837460414,MOZ,ADM2,hospitals,TIME,5400,under_5,44385,78.74,204,0.36
Cuamba,,85939544B95923837460414,MOZ,ADM2,hospitals,TIME,5400,women_childbearing,56196,78.74,259,0.36
Cuamba,,85939544B95923837460414,MOZ,ADM2,hospitals,TIME,6000,adults,238089,80.43,4994,1.69
Cuamba,,85939544B95923837460414,MOZ,ADM2,hospitals,TIME,6000,elderly,8070,80.43,169,1.68
Cuamba,,85939544B95923837460414,MOZ,ADM2,hospitals,TIME,6000,school_age,140706,80.43,2952,1.69
Cuamba,,85939544B95923837460414,MOZ,ADM2,hospitals,TIME,6000,total,248072,80.43,5204,1.69
Cuamba,,85939544B95923837460414,MOZ,ADM2,hospitals,TIME,6000,under_5,45336,80.42,951,1.69
Cuamba,,85939544B95923837460414,MOZ,ADM2,hospitals,TIME,6000,women_childbearing,57400,80.43,1204,1.69
Derre,,85939544B72257349680566,MOZ,ADM2,hospitals,TIME,3000,adults,137,0.15,137,0.15
Derre,,85939544B72257349680566,MOZ,ADM2,hospitals,TIME,3000,elderly,5,0.14,5,0.14
Derre,,85939544B72257349680566,MOZ,ADM2,hospitals,TIME,3000,school_age,82,0.15,82,0.15
Derre,,85939544B72257349680566,MOZ,ADM2,hospitals,TIME,3000,total,143,0.15,143,0.15
Derre,,85939544B72257349680566,MOZ,ADM2,hospitals,TIME,3000,under_5,29,0.15,29,0.15
Derre,,85939544B72257349680566,MOZ,ADM2,hospitals,TIME,3000,women_childbearing,32,0.14,32,0.14
Derre,,85939544B72257349680566,MOZ,ADM2,hospitals,TIME,3600,adults,2662,2.88,2525,2.73
Derre,,85939544B72257349680566,MOZ,ADM2,hospitals,TIME,3600,elderly,100,2.85,95,2.71
Derre,,85939544B72257349680566,MOZ,ADM2,hospitals,TIME,3600,school_age,1610,2.88,1528,2.73
Derre,,85939544B72257349680566,MOZ,ADM2,hospitals,TIME,3600,total,2784,2.88,2641,2.73
Derre,,85939544B72257349680566,MOZ,ADM2,hospitals,TIME,3600,under_5,572,2.88,543,2.73
Derre,,85939544B72257349680566,MOZ,ADM2,hospitals,TIME,3600,women_childbearing,635,2.88,603,2.73
Derre,,85939544B72257349680566,MOZ,ADM2,hospitals,TIME,4200,adults,9449,10.21,6787,7.34
Derre,,85939544B72257349680566,MOZ,ADM2,hospitals,TIME,4200,elderly,357,10.18,257,7.33
Derre,,85939544B72257349680566,MOZ,ADM2,hospitals,TIME,4200,school_age,5718,10.21,4108,7.34
Derre,,85939544B72257349680566,MOZ,ADM2,hospitals,TIME,4200,total,9883,10.21,7099,7.34
Derre,,85939544B72257349680566,MOZ,ADM2,hospitals,TIME,4200,under_5,2031,10.21,1459,7.33
Derre,,85939544B72257349680566,MOZ,ADM2,hospitals,TIME,4200,women_childbearing,2254,10.21,1619,7.33
Derre,,85939544B72257349680566,MOZ,ADM2,hospitals,TIME,4800,adults,21345,23.07,11896,12.86
Derre,,85939544B72257349680566,MOZ,ADM2,hospitals,TIME,4800,elderly,808,23.05,451,12.86
Derre,,85939544B72257349680566,MOZ,ADM2,hospitals,TIME,4800,school_age,12917,23.07,7199,12.86
Derre,,85939544B72257349680566,MOZ,ADM2,hospitals,TIME,4800,total,22325,23.07,12442,12.86
Derre,,85939544B72257349680566,MOZ,ADM2,hospitals,TIME,4800,under_5,4588,23.06,2557,12.85
Derre,,85939544B72257349680566,MOZ,ADM2,hospitals,TIME,4800,women_childbearing,5092,23.07,2838,12.86
Derre,,85939544B72257349680566,MOZ,ADM2,hospitals,TIME,5400,adults,36044,38.96,14699,15.89
Derre,,85939544B72257349680566,MOZ,ADM2,hospitals,TIME,5400,elderly,1365,38.93,557,15.89
Derre,,85939544B72257349680566,MOZ,ADM2,hospitals,TIME,5400,school_age,21812,38.96,8895,15.89
Derre,,85939544B72257349680566,MOZ,ADM2,hospitals,TIME,5400,total,37700,38.96,15375,15.89
Derre,,85939544B72257349680566,MOZ,ADM2,hospitals,TIME,5400,under_5,7749,38.95,3161,15.89
Derre,,85939544B72257349680566,MOZ,ADM2,hospitals,TIME,5400,women_childbearing,8599,38.96,3507,15.89
Derre,,85939544B72257349680566,MOZ,ADM2,hospitals,TIME,6000,adults,50865,54.97,14821,16.02
Derre,,85939544B72257349680566,MOZ,ADM2,hospitals,TIME,6000,elderly,1927,54.96,562,16.03
Derre,,85939544B72257349680566,MOZ,ADM2,hospitals,TIME,6000,school_age,30781,54.97,8969,16.02
Derre,,85939544B72257349680566,MOZ,ADM2,hospitals,TIME,6000,total,53202,54.97,15502,16.02
Derre,,85939544B72257349680566,MOZ,ADM2,hospitals,TIME,6000,under_5,10937,54.97,3188,16.02
Derre,,85939544B72257349680566,MOZ,ADM2,hospitals,TIME,6000,women_childbearing,12134,54.97,3535,16.02
Dondo,,85939544B17350721147016,MOZ,ADM2,hospitals,TIME,600,adults,2712,1.56,2712,1.56
Dondo,,85939544B17350721147016,MOZ,ADM2,hospitals,TIME,600,elderly,107,1.54,107,1.54
Dondo,,85939544B17350721147016,MOZ,ADM2,hospitals,TIME,600,school_age,1526,1.55,1526,1.55
Dondo,,85939544B17350721147016,MOZ,ADM2,hospitals,TIME,600,total,2841,1.56,2841,1.56
Dondo,,85939544B17350721147016,MOZ,ADM2,hospitals,TIME,600,under_5,368,1.54,368,1.54
Dondo,,85939544B17350721147016,MOZ,ADM2,hospitals,TIME,600,women_childbearing,685,1.56,685,1.56
Dondo,,85939544B17350721147016,MOZ,ADM2,hospitals,TIME,1200,adults,61367,35.24,58655,33.69
Dondo,,85939544B17350721147016,MOZ,ADM2,hospitals,TIME,1200,elderly,2447,35.22,2340,33.68
Dondo,,85939544B17350721147016,MOZ,ADM2,hospitals,TIME,1200,school_age,34657,35.24,33131,33.68
Dondo,,85939544B17350721147016,MOZ,ADM2,hospitals,TIME,1200,total,64310,35.24,61469,33.69
Dondo,,85939544B17350721147016,MOZ,ADM2,hospitals,TIME,1200,under_5,8405,35.22,8037,33.68
Dondo,,85939544B17350721147016,MOZ,ADM2,hospitals,TIME,1200,women_childbearing,15446,35.26,14761,33.69
Dondo,,85939544B17350721147016,MOZ,ADM2,hospitals,TIME,1800,adults,107773,61.9,46406,26.65
Dondo,,85939544B17350721147016,MOZ,ADM2,hospitals,TIME,1800,elderly,4299,61.87,1852,26.66
Dondo,,85939544B17350721147016,MOZ,ADM2,hospitals,TIME,1800,school_age,60875,61.89,26218,26.66
Dondo,,85939544B17350721147016,MOZ,ADM2,hospitals,TIME,1800,total,112943,61.9,48633,26.65
Dondo,,85939544B17350721147016,MOZ,ADM2,hospitals,TIME,1800,under_5,14768,61.88,6363,26.66
Dondo,,85939544B17350721147016,MOZ,ADM2,hospitals,TIME,1800,women_childbearing,27121,61.9,11675,26.65
Dondo,,85939544B17350721147016,MOZ,ADM2,hospitals,TIME,2400,adults,137164,78.78,29391,16.88
Dondo,,85939544B17350721147016,MOZ,ADM2,hospitals,TIME,2400,elderly,5473,78.77,1174,16.9
Dondo,,85939544B17350721147016,MOZ,ADM2,hospitals,TIME,2400,school_age,77480,78.77,16605,16.88
Dondo,,85939544B17350721147016,MOZ,ADM2,hospitals,TIME,2400,total,143746,78.78,30803,16.88
Dondo,,85939544B17350721147016,MOZ,ADM2,hospitals,TIME,2400,under_5,18798,78.77,4030,16.89
Dondo,,85939544B17350721147016,MOZ,ADM2,hospitals,TIME,2400,women_childbearing,34515,78.78,7394,16.88
Dondo,,85939544B17350721147016,MOZ,ADM2,hospitals,TIME,3000,adults,141359,81.19,4195,2.41
Dondo,,85939544B17350721147016,MOZ,ADM2,hospitals,TIME,3000,elderly,5640,81.17,167,2.4
Dondo,,85939544B17350721147016,MOZ,ADM2,hospitals,TIME,3000,school_age,79850,81.18,2370,2.41
Dondo,,85939544B17350721147016,MOZ,ADM2,hospitals,TIME,3000,total,148141,81.18,4395,2.41
Dondo,,85939544B17350721147016,MOZ,ADM2,hospitals,TIME,3000,under_5,19373,81.18,575,2.41
Dondo,,85939544B17350721147016,MOZ,ADM2,hospitals,TIME,3000,women_childbearing,35571,81.19,1056,2.41
Dondo,,85939544B17350721147016,MOZ,ADM2,hospitals,TIME,3600,adults,146956,84.4,5597,3.21
Dondo,,85939544B17350721147016,MOZ,ADM2,hospitals,TIME,3600,elderly,5864,84.4,224,3.22
Dondo,,85939544B17350721147016,MOZ,ADM2,hospitals,TIME,3600,school_age,83012,84.4,3162,3.21
Dondo,,85939544B17350721147016,MOZ,ADM2,hospitals,TIME,3600,total,154007,84.4,5866,3.21
Dondo,,85939544B17350721147016,MOZ,ADM2,hospitals,TIME,3600,under_5,20141,84.4,768,3.22
Dondo,,85939544B17350721147016,MOZ,ADM2,hospitals,TIME,3600,women_childbearing,36979,84.4,1408,3.21
Dondo,,85939544B17350721147016,MOZ,ADM2,hospitals,TIME,4200,adults,154675,88.83,7719,4.43
Dondo,,85939544B17350721147016,MOZ,ADM2,hospitals,TIME,4200,elderly,6172,88.83,308,4.43
Dondo,,85939544B17350721147016,MOZ,ADM2,hospitals,TIME,4200,school_age,87373,88.83,4361,4.43
Dondo,,85939544B17350721147016,MOZ,ADM2,hospitals,TIME,4200,total,162096,88.83,8089,4.43
Dondo,,85939544B17350721147016,MOZ,ADM2,hospitals,TIME,4200,under_5,21199,88.83,1058,4.43
Dondo,,85939544B17350721147016,MOZ,ADM2,hospitals,TIME,4200,women_childbearing,38921,88.84,1942,4.43
Dondo,,85939544B17350721147016,MOZ,ADM2,hospitals,TIME,4800,adults,161163,92.56,6488,3.73
Dondo,,85939544B17350721147016,MOZ,ADM2,hospitals,TIME,4800,elderly,6431,92.56,259,3.73
Dondo,,85939544B17350721147016,MOZ,ADM2,hospitals,TIME,4800,school_age,91039,92.56,3666,3.73
Dondo,,85939544B17350721147016,MOZ,ADM2,hospitals,TIME,4800,total,168896,92.56,6800,3.73
Dondo,,85939544B17350721147016,MOZ,ADM2,hospitals,TIME,4800,under_5,22089,92.56,890,3.73
Dondo,,85939544B17350721147016,MOZ,ADM2,hospitals,TIME,4800,women_childbearing,40553,92.56,1632,3.73
Dondo,,85939544B17350721147016,MOZ,ADM2,hospitals,TIME,5400,adults,163328,93.8,2165,1.24
Dondo,,85939544B17350721147016,MOZ,ADM2,hospitals,TIME,5400,elderly,6518,93.81,87,1.25
Dondo,,85939544B17350721147016,MOZ,ADM2,hospitals,TIME,5400,school_age,92262,93.8,1223,1.24
Dondo,,85939544B17350721147016,MOZ,ADM2,hospitals,TIME,5400,total,171165,93.8,2269,1.24
Dondo,,85939544B17350721147016,MOZ,ADM2,hospitals,TIME,5400,under_5,22386,93.8,297,1.24
Dondo,,85939544B17350721147016,MOZ,ADM2,hospitals,TIME,5400,women_childbearing,41098,93.81,545,1.24
Dondo,,85939544B17350721147016,MOZ,ADM2,hospitals,TIME,6000,adults,164359,94.39,1031,0.59
Dondo,,85939544B17350721147016,MOZ,ADM2,hospitals,TIME,6000,elderly,6559,94.4,41,0.59
Dondo,,85939544B17350721147016,MOZ,ADM2,hospitals,TIME,6000,school_age,92844,94.39,582,0.59
Dondo,,85939544B17350721147016,MOZ,ADM2,hospitals,TIME,6000,total,172246,94.39,1081,0.59
Dondo,,85939544B17350721147016,MOZ,ADM2,hospitals,TIME,6000,under_5,22527,94.39,141,0.59
Dondo,,85939544B17350721147016,MOZ,ADM2,hospitals,TIME,6000,women_childbearing,41357,94.4,259,0.59
Erati,,85939544B1665883546251,MOZ,ADM2,hospitals,TIME,1800,adults,1452,0.45,1452,0.45
Erati,,85939544B1665883546251,MOZ,ADM2,hospitals,TIME,1800,elderly,61,0.45,61,0.45
Erati,,85939544B1665883546251,MOZ,ADM2,hospitals,TIME,1800,school_age,814,0.45,814,0.45
Erati,,85939544B1665883546251,MOZ,ADM2,hospitals,TIME,1800,total,1525,0.45,1525,0.45
Erati,,85939544B1665883546251,MOZ,ADM2,hospitals,TIME,1800,under_5,278,0.45,278,0.45
Erati,,85939544B1665883546251,MOZ,ADM2,hospitals,TIME,1800,women_childbearing,376,0.45,376,0.45
Erati,,85939544B1665883546251,MOZ,ADM2,hospitals,TIME,2400,adults,19621,6.13,18169,5.67
Erati,,85939544B1665883546251,MOZ,ADM2,hospitals,TIME,2400,elderly,826,6.12,765,5.67
Erati,,85939544B1665883546251,MOZ,ADM2,hospitals,TIME,2400,school_age,11001,6.12,10187,5.67
Erati,,85939544B1665883546251,MOZ,ADM2,hospitals,TIME,2400,total,20606,6.12,19081,5.67
Erati,,85939544B1665883546251,MOZ,ADM2,hospitals,TIME,2400,under_5,3757,6.12,3479,5.67
Erati,,85939544B1665883546251,MOZ,ADM2,hospitals,TIME,2400,women_childbearing,5083,6.12,4707,5.67
Erati,,85939544B1665883546251,MOZ,ADM2,hospitals,TIME,3000,adults,31033,9.69,11412,3.56
Erati,,85939544B1665883546251,MOZ,ADM2,hospitals,TIME,3000,elderly,1307,9.68,481,3.56
Erati,,85939544B1665883546251,MOZ,ADM2,hospitals,TIME,3000,school_age,17399,9.69,6398,3.56
Erati,,85939544B1665883546251,MOZ,ADM2,hospitals,TIME,3000,total,32592,9.69,11986,3.56
Erati,,85939544B1665883546251,MOZ,ADM2,hospitals,TIME,3000,under_5,5943,9.69,2186,3.56
Erati,,85939544B1665883546251,MOZ,ADM2,hospitals,TIME,3000,women_childbearing,8040,9.69,2957,3.56
Erati,,85939544B1665883546251,MOZ,ADM2,hospitals,TIME,3600,adults,45569,14.23,14536,4.54
Erati,,85939544B1665883546251,MOZ,ADM2,hospitals,TIME,3600,elderly,1920,14.22,613,4.54
Erati,,85939544B1665883546251,MOZ,ADM2,hospitals,TIME,3600,school_age,25550,14.22,8151,4.54
Erati,,85939544B1665883546251,MOZ,ADM2,hospitals,TIME,3600,total,47859,14.23,15267,4.54
Erati,,85939544B1665883546251,MOZ,ADM2,hospitals,TIME,3600,under_5,8727,14.22,2784,4.54
Erati,,85939544B1665883546251,MOZ,ADM2,hospitals,TIME,3600,women_childbearing,11806,14.23,3766,4.54
Erati,,85939544B1665883546251,MOZ,ADM2,hospitals,TIME,4200,adults,57619,17.99,12050,3.76
Erati,,85939544B1665883546251,MOZ,ADM2,hospitals,TIME,4200,elderly,2428,17.99,508,3.76
Erati,,85939544B1665883546251,MOZ,ADM2,hospitals,TIME,4200,school_age,32306,17.99,6756,3.76
Erati,,85939544B1665883546251,MOZ,ADM2,hospitals,TIME,4200,total,60513,17.99,12654,3.76
Erati,,85939544B1665883546251,MOZ,ADM2,hospitals,TIME,4200,under_5,11035,17.99,2308,3.76
Erati,,85939544B1665883546251,MOZ,ADM2,hospitals,TIME,4200,women_childbearing,14928,17.99,3122,3.76
Erati,,85939544B1665883546251,MOZ,ADM2,hospitals,TIME,4800,adults,62427,19.49,4808,1.5
Erati,,85939544B1665883546251,MOZ,ADM2,hospitals,TIME,4800,elderly,2630,19.48,202,1.5
Erati,,85939544B1665883546251,MOZ,ADM2,hospitals,TIME,4800,school_age,35002,19.49,2696,1.5
Erati,,85939544B1665883546251,MOZ,ADM2,hospitals,TIME,4800,total,65563,19.49,5050,1.5
Erati,,85939544B1665883546251,MOZ,ADM2,hospitals,TIME,4800,under_5,11956,19.49,921,1.5
Erati,,85939544B1665883546251,MOZ,ADM2,hospitals,TIME,4800,women_childbearing,16174,19.49,1246,1.5
Erati,,85939544B1665883546251,MOZ,ADM2,hospitals,TIME,5400,adults,67600,21.1,5173,1.61
Erati,,85939544B1665883546251,MOZ,ADM2,hospitals,TIME,5400,elderly,2848,21.1,218,1.61
Erati,,85939544B1665883546251,MOZ,ADM2,hospitals,TIME,5400,school_age,37902,21.1,2900,1.61
Erati,,85939544B1665883546251,MOZ,ADM2,hospitals,TIME,5400,total,70996,21.1,5433,1.61
Erati,,85939544B1665883546251,MOZ,ADM2,hospitals,TIME,5400,under_5,12947,21.1,991,1.62
Erati,,85939544B1665883546251,MOZ,ADM2,hospitals,TIME,5400,women_childbearing,17514,21.1,1340,1.61
Erati,,85939544B1665883546251,MOZ,ADM2,hospitals,TIME,6000,adults,72021,22.48,4421,1.38
Erati,,85939544B1665883546251,MOZ,ADM2,hospitals,TIME,6000,elderly,3035,22.48,187,1.39
Erati,,85939544B1665883546251,MOZ,ADM2,hospitals,TIME,6000,school_age,40381,22.48,2479,1.38
Erati,,85939544B1665883546251,MOZ,ADM2,hospitals,TIME,6000,total,75639,22.48,4643,1.38
Erati,,85939544B1665883546251,MOZ,ADM2,hospitals,TIME,6000,under_5,13794,22.48,847,1.38
Erati,,85939544B1665883546251,MOZ,ADM2,hospitals,TIME,6000,women_childbearing,18660,22.48,1146,1.38
Gaza,MZ-G,27363107B41711230736845,MOZ,ADM1,hospitals,TIME,600,adults,265193,18.44,265193,18.44
Gaza,MZ-G,27363107B41711230736845,MOZ,ADM1,hospitals,TIME,600,elderly,15408,14.62,15408,14.62
Gaza,MZ-G,27363107B41711230736845,MOZ,ADM1,hospitals,TIME,600,school_age,153222,18.18,153222,18.18
Gaza,MZ-G,27363107B41711230736845,MOZ,ADM1,hospitals,TIME,600,total,282781,18.18,282781,18.18
Gaza,MZ-G,27363107B41711230736845,MOZ,ADM1,hospitals,TIME,600,under_5,35897,16.63,35897,16.63
Gaza,MZ-G,27363107B41711230736845,MOZ,ADM1,hospitals,TIME,600,women_childbearing,76574,19.2,76574,19.2
Gaza,MZ-G,27363107B41711230736845,MOZ,ADM1,hospitals,TIME,1200,adults,357865,24.89,92672,6.44
Gaza,MZ-G,27363107B41711230736845,MOZ,ADM1,hospitals,TIME,1200,elderly,22052,20.92,6644,6.3
Gaza,MZ-G,27363107B41711230736845,MOZ,ADM1,hospitals,TIME,1200,school_age,207670,24.64,54448,6.46
Gaza,MZ-G,27363107B41711230736845,MOZ,ADM1,hospitals,TIME,1200,total,382867,24.62,100086,6.43
Gaza,MZ-G,27363107B41711230736845,MOZ,ADM1,hospitals,TIME,1200,under_5,49745,23.04,13848,6.41
Gaza,MZ-G,27363107B41711230736845,MOZ,ADM1,hospitals,TIME,1200,women_childbearing,102421,25.68,25847,6.48
Gaza,MZ-G,27363107B41711230736845,MOZ,ADM1,hospitals,TIME,1800,adults,437301,30.41,79436,5.52
Gaza,MZ-G,27363107B41711230736845,MOZ,ADM1,hospitals,TIME,1800,elderly,27840,26.41,5788,5.49
Gaza,MZ-G,27363107B41711230736845,MOZ,ADM1,hospitals,TIME,1800,school_age,254372,30.18,46702,5.54
Gaza,MZ-G,27363107B41711230736845,MOZ,ADM1,hospitals,TIME,1800,total,468754,30.14,85887,5.52
Gaza,MZ-G,27363107B41711230736845,MOZ,ADM1,hospitals,TIME,1800,under_5,61811,28.63,12066,5.59
Gaza,MZ-G,27363107B41711230736845,MOZ,ADM1,hospitals,TIME,1800,women_childbearing,124460,31.2,22039,5.53
Gaza,MZ-G,27363107B41711230736845,MOZ,ADM1,hospitals,TIME,2400,adults,540912,37.62,103611,7.21
Gaza,MZ-G,27363107B41711230736845,MOZ,ADM1,hospitals,TIME,2400,elderly,35678,33.85,7838,7.44
Gaza,MZ-G,27363107B41711230736845,MOZ,ADM1,hospitals,TIME,2400,school_age,315019,37.37,60647,7.2
Gaza,MZ-G,27363107B41711230736845,MOZ,ADM1,hospitals,TIME,2400,total,581067,37.36,112313,7.22
Gaza,MZ-G,27363107B41711230736845,MOZ,ADM1,hospitals,TIME,2400,under_5,77443,35.87,15632,7.24
Gaza,MZ-G,27363107B41711230736845,MOZ,ADM1,hospitals,TIME,2400,women_childbearing,153248,38.42,28788,7.22
Gaza,MZ-G,27363107B41711230736845,MOZ,ADM1,hospitals,TIME,3000,adults,695187,48.34,154275,10.73
Gaza,MZ-G,27363107B41711230736845,MOZ,ADM1,hospitals,TIME,3000,elderly,48092,45.63,12414,11.78
Gaza,MZ-G,27363107B41711230736845,MOZ,ADM1,hospitals,TIME,3000,school_age,404808,48.03,89789,10.65
Gaza,MZ-G,27363107B41711230736845,MOZ,ADM1,hospitals,TIME,3000,total,749053,48.16,167986,10.8
Gaza,MZ-G,27363107B41711230736845,MOZ,ADM1,hospitals,TIME,3000,under_5,100873,46.73,23430,10.85
Gaza,MZ-G,27363107B41711230736845,MOZ,ADM1,hospitals,TIME,3000,women_childbearing,195736,49.08,42488,10.65
Gaza,MZ-G,27363107B41711230736845,MOZ,ADM1,hospitals,TIME,3600,adults,853837,59.38,158650,11.03
Gaza,MZ-G,27363107B41711230736845,MOZ,ADM1,hospitals,TIME,3600,elderly,60034,56.96,11942,11.33
Gaza,MZ-G,27363107B41711230736845,MOZ,ADM1,hospitals,TIME,3600,school_age,497172,58.99,92364,10.96
Gaza,MZ-G,27363107B41711230736845,MOZ,ADM1,hospitals,TIME,3600,total,920968,59.21,171915,11.05
Gaza,MZ-G,27363107B41711230736845,MOZ,ADM1,hospitals,TIME,3600,under_5,124448,57.65,23575,10.92
Gaza,MZ-G,27363107B41711230736845,MOZ,ADM1,hospitals,TIME,3600,women_childbearing,239805,60.12,44069,11.05
Gaza,MZ-G,27363107B41711230736845,MOZ,ADM1,hospitals,TIME,4200,adults,903374,62.82,49537,3.44
Gaza,MZ-G,27363107B41711230736845,MOZ,ADM1,hospitals,TIME,4200,elderly,64075,60.79,4041,3.83
Gaza,MZ-G,27363107B41711230736845,MOZ,ADM1,hospitals,TIME,4200,school_age,526268,62.44,29096,3.45
Gaza,MZ-G,27363107B41711230736845,MOZ,ADM1,hospitals,TIME,4200,total,974962,62.68,53994,3.47
Gaza,MZ-G,27363107B41711230736845,MOZ,ADM1,hospitals,TIME,4200,under_5,131873,61.09,7425,3.44
Gaza,MZ-G,27363107B41711230736845,MOZ,ADM1,hospitals,TIME,4200,women_childbearing,253386,63.53,13581,3.41
Gaza,MZ-G,27363107B41711230736845,MOZ,ADM1,hospitals,TIME,4800,adults,934830,65.01,31456,2.19
Gaza,MZ-G,27363107B41711230736845,MOZ,ADM1,hospitals,TIME,4800,elderly,66520,63.11,2445,2.32
Gaza,MZ-G,27363107B41711230736845,MOZ,ADM1,hospitals,TIME,4800,school_age,544712,64.63,18444,2.19
Gaza,MZ-G,27363107B41711230736845,MOZ,ADM1,hospitals,TIME,4800,total,1009126,64.88,34164,2.2
Gaza,MZ-G,27363107B41711230736845,MOZ,ADM1,hospitals,TIME,4800,under_5,136662,63.31,4789,2.22
Gaza,MZ-G,27363107B41711230736845,MOZ,ADM1,hospitals,TIME,4800,women_childbearing,262062,65.7,8676,2.18
Gaza,MZ-G,27363107B41711230736845,MOZ,ADM1,hospitals,TIME,5400,adults,961958,66.9,27128,1.89
Gaza,MZ-G,27363107B41711230736845,MOZ,ADM1,hospitals,TIME,5400,elderly,68789,65.27,2269,2.15
Gaza,MZ-G,27363107B41711230736845,MOZ,ADM1,hospitals,TIME,5400,school_age,560711,66.52,15999,1.9
Gaza,MZ-G,27363107B41711230736845,MOZ,ADM1,hospitals,TIME,5400,total,1038753,66.78,29627,1.9
Gaza,MZ-G,27363107B41711230736845,MOZ,ADM1,hospitals,TIME,5400,under_5,140777,65.21,4115,1.91
Gaza,MZ-G,27363107B41711230736845,MOZ,ADM1,hospitals,TIME,5400,women_childbearing,269437,67.55,7375,1.85
Gaza,MZ-G,27363107B41711230736845,MOZ,ADM1,hospitals,TIME,6000,adults,1032302,71.79,70344,4.89
Gaza,MZ-G,27363107B41711230736845,MOZ,ADM1,hospitals,TIME,6000,elderly,73740,69.96,4951,4.7
Gaza,MZ-G,27363107B41711230736845,MOZ,ADM1,hospitals,TIME,6000,school_age,601598,71.38,40887,4.85
Gaza,MZ-G,27363107B41711230736845,MOZ,ADM1,hospitals,TIME,6000,total,1114632,71.66,75879,4.88
Gaza,MZ-G,27363107B41711230736845,MOZ,ADM1,hospitals,TIME,6000,under_5,151386,70.13,10609,4.91
Gaza,MZ-G,27363107B41711230736845,MOZ,ADM1,hospitals,TIME,6000,women_childbearing,289140,72.49,19703,4.94
Gile,,85939544B5310870224650,MOZ,ADM2,hospitals,TIME,1800,adults,59,0.02,59,0.02
Gile,,85939544B5310870224650,MOZ,ADM2,hospitals,TIME,1800,elderly,2,0.02,2,0.02
Gile,,85939544B5310870224650,MOZ,ADM2,hospitals,TIME,1800,school_age,36,0.02,36,0.02
Gile,,85939544B5310870224650,MOZ,ADM2,hospitals,TIME,1800,total,62,0.02,62,0.02
Gile,,85939544B5310870224650,MOZ,ADM2,hospitals,TIME,1800,under_5,11,0.02,11,0.02
Gile,,85939544B5310870224650,MOZ,ADM2,hospitals,TIME,1800,women_childbearing,14,0.02,14,0.02
Gile,,85939544B5310870224650,MOZ,ADM2,hospitals,TIME,2400,adults,586,0.24,527,0.21
Gile,,85939544B5310870224650,MOZ,ADM2,hospitals,TIME,2400,elderly,20,0.23,18,0.21
Gile,,85939544B5310870224650,MOZ,ADM2,hospitals,TIME,2400,school_age,357,0.23,321,0.21
Gile,,85939544B5310870224650,MOZ,ADM2,hospitals,TIME,2400,total,611,0.23,549,0.21
Gile,,85939544B5310870224650,MOZ,ADM2,hospitals,TIME,2400,under_5,108,0.24,97,0.21
Gile,,85939544B5310870224650,MOZ,ADM2,hospitals,TIME,2400,women_childbearing,137,0.23,123,0.21
Gile,,85939544B5310870224650,MOZ,ADM2,hospitals,TIME,3000,adults,969,0.39,383,0.15
Gile,,85939544B5310870224650,MOZ,ADM2,hospitals,TIME,3000,elderly,33,0.38,13,0.15
Gile,,85939544B5310870224650,MOZ,ADM2,hospitals,TIME,3000,school_age,591,0.39,234,0.15
Gile,,85939544B5310870224650,MOZ,ADM2,hospitals,TIME,3000,total,1011,0.39,400,0.15
Gile,,85939544B5310870224650,MOZ,ADM2,hospitals,TIME,3000,under_5,178,0.39,70,0.15
Gile,,85939544B5310870224650,MOZ,ADM2,hospitals,TIME,3000,women_childbearing,228,0.39,91,0.16
Gile,,85939544B5310870224650,MOZ,ADM2,hospitals,TIME,3600,adults,3632,1.46,2663,1.07
Gile,,85939544B5310870224650,MOZ,ADM2,hospitals,TIME,3600,elderly,127,1.46,94,1.08
Gile,,85939544B5310870224650,MOZ,ADM2,hospitals,TIME,3600,school_age,2216,1.46,1625,1.07
Gile,,85939544B5310870224650,MOZ,ADM2,hospitals,TIME,3600,total,3789,1.46,2778,1.07
Gile,,85939544B5310870224650,MOZ,ADM2,hospitals,TIME,3600,under_5,669,1.46,491,1.07
Gile,,85939544B5310870224650,MOZ,ADM2,hospitals,TIME,3600,women_childbearing,853,1.46,625,1.07
Gile,,85939544B5310870224650,MOZ,ADM2,hospitals,TIME,4200,adults,5804,2.33,2172,0.87
Gile,,85939544B5310870224650,MOZ,ADM2,hospitals,TIME,4200,elderly,203,2.33,76,0.87
Gile,,85939544B5310870224650,MOZ,ADM2,hospitals,TIME,4200,school_age,3540,2.33,1324,0.87
Gile,,85939544B5310870224650,MOZ,ADM2,hospitals,TIME,4200,total,6053,2.33,2264,0.87
Gile,,85939544B5310870224650,MOZ,ADM2,hospitals,TIME,4200,under_5,1069,2.33,400,0.87
Gile,,85939544B5310870224650,MOZ,ADM2,hospitals,TIME,4200,women_childbearing,1363,2.33,510,0.87
Gile,,85939544B5310870224650,MOZ,ADM2,hospitals,TIME,4800,adults,8027,3.22,2223,0.89
Gile,,85939544B5310870224650,MOZ,ADM2,hospitals,TIME,4800,elderly,280,3.21,77,0.88
Gile,,85939544B5310870224650,MOZ,ADM2,hospitals,TIME,4800,school_age,4896,3.22,1356,0.89
Gile,,85939544B5310870224650,MOZ,ADM2,hospitals,TIME,4800,total,8372,3.22,2319,0.89
Gile,,85939544B5310870224650,MOZ,ADM2,hospitals,TIME,4800,under_5,1479,3.22,410,0.89
Gile,,85939544B5310870224650,MOZ,ADM2,hospitals,TIME,4800,women_childbearing,1886,3.22,523,0.89
Gile,,85939544B5310870224650,MOZ,ADM2,hospitals,TIME,5400,adults,13439,5.39,5412,2.17
Gile,,85939544B5310870224650,MOZ,ADM2,hospitals,TIME,5400,elderly,470,5.39,190,2.18
Gile,,85939544B5310870224650,MOZ,ADM2,hospitals,TIME,5400,school_age,8197,5.39,3301,2.17
Gile,,85939544B5310870224650,MOZ,ADM2,hospitals,TIME,5400,total,14017,5.39,5645,2.17
Gile,,85939544B5310870224650,MOZ,ADM2,hospitals,TIME,5400,under_5,2479,5.4,1000,2.18
Gile,,85939544B5310870224650,MOZ,ADM2,hospitals,TIME,5400,women_childbearing,3159,5.39,1273,2.17
Gile,,85939544B5310870224650,MOZ,ADM2,hospitals,TIME,6000,adults,14618,5.86,1179,0.47
Gile,,85939544B5310870224650,MOZ,ADM2,hospitals,TIME,6000,elderly,511,5.86,41,0.47
Gile,,85939544B5310870224650,MOZ,ADM2,hospitals,TIME,6000,school_age,8916,5.86,719,0.47
Gile,,85939544B5310870224650,MOZ,ADM2,hospitals,TIME,6000,total,15247,5.86,1230,0.47
Gile,,85939544B5310870224650,MOZ,ADM2,hospitals,TIME,6000,under_5,2696,5.87,217,0.47
Gile,,85939544B5310870224650,MOZ,ADM2,hospitals,TIME,6000,women_childbearing,3436,5.87,277,0.47
Gondola,,85939544B20117006553770,MOZ,ADM2,hospitals,TIME,600,adults,1894,0.76,1894,0.76
Gondola,,85939544B20117006553770,MOZ,ADM2,hospitals,TIME,600,elderly,84,0.76,84,0.76
Gondola,,85939544B20117006553770,MOZ,ADM2,hospitals,TIME,600,school_age,1169,0.76,1169,0.76
Gondola,,85939544B20117006553770,MOZ,ADM2,hospitals,TIME,600,total,1993,0.76,1993,0.76
Gondola,,85939544B20117006553770,MOZ,ADM2,hospitals,TIME,600,under_5,327,0.76,327,0.76
Gondola,,85939544B20117006553770,MOZ,ADM2,hospitals,TIME,600,women_childbearing,442,0.76,442,0.76
Gondola,,85939544B20117006553770,MOZ,ADM2,hospitals,TIME,1200,adults,37630,15.05,35736,14.29
Gondola,,85939544B20117006553770,MOZ,ADM2,hospitals,TIME,1200,elderly,1673,15.05,1589,14.29
Gondola,,85939544B20117006553770,MOZ,ADM2,hospitals,TIME,1200,school_age,23226,15.05,22057,14.3
Gondola,,85939544B20117006553770,MOZ,ADM2,hospitals,TIME,1200,total,39609,15.05,37616,14.3
Gondola,,85939544B20117006553770,MOZ,ADM2,hospitals,TIME,1200,under_5,6509,15.05,6182,14.3
Gondola,,85939544B20117006553770,MOZ,ADM2,hospitals,TIME,1200,women_childbearing,8783,15.05,8341,14.29
Gondola,,85939544B20117006553770,MOZ,ADM2,hospitals,TIME,1800,adults,51375,20.55,13745,5.5
Gondola,,85939544B20117006553770,MOZ,ADM2,hospitals,TIME,1800,elderly,2284,20.54,611,5.5
Gondola,,85939544B20117006553770,MOZ,ADM2,hospitals,TIME,1800,school_age,31709,20.55,8483,5.5
Gondola,,85939544B20117006553770,MOZ,ADM2,hospitals,TIME,1800,total,54076,20.55,14467,5.5
Gondola,,85939544B20117006553770,MOZ,ADM2,hospitals,TIME,1800,under_5,8887,20.55,2378,5.5
Gondola,,85939544B20117006553770,MOZ,ADM2,hospitals,TIME,1800,women_childbearing,11992,20.55,3209,5.5
Gondola,,85939544B20117006553770,MOZ,ADM2,hospitals,TIME,2400,adults,62098,24.84,10723,4.29
Gondola,,85939544B20117006553770,MOZ,ADM2,hospitals,TIME,2400,elderly,2761,24.83,477,4.29
Gondola,,85939544B20117006553770,MOZ,ADM2,hospitals,TIME,2400,school_age,38327,24.84,6618,4.29
Gondola,,85939544B20117006553770,MOZ,ADM2,hospitals,TIME,2400,total,65363,24.84,11287,4.29
Gondola,,85939544B20117006553770,MOZ,ADM2,hospitals,TIME,2400,under_5,10741,24.84,1854,4.29
Gondola,,85939544B20117006553770,MOZ,ADM2,hospitals,TIME,2400,women_childbearing,14495,24.84,2503,4.29
Gondola,,85939544B20117006553770,MOZ,ADM2,hospitals,TIME,3000,adults,94628,37.85,32530,13.01
Gondola,,85939544B20117006553770,MOZ,ADM2,hospitals,TIME,3000,elderly,4208,37.85,1447,13.01
Gondola,,85939544B20117006553770,MOZ,ADM2,hospitals,TIME,3000,school_age,58406,37.85,20079,13.01
Gondola,,85939544B20117006553770,MOZ,ADM2,hospitals,TIME,3000,total,99604,37.85,34241,13.01
Gondola,,85939544B20117006553770,MOZ,ADM2,hospitals,TIME,3000,under_5,16368,37.85,5627,13.01
Gondola,,85939544B20117006553770,MOZ,ADM2,hospitals,TIME,3000,women_childbearing,22089,37.85,7594,13.01
Gondola,,85939544B20117006553770,MOZ,ADM2,hospitals,TIME,3600,adults,115316,46.13,20688,8.28
Gondola,,85939544B20117006553770,MOZ,ADM2,hospitals,TIME,3600,elderly,5128,46.12,920,8.27
Gondola,,85939544B20117006553770,MOZ,ADM2,hospitals,TIME,3600,school_age,71174,46.13,12768,8.27
Gondola,,85939544B20117006553770,MOZ,ADM2,hospitals,TIME,3600,total,121380,46.13,21776,8.28
Gondola,,85939544B20117006553770,MOZ,ADM2,hospitals,TIME,3600,under_5,19947,46.13,3579,8.28
Gondola,,85939544B20117006553770,MOZ,ADM2,hospitals,TIME,3600,women_childbearing,26918,46.13,4829,8.27
Gondola,,85939544B20117006553770,MOZ,ADM2,hospitals,TIME,4200,adults,133165,53.27,17849,7.14
Gondola,,85939544B20117006553770,MOZ,ADM2,hospitals,TIME,4200,elderly,5922,53.26,794,7.14
Gondola,,85939544B20117006553770,MOZ,ADM2,hospitals,TIME,4200,school_age,82190,53.27,11016,7.14
Gondola,,85939544B20117006553770,MOZ,ADM2,hospitals,TIME,4200,total,140167,53.27,18787,7.14
Gondola,,85939544B20117006553770,MOZ,ADM2,hospitals,TIME,4200,under_5,23035,53.27,3088,7.14
Gondola,,85939544B20117006553770,MOZ,ADM2,hospitals,TIME,4200,women_childbearing,31086,53.27,4168,7.14
Gondola,,85939544B20117006553770,MOZ,ADM2,hospitals,TIME,4800,adults,164336,65.74,31171,12.47
Gondola,,85939544B20117006553770,MOZ,ADM2,hospitals,TIME,4800,elderly,7309,65.74,1387,12.48
Gondola,,85939544B20117006553770,MOZ,ADM2,hospitals,TIME,4800,school_age,101430,65.74,19240,12.47
Gondola,,85939544B20117006553770,MOZ,ADM2,hospitals,TIME,4800,total,172978,65.74,32811,12.47
Gondola,,85939544B20117006553770,MOZ,ADM2,hospitals,TIME,4800,under_5,28428,65.74,5393,12.47
Gondola,,85939544B20117006553770,MOZ,ADM2,hospitals,TIME,4800,women_childbearing,38362,65.74,7276,12.47
Gondola,,85939544B20117006553770,MOZ,ADM2,hospitals,TIME,5400,adults,174624,69.85,10288,4.12
Gondola,,85939544B20117006553770,MOZ,ADM2,hospitals,TIME,5400,elderly,7766,69.85,457,4.11
Gondola,,85939544B20117006553770,MOZ,ADM2,hospitals,TIME,5400,school_age,107780,69.85,6350,4.12
Gondola,,85939544B20117006553770,MOZ,ADM2,hospitals,TIME,5400,total,183807,69.85,10829,4.12
Gondola,,85939544B20117006553770,MOZ,ADM2,hospitals,TIME,5400,under_5,30207,69.85,1779,4.11
Gondola,,85939544B20117006553770,MOZ,ADM2,hospitals,TIME,5400,women_childbearing,40765,69.85,2403,4.12
Gondola,,85939544B20117006553770,MOZ,ADM2,hospitals,TIME,6000,adults,195844,78.34,21220,8.49
Gondola,,85939544B20117006553770,MOZ,ADM2,hospitals,TIME,6000,elderly,8710,78.34,944,8.49
Gondola,,85939544B20117006553770,MOZ,ADM2,hospitals,TIME,6000,school_age,120877,78.34,13097,8.49
Gondola,,85939544B20117006553770,MOZ,ADM2,hospitals,TIME,6000,total,206143,78.34,22336,8.49
Gondola,,85939544B20117006553770,MOZ,ADM2,hospitals,TIME,6000,under_5,33878,78.34,3671,8.49
Gondola,,85939544B20117006553770,MOZ,ADM2,hospitals,TIME,6000,women_childbearing,45718,78.34,4953,8.49
Gorongosa,,85939544B94652077383293,MOZ,ADM2,hospitals,TIME,4800,adults,3517,1.83,3517,1.83
Gorongosa,,85939544B94652077383293,MOZ,ADM2,hospitals,TIME,4800,elderly,133,1.81,133,1.81
Gorongosa,,85939544B94652077383293,MOZ,ADM2,hospitals,TIME,4800,school_age,2229,1.83,2229,1.83
Gorongosa,,85939544B94652077383293,MOZ,ADM2,hospitals,TIME,4800,total,3679,1.83,3679,1.83
Gorongosa,,85939544B94652077383293,MOZ,ADM2,hospitals,TIME,4800,under_5,727,1.83,727,1.83
Gorongosa,,85939544B94652077383293,MOZ,ADM2,hospitals,TIME,4800,women_childbearing,816,1.83,816,1.83
Gorongosa,,85939544B94652077383293,MOZ,ADM2,hospitals,TIME,5400,adults,7206,3.75,3689,1.92
Gorongosa,,85939544B94652077383293,MOZ,ADM2,hospitals,TIME,5400,elderly,274,3.74,141,1.92
Gorongosa,,85939544B94652077383293,MOZ,ADM2,hospitals,TIME,5400,school_age,4566,3.74,2337,1.92
Gorongosa,,85939544B94652077383293,MOZ,ADM2,hospitals,TIME,5400,total,7538,3.74,3859,1.92
Gorongosa,,85939544B94652077383293,MOZ,ADM2,hospitals,TIME,5400,under_5,1489,3.74,762,1.92
Gorongosa,,85939544B94652077383293,MOZ,ADM2,hospitals,TIME,5400,women_childbearing,1673,3.74,857,1.92
Gorongosa,,85939544B94652077383293,MOZ,ADM2,hospitals,TIME,6000,adults,32279,16.78,25073,13.03
Gorongosa,,85939544B94652077383293,MOZ,ADM2,hospitals,TIME,6000,elderly,1229,16.77,955,13.03
Gorongosa,,85939544B94652077383293,MOZ,ADM2,hospitals,TIME,6000,school_age,20456,16.78,15890,13.03
Gorongosa,,85939544B94652077383293,MOZ,ADM2,hospitals,TIME,6000,total,33769,16.78,26231,13.03
Gorongosa,,85939544B94652077383293,MOZ,ADM2,hospitals,TIME,6000,under_5,6673,16.78,5184,13.03
Gorongosa,,85939544B94652077383293,MOZ,ADM2,hospitals,TIME,6000,women_childbearing,7495,16.78,5822,13.03
Govuro,,85939544B19130781251351,MOZ,ADM2,hospitals,TIME,1800,adults,223,0.54,223,0.54
Govuro,,85939544B19130781251351,MOZ,ADM2,hospitals,TIME,1800,elderly,15,0.53,15,0.53
Govuro,,85939544B19130781251351,MOZ,ADM2,hospitals,TIME,1800,school_age,131,0.54,131,0.54
Govuro,,85939544B19130781251351,MOZ,ADM2,hospitals,TIME,1800,total,240,0.54,240,0.54
Govuro,,85939544B19130781251351,MOZ,ADM2,hospitals,TIME,1800,under_5,33,0.54,33,0.54
Govuro,,85939544B19130781251351,MOZ,ADM2,hospitals,TIME,1800,women_childbearing,62,0.54,62,0.54
Govuro,,85939544B19130781251351,MOZ,ADM2,hospitals,TIME,2400,adults,1313,3.21,1090,2.66
Govuro,,85939544B19130781251351,MOZ,ADM2,hospitals,TIME,2400,elderly,90,3.21,75,2.67
Govuro,,85939544B19130781251351,MOZ,ADM2,hospitals,TIME,2400,school_age,775,3.21,644,2.66
Govuro,,85939544B19130781251351,MOZ,ADM2,hospitals,TIME,2400,total,1414,3.21,1174,2.66
Govuro,,85939544B19130781251351,MOZ,ADM2,hospitals,TIME,2400,under_5,196,3.19,163,2.66
Govuro,,85939544B19130781251351,MOZ,ADM2,hospitals,TIME,2400,women_childbearing,369,3.2,307,2.66
Govuro,,85939544B19130781251351,MOZ,ADM2,hospitals,TIME,3000,adults,1807,4.41,494,1.21
Govuro,,85939544B19130781251351,MOZ,ADM2,hospitals,TIME,3000,elderly,123,4.38,33,1.18
Govuro,,85939544B19130781251351,MOZ,ADM2,hospitals,TIME,3000,school_age,1067,4.41,292,1.21
Govuro,,85939544B19130781251351,MOZ,ADM2,hospitals,TIME,3000,total,1946,4.41,532,1.21
Govuro,,85939544B19130781251351,MOZ,ADM2,hospitals,TIME,3000,under_5,270,4.4,74,1.21
Govuro,,85939544B19130781251351,MOZ,ADM2,hospitals,TIME,3000,women_childbearing,508,4.41,139,1.21
Govuro,,85939544B19130781251351,MOZ,ADM2,hospitals,TIME,3600,adults,6475,15.81,4668,11.4
Govuro,,85939544B19130781251351,MOZ,ADM2,hospitals,TIME,3600,elderly,443,15.78,320,11.4
Govuro,,85939544B19130781251351,MOZ,ADM2,hospitals,TIME,3600,school_age,3823,15.81,2756,11.4
Govuro,,85939544B19130781251351,MOZ,ADM2,hospitals,TIME,3600,total,6973,15.81,5027,11.4
Govuro,,85939544B19130781251351,MOZ,ADM2,hospitals,TIME,3600,under_5,970,15.81,700,11.41
Govuro,,85939544B19130781251351,MOZ,ADM2,hospitals,TIME,3600,women_childbearing,1821,15.81,1313,11.4
Govuro,,85939544B19130781251351,MOZ,ADM2,hospitals,TIME,4200,adults,10300,25.15,3825,9.34
Govuro,,85939544B19130781251351,MOZ,ADM2,hospitals,TIME,4200,elderly,706,25.15,263,9.37
Govuro,,85939544B19130781251351,MOZ,ADM2,hospitals,TIME,4200,school_age,6081,25.15,2258,9.34
Govuro,,85939544B19130781251351,MOZ,ADM2,hospitals,TIME,4200,total,11092,25.15,4119,9.34
Govuro,,85939544B19130781251351,MOZ,ADM2,hospitals,TIME,4200,under_5,1543,25.15,573,9.34
Govuro,,85939544B19130781251351,MOZ,ADM2,hospitals,TIME,4200,women_childbearing,2897,25.15,1076,9.34
Govuro,,85939544B19130781251351,MOZ,ADM2,hospitals,TIME,4800,adults,11696,28.56,1396,3.41
Govuro,,85939544B19130781251351,MOZ,ADM2,hospitals,TIME,4800,elderly,801,28.54,95,3.38
Govuro,,85939544B19130781251351,MOZ,ADM2,hospitals,TIME,4800,school_age,6906,28.56,825,3.41
Govuro,,85939544B19130781251351,MOZ,ADM2,hospitals,TIME,4800,total,12595,28.56,1503,3.41
Govuro,,85939544B19130781251351,MOZ,ADM2,hospitals,TIME,4800,under_5,1752,28.56,209,3.41
Govuro,,85939544B19130781251351,MOZ,ADM2,hospitals,TIME,4800,women_childbearing,3290,28.56,393,3.41
Govuro,,85939544B19130781251351,MOZ,ADM2,hospitals,TIME,5400,adults,16796,41.01,5100,12.45
Govuro,,85939544B19130781251351,MOZ,ADM2,hospitals,TIME,5400,elderly,1151,41.0,350,12.47
Govuro,,85939544B19130781251351,MOZ,ADM2,hospitals,TIME,5400,school_age,9917,41.01,3011,12.45
Govuro,,85939544B19130781251351,MOZ,ADM2,hospitals,TIME,5400,total,18087,41.01,5492,12.45
Govuro,,85939544B19130781251351,MOZ,ADM2,hospitals,TIME,5400,under_5,2516,41.01,764,12.45
Govuro,,85939544B19130781251351,MOZ,ADM2,hospitals,TIME,5400,women_childbearing,4725,41.01,1435,12.46
Govuro,,85939544B19130781251351,MOZ,ADM2,hospitals,TIME,6000,adults,18491,45.15,1695,4.14
Govuro,,85939544B19130781251351,MOZ,ADM2,hospitals,TIME,6000,elderly,1267,45.14,116,4.13
Govuro,,85939544B19130781251351,MOZ,ADM2,hospitals,TIME,6000,school_age,10917,45.15,1000,4.14
Govuro,,85939544B19130781251351,MOZ,ADM2,hospitals,TIME,6000,total,19912,45.15,1825,4.14
Govuro,,85939544B19130781251351,MOZ,ADM2,hospitals,TIME,6000,under_5,2770,45.15,254,4.14
Govuro,,85939544B19130781251351,MOZ,ADM2,hospitals,TIME,6000,women_childbearing,5202,45.15,477,4.14
Guija,,85939544B1211152631593,MOZ,ADM2,hospitals,TIME,600,adults,8439,8.33,8439,8.33
Guija,,85939544B1211152631593,MOZ,ADM2,hospitals,TIME,600,elderly,612,8.32,612,8.32
Guija,,85939544B1211152631593,MOZ,ADM2,hospitals,TIME,600,school_age,4961,8.33,4961,8.33
Guija,,85939544B1211152631593,MOZ,ADM2,hospitals,TIME,600,total,9122,8.33,9122,8.33
Guija,,85939544B1211152631593,MOZ,ADM2,hospitals,TIME,600,under_5,1390,8.33,1390,8.33
Guija,,85939544B1211152631593,MOZ,ADM2,hospitals,TIME,600,women_childbearing,2304,8.33,2304,8.33
Guija,,85939544B1211152631593,MOZ,ADM2,hospitals,TIME,1200,adults,15246,15.05,6807,6.72
Guija,,85939544B1211152631593,MOZ,ADM2,hospitals,TIME,1200,elderly,1107,15.05,495,6.73
Guija,,85939544B1211152631593,MOZ,ADM2,hospitals,TIME,1200,school_age,8964,15.05,4003,6.72
Guija,,85939544B1211152631593,MOZ,ADM2,hospitals,TIME,1200,total,16480,15.05,7358,6.72
Guija,,85939544B1211152631593,MOZ,ADM2,hospitals,TIME,1200,under_5,2512,15.05,1122,6.72
Guija,,85939544B1211152631593,MOZ,ADM2,hospitals,TIME,1200,women_childbearing,4162,15.05,1858,6.72
Guija,,85939544B1211152631593,MOZ,ADM2,hospitals,TIME,1800,adults,27466,27.11,12220,12.06
Guija,,85939544B1211152631593,MOZ,ADM2,hospitals,TIME,1800,elderly,1994,27.1,887,12.06
Guija,,85939544B1211152631593,MOZ,ADM2,hospitals,TIME,1800,school_age,16149,27.11,7185,12.06
Guija,,85939544B1211152631593,MOZ,ADM2,hospitals,TIME,1800,total,29690,27.11,13210,12.06
Guija,,85939544B1211152631593,MOZ,ADM2,hospitals,TIME,1800,under_5,4525,27.11,2013,12.06
Guija,,85939544B1211152631593,MOZ,ADM2,hospitals,TIME,1800,women_childbearing,7499,27.11,3337,12.06
Guija,,85939544B1211152631593,MOZ,ADM2,hospitals,TIME,2400,adults,28955,28.58,1489,1.47
Guija,,85939544B1211152631593,MOZ,ADM2,hospitals,TIME,2400,elderly,2102,28.57,108,1.47
Guija,,85939544B1211152631593,MOZ,ADM2,hospitals,TIME,2400,school_age,17024,28.58,875,1.47
Guija,,85939544B1211152631593,MOZ,ADM2,hospitals,TIME,2400,total,31299,28.58,1609,1.47
Guija,,85939544B1211152631593,MOZ,ADM2,hospitals,TIME,2400,under_5,4771,28.58,246,1.47
Guija,,85939544B1211152631593,MOZ,ADM2,hospitals,TIME,2400,women_childbearing,7906,28.58,407,1.47
Guija,,85939544B1211152631593,MOZ,ADM2,hospitals,TIME,3000,adults,31940,31.53,2985,2.95
Guija,,85939544B1211152631593,MOZ,ADM2,hospitals,TIME,3000,elderly,2319,31.52,217,2.95
Guija,,85939544B1211152631593,MOZ,ADM2,hospitals,TIME,3000,school_age,18779,31.52,1755,2.95
Guija,,85939544B1211152631593,MOZ,ADM2,hospitals,TIME,3000,total,34525,31.53,3226,2.95
Guija,,85939544B1211152631593,MOZ,ADM2,hospitals,TIME,3000,under_5,5263,31.53,492,2.95
Guija,,85939544B1211152631593,MOZ,ADM2,hospitals,TIME,3000,women_childbearing,8721,31.53,815,2.95
Guija,,85939544B1211152631593,MOZ,ADM2,hospitals,TIME,3600,adults,34185,33.74,2245,2.22
Guija,,85939544B1211152631593,MOZ,ADM2,hospitals,TIME,3600,elderly,2482,33.74,163,2.22
Guija,,85939544B1211152631593,MOZ,ADM2,hospitals,TIME,3600,school_age,20099,33.74,1320,2.22
Guija,,85939544B1211152631593,MOZ,ADM2,hospitals,TIME,3600,total,36952,33.74,2427,2.22
Guija,,85939544B1211152631593,MOZ,ADM2,hospitals,TIME,3600,under_5,5632,33.74,369,2.21
Guija,,85939544B1211152631593,MOZ,ADM2,hospitals,TIME,3600,women_childbearing,9334,33.74,613,2.22
Guija,,85939544B1211152631593,MOZ,ADM2,hospitals,TIME,4200,adults,35684,35.22,1499,1.48
Guija,,85939544B1211152631593,MOZ,ADM2,hospitals,TIME,4200,elderly,2591,35.22,109,1.48
Guija,,85939544B1211152631593,MOZ,ADM2,hospitals,TIME,4200,school_age,20981,35.22,882,1.48
Guija,,85939544B1211152631593,MOZ,ADM2,hospitals,TIME,4200,total,38573,35.22,1621,1.48
Guija,,85939544B1211152631593,MOZ,ADM2,hospitals,TIME,4200,under_5,5879,35.22,247,1.48
Guija,,85939544B1211152631593,MOZ,ADM2,hospitals,TIME,4200,women_childbearing,9743,35.22,409,1.48
Guija,,85939544B1211152631593,MOZ,ADM2,hospitals,TIME,4800,adults,38899,38.39,3215,3.17
Guija,,85939544B1211152631593,MOZ,ADM2,hospitals,TIME,4800,elderly,2825,38.4,234,3.18
Guija,,85939544B1211152631593,MOZ,ADM2,hospitals,TIME,4800,school_age,22871,38.39,1890,3.17
Guija,,85939544B1211152631593,MOZ,ADM2,hospitals,TIME,4800,total,42048,38.39,3475,3.17
Guija,,85939544B1211152631593,MOZ,ADM2,hospitals,TIME,4800,under_5,6409,38.39,530,3.17
Guija,,85939544B1211152631593,MOZ,ADM2,hospitals,TIME,4800,women_childbearing,10621,38.39,878,3.17
Guija,,85939544B1211152631593,MOZ,ADM2,hospitals,TIME,5400,adults,42432,41.88,3533,3.49
Guija,,85939544B1211152631593,MOZ,ADM2,hospitals,TIME,5400,elderly,3081,41.88,256,3.48
Guija,,85939544B1211152631593,MOZ,ADM2,hospitals,TIME,5400,school_age,24949,41.88,2078,3.49
Guija,,85939544B1211152631593,MOZ,ADM2,hospitals,TIME,5400,total,45868,41.88,3820,3.49
Guija,,85939544B1211152631593,MOZ,ADM2,hospitals,TIME,5400,under_5,6991,41.88,582,3.49
Guija,,85939544B1211152631593,MOZ,ADM2,hospitals,TIME,5400,women_childbearing,11586,41.88,965,3.49
Guija,,85939544B1211152631593,MOZ,ADM2,hospitals,TIME,6000,adults,45000,44.42,2568,2.53
Guija,,85939544B1211152631593,MOZ,ADM2,hospitals,TIME,6000,elderly,3268,44.42,187,2.54
Guija,,85939544B1211152631593,MOZ,ADM2,hospitals,TIME,6000,school_age,26458,44.42,1509,2.53
Guija,,85939544B1211152631593,MOZ,ADM2,hospitals,TIME,6000,total,48643,44.42,2775,2.53
Guija,,85939544B1211152631593,MOZ,ADM2,hospitals,TIME,6000,under_5,7414,44.41,423,2.53
Guija,,85939544B1211152631593,MOZ,ADM2,hospitals,TIME,6000,women_childbearing,12287,44.42,701,2.53
Guro,,85939544B86319968156717,MOZ,ADM2,hospitals,TIME,4200,adults,1206,1.08,1206,1.08
Guro,,85939544B86319968156717,MOZ,ADM2,hospitals,TIME,4200,elderly,55,1.06,55,1.06
Guro,,85939544B86319968156717,MOZ,ADM2,hospitals,TIME,4200,school_age,784,1.08,784,1.08
Guro,,85939544B86319968156717,MOZ,ADM2,hospitals,TIME,4200,total,1272,1.08,1272,1.08
Guro,,85939544B86319968156717,MOZ,ADM2,hospitals,TIME,4200,under_5,242,1.08,242,1.08
Guro,,85939544B86319968156717,MOZ,ADM2,hospitals,TIME,4200,women_childbearing,289,1.08,289,1.08
Guro,,85939544B86319968156717,MOZ,ADM2,hospitals,TIME,4800,adults,32640,29.26,31434,28.18
Guro,,85939544B86319968156717,MOZ,ADM2,hospitals,TIME,4800,elderly,1513,29.25,1458,28.19
Guro,,85939544B86319968156717,MOZ,ADM2,hospitals,TIME,4800,school_age,21246,29.26,20462,28.18
Guro,,85939544B86319968156717,MOZ,ADM2,hospitals,TIME,4800,total,34419,29.26,33147,28.18
Guro,,85939544B86319968156717,MOZ,ADM2,hospitals,TIME,4800,under_5,6580,29.26,6338,28.18
Guro,,85939544B86319968156717,MOZ,ADM2,hospitals,TIME,4800,women_childbearing,7826,29.26,7537,28.18
Guro,,85939544B86319968156717,MOZ,ADM2,hospitals,TIME,5400,adults,35345,31.69,2705,2.43
Guro,,85939544B86319968156717,MOZ,ADM2,hospitals,TIME,5400,elderly,1639,31.69,126,2.44
Guro,,85939544B86319968156717,MOZ,ADM2,hospitals,TIME,5400,school_age,23006,31.69,1760,2.42
Guro,,85939544B86319968156717,MOZ,ADM2,hospitals,TIME,5400,total,37271,31.69,2852,2.42
Guro,,85939544B86319968156717,MOZ,ADM2,hospitals,TIME,5400,under_5,7125,31.68,545,2.42
Guro,,85939544B86319968156717,MOZ,ADM2,hospitals,TIME,5400,women_childbearing,8475,31.69,649,2.43
Guro,,85939544B86319968156717,MOZ,ADM2,hospitals,TIME,6000,adults,38709,34.7,3364,3.02
Guro,,85939544B86319968156717,MOZ,ADM2,hospitals,TIME,6000,elderly,1795,34.71,156,3.02
Guro,,85939544B86319968156717,MOZ,ADM2,hospitals,TIME,6000,school_age,25196,34.7,2190,3.02
Guro,,85939544B86319968156717,MOZ,ADM2,hospitals,TIME,6000,total,40818,34.7,3547,3.02
Guro,,85939544B86319968156717,MOZ,ADM2,hospitals,TIME,6000,under_5,7804,34.7,679,3.02
Guro,,85939544B86319968156717,MOZ,ADM2,hospitals,TIME,6000,women_childbearing,9282,34.71,807,3.02
Gurue,,85939544B52550879093260,MOZ,ADM2,hospitals,TIME,600,adults,4105,0.82,4105,0.82
Gurue,,85939544B52550879093260,MOZ,ADM2,hospitals,TIME,600,elderly,128,0.82,128,0.82
Gurue,,85939544B52550879093260,MOZ,ADM2,hospitals,TIME,600,school_age,2436,0.82,2436,0.82
Gurue,,85939544B52550879093260,MOZ,ADM2,hospitals,TIME,600,total,4267,0.82,4267,0.82
Gurue,,85939544B52550879093260,MOZ,ADM2,hospitals,TIME,600,under_5,795,0.82,795,0.82
Gurue,,85939544B52550879093260,MOZ,ADM2,hospitals,TIME,600,women_childbearing,1002,0.82,1002,0.82
Gurue,,85939544B52550879093260,MOZ,ADM2,hospitals,TIME,1200,adults,6339,1.27,2234,0.45
Gurue,,85939544B52550879093260,MOZ,ADM2,hospitals,TIME,1200,elderly,198,1.26,70,0.45
Gurue,,85939544B52550879093260,MOZ,ADM2,hospitals,TIME,1200,school_age,3761,1.27,1325,0.45
Gurue,,85939544B52550879093260,MOZ,ADM2,hospitals,TIME,1200,total,6588,1.27,2321,0.45
Gurue,,85939544B52550879093260,MOZ,ADM2,hospitals,TIME,1200,under_5,1228,1.27,433,0.45
Gurue,,85939544B52550879093260,MOZ,ADM2,hospitals,TIME,1200,women_childbearing,1548,1.27,546,0.45
Gurue,,85939544B52550879093260,MOZ,ADM2,hospitals,TIME,1800,adults,15779,3.15,9440,1.89
Gurue,,85939544B52550879093260,MOZ,ADM2,hospitals,TIME,1800,elderly,494,3.15,296,1.89
Gurue,,85939544B52550879093260,MOZ,ADM2,hospitals,TIME,1800,school_age,9362,3.15,5601,1.89
Gurue,,85939544B52550879093260,MOZ,ADM2,hospitals,TIME,1800,total,16400,3.15,9812,1.89
Gurue,,85939544B52550879093260,MOZ,ADM2,hospitals,TIME,1800,under_5,3058,3.15,1830,1.89
Gurue,,85939544B52550879093260,MOZ,ADM2,hospitals,TIME,1800,women_childbearing,3853,3.15,2305,1.89
Gurue,,85939544B52550879093260,MOZ,ADM2,hospitals,TIME,2400,adults,24708,4.94,8929,1.79
Gurue,,85939544B52550879093260,MOZ,ADM2,hospitals,TIME,2400,elderly,774,4.93,280,1.79
Gurue,,85939544B52550879093260,MOZ,ADM2,hospitals,TIME,2400,school_age,14659,4.94,5297,1.78
Gurue,,85939544B52550879093260,MOZ,ADM2,hospitals,TIME,2400,total,25680,4.94,9280,1.79
Gurue,,85939544B52550879093260,MOZ,ADM2,hospitals,TIME,2400,under_5,4789,4.94,1731,1.79
Gurue,,85939544B52550879093260,MOZ,ADM2,hospitals,TIME,2400,women_childbearing,6034,4.94,2181,1.79
Gurue,,85939544B52550879093260,MOZ,ADM2,hospitals,TIME,3000,adults,30998,6.2,6290,1.26
Gurue,,85939544B52550879093260,MOZ,ADM2,hospitals,TIME,3000,elderly,971,6.19,197,1.26
Gurue,,85939544B52550879093260,MOZ,ADM2,hospitals,TIME,3000,school_age,18392,6.2,3733,1.26
Gurue,,85939544B52550879093260,MOZ,ADM2,hospitals,TIME,3000,total,32218,6.2,6538,1.26
Gurue,,85939544B52550879093260,MOZ,ADM2,hospitals,TIME,3000,under_5,6008,6.2,1219,1.26
Gurue,,85939544B52550879093260,MOZ,ADM2,hospitals,TIME,3000,women_childbearing,7570,6.2,1536,1.26
Gurue,,85939544B52550879093260,MOZ,ADM2,hospitals,TIME,3600,adults,46139,9.22,15141,3.03
Gurue,,85939544B52550879093260,MOZ,ADM2,hospitals,TIME,3600,elderly,1446,9.22,475,3.03
Gurue,,85939544B52550879093260,MOZ,ADM2,hospitals,TIME,3600,school_age,27375,9.22,8983,3.03
Gurue,,85939544B52550879093260,MOZ,ADM2,hospitals,TIME,3600,total,47955,9.22,15737,3.03
Gurue,,85939544B52550879093260,MOZ,ADM2,hospitals,TIME,3600,under_5,8943,9.22,2935,3.03
Gurue,,85939544B52550879093260,MOZ,ADM2,hospitals,TIME,3600,women_childbearing,11267,9.22,3697,3.03
Gurue,,85939544B52550879093260,MOZ,ADM2,hospitals,TIME,4200,adults,143056,28.6,96917,19.38
Gurue,,85939544B52550879093260,MOZ,ADM2,hospitals,TIME,4200,elderly,4485,28.59,3039,19.38
Gurue,,85939544B52550879093260,MOZ,ADM2,hospitals,TIME,4200,school_age,84878,28.6,57503,19.38
Gurue,,85939544B52550879093260,MOZ,ADM2,hospitals,TIME,4200,total,148687,28.6,100732,19.38
Gurue,,85939544B52550879093260,MOZ,ADM2,hospitals,TIME,4200,under_5,27728,28.6,18785,19.37
Gurue,,85939544B52550879093260,MOZ,ADM2,hospitals,TIME,4200,women_childbearing,34936,28.6,23669,19.38
Gurue,,85939544B52550879093260,MOZ,ADM2,hospitals,TIME,4800,adults,168765,33.74,25709,5.14
Gurue,,85939544B52550879093260,MOZ,ADM2,hospitals,TIME,4800,elderly,5291,33.73,806,5.14
Gurue,,85939544B52550879093260,MOZ,ADM2,hospitals,TIME,4800,school_age,100132,33.74,15254,5.14
Gurue,,85939544B52550879093260,MOZ,ADM2,hospitals,TIME,4800,total,175408,33.74,26721,5.14
Gurue,,85939544B52550879093260,MOZ,ADM2,hospitals,TIME,4800,under_5,32711,33.74,4983,5.14
Gurue,,85939544B52550879093260,MOZ,ADM2,hospitals,TIME,4800,women_childbearing,41214,33.74,6278,5.14
Gurue,,85939544B52550879093260,MOZ,ADM2,hospitals,TIME,5400,adults,180978,36.18,12213,2.44
Gurue,,85939544B52550879093260,MOZ,ADM2,hospitals,TIME,5400,elderly,5674,36.17,383,2.44
Gurue,,85939544B52550879093260,MOZ,ADM2,hospitals,TIME,5400,school_age,107379,36.18,7247,2.44
Gurue,,85939544B52550879093260,MOZ,ADM2,hospitals,TIME,5400,total,188102,36.18,12694,2.44
Gurue,,85939544B52550879093260,MOZ,ADM2,hospitals,TIME,5400,under_5,35078,36.18,2367,2.44
Gurue,,85939544B52550879093260,MOZ,ADM2,hospitals,TIME,5400,women_childbearing,44197,36.18,2983,2.44
Gurue,,85939544B52550879093260,MOZ,ADM2,hospitals,TIME,6000,adults,214498,42.88,33520,6.7
Gurue,,85939544B52550879093260,MOZ,ADM2,hospitals,TIME,6000,elderly,6725,42.88,1051,6.7
Gurue,,85939544B52550879093260,MOZ,ADM2,hospitals,TIME,6000,school_age,127267,42.88,19888,6.7
Gurue,,85939544B52550879093260,MOZ,ADM2,hospitals,TIME,6000,total,222942,42.88,34840,6.7
Gurue,,85939544B52550879093260,MOZ,ADM2,hospitals,TIME,6000,under_5,41576,42.88,6498,6.7
Gurue,,85939544B52550879093260,MOZ,ADM2,hospitals,TIME,6000,women_childbearing,52383,42.88,8186,6.7
Homoine,,85939544B9969435799517,MOZ,ADM2,hospitals,TIME,600,adults,20349,17.02,20349,17.02
Homoine,,85939544B9969435799517,MOZ,ADM2,hospitals,TIME,600,elderly,1978,17.02,1978,17.02
Homoine,,85939544B9969435799517,MOZ,ADM2,hospitals,TIME,600,school_age,12251,17.02,12251,17.02
Homoine,,85939544B9969435799517,MOZ,ADM2,hospitals,TIME,600,total,22501,17.02,22501,17.02
Homoine,,85939544B9969435799517,MOZ,ADM2,hospitals,TIME,600,under_5,3198,17.01,3198,17.01
Homoine,,85939544B9969435799517,MOZ,ADM2,hospitals,TIME,600,women_childbearing,5501,17.02,5501,17.02
Homoine,,85939544B9969435799517,MOZ,ADM2,hospitals,TIME,1200,adults,29078,24.32,8729,7.3
Homoine,,85939544B9969435799517,MOZ,ADM2,hospitals,TIME,1200,elderly,2827,24.32,849,7.3
Homoine,,85939544B9969435799517,MOZ,ADM2,hospitals,TIME,1200,school_age,17506,24.32,5255,7.3
Homoine,,85939544B9969435799517,MOZ,ADM2,hospitals,TIME,1200,total,32153,24.32,9652,7.3
Homoine,,85939544B9969435799517,MOZ,ADM2,hospitals,TIME,1200,under_5,4570,24.31,1372,7.3
Homoine,,85939544B9969435799517,MOZ,ADM2,hospitals,TIME,1200,women_childbearing,7861,24.32,2360,7.3
Homoine,,85939544B9969435799517,MOZ,ADM2,hospitals,TIME,1800,adults,31453,26.3,2375,1.99
Homoine,,85939544B9969435799517,MOZ,ADM2,hospitals,TIME,1800,elderly,3058,26.31,231,1.99
Homoine,,85939544B9969435799517,MOZ,ADM2,hospitals,TIME,1800,school_age,18936,26.3,1430,1.99
Homoine,,85939544B9969435799517,MOZ,ADM2,hospitals,TIME,1800,total,34779,26.3,2626,1.99
Homoine,,85939544B9969435799517,MOZ,ADM2,hospitals,TIME,1800,under_5,4944,26.3,374,1.99
Homoine,,85939544B9969435799517,MOZ,ADM2,hospitals,TIME,1800,women_childbearing,8503,26.3,642,1.99
Homoine,,85939544B9969435799517,MOZ,ADM2,hospitals,TIME,2400,adults,41670,34.85,10217,8.54
Homoine,,85939544B9969435799517,MOZ,ADM2,hospitals,TIME,2400,elderly,4051,34.85,993,8.54
Homoine,,85939544B9969435799517,MOZ,ADM2,hospitals,TIME,2400,school_age,25087,34.85,6151,8.54
Homoine,,85939544B9969435799517,MOZ,ADM2,hospitals,TIME,2400,total,46076,34.85,11297,8.54
Homoine,,85939544B9969435799517,MOZ,ADM2,hospitals,TIME,2400,under_5,6550,34.85,1606,8.54
Homoine,,85939544B9969435799517,MOZ,ADM2,hospitals,TIME,2400,women_childbearing,11265,34.85,2762,8.54
Homoine,,85939544B9969435799517,MOZ,ADM2,hospitals,TIME,3000,adults,43293,36.2,1623,1.36
Homoine,,85939544B9969435799517,MOZ,ADM2,hospitals,TIME,3000,elderly,4208,36.2,157,1.35
Homoine,,85939544B9969435799517,MOZ,ADM2,hospitals,TIME,3000,school_age,26064,36.2,977,1.36
Homoine,,85939544B9969435799517,MOZ,ADM2,hospitals,TIME,3000,total,47871,36.21,1795,1.36
Homoine,,85939544B9969435799517,MOZ,ADM2,hospitals,TIME,3000,under_5,6805,36.2,255,1.36
Homoine,,85939544B9969435799517,MOZ,ADM2,hospitals,TIME,3000,women_childbearing,11704,36.21,439,1.36
Homoine,,85939544B9969435799517,MOZ,ADM2,hospitals,TIME,3600,adults,45795,38.3,2502,2.09
Homoine,,85939544B9969435799517,MOZ,ADM2,hospitals,TIME,3600,elderly,4452,38.3,244,2.1
Homoine,,85939544B9969435799517,MOZ,ADM2,hospitals,TIME,3600,school_age,27571,38.3,1507,2.09
Homoine,,85939544B9969435799517,MOZ,ADM2,hospitals,TIME,3600,total,50638,38.3,2767,2.09
Homoine,,85939544B9969435799517,MOZ,ADM2,hospitals,TIME,3600,under_5,7198,38.3,393,2.09
Homoine,,85939544B9969435799517,MOZ,ADM2,hospitals,TIME,3600,women_childbearing,12380,38.3,676,2.09
Homoine,,85939544B9969435799517,MOZ,ADM2,hospitals,TIME,4200,adults,48127,40.25,2332,1.95
Homoine,,85939544B9969435799517,MOZ,ADM2,hospitals,TIME,4200,elderly,4678,40.24,226,1.94
Homoine,,85939544B9969435799517,MOZ,ADM2,hospitals,TIME,4200,school_age,28974,40.25,1403,1.95
Homoine,,85939544B9969435799517,MOZ,ADM2,hospitals,TIME,4200,total,53216,40.25,2578,1.95
Homoine,,85939544B9969435799517,MOZ,ADM2,hospitals,TIME,4200,under_5,7565,40.25,367,1.95
Homoine,,85939544B9969435799517,MOZ,ADM2,hospitals,TIME,4200,women_childbearing,13011,40.25,631,1.95
Homoine,,85939544B9969435799517,MOZ,ADM2,hospitals,TIME,4800,adults,55921,46.77,7794,6.52
Homoine,,85939544B9969435799517,MOZ,ADM2,hospitals,TIME,4800,elderly,5436,46.76,758,6.52
Homoine,,85939544B9969435799517,MOZ,ADM2,hospitals,TIME,4800,school_age,33667,46.77,4693,6.52
Homoine,,85939544B9969435799517,MOZ,ADM2,hospitals,TIME,4800,total,61834,46.77,8618,6.52
Homoine,,85939544B9969435799517,MOZ,ADM2,hospitals,TIME,4800,under_5,8790,46.77,1225,6.52
Homoine,,85939544B9969435799517,MOZ,ADM2,hospitals,TIME,4800,women_childbearing,15118,46.77,2107,6.52
Homoine,,85939544B9969435799517,MOZ,ADM2,hospitals,TIME,5400,adults,68486,57.27,12565,10.51
Homoine,,85939544B9969435799517,MOZ,ADM2,hospitals,TIME,5400,elderly,6657,57.26,1221,10.5
Homoine,,85939544B9969435799517,MOZ,ADM2,hospitals,TIME,5400,school_age,41231,57.27,7564,10.51
Homoine,,85939544B9969435799517,MOZ,ADM2,hospitals,TIME,5400,total,75728,57.27,13894,10.51
Homoine,,85939544B9969435799517,MOZ,ADM2,hospitals,TIME,5400,under_5,10765,57.27,1975,10.51
Homoine,,85939544B9969435799517,MOZ,ADM2,hospitals,TIME,5400,women_childbearing,18515,57.27,3397,10.51
Homoine,,85939544B9969435799517,MOZ,ADM2,hospitals,TIME,6000,adults,93769,78.42,25283,21.14
Homoine,,85939544B9969435799517,MOZ,ADM2,hospitals,TIME,6000,elderly,9115,78.41,2458,21.14
Homoine,,85939544B9969435799517,MOZ,ADM2,hospitals,TIME,6000,school_age,56453,78.42,15222,21.14
Homoine,,85939544B9969435799517,MOZ,ADM2,hospitals,TIME,6000,total,103683,78.42,27955,21.14
Homoine,,85939544B9969435799517,MOZ,ADM2,hospitals,TIME,6000,under_5,14739,78.42,3974,21.14
Homoine,,85939544B9969435799517,MOZ,ADM2,hospitals,TIME,6000,women_childbearing,25350,78.42,6835,21.14
Ile,,85939544B3686787806290,MOZ,ADM2,hospitals,TIME,3000,adults,848,0.31,848,0.31
Ile,,85939544B3686787806290,MOZ,ADM2,hospitals,TIME,3000,elderly,34,0.3,34,0.3
Ile,,85939544B3686787806290,MOZ,ADM2,hospitals,TIME,3000,school_age,509,0.31,509,0.31
Ile,,85939544B3686787806290,MOZ,ADM2,hospitals,TIME,3000,total,889,0.31,889,0.31
Ile,,85939544B3686787806290,MOZ,ADM2,hospitals,TIME,3000,under_5,168,0.31,168,0.31
Ile,,85939544B3686787806290,MOZ,ADM2,hospitals,TIME,3000,women_childbearing,210,0.31,210,0.31
Ile,,85939544B3686787806290,MOZ,ADM2,hospitals,TIME,3600,adults,6083,2.23,5235,1.92
Ile,,85939544B3686787806290,MOZ,ADM2,hospitals,TIME,3600,elderly,249,2.23,215,1.93
Ile,,85939544B3686787806290,MOZ,ADM2,hospitals,TIME,3600,school_age,3654,2.23,3145,1.92
Ile,,85939544B3686787806290,MOZ,ADM2,hospitals,TIME,3600,total,6381,2.23,5492,1.92
Ile,,85939544B3686787806290,MOZ,ADM2,hospitals,TIME,3600,under_5,1208,2.23,1040,1.92
Ile,,85939544B3686787806290,MOZ,ADM2,hospitals,TIME,3600,women_childbearing,1512,2.23,1302,1.92
Ile,,85939544B3686787806290,MOZ,ADM2,hospitals,TIME,4200,adults,15172,5.57,9089,3.34
Ile,,85939544B3686787806290,MOZ,ADM2,hospitals,TIME,4200,elderly,621,5.56,372,3.33
Ile,,85939544B3686787806290,MOZ,ADM2,hospitals,TIME,4200,school_age,9115,5.57,5461,3.34
Ile,,85939544B3686787806290,MOZ,ADM2,hospitals,TIME,4200,total,15916,5.57,9535,3.34
Ile,,85939544B3686787806290,MOZ,ADM2,hospitals,TIME,4200,under_5,3014,5.57,1806,3.34
Ile,,85939544B3686787806290,MOZ,ADM2,hospitals,TIME,4200,women_childbearing,3773,5.57,2261,3.34
Ile,,85939544B3686787806290,MOZ,ADM2,hospitals,TIME,4800,adults,22126,8.12,6954,2.55
Ile,,85939544B3686787806290,MOZ,ADM2,hospitals,TIME,4800,elderly,906,8.12,285,2.55
Ile,,85939544B3686787806290,MOZ,ADM2,hospitals,TIME,4800,school_age,13293,8.12,4178,2.55
Ile,,85939544B3686787806290,MOZ,ADM2,hospitals,TIME,4800,total,23212,8.12,7296,2.55
Ile,,85939544B3686787806290,MOZ,ADM2,hospitals,TIME,4800,under_5,4396,8.12,1382,2.55
Ile,,85939544B3686787806290,MOZ,ADM2,hospitals,TIME,4800,women_childbearing,5502,8.12,1729,2.55
Ile,,85939544B3686787806290,MOZ,ADM2,hospitals,TIME,5400,adults,33641,12.35,11515,4.23
Ile,,85939544B3686787806290,MOZ,ADM2,hospitals,TIME,5400,elderly,1378,12.34,472,4.23
Ile,,85939544B3686787806290,MOZ,ADM2,hospitals,TIME,5400,school_age,20211,12.35,6918,4.23
Ile,,85939544B3686787806290,MOZ,ADM2,hospitals,TIME,5400,total,35292,12.35,12080,4.23
Ile,,85939544B3686787806290,MOZ,ADM2,hospitals,TIME,5400,under_5,6684,12.35,2288,4.23
Ile,,85939544B3686787806290,MOZ,ADM2,hospitals,TIME,5400,women_childbearing,8366,12.35,2864,4.23
Ile,,85939544B3686787806290,MOZ,ADM2,hospitals,TIME,6000,adults,53289,19.57,19648,7.21
Ile,,85939544B3686787806290,MOZ,ADM2,hospitals,TIME,6000,elderly,2184,19.56,806,7.22
Ile,,85939544B3686787806290,MOZ,ADM2,hospitals,TIME,6000,school_age,32015,19.56,11804,7.21
Ile,,85939544B3686787806290,MOZ,ADM2,hospitals,TIME,6000,total,55904,19.57,20612,7.21
Ile,,85939544B3686787806290,MOZ,ADM2,hospitals,TIME,6000,under_5,10588,19.56,3904,7.21
Ile,,85939544B3686787806290,MOZ,ADM2,hospitals,TIME,6000,women_childbearing,13253,19.57,4887,7.21
Ilha De Moçambique,,85939544B37446089230364,MOZ,ADM2,hospitals,TIME,5400,adults,817,1.26,817,1.26
Ilha De Moçambique,,85939544B37446089230364,MOZ,ADM2,hospitals,TIME,5400,elderly,57,1.32,57,1.32
Ilha De Moçambique,,85939544B37446089230364,MOZ,ADM2,hospitals,TIME,5400,school_age,461,1.26,461,1.26
Ilha De Moçambique,,85939544B37446089230364,MOZ,ADM2,hospitals,TIME,5400,total,881,1.26,881,1.26
Ilha De Moçambique,,85939544B37446089230364,MOZ,ADM2,hospitals,TIME,5400,under_5,144,1.29,144,1.29
Ilha De Moçambique,,85939544B37446089230364,MOZ,ADM2,hospitals,TIME,5400,women_childbearing,205,1.25,205,1.25
Ilha De Moçambique,,85939544B37446089230364,MOZ,ADM2,hospitals,TIME,6000,adults,5564,8.58,4747,7.32
Ilha De Moçambique,,85939544B37446089230364,MOZ,ADM2,hospitals,TIME,6000,elderly,364,8.45,307,7.13
Ilha De Moçambique,,85939544B37446089230364,MOZ,ADM2,hospitals,TIME,6000,school_age,3137,8.58,2676,7.32
Ilha De Moçambique,,85939544B37446089230364,MOZ,ADM2,hospitals,TIME,6000,total,5975,8.58,5094,7.31
Ilha De Moçambique,,85939544B37446089230364,MOZ,ADM2,hospitals,TIME,6000,under_5,955,8.53,811,7.24
Ilha De Moçambique,,85939544B37446089230364,MOZ,ADM2,hospitals,TIME,6000,women_childbearing,1412,8.59,1207,7.34
Inhambane,MZ-I,27363107B61969177237563,MOZ,ADM1,hospitals,TIME,600,adults,188062,13.34,188062,13.34
Inhambane,MZ-I,27363107B61969177237563,MOZ,ADM1,hospitals,TIME,600,elderly,14040,12.02,14040,12.02
Inhambane,MZ-I,27363107B61969177237563,MOZ,ADM1,hospitals,TIME,600,school_age,108897,13.07,108897,13.07
Inhambane,MZ-I,27363107B61969177237563,MOZ,ADM1,hospitals,TIME,600,total,203673,13.24,203673,13.24
Inhambane,MZ-I,27363107B61969177237563,MOZ,ADM1,hospitals,TIME,600,under_5,27581,12.72,27581,12.72
Inhambane,MZ-I,27363107B61969177237563,MOZ,ADM1,hospitals,TIME,600,women_childbearing,53077,13.49,53077,13.49
Inhambane,MZ-I,27363107B61969177237563,MOZ,ADM1,hospitals,TIME,1200,adults,243407,17.26,55345,3.92
Inhambane,MZ-I,27363107B61969177237563,MOZ,ADM1,hospitals,TIME,1200,elderly,18186,15.57,4146,3.55
Inhambane,MZ-I,27363107B61969177237563,MOZ,ADM1,hospitals,TIME,1200,school_age,141026,16.92,32129,3.86
Inhambane,MZ-I,27363107B61969177237563,MOZ,ADM1,hospitals,TIME,1200,total,263625,17.13,59952,3.9
Inhambane,MZ-I,27363107B61969177237563,MOZ,ADM1,hospitals,TIME,1200,under_5,35646,16.44,8065,3.72
Inhambane,MZ-I,27363107B61969177237563,MOZ,ADM1,hospitals,TIME,1200,women_childbearing,68679,17.45,15602,3.96
Inhambane,MZ-I,27363107B61969177237563,MOZ,ADM1,hospitals,TIME,1800,adults,307342,21.79,63935,4.53
Inhambane,MZ-I,27363107B61969177237563,MOZ,ADM1,hospitals,TIME,1800,elderly,22832,19.55,4646,3.98
Inhambane,MZ-I,27363107B61969177237563,MOZ,ADM1,hospitals,TIME,1800,school_age,178213,21.39,37187,4.46
Inhambane,MZ-I,27363107B61969177237563,MOZ,ADM1,hospitals,TIME,1800,total,332739,21.62,69114,4.49
Inhambane,MZ-I,27363107B61969177237563,MOZ,ADM1,hospitals,TIME,1800,under_5,44675,20.6,9029,4.16
Inhambane,MZ-I,27363107B61969177237563,MOZ,ADM1,hospitals,TIME,1800,women_childbearing,87039,22.11,18360,4.66
Inhambane,MZ-I,27363107B61969177237563,MOZ,ADM1,hospitals,TIME,2400,adults,433315,30.73,125973,8.93
Inhambane,MZ-I,27363107B61969177237563,MOZ,ADM1,hospitals,TIME,2400,elderly,32384,27.72,9552,8.18
Inhambane,MZ-I,27363107B61969177237563,MOZ,ADM1,hospitals,TIME,2400,school_age,252008,30.24,73795,8.86
Inhambane,MZ-I,27363107B61969177237563,MOZ,ADM1,hospitals,TIME,2400,total,469316,30.5,136577,8.88
Inhambane,MZ-I,27363107B61969177237563,MOZ,ADM1,hospitals,TIME,2400,under_5,62759,28.94,18084,8.34
Inhambane,MZ-I,27363107B61969177237563,MOZ,ADM1,hospitals,TIME,2400,women_childbearing,122922,31.23,35883,9.12
Inhambane,MZ-I,27363107B61969177237563,MOZ,ADM1,hospitals,TIME,3000,adults,478393,33.92,45078,3.2
Inhambane,MZ-I,27363107B61969177237563,MOZ,ADM1,hospitals,TIME,3000,elderly,36274,31.05,3890,3.33
Inhambane,MZ-I,27363107B61969177237563,MOZ,ADM1,hospitals,TIME,3000,school_age,278744,33.45,26736,3.21
Inhambane,MZ-I,27363107B61969177237563,MOZ,ADM1,hospitals,TIME,3000,total,518665,33.7,49349,3.21
Inhambane,MZ-I,27363107B61969177237563,MOZ,ADM1,hospitals,TIME,3000,under_5,69643,32.12,6884,3.17
Inhambane,MZ-I,27363107B61969177237563,MOZ,ADM1,hospitals,TIME,3000,women_childbearing,135412,34.41,12490,3.17
Inhambane,MZ-I,27363107B61969177237563,MOZ,ADM1,hospitals,TIME,3600,adults,523495,37.12,45102,3.2
Inhambane,MZ-I,27363107B61969177237563,MOZ,ADM1,hospitals,TIME,3600,elderly,40235,34.44,3961,3.39
Inhambane,MZ-I,27363107B61969177237563,MOZ,ADM1,hospitals,TIME,3600,school_age,305528,36.66,26784,3.21
Inhambane,MZ-I,27363107B61969177237563,MOZ,ADM1,hospitals,TIME,3600,total,568108,36.92,49443,3.21
Inhambane,MZ-I,27363107B61969177237563,MOZ,ADM1,hospitals,TIME,3600,under_5,76614,35.33,6971,3.22
Inhambane,MZ-I,27363107B61969177237563,MOZ,ADM1,hospitals,TIME,3600,women_childbearing,147843,37.56,12431,3.16
Inhambane,MZ-I,27363107B61969177237563,MOZ,ADM1,hospitals,TIME,4200,adults,587666,41.67,64171,4.55
Inhambane,MZ-I,27363107B61969177237563,MOZ,ADM1,hospitals,TIME,4200,elderly,45881,39.28,5646,4.83
Inhambane,MZ-I,27363107B61969177237563,MOZ,ADM1,hospitals,TIME,4200,school_age,344113,41.29,38585,4.63
Inhambane,MZ-I,27363107B61969177237563,MOZ,ADM1,hospitals,TIME,4200,total,638468,41.49,70360,4.57
Inhambane,MZ-I,27363107B61969177237563,MOZ,ADM1,hospitals,TIME,4200,under_5,86823,40.04,10209,4.71
Inhambane,MZ-I,27363107B61969177237563,MOZ,ADM1,hospitals,TIME,4200,women_childbearing,165265,41.99,17422,4.43
Inhambane,MZ-I,27363107B61969177237563,MOZ,ADM1,hospitals,TIME,4800,adults,667030,47.3,79364,5.63
Inhambane,MZ-I,27363107B61969177237563,MOZ,ADM1,hospitals,TIME,4800,elderly,52462,44.91,6581,5.63
Inhambane,MZ-I,27363107B61969177237563,MOZ,ADM1,hospitals,TIME,4800,school_age,390344,46.84,46231,5.55
Inhambane,MZ-I,27363107B61969177237563,MOZ,ADM1,hospitals,TIME,4800,total,725080,47.12,86612,5.63
Inhambane,MZ-I,27363107B61969177237563,MOZ,ADM1,hospitals,TIME,4800,under_5,98978,45.65,12155,5.61
Inhambane,MZ-I,27363107B61969177237563,MOZ,ADM1,hospitals,TIME,4800,women_childbearing,187877,47.74,22612,5.75
Inhambane,MZ-I,27363107B61969177237563,MOZ,ADM1,hospitals,TIME,5400,adults,766966,54.39,99936,7.09
Inhambane,MZ-I,27363107B61969177237563,MOZ,ADM1,hospitals,TIME,5400,elderly,61262,52.44,8800,7.53
Inhambane,MZ-I,27363107B61969177237563,MOZ,ADM1,hospitals,TIME,5400,school_age,449419,53.93,59075,7.09
Inhambane,MZ-I,27363107B61969177237563,MOZ,ADM1,hospitals,TIME,5400,total,834660,54.24,109580,7.12
Inhambane,MZ-I,27363107B61969177237563,MOZ,ADM1,hospitals,TIME,5400,under_5,114352,52.74,15374,7.09
Inhambane,MZ-I,27363107B61969177237563,MOZ,ADM1,hospitals,TIME,5400,women_childbearing,215848,54.84,27971,7.11
Inhambane,MZ-I,27363107B61969177237563,MOZ,ADM1,hospitals,TIME,6000,adults,872346,61.86,105380,7.47
Inhambane,MZ-I,27363107B61969177237563,MOZ,ADM1,hospitals,TIME,6000,elderly,70684,60.51,9422,8.07
Inhambane,MZ-I,27363107B61969177237563,MOZ,ADM1,hospitals,TIME,6000,school_age,512799,61.54,63380,7.61
Inhambane,MZ-I,27363107B61969177237563,MOZ,ADM1,hospitals,TIME,6000,total,950354,61.76,115694,7.52
Inhambane,MZ-I,27363107B61969177237563,MOZ,ADM1,hospitals,TIME,6000,under_5,131221,60.52,16869,7.78
Inhambane,MZ-I,27363107B61969177237563,MOZ,ADM1,hospitals,TIME,6000,women_childbearing,244470,62.11,28622,7.27
Inharrime,,85939544B69817996790019,MOZ,ADM2,hospitals,TIME,600,adults,24839,20.1,24839,20.1
Inharrime,,85939544B69817996790019,MOZ,ADM2,hospitals,TIME,600,elderly,2045,20.09,2045,20.09
Inharrime,,85939544B69817996790019,MOZ,ADM2,hospitals,TIME,600,school_age,15373,20.1,15373,20.1
Inharrime,,85939544B69817996790019,MOZ,ADM2,hospitals,TIME,600,total,27093,20.1,27093,20.1
Inharrime,,85939544B69817996790019,MOZ,ADM2,hospitals,TIME,600,under_5,4202,20.09,4202,20.09
Inharrime,,85939544B69817996790019,MOZ,ADM2,hospitals,TIME,600,women_childbearing,6677,20.1,6677,20.1
Inharrime,,85939544B69817996790019,MOZ,ADM2,hospitals,TIME,1200,adults,29320,23.72,4481,3.63
Inharrime,,85939544B69817996790019,MOZ,ADM2,hospitals,TIME,1200,elderly,2414,23.72,369,3.63
Inharrime,,85939544B69817996790019,MOZ,ADM2,hospitals,TIME,1200,school_age,18146,23.72,2773,3.62
Inharrime,,85939544B69817996790019,MOZ,ADM2,hospitals,TIME,1200,total,31981,23.72,4888,3.63
Inharrime,,85939544B69817996790019,MOZ,ADM2,hospitals,TIME,1200,under_5,4960,23.72,758,3.62
Inharrime,,85939544B69817996790019,MOZ,ADM2,hospitals,TIME,1200,women_childbearing,7882,23.72,1205,3.63
Inharrime,,85939544B69817996790019,MOZ,ADM2,hospitals,TIME,1800,adults,36970,29.91,7650,6.19
Inharrime,,85939544B69817996790019,MOZ,ADM2,hospitals,TIME,1800,elderly,3044,29.91,630,6.19
Inharrime,,85939544B69817996790019,MOZ,ADM2,hospitals,TIME,1800,school_age,22881,29.91,4735,6.19
Inharrime,,85939544B69817996790019,MOZ,ADM2,hospitals,TIME,1800,total,40326,29.91,8345,6.19
Inharrime,,85939544B69817996790019,MOZ,ADM2,hospitals,TIME,1800,under_5,6255,29.91,1295,6.19
Inharrime,,85939544B69817996790019,MOZ,ADM2,hospitals,TIME,1800,women_childbearing,9938,29.91,2056,6.19
Inharrime,,85939544B69817996790019,MOZ,ADM2,hospitals,TIME,2400,adults,47484,38.42,10514,8.51
Inharrime,,85939544B69817996790019,MOZ,ADM2,hospitals,TIME,2400,elderly,3910,38.42,866,8.51
Inharrime,,85939544B69817996790019,MOZ,ADM2,hospitals,TIME,2400,school_age,29388,38.42,6507,8.51
Inharrime,,85939544B69817996790019,MOZ,ADM2,hospitals,TIME,2400,total,51794,38.42,11468,8.51
Inharrime,,85939544B69817996790019,MOZ,ADM2,hospitals,TIME,2400,under_5,8034,38.42,1779,8.51
Inharrime,,85939544B69817996790019,MOZ,ADM2,hospitals,TIME,2400,women_childbearing,12765,38.42,2827,8.51
Inharrime,,85939544B69817996790019,MOZ,ADM2,hospitals,TIME,3000,adults,51147,41.38,3663,2.96
Inharrime,,85939544B69817996790019,MOZ,ADM2,hospitals,TIME,3000,elderly,4211,41.37,301,2.96
Inharrime,,85939544B69817996790019,MOZ,ADM2,hospitals,TIME,3000,school_age,31655,41.38,2267,2.96
Inharrime,,85939544B69817996790019,MOZ,ADM2,hospitals,TIME,3000,total,55788,41.38,3994,2.96
Inharrime,,85939544B69817996790019,MOZ,ADM2,hospitals,TIME,3000,under_5,8653,41.38,619,2.96
Inharrime,,85939544B69817996790019,MOZ,ADM2,hospitals,TIME,3000,women_childbearing,13749,41.38,984,2.96
Inharrime,,85939544B69817996790019,MOZ,ADM2,hospitals,TIME,3600,adults,54046,43.73,2899,2.35
Inharrime,,85939544B69817996790019,MOZ,ADM2,hospitals,TIME,3600,elderly,4450,43.72,239,2.35
Inharrime,,85939544B69817996790019,MOZ,ADM2,hospitals,TIME,3600,school_age,33449,43.73,1794,2.35
Inharrime,,85939544B69817996790019,MOZ,ADM2,hospitals,TIME,3600,total,58951,43.73,3163,2.35
Inharrime,,85939544B69817996790019,MOZ,ADM2,hospitals,TIME,3600,under_5,9144,43.72,491,2.35
Inharrime,,85939544B69817996790019,MOZ,ADM2,hospitals,TIME,3600,women_childbearing,14529,43.73,780,2.35
Inharrime,,85939544B69817996790019,MOZ,ADM2,hospitals,TIME,4200,adults,57125,46.22,3079,2.49
Inharrime,,85939544B69817996790019,MOZ,ADM2,hospitals,TIME,4200,elderly,4704,46.22,254,2.5
Inharrime,,85939544B69817996790019,MOZ,ADM2,hospitals,TIME,4200,school_age,35355,46.22,1906,2.49
Inharrime,,85939544B69817996790019,MOZ,ADM2,hospitals,TIME,4200,total,62310,46.22,3359,2.49
Inharrime,,85939544B69817996790019,MOZ,ADM2,hospitals,TIME,4200,under_5,9665,46.22,521,2.49
Inharrime,,85939544B69817996790019,MOZ,ADM2,hospitals,TIME,4200,women_childbearing,15356,46.22,827,2.49
Inharrime,,85939544B69817996790019,MOZ,ADM2,hospitals,TIME,4800,adults,58373,47.23,1248,1.01
Inharrime,,85939544B69817996790019,MOZ,ADM2,hospitals,TIME,4800,elderly,4806,47.22,102,1.0
Inharrime,,85939544B69817996790019,MOZ,ADM2,hospitals,TIME,4800,school_age,36127,47.23,772,1.01
Inharrime,,85939544B69817996790019,MOZ,ADM2,hospitals,TIME,4800,total,63670,47.23,1360,1.01
Inharrime,,85939544B69817996790019,MOZ,ADM2,hospitals,TIME,4800,under_5,9876,47.22,211,1.01
Inharrime,,85939544B69817996790019,MOZ,ADM2,hospitals,TIME,4800,women_childbearing,15692,47.23,336,1.01
Inharrime,,85939544B69817996790019,MOZ,ADM2,hospitals,TIME,5400,adults,65013,52.6,6640,5.37
Inharrime,,85939544B69817996790019,MOZ,ADM2,hospitals,TIME,5400,elderly,5353,52.59,547,5.37
Inharrime,,85939544B69817996790019,MOZ,ADM2,hospitals,TIME,5400,school_age,40237,52.6,4110,5.37
Inharrime,,85939544B69817996790019,MOZ,ADM2,hospitals,TIME,5400,total,70913,52.6,7243,5.37
Inharrime,,85939544B69817996790019,MOZ,ADM2,hospitals,TIME,5400,under_5,11000,52.6,1124,5.37
Inharrime,,85939544B69817996790019,MOZ,ADM2,hospitals,TIME,5400,women_childbearing,17477,52.6,1785,5.37
Inharrime,,85939544B69817996790019,MOZ,ADM2,hospitals,TIME,6000,adults,85040,68.8,20027,16.2
Inharrime,,85939544B69817996790019,MOZ,ADM2,hospitals,TIME,6000,elderly,7002,68.8,1649,16.2
Inharrime,,85939544B69817996790019,MOZ,ADM2,hospitals,TIME,6000,school_age,52632,68.8,12395,16.2
Inharrime,,85939544B69817996790019,MOZ,ADM2,hospitals,TIME,6000,total,92758,68.8,21845,16.2
Inharrime,,85939544B69817996790019,MOZ,ADM2,hospitals,TIME,6000,under_5,14388,68.8,3388,16.2
Inharrime,,85939544B69817996790019,MOZ,ADM2,hospitals,TIME,6000,women_childbearing,22861,68.8,5384,16.2
Inhassoro,,85939544B58581363474884,MOZ,ADM2,hospitals,TIME,600,adults,22700,41.86,22700,41.86
Inhassoro,,85939544B58581363474884,MOZ,ADM2,hospitals,TIME,600,elderly,1712,41.86,1712,41.86
Inhassoro,,85939544B58581363474884,MOZ,ADM2,hospitals,TIME,600,school_age,13135,41.86,13135,41.86
Inhassoro,,85939544B58581363474884,MOZ,ADM2,hospitals,TIME,600,total,24602,41.86,24602,41.86
Inhassoro,,85939544B58581363474884,MOZ,ADM2,hospitals,TIME,600,under_5,3346,41.86,3346,41.86
Inhassoro,,85939544B58581363474884,MOZ,ADM2,hospitals,TIME,600,women_childbearing,6371,41.86,6371,41.86
Inhassoro,,85939544B58581363474884,MOZ,ADM2,hospitals,TIME,1200,adults,29749,54.86,7049,13.0
Inhassoro,,85939544B58581363474884,MOZ,ADM2,hospitals,TIME,1200,elderly,2244,54.87,532,13.01
Inhassoro,,85939544B58581363474884,MOZ,ADM2,hospitals,TIME,1200,school_age,17214,54.85,4079,13.0
Inhassoro,,85939544B58581363474884,MOZ,ADM2,hospitals,TIME,1200,total,32241,54.85,7639,13.0
Inhassoro,,85939544B58581363474884,MOZ,ADM2,hospitals,TIME,1200,under_5,4384,54.85,1038,12.99
Inhassoro,,85939544B58581363474884,MOZ,ADM2,hospitals,TIME,1200,women_childbearing,8350,54.86,1979,13.0
Inhassoro,,85939544B58581363474884,MOZ,ADM2,hospitals,TIME,1800,adults,30919,57.01,1170,2.16
Inhassoro,,85939544B58581363474884,MOZ,ADM2,hospitals,TIME,1800,elderly,2332,57.02,88,2.15
Inhassoro,,85939544B58581363474884,MOZ,ADM2,hospitals,TIME,1800,school_age,17891,57.01,677,2.16
Inhassoro,,85939544B58581363474884,MOZ,ADM2,hospitals,TIME,1800,total,33510,57.01,1269,2.16
Inhassoro,,85939544B58581363474884,MOZ,ADM2,hospitals,TIME,1800,under_5,4557,57.01,173,2.16
Inhassoro,,85939544B58581363474884,MOZ,ADM2,hospitals,TIME,1800,women_childbearing,8678,57.01,328,2.15
Inhassoro,,85939544B58581363474884,MOZ,ADM2,hospitals,TIME,2400,adults,32563,60.04,1644,3.03
Inhassoro,,85939544B58581363474884,MOZ,ADM2,hospitals,TIME,2400,elderly,2456,60.05,124,3.03
Inhassoro,,85939544B58581363474884,MOZ,ADM2,hospitals,TIME,2400,school_age,18843,60.05,952,3.03
Inhassoro,,85939544B58581363474884,MOZ,ADM2,hospitals,TIME,2400,total,35292,60.05,1782,3.03
Inhassoro,,85939544B58581363474884,MOZ,ADM2,hospitals,TIME,2400,under_5,4799,60.04,242,3.03
Inhassoro,,85939544B58581363474884,MOZ,ADM2,hospitals,TIME,2400,women_childbearing,9140,60.05,462,3.04
Inhassoro,,85939544B58581363474884,MOZ,ADM2,hospitals,TIME,3000,adults,33592,61.94,1029,1.9
Inhassoro,,85939544B58581363474884,MOZ,ADM2,hospitals,TIME,3000,elderly,2534,61.96,78,1.91
Inhassoro,,85939544B58581363474884,MOZ,ADM2,hospitals,TIME,3000,school_age,19438,61.94,595,1.9
Inhassoro,,85939544B58581363474884,MOZ,ADM2,hospitals,TIME,3000,total,36407,61.94,1115,1.9
Inhassoro,,85939544B58581363474884,MOZ,ADM2,hospitals,TIME,3000,under_5,4951,61.94,152,1.9
Inhassoro,,85939544B58581363474884,MOZ,ADM2,hospitals,TIME,3000,women_childbearing,9428,61.94,288,1.89
Inhassoro,,85939544B58581363474884,MOZ,ADM2,hospitals,TIME,3600,adults,35108,64.74,1516,2.8
Inhassoro,,85939544B58581363474884,MOZ,ADM2,hospitals,TIME,3600,elderly,2648,64.74,114,2.79
Inhassoro,,85939544B58581363474884,MOZ,ADM2,hospitals,TIME,3600,school_age,20315,64.74,877,2.79
Inhassoro,,85939544B58581363474884,MOZ,ADM2,hospitals,TIME,3600,total,38050,64.74,1643,2.8
Inhassoro,,85939544B58581363474884,MOZ,ADM2,hospitals,TIME,3600,under_5,5174,64.73,223,2.79
Inhassoro,,85939544B58581363474884,MOZ,ADM2,hospitals,TIME,3600,women_childbearing,9854,64.74,426,2.8
Inhassoro,,85939544B58581363474884,MOZ,ADM2,hospitals,TIME,4200,adults,35835,66.08,727,1.34
Inhassoro,,85939544B58581363474884,MOZ,ADM2,hospitals,TIME,4200,elderly,2703,66.09,55,1.34
Inhassoro,,85939544B58581363474884,MOZ,ADM2,hospitals,TIME,4200,school_age,20736,66.08,421,1.34
Inhassoro,,85939544B58581363474884,MOZ,ADM2,hospitals,TIME,4200,total,38837,66.08,787,1.34
Inhassoro,,85939544B58581363474884,MOZ,ADM2,hospitals,TIME,4200,under_5,5282,66.08,108,1.35
Inhassoro,,85939544B58581363474884,MOZ,ADM2,hospitals,TIME,4200,women_childbearing,10058,66.08,204,1.34
Inhassoro,,85939544B58581363474884,MOZ,ADM2,hospitals,TIME,4800,adults,39597,73.02,3762,6.94
Inhassoro,,85939544B58581363474884,MOZ,ADM2,hospitals,TIME,4800,elderly,2987,73.03,284,6.94
Inhassoro,,85939544B58581363474884,MOZ,ADM2,hospitals,TIME,4800,school_age,22913,73.02,2177,6.94
Inhassoro,,85939544B58581363474884,MOZ,ADM2,hospitals,TIME,4800,total,42915,73.02,4078,6.94
Inhassoro,,85939544B58581363474884,MOZ,ADM2,hospitals,TIME,4800,under_5,5836,73.01,554,6.93
Inhassoro,,85939544B58581363474884,MOZ,ADM2,hospitals,TIME,4800,women_childbearing,11114,73.02,1056,6.94
Inhassoro,,85939544B58581363474884,MOZ,ADM2,hospitals,TIME,5400,adults,40030,73.81,433,0.8
Inhassoro,,85939544B58581363474884,MOZ,ADM2,hospitals,TIME,5400,elderly,3019,73.81,32,0.78
Inhassoro,,85939544B58581363474884,MOZ,ADM2,hospitals,TIME,5400,school_age,23163,73.81,250,0.8
Inhassoro,,85939544B58581363474884,MOZ,ADM2,hospitals,TIME,5400,total,43384,73.81,469,0.8
Inhassoro,,85939544B58581363474884,MOZ,ADM2,hospitals,TIME,5400,under_5,5900,73.81,64,0.8
Inhassoro,,85939544B58581363474884,MOZ,ADM2,hospitals,TIME,5400,women_childbearing,11235,73.81,121,0.79
Inhassoro,,85939544B58581363474884,MOZ,ADM2,hospitals,TIME,6000,adults,40384,74.47,354,0.65
Inhassoro,,85939544B58581363474884,MOZ,ADM2,hospitals,TIME,6000,elderly,3046,74.47,27,0.66
Inhassoro,,85939544B58581363474884,MOZ,ADM2,hospitals,TIME,6000,school_age,23368,74.47,205,0.65
Inhassoro,,85939544B58581363474884,MOZ,ADM2,hospitals,TIME,6000,total,43767,74.47,383,0.65
Inhassoro,,85939544B58581363474884,MOZ,ADM2,hospitals,TIME,6000,under_5,5952,74.47,52,0.65
Inhassoro,,85939544B58581363474884,MOZ,ADM2,hospitals,TIME,6000,women_childbearing,11335,74.47,100,0.66
Jangamo,,85939544B63223307878319,MOZ,ADM2,hospitals,TIME,1200,adults,4358,4.22,4358,4.22
Jangamo,,85939544B63223307878319,MOZ,ADM2,hospitals,TIME,1200,elderly,398,4.21,398,4.21
Jangamo,,85939544B63223307878319,MOZ,ADM2,hospitals,TIME,1200,school_age,2641,4.22,2641,4.22
Jangamo,,85939544B63223307878319,MOZ,ADM2,hospitals,TIME,1200,total,4794,4.22,4794,4.22
Jangamo,,85939544B63223307878319,MOZ,ADM2,hospitals,TIME,1200,under_5,708,4.21,708,4.21
Jangamo,,85939544B63223307878319,MOZ,ADM2,hospitals,TIME,1200,women_childbearing,1153,4.22,1153,4.22
Jangamo,,85939544B63223307878319,MOZ,ADM2,hospitals,TIME,1800,adults,9656,9.35,5298,5.13
Jangamo,,85939544B63223307878319,MOZ,ADM2,hospitals,TIME,1800,elderly,883,9.35,485,5.13
Jangamo,,85939544B63223307878319,MOZ,ADM2,hospitals,TIME,1800,school_age,5852,9.35,3211,5.13
Jangamo,,85939544B63223307878319,MOZ,ADM2,hospitals,TIME,1800,total,10621,9.35,5827,5.13
Jangamo,,85939544B63223307878319,MOZ,ADM2,hospitals,TIME,1800,under_5,1570,9.35,862,5.13
Jangamo,,85939544B63223307878319,MOZ,ADM2,hospitals,TIME,1800,women_childbearing,2555,9.35,1402,5.13
Jangamo,,85939544B63223307878319,MOZ,ADM2,hospitals,TIME,2400,adults,22926,22.2,13270,12.85
Jangamo,,85939544B63223307878319,MOZ,ADM2,hospitals,TIME,2400,elderly,2096,22.19,1213,12.84
Jangamo,,85939544B63223307878319,MOZ,ADM2,hospitals,TIME,2400,school_age,13896,22.2,8044,12.85
Jangamo,,85939544B63223307878319,MOZ,ADM2,hospitals,TIME,2400,total,25217,22.2,14596,12.85
Jangamo,,85939544B63223307878319,MOZ,ADM2,hospitals,TIME,2400,under_5,3729,22.2,2159,12.85
Jangamo,,85939544B63223307878319,MOZ,ADM2,hospitals,TIME,2400,women_childbearing,6067,22.2,3512,12.85
Jangamo,,85939544B63223307878319,MOZ,ADM2,hospitals,TIME,3000,adults,32705,31.67,9779,9.47
Jangamo,,85939544B63223307878319,MOZ,ADM2,hospitals,TIME,3000,elderly,2991,31.66,895,9.47
Jangamo,,85939544B63223307878319,MOZ,ADM2,hospitals,TIME,3000,school_age,19823,31.67,5927,9.47
Jangamo,,85939544B63223307878319,MOZ,ADM2,hospitals,TIME,3000,total,35974,31.67,10757,9.47
Jangamo,,85939544B63223307878319,MOZ,ADM2,hospitals,TIME,3000,under_5,5319,31.66,1590,9.47
Jangamo,,85939544B63223307878319,MOZ,ADM2,hospitals,TIME,3000,women_childbearing,8656,31.67,2589,9.47
Jangamo,,85939544B63223307878319,MOZ,ADM2,hospitals,TIME,3600,adults,41680,40.36,8975,8.69
Jangamo,,85939544B63223307878319,MOZ,ADM2,hospitals,TIME,3600,elderly,3812,40.36,821,8.69
Jangamo,,85939544B63223307878319,MOZ,ADM2,hospitals,TIME,3600,school_age,25264,40.36,5441,8.69
Jangamo,,85939544B63223307878319,MOZ,ADM2,hospitals,TIME,3600,total,45846,40.36,9872,8.69
Jangamo,,85939544B63223307878319,MOZ,ADM2,hospitals,TIME,3600,under_5,6779,40.36,1460,8.69
Jangamo,,85939544B63223307878319,MOZ,ADM2,hospitals,TIME,3600,women_childbearing,11031,40.36,2375,8.69
Jangamo,,85939544B63223307878319,MOZ,ADM2,hospitals,TIME,4200,adults,67284,65.15,25604,24.79
Jangamo,,85939544B63223307878319,MOZ,ADM2,hospitals,TIME,4200,elderly,6154,65.15,2342,24.79
Jangamo,,85939544B63223307878319,MOZ,ADM2,hospitals,TIME,4200,school_age,40782,65.15,15518,24.79
Jangamo,,85939544B63223307878319,MOZ,ADM2,hospitals,TIME,4200,total,74009,65.15,28163,24.79
Jangamo,,85939544B63223307878319,MOZ,ADM2,hospitals,TIME,4200,under_5,10943,65.14,4164,24.79
Jangamo,,85939544B63223307878319,MOZ,ADM2,hospitals,TIME,4200,women_childbearing,17808,65.15,6777,24.79
Jangamo,,85939544B63223307878319,MOZ,ADM2,hospitals,TIME,4800,adults,68047,65.89,763,0.74
Jangamo,,85939544B63223307878319,MOZ,ADM2,hospitals,TIME,4800,elderly,6224,65.89,70,0.74
Jangamo,,85939544B63223307878319,MOZ,ADM2,hospitals,TIME,4800,school_age,41245,65.89,463,0.74
Jangamo,,85939544B63223307878319,MOZ,ADM2,hospitals,TIME,4800,total,74848,65.89,839,0.74
Jangamo,,85939544B63223307878319,MOZ,ADM2,hospitals,TIME,4800,under_5,11067,65.88,124,0.74
Jangamo,,85939544B63223307878319,MOZ,ADM2,hospitals,TIME,4800,women_childbearing,18010,65.89,202,0.74
Jangamo,,85939544B63223307878319,MOZ,ADM2,hospitals,TIME,5400,adults,69600,67.39,1553,1.5
Jangamo,,85939544B63223307878319,MOZ,ADM2,hospitals,TIME,5400,elderly,6366,67.39,142,1.5
Jangamo,,85939544B63223307878319,MOZ,ADM2,hospitals,TIME,5400,school_age,42186,67.39,941,1.5
Jangamo,,85939544B63223307878319,MOZ,ADM2,hospitals,TIME,5400,total,76556,67.39,1708,1.5
Jangamo,,85939544B63223307878319,MOZ,ADM2,hospitals,TIME,5400,under_5,11320,67.39,253,1.51
Jangamo,,85939544B63223307878319,MOZ,ADM2,hospitals,TIME,5400,women_childbearing,18420,67.39,410,1.5
Jangamo,,85939544B63223307878319,MOZ,ADM2,hospitals,TIME,6000,adults,100325,97.14,30725,29.75
Jangamo,,85939544B63223307878319,MOZ,ADM2,hospitals,TIME,6000,elderly,9176,97.14,2810,29.75
Jangamo,,85939544B63223307878319,MOZ,ADM2,hospitals,TIME,6000,school_age,60809,97.14,18623,29.75
Jangamo,,85939544B63223307878319,MOZ,ADM2,hospitals,TIME,6000,total,110351,97.14,33795,29.75
Jangamo,,85939544B63223307878319,MOZ,ADM2,hospitals,TIME,6000,under_5,16317,97.14,4997,29.75
Jangamo,,85939544B63223307878319,MOZ,ADM2,hospitals,TIME,6000,women_childbearing,26552,97.14,8132,29.75
Larde,,85939544B26264863650897,MOZ,ADM2,hospitals,TIME,4800,adults,0,0.0,0,0.0
Larde,,85939544B26264863650897,MOZ,ADM2,hospitals,TIME,4800,elderly,0,0.0,0,0.0
Larde,,85939544B26264863650897,MOZ,ADM2,hospitals,TIME,4800,school_age,0,0.0,0,0.0
Larde,,85939544B26264863650897,MOZ,ADM2,hospitals,TIME,4800,total,0,0.0,0,0.0
Larde,,85939544B26264863650897,MOZ,ADM2,hospitals,TIME,4800,under_5,0,0.0,0,0.0
Larde,,85939544B26264863650897,MOZ,ADM2,hospitals,TIME,4800,women_childbearing,0,0.0,0,0.0
Larde,,85939544B26264863650897,MOZ,ADM2,hospitals,TIME,5400,adults,655,0.63,655,0.63
Larde,,85939544B26264863650897,MOZ,ADM2,hospitals,TIME,5400,elderly,28,0.61,28,0.61
Larde,,85939544B26264863650897,MOZ,ADM2,hospitals,TIME,5400,school_age,382,0.63,382,0.63
Larde,,85939544B26264863650897,MOZ,ADM2,hospitals,TIME,5400,total,689,0.63,689,0.63
Larde,,85939544B26264863650897,MOZ,ADM2,hospitals,TIME,5400,under_5,114,0.62,114,0.62
Larde,,85939544B26264863650897,MOZ,ADM2,hospitals,TIME,5400,women_childbearing,159,0.63,159,0.63
Larde,,85939544B26264863650897,MOZ,ADM2,hospitals,TIME,6000,adults,6210,5.94,5555,5.32
Larde,,85939544B26264863650897,MOZ,ADM2,hospitals,TIME,6000,elderly,270,5.93,242,5.31
Larde,,85939544B26264863650897,MOZ,ADM2,hospitals,TIME,6000,school_age,3627,5.94,3245,5.32
Larde,,85939544B26264863650897,MOZ,ADM2,hospitals,TIME,6000,total,6531,5.94,5842,5.32
Larde,,85939544B26264863650897,MOZ,ADM2,hospitals,TIME,6000,under_5,1087,5.94,973,5.32
Larde,,85939544B26264863650897,MOZ,ADM2,hospitals,TIME,6000,women_childbearing,1511,5.94,1352,5.32
Limpopo,,85939544B55875453752427,MOZ,ADM2,hospitals,TIME,600,adults,6994,4.19,6994,4.19
Limpopo,,85939544B55875453752427,MOZ,ADM2,hospitals,TIME,600,elderly,510,4.19,510,4.19
Limpopo,,85939544B55875453752427,MOZ,ADM2,hospitals,TIME,600,school_age,4115,4.23,4115,4.23
Limpopo,,85939544B55875453752427,MOZ,ADM2,hospitals,TIME,600,total,7563,4.19,7563,4.19
Limpopo,,85939544B55875453752427,MOZ,ADM2,hospitals,TIME,600,under_5,1046,4.23,1046,4.23
Limpopo,,85939544B55875453752427,MOZ,ADM2,hospitals,TIME,600,women_childbearing,1937,4.18,1937,4.18
Limpopo,,85939544B55875453752427,MOZ,ADM2,hospitals,TIME,1200,adults,25759,15.43,18765,11.24
Limpopo,,85939544B55875453752427,MOZ,ADM2,hospitals,TIME,1200,elderly,1878,15.42,1368,11.23
Limpopo,,85939544B55875453752427,MOZ,ADM2,hospitals,TIME,1200,school_age,15155,15.57,11040,11.34
Limpopo,,85939544B55875453752427,MOZ,ADM2,hospitals,TIME,1200,total,27852,15.43,20289,11.24
Limpopo,,85939544B55875453752427,MOZ,ADM2,hospitals,TIME,1200,under_5,3852,15.56,2806,11.34
Limpopo,,85939544B55875453752427,MOZ,ADM2,hospitals,TIME,1200,women_childbearing,7133,15.39,5196,11.21
Limpopo,,85939544B55875453752427,MOZ,ADM2,hospitals,TIME,1800,adults,55845,33.46,30086,18.03
Limpopo,,85939544B55875453752427,MOZ,ADM2,hospitals,TIME,1800,elderly,4072,33.43,2194,18.01
Limpopo,,85939544B55875453752427,MOZ,ADM2,hospitals,TIME,1800,school_age,32833,33.74,17678,18.16
Limpopo,,85939544B55875453752427,MOZ,ADM2,hospitals,TIME,1800,total,60383,33.46,32531,18.02
Limpopo,,85939544B55875453752427,MOZ,ADM2,hospitals,TIME,1800,under_5,8346,33.72,4494,18.16
Limpopo,,85939544B55875453752427,MOZ,ADM2,hospitals,TIME,1800,women_childbearing,15468,33.36,8335,17.98
Limpopo,,85939544B55875453752427,MOZ,ADM2,hospitals,TIME,2400,adults,82657,49.52,26812,16.06
Limpopo,,85939544B55875453752427,MOZ,ADM2,hospitals,TIME,2400,elderly,6029,49.49,1957,16.06
Limpopo,,85939544B55875453752427,MOZ,ADM2,hospitals,TIME,2400,school_age,48482,49.81,15649,16.08
Limpopo,,85939544B55875453752427,MOZ,ADM2,hospitals,TIME,2400,total,89376,49.52,28993,16.06
Limpopo,,85939544B55875453752427,MOZ,ADM2,hospitals,TIME,2400,under_5,12325,49.8,3979,16.08
Limpopo,,85939544B55875453752427,MOZ,ADM2,hospitals,TIME,2400,women_childbearing,22913,49.42,7445,16.06
Limpopo,,85939544B55875453752427,MOZ,ADM2,hospitals,TIME,3000,adults,95044,56.94,12387,7.42
Limpopo,,85939544B55875453752427,MOZ,ADM2,hospitals,TIME,3000,elderly,6935,56.93,906,7.44
Limpopo,,85939544B55875453752427,MOZ,ADM2,hospitals,TIME,3000,school_age,55631,57.16,7149,7.35
Limpopo,,85939544B55875453752427,MOZ,ADM2,hospitals,TIME,3000,total,102771,56.94,13395,7.42
Limpopo,,85939544B55875453752427,MOZ,ADM2,hospitals,TIME,3000,under_5,14145,57.15,1820,7.35
Limpopo,,85939544B55875453752427,MOZ,ADM2,hospitals,TIME,3000,women_childbearing,26365,56.87,3452,7.45
Limpopo,,85939544B55875453752427,MOZ,ADM2,hospitals,TIME,3600,adults,109304,65.49,14260,8.54
Limpopo,,85939544B55875453752427,MOZ,ADM2,hospitals,TIME,3600,elderly,7975,65.47,1040,8.54
Limpopo,,85939544B55875453752427,MOZ,ADM2,hospitals,TIME,3600,school_age,63974,65.73,8343,8.57
Limpopo,,85939544B55875453752427,MOZ,ADM2,hospitals,TIME,3600,total,118190,65.48,15419,8.54
Limpopo,,85939544B55875453752427,MOZ,ADM2,hospitals,TIME,3600,under_5,16266,65.72,2121,8.57
Limpopo,,85939544B55875453752427,MOZ,ADM2,hospitals,TIME,3600,women_childbearing,30322,65.4,3957,8.54
Limpopo,,85939544B55875453752427,MOZ,ADM2,hospitals,TIME,4200,adults,123800,74.17,14496,8.68
Limpopo,,85939544B55875453752427,MOZ,ADM2,hospitals,TIME,4200,elderly,9034,74.16,1059,8.69
Limpopo,,85939544B55875453752427,MOZ,ADM2,hospitals,TIME,4200,school_age,72367,74.36,8393,8.62
Limpopo,,85939544B55875453752427,MOZ,ADM2,hospitals,TIME,4200,total,133866,74.17,15676,8.69
Limpopo,,85939544B55875453752427,MOZ,ADM2,hospitals,TIME,4200,under_5,18401,74.35,2135,8.63
Limpopo,,85939544B55875453752427,MOZ,ADM2,hospitals,TIME,4200,women_childbearing,34358,74.11,4036,8.71
Limpopo,,85939544B55875453752427,MOZ,ADM2,hospitals,TIME,4800,adults,126924,76.04,3124,1.87
Limpopo,,85939544B55875453752427,MOZ,ADM2,hospitals,TIME,4800,elderly,9262,76.03,228,1.87
Limpopo,,85939544B55875453752427,MOZ,ADM2,hospitals,TIME,4800,school_age,74191,76.23,1824,1.87
Limpopo,,85939544B55875453752427,MOZ,ADM2,hospitals,TIME,4800,total,137244,76.04,3378,1.87
Limpopo,,85939544B55875453752427,MOZ,ADM2,hospitals,TIME,4800,under_5,18865,76.22,464,1.87
Limpopo,,85939544B55875453752427,MOZ,ADM2,hospitals,TIME,4800,women_childbearing,35225,75.98,867,1.87
Limpopo,,85939544B55875453752427,MOZ,ADM2,hospitals,TIME,5400,adults,129992,77.88,3068,1.84
Limpopo,,85939544B55875453752427,MOZ,ADM2,hospitals,TIME,5400,elderly,9486,77.87,224,1.84
Limpopo,,85939544B55875453752427,MOZ,ADM2,hospitals,TIME,5400,school_age,75980,78.07,1789,1.84
Limpopo,,85939544B55875453752427,MOZ,ADM2,hospitals,TIME,5400,total,140561,77.88,3317,1.84
Limpopo,,85939544B55875453752427,MOZ,ADM2,hospitals,TIME,5400,under_5,19320,78.06,455,1.84
Limpopo,,85939544B55875453752427,MOZ,ADM2,hospitals,TIME,5400,women_childbearing,36077,77.82,852,1.84
Limpopo,,85939544B55875453752427,MOZ,ADM2,hospitals,TIME,6000,adults,148990,89.26,18998,11.38
Limpopo,,85939544B55875453752427,MOZ,ADM2,hospitals,TIME,6000,elderly,10875,89.27,1389,11.4
Limpopo,,85939544B55875453752427,MOZ,ADM2,hospitals,TIME,6000,school_age,86861,89.25,10881,11.18
Limpopo,,85939544B55875453752427,MOZ,ADM2,hospitals,TIME,6000,total,161107,89.26,20546,11.38
Limpopo,,85939544B55875453752427,MOZ,ADM2,hospitals,TIME,6000,under_5,22090,89.25,2770,11.19
Limpopo,,85939544B55875453752427,MOZ,ADM2,hospitals,TIME,6000,women_childbearing,41385,89.27,5308,11.45
Liúpo,,85939544B62807674730552,MOZ,ADM2,hospitals,TIME,5400,adults,352,0.2,352,0.2
Liúpo,,85939544B62807674730552,MOZ,ADM2,hospitals,TIME,5400,elderly,17,0.19,17,0.19
Liúpo,,85939544B62807674730552,MOZ,ADM2,hospitals,TIME,5400,school_age,194,0.2,194,0.2
Liúpo,,85939544B62807674730552,MOZ,ADM2,hospitals,TIME,5400,total,373,0.2,373,0.2
Liúpo,,85939544B62807674730552,MOZ,ADM2,hospitals,TIME,5400,under_5,64,0.2,64,0.2
Liúpo,,85939544B62807674730552,MOZ,ADM2,hospitals,TIME,5400,women_childbearing,90,0.2,90,0.2
Liúpo,,85939544B62807674730552,MOZ,ADM2,hospitals,TIME,6000,adults,27848,15.77,27496,15.57
Liúpo,,85939544B62807674730552,MOZ,ADM2,hospitals,TIME,6000,elderly,1419,15.76,1402,15.58
Liúpo,,85939544B62807674730552,MOZ,ADM2,hospitals,TIME,6000,school_age,15332,15.77,15138,15.57
Liúpo,,85939544B62807674730552,MOZ,ADM2,hospitals,TIME,6000,total,29495,15.77,29122,15.57
Liúpo,,85939544B62807674730552,MOZ,ADM2,hospitals,TIME,6000,under_5,5117,15.77,5053,15.57
Liúpo,,85939544B62807674730552,MOZ,ADM2,hospitals,TIME,6000,women_childbearing,7106,15.77,7016,15.57
Luabo,,85939544B83504353793512,MOZ,ADM2,hospitals,TIME,1800,adults,97,0.32,97,0.32
Luabo,,85939544B83504353793512,MOZ,ADM2,hospitals,TIME,1800,elderly,4,0.28,4,0.28
Luabo,,85939544B83504353793512,MOZ,ADM2,hospitals,TIME,1800,school_age,56,0.31,56,0.31
Luabo,,85939544B83504353793512,MOZ,ADM2,hospitals,TIME,1800,total,102,0.31,102,0.31
Luabo,,85939544B83504353793512,MOZ,ADM2,hospitals,TIME,1800,under_5,17,0.3,17,0.3
Luabo,,85939544B83504353793512,MOZ,ADM2,hospitals,TIME,1800,women_childbearing,24,0.31,24,0.31
Luabo,,85939544B83504353793512,MOZ,ADM2,hospitals,TIME,2400,adults,892,2.9,795,2.59
Luabo,,85939544B83504353793512,MOZ,ADM2,hospitals,TIME,2400,elderly,41,2.86,37,2.58
Luabo,,85939544B83504353793512,MOZ,ADM2,hospitals,TIME,2400,school_age,522,2.9,466,2.59
Luabo,,85939544B83504353793512,MOZ,ADM2,hospitals,TIME,2400,total,940,2.9,838,2.58
Luabo,,85939544B83504353793512,MOZ,ADM2,hospitals,TIME,2400,under_5,164,2.9,147,2.6
Luabo,,85939544B83504353793512,MOZ,ADM2,hospitals,TIME,2400,women_childbearing,226,2.9,202,2.59
Luabo,,85939544B83504353793512,MOZ,ADM2,hospitals,TIME,3000,adults,2796,9.1,1904,6.19
Luabo,,85939544B83504353793512,MOZ,ADM2,hospitals,TIME,3000,elderly,130,9.08,89,6.22
Luabo,,85939544B83504353793512,MOZ,ADM2,hospitals,TIME,3000,school_age,1639,9.09,1117,6.2
Luabo,,85939544B83504353793512,MOZ,ADM2,hospitals,TIME,3000,total,2949,9.1,2009,6.2
Luabo,,85939544B83504353793512,MOZ,ADM2,hospitals,TIME,3000,under_5,514,9.09,350,6.19
Luabo,,85939544B83504353793512,MOZ,ADM2,hospitals,TIME,3000,women_childbearing,708,9.09,482,6.19
Luabo,,85939544B83504353793512,MOZ,ADM2,hospitals,TIME,3600,adults,4534,14.75,1738,5.65
Luabo,,85939544B83504353793512,MOZ,ADM2,hospitals,TIME,3600,elderly,211,14.73,81,5.66
Luabo,,85939544B83504353793512,MOZ,ADM2,hospitals,TIME,3600,school_age,2658,14.75,1019,5.65
Luabo,,85939544B83504353793512,MOZ,ADM2,hospitals,TIME,3600,total,4783,14.75,1834,5.66
Luabo,,85939544B83504353793512,MOZ,ADM2,hospitals,TIME,3600,under_5,833,14.74,319,5.64
Luabo,,85939544B83504353793512,MOZ,ADM2,hospitals,TIME,3600,women_childbearing,1148,14.74,440,5.65
Luabo,,85939544B83504353793512,MOZ,ADM2,hospitals,TIME,4200,adults,5436,17.68,902,2.93
Luabo,,85939544B83504353793512,MOZ,ADM2,hospitals,TIME,4200,elderly,253,17.67,42,2.93
Luabo,,85939544B83504353793512,MOZ,ADM2,hospitals,TIME,4200,school_age,3187,17.68,529,2.94
Luabo,,85939544B83504353793512,MOZ,ADM2,hospitals,TIME,4200,total,5734,17.69,951,2.93
Luabo,,85939544B83504353793512,MOZ,ADM2,hospitals,TIME,4200,under_5,999,17.68,166,2.94
Luabo,,85939544B83504353793512,MOZ,ADM2,hospitals,TIME,4200,women_childbearing,1377,17.69,229,2.94
Luabo,,85939544B83504353793512,MOZ,ADM2,hospitals,TIME,4800,adults,6368,20.72,932,3.03
Luabo,,85939544B83504353793512,MOZ,ADM2,hospitals,TIME,4800,elderly,297,20.74,44,3.07
Luabo,,85939544B83504353793512,MOZ,ADM2,hospitals,TIME,4800,school_age,3733,20.71,546,3.03
Luabo,,85939544B83504353793512,MOZ,ADM2,hospitals,TIME,4800,total,6717,20.72,983,3.03
Luabo,,85939544B83504353793512,MOZ,ADM2,hospitals,TIME,4800,under_5,1171,20.72,172,3.04
Luabo,,85939544B83504353793512,MOZ,ADM2,hospitals,TIME,4800,women_childbearing,1613,20.72,236,3.03
Luabo,,85939544B83504353793512,MOZ,ADM2,hospitals,TIME,5400,adults,6729,21.89,361,1.17
Luabo,,85939544B83504353793512,MOZ,ADM2,hospitals,TIME,5400,elderly,314,21.93,17,1.19
Luabo,,85939544B83504353793512,MOZ,ADM2,hospitals,TIME,5400,school_age,3945,21.89,212,1.18
Luabo,,85939544B83504353793512,MOZ,ADM2,hospitals,TIME,5400,total,7098,21.89,381,1.18
Luabo,,85939544B83504353793512,MOZ,ADM2,hospitals,TIME,5400,under_5,1237,21.89,66,1.17
Luabo,,85939544B83504353793512,MOZ,ADM2,hospitals,TIME,5400,women_childbearing,1705,21.9,92,1.18
Luabo,,85939544B83504353793512,MOZ,ADM2,hospitals,TIME,6000,adults,6973,22.68,244,0.79
Luabo,,85939544B83504353793512,MOZ,ADM2,hospitals,TIME,6000,elderly,325,22.7,11,0.77
Luabo,,85939544B83504353793512,MOZ,ADM2,hospitals,TIME,6000,school_age,4088,22.68,143,0.79
Luabo,,85939544B83504353793512,MOZ,ADM2,hospitals,TIME,6000,total,7355,22.69,257,0.79
Luabo,,85939544B83504353793512,MOZ,ADM2,hospitals,TIME,6000,under_5,1282,22.68,45,0.8
Luabo,,85939544B83504353793512,MOZ,ADM2,hospitals,TIME,6000,women_childbearing,1766,22.68,61,0.78
Lugela,,85939544B172449318268,MOZ,ADM2,hospitals,TIME,600,adults,1746,0.98,1746,0.98
Lugela,,85939544B172449318268,MOZ,ADM2,hospitals,TIME,600,elderly,68,0.96,68,0.96
Lugela,,85939544B172449318268,MOZ,ADM2,hospitals,TIME,600,school_age,1030,0.98,1030,0.98
Lugela,,85939544B172449318268,MOZ,ADM2,hospitals,TIME,600,total,1828,0.98,1828,0.98
Lugela,,85939544B172449318268,MOZ,ADM2,hospitals,TIME,600,under_5,354,0.97,354,0.97
Lugela,,85939544B172449318268,MOZ,ADM2,hospitals,TIME,600,women_childbearing,445,0.97,445,0.97
Lugela,,85939544B172449318268,MOZ,ADM2,hospitals,TIME,1200,adults,3181,1.78,1435,0.8
Lugela,,85939544B172449318268,MOZ,ADM2,hospitals,TIME,1200,elderly,125,1.77,57,0.81
Lugela,,85939544B172449318268,MOZ,ADM2,hospitals,TIME,1200,school_age,1876,1.78,846,0.8
Lugela,,85939544B172449318268,MOZ,ADM2,hospitals,TIME,1200,total,3332,1.78,1504,0.8
Lugela,,85939544B172449318268,MOZ,ADM2,hospitals,TIME,1200,under_5,645,1.77,291,0.8
Lugela,,85939544B172449318268,MOZ,ADM2,hospitals,TIME,1200,women_childbearing,812,1.78,367,0.8
Lugela,,85939544B172449318268,MOZ,ADM2,hospitals,TIME,1800,adults,3928,2.2,747,0.42
Lugela,,85939544B172449318268,MOZ,ADM2,hospitals,TIME,1800,elderly,154,2.18,29,0.41
Lugela,,85939544B172449318268,MOZ,ADM2,hospitals,TIME,1800,school_age,2317,2.2,441,0.42
Lugela,,85939544B172449318268,MOZ,ADM2,hospitals,TIME,1800,total,4115,2.2,783,0.42
Lugela,,85939544B172449318268,MOZ,ADM2,hospitals,TIME,1800,under_5,797,2.19,152,0.42
Lugela,,85939544B172449318268,MOZ,ADM2,hospitals,TIME,1800,women_childbearing,1003,2.19,191,0.42
Lugela,,85939544B172449318268,MOZ,ADM2,hospitals,TIME,2400,adults,5878,3.29,1950,1.09
Lugela,,85939544B172449318268,MOZ,ADM2,hospitals,TIME,2400,elderly,231,3.27,77,1.09
Lugela,,85939544B172449318268,MOZ,ADM2,hospitals,TIME,2400,school_age,3466,3.29,1149,1.09
Lugela,,85939544B172449318268,MOZ,ADM2,hospitals,TIME,2400,total,6157,3.29,2042,1.09
Lugela,,85939544B172449318268,MOZ,ADM2,hospitals,TIME,2400,under_5,1193,3.28,396,1.09
Lugela,,85939544B172449318268,MOZ,ADM2,hospitals,TIME,2400,women_childbearing,1501,3.28,498,1.09
Lugela,,85939544B172449318268,MOZ,ADM2,hospitals,TIME,3000,adults,7811,4.37,1933,1.08
Lugela,,85939544B172449318268,MOZ,ADM2,hospitals,TIME,3000,elderly,307,4.35,76,1.08
Lugela,,85939544B172449318268,MOZ,ADM2,hospitals,TIME,3000,school_age,4607,4.37,1141,1.08
Lugela,,85939544B172449318268,MOZ,ADM2,hospitals,TIME,3000,total,8182,4.37,2025,1.08
Lugela,,85939544B172449318268,MOZ,ADM2,hospitals,TIME,3000,under_5,1586,4.36,393,1.08
Lugela,,85939544B172449318268,MOZ,ADM2,hospitals,TIME,3000,women_childbearing,1995,4.37,494,1.08
Lugela,,85939544B172449318268,MOZ,ADM2,hospitals,TIME,3600,adults,10136,5.67,2325,1.3
Lugela,,85939544B172449318268,MOZ,ADM2,hospitals,TIME,3600,elderly,399,5.65,92,1.3
Lugela,,85939544B172449318268,MOZ,ADM2,hospitals,TIME,3600,school_age,5977,5.67,1370,1.3
Lugela,,85939544B172449318268,MOZ,ADM2,hospitals,TIME,3600,total,10617,5.67,2435,1.3
Lugela,,85939544B172449318268,MOZ,ADM2,hospitals,TIME,3600,under_5,2059,5.66,473,1.3
Lugela,,85939544B172449318268,MOZ,ADM2,hospitals,TIME,3600,women_childbearing,2589,5.66,594,1.3
Lugela,,85939544B172449318268,MOZ,ADM2,hospitals,TIME,4200,adults,15709,8.78,5573,3.12
Lugela,,85939544B172449318268,MOZ,ADM2,hospitals,TIME,4200,elderly,619,8.77,220,3.12
Lugela,,85939544B172449318268,MOZ,ADM2,hospitals,TIME,4200,school_age,9264,8.78,3287,3.12
Lugela,,85939544B172449318268,MOZ,ADM2,hospitals,TIME,4200,total,16456,8.78,5839,3.12
Lugela,,85939544B172449318268,MOZ,ADM2,hospitals,TIME,4200,under_5,3192,8.78,1133,3.12
Lugela,,85939544B172449318268,MOZ,ADM2,hospitals,TIME,4200,women_childbearing,4013,8.78,1424,3.12
Lugela,,85939544B172449318268,MOZ,ADM2,hospitals,TIME,4800,adults,20579,11.51,4870,2.72
Lugela,,85939544B172449318268,MOZ,ADM2,hospitals,TIME,4800,elderly,811,11.49,192,2.72
Lugela,,85939544B172449318268,MOZ,ADM2,hospitals,TIME,4800,school_age,12135,11.51,2871,2.72
Lugela,,85939544B172449318268,MOZ,ADM2,hospitals,TIME,4800,total,21557,11.51,5101,2.72
Lugela,,85939544B172449318268,MOZ,ADM2,hospitals,TIME,4800,under_5,4182,11.5,990,2.72
Lugela,,85939544B172449318268,MOZ,ADM2,hospitals,TIME,4800,women_childbearing,5258,11.5,1245,2.72
Lugela,,85939544B172449318268,MOZ,ADM2,hospitals,TIME,5400,adults,25377,14.19,4798,2.68
Lugela,,85939544B172449318268,MOZ,ADM2,hospitals,TIME,5400,elderly,1001,14.18,190,2.69
Lugela,,85939544B172449318268,MOZ,ADM2,hospitals,TIME,5400,school_age,14965,14.19,2830,2.68
Lugela,,85939544B172449318268,MOZ,ADM2,hospitals,TIME,5400,total,26583,14.19,5026,2.68
Lugela,,85939544B172449318268,MOZ,ADM2,hospitals,TIME,5400,under_5,5157,14.19,975,2.68
Lugela,,85939544B172449318268,MOZ,ADM2,hospitals,TIME,5400,women_childbearing,6484,14.19,1226,2.68
Lugela,,85939544B172449318268,MOZ,ADM2,hospitals,TIME,6000,adults,29771,16.65,4394,2.46
Lugela,,85939544B172449318268,MOZ,ADM2,hospitals,TIME,6000,elderly,1174,16.63,173,2.45
Lugela,,85939544B172449318268,MOZ,ADM2,hospitals,TIME,6000,school_age,17555,16.65,2590,2.46
Lugela,,85939544B172449318268,MOZ,ADM2,hospitals,TIME,6000,total,31186,16.64,4603,2.46
Lugela,,85939544B172449318268,MOZ,ADM2,hospitals,TIME,6000,under_5,6050,16.64,893,2.46
Lugela,,85939544B172449318268,MOZ,ADM2,hospitals,TIME,6000,women_childbearing,7607,16.64,1123,2.46
Mabalane,,85939544B83676990250137,MOZ,ADM2,hospitals,TIME,4200,adults,23,0.06,23,0.06
Mabalane,,85939544B83676990250137,MOZ,ADM2,hospitals,TIME,4200,elderly,1,0.04,1,0.04
Mabalane,,85939544B83676990250137,MOZ,ADM2,hospitals,TIME,4200,school_age,14,0.06,14,0.06
Mabalane,,85939544B83676990250137,MOZ,ADM2,hospitals,TIME,4200,total,25,0.06,25,0.06
Mabalane,,85939544B83676990250137,MOZ,ADM2,hospitals,TIME,4200,under_5,4,0.06,4,0.06
Mabalane,,85939544B83676990250137,MOZ,ADM2,hospitals,TIME,4200,women_childbearing,6,0.06,6,0.06
Mabalane,,85939544B83676990250137,MOZ,ADM2,hospitals,TIME,4800,adults,393,0.96,370,0.9
Mabalane,,85939544B83676990250137,MOZ,ADM2,hospitals,TIME,4800,elderly,25,0.94,24,0.9
Mabalane,,85939544B83676990250137,MOZ,ADM2,hospitals,TIME,4800,school_age,236,0.96,222,0.9
Mabalane,,85939544B83676990250137,MOZ,ADM2,hospitals,TIME,4800,total,422,0.96,397,0.9
Mabalane,,85939544B83676990250137,MOZ,ADM2,hospitals,TIME,4800,under_5,66,0.96,62,0.9
Mabalane,,85939544B83676990250137,MOZ,ADM2,hospitals,TIME,4800,women_childbearing,102,0.95,96,0.9
Mabalane,,85939544B83676990250137,MOZ,ADM2,hospitals,TIME,5400,adults,495,1.21,102,0.25
Mabalane,,85939544B83676990250137,MOZ,ADM2,hospitals,TIME,5400,elderly,32,1.2,7,0.26
Mabalane,,85939544B83676990250137,MOZ,ADM2,hospitals,TIME,5400,school_age,297,1.21,61,0.25
Mabalane,,85939544B83676990250137,MOZ,ADM2,hospitals,TIME,5400,total,531,1.21,109,0.25
Mabalane,,85939544B83676990250137,MOZ,ADM2,hospitals,TIME,5400,under_5,83,1.2,17,0.25
Mabalane,,85939544B83676990250137,MOZ,ADM2,hospitals,TIME,5400,women_childbearing,129,1.21,27,0.25
Mabalane,,85939544B83676990250137,MOZ,ADM2,hospitals,TIME,6000,adults,6555,16.02,6060,14.81
Mabalane,,85939544B83676990250137,MOZ,ADM2,hospitals,TIME,6000,elderly,428,16.01,396,14.81
Mabalane,,85939544B83676990250137,MOZ,ADM2,hospitals,TIME,6000,school_age,3945,16.02,3648,14.81
Mabalane,,85939544B83676990250137,MOZ,ADM2,hospitals,TIME,6000,total,7037,16.02,6506,14.81
Mabalane,,85939544B83676990250137,MOZ,ADM2,hospitals,TIME,6000,under_5,1103,16.01,1020,14.8
Mabalane,,85939544B83676990250137,MOZ,ADM2,hospitals,TIME,6000,women_childbearing,1711,16.01,1582,14.8
Macanga,,85939544B71238690131788,MOZ,ADM2,hospitals,TIME,4800,adults,534,0.16,534,0.16
Macanga,,85939544B71238690131788,MOZ,ADM2,hospitals,TIME,4800,elderly,21,0.15,21,0.15
Macanga,,85939544B71238690131788,MOZ,ADM2,hospitals,TIME,4800,school_age,326,0.16,326,0.16
Macanga,,85939544B71238690131788,MOZ,ADM2,hospitals,TIME,4800,total,559,0.16,559,0.16
Macanga,,85939544B71238690131788,MOZ,ADM2,hospitals,TIME,4800,under_5,105,0.16,105,0.16
Macanga,,85939544B71238690131788,MOZ,ADM2,hospitals,TIME,4800,women_childbearing,125,0.16,125,0.16
Macanga,,85939544B71238690131788,MOZ,ADM2,hospitals,TIME,5400,adults,16476,4.87,15942,4.71
Macanga,,85939544B71238690131788,MOZ,ADM2,hospitals,TIME,5400,elderly,661,4.87,640,4.72
Macanga,,85939544B71238690131788,MOZ,ADM2,hospitals,TIME,5400,school_age,10063,4.87,9737,4.71
Macanga,,85939544B71238690131788,MOZ,ADM2,hospitals,TIME,5400,total,17271,4.87,16712,4.71
Macanga,,85939544B71238690131788,MOZ,ADM2,hospitals,TIME,5400,under_5,3247,4.87,3142,4.71
Macanga,,85939544B71238690131788,MOZ,ADM2,hospitals,TIME,5400,women_childbearing,3881,4.87,3756,4.71
Macanga,,85939544B71238690131788,MOZ,ADM2,hospitals,TIME,6000,adults,36856,10.9,20380,6.03
Macanga,,85939544B71238690131788,MOZ,ADM2,hospitals,TIME,6000,elderly,1478,10.89,817,6.02
Macanga,,85939544B71238690131788,MOZ,ADM2,hospitals,TIME,6000,school_age,22510,10.9,12447,6.03
Macanga,,85939544B71238690131788,MOZ,ADM2,hospitals,TIME,6000,total,38633,10.9,21362,6.03
Macanga,,85939544B71238690131788,MOZ,ADM2,hospitals,TIME,6000,under_5,7265,10.9,4018,6.03
Macanga,,85939544B71238690131788,MOZ,ADM2,hospitals,TIME,6000,women_childbearing,8682,10.9,4801,6.03
Macate,,85939544B829507062217,MOZ,ADM2,hospitals,TIME,600,adults,0,0.0,0,0.0
Macate,,85939544B829507062217,MOZ,ADM2,hospitals,TIME,600,elderly,0,0.0,0,0.0
Macate,,85939544B829507062217,MOZ,ADM2,hospitals,TIME,600,school_age,0,0.0,0,0.0
Macate,,85939544B829507062217,MOZ,ADM2,hospitals,TIME,600,total,0,0.0,0,0.0
Macate,,85939544B829507062217,MOZ,ADM2,hospitals,TIME,600,under_5,0,0.0,0,0.0
Macate,,85939544B829507062217,MOZ,ADM2,hospitals,TIME,600,women_childbearing,0,0.0,0,0.0
Macate,,85939544B829507062217,MOZ,ADM2,hospitals,TIME,1200,adults,1450,1.52,1450,1.52
Macate,,85939544B829507062217,MOZ,ADM2,hospitals,TIME,1200,elderly,64,1.51,64,1.51
Macate,,85939544B829507062217,MOZ,ADM2,hospitals,TIME,1200,school_age,895,1.52,895,1.52
Macate,,85939544B829507062217,MOZ,ADM2,hospitals,TIME,1200,total,1527,1.52,1527,1.52
Macate,,85939544B829507062217,MOZ,ADM2,hospitals,TIME,1200,under_5,250,1.51,250,1.51
Macate,,85939544B829507062217,MOZ,ADM2,hospitals,TIME,1200,women_childbearing,338,1.52,338,1.52
Macate,,85939544B829507062217,MOZ,ADM2,hospitals,TIME,1800,adults,3503,3.67,2053,2.15
Macate,,85939544B829507062217,MOZ,ADM2,hospitals,TIME,1800,elderly,155,3.65,91,2.14
Macate,,85939544B829507062217,MOZ,ADM2,hospitals,TIME,1800,school_age,2162,3.67,1267,2.15
Macate,,85939544B829507062217,MOZ,ADM2,hospitals,TIME,1800,total,3688,3.67,2161,2.15
Macate,,85939544B829507062217,MOZ,ADM2,hospitals,TIME,1800,under_5,606,3.67,356,2.16
Macate,,85939544B829507062217,MOZ,ADM2,hospitals,TIME,1800,women_childbearing,817,3.67,479,2.15
Macate,,85939544B829507062217,MOZ,ADM2,hospitals,TIME,2400,adults,4743,4.97,1240,1.3
Macate,,85939544B829507062217,MOZ,ADM2,hospitals,TIME,2400,elderly,210,4.95,55,1.3
Macate,,85939544B829507062217,MOZ,ADM2,hospitals,TIME,2400,school_age,2927,4.97,765,1.3
Macate,,85939544B829507062217,MOZ,ADM2,hospitals,TIME,2400,total,4992,4.97,1304,1.3
Macate,,85939544B829507062217,MOZ,ADM2,hospitals,TIME,2400,under_5,820,4.97,214,1.3
Macate,,85939544B829507062217,MOZ,ADM2,hospitals,TIME,2400,women_childbearing,1107,4.97,290,1.3
Macate,,85939544B829507062217,MOZ,ADM2,hospitals,TIME,3000,adults,7815,8.19,3072,3.22
Macate,,85939544B829507062217,MOZ,ADM2,hospitals,TIME,3000,elderly,347,8.18,137,3.23
Macate,,85939544B829507062217,MOZ,ADM2,hospitals,TIME,3000,school_age,4824,8.19,1897,3.22
Macate,,85939544B829507062217,MOZ,ADM2,hospitals,TIME,3000,total,8226,8.19,3234,3.22
Macate,,85939544B829507062217,MOZ,ADM2,hospitals,TIME,3000,under_5,1352,8.19,532,3.22
Macate,,85939544B829507062217,MOZ,ADM2,hospitals,TIME,3000,women_childbearing,1824,8.19,717,3.22
Macate,,85939544B829507062217,MOZ,ADM2,hospitals,TIME,3600,adults,10001,10.48,2186,2.29
Macate,,85939544B829507062217,MOZ,ADM2,hospitals,TIME,3600,elderly,444,10.46,97,2.29
Macate,,85939544B829507062217,MOZ,ADM2,hospitals,TIME,3600,school_age,6173,10.48,1349,2.29
Macate,,85939544B829507062217,MOZ,ADM2,hospitals,TIME,3600,total,10527,10.48,2301,2.29
Macate,,85939544B829507062217,MOZ,ADM2,hospitals,TIME,3600,under_5,1730,10.48,378,2.29
Macate,,85939544B829507062217,MOZ,ADM2,hospitals,TIME,3600,women_childbearing,2334,10.48,510,2.29
Macate,,85939544B829507062217,MOZ,ADM2,hospitals,TIME,4200,adults,12493,13.09,2492,2.61
Macate,,85939544B829507062217,MOZ,ADM2,hospitals,TIME,4200,elderly,555,13.08,111,2.62
Macate,,85939544B829507062217,MOZ,ADM2,hospitals,TIME,4200,school_age,7711,13.09,1538,2.61
Macate,,85939544B829507062217,MOZ,ADM2,hospitals,TIME,4200,total,13150,13.09,2623,2.61
Macate,,85939544B829507062217,MOZ,ADM2,hospitals,TIME,4200,under_5,2161,13.09,431,2.61
Macate,,85939544B829507062217,MOZ,ADM2,hospitals,TIME,4200,women_childbearing,2916,13.09,582,2.61
Macate,,85939544B829507062217,MOZ,ADM2,hospitals,TIME,4800,adults,13405,14.05,912,0.96
Macate,,85939544B829507062217,MOZ,ADM2,hospitals,TIME,4800,elderly,596,14.04,41,0.97
Macate,,85939544B829507062217,MOZ,ADM2,hospitals,TIME,4800,school_age,8274,14.05,563,0.96
Macate,,85939544B829507062217,MOZ,ADM2,hospitals,TIME,4800,total,14110,14.05,960,0.96
Macate,,85939544B829507062217,MOZ,ADM2,hospitals,TIME,4800,under_5,2318,14.04,157,0.95
Macate,,85939544B829507062217,MOZ,ADM2,hospitals,TIME,4800,women_childbearing,3129,14.05,213,0.96
Macate,,85939544B829507062217,MOZ,ADM2,hospitals,TIME,5400,adults,14958,15.67,1553,1.63
Macate,,85939544B829507062217,MOZ,ADM2,hospitals,TIME,5400,elderly,665,15.67,69,1.63
Macate,,85939544B829507062217,MOZ,ADM2,hospitals,TIME,5400,school_age,9232,15.67,958,1.63
Macate,,85939544B829507062217,MOZ,ADM2,hospitals,TIME,5400,total,15744,15.67,1634,1.63
Macate,,85939544B829507062217,MOZ,ADM2,hospitals,TIME,5400,under_5,2587,15.67,269,1.63
Macate,,85939544B829507062217,MOZ,ADM2,hospitals,TIME,5400,women_childbearing,3491,15.67,362,1.63
Macate,,85939544B829507062217,MOZ,ADM2,hospitals,TIME,6000,adults,15674,16.42,716,0.75
Macate,,85939544B829507062217,MOZ,ADM2,hospitals,TIME,6000,elderly,697,16.42,32,0.75
Macate,,85939544B829507062217,MOZ,ADM2,hospitals,TIME,6000,school_age,9674,16.42,442,0.75
Macate,,85939544B829507062217,MOZ,ADM2,hospitals,TIME,6000,total,16498,16.42,754,0.75
Macate,,85939544B829507062217,MOZ,ADM2,hospitals,TIME,6000,under_5,2711,16.42,124,0.75
Macate,,85939544B829507062217,MOZ,ADM2,hospitals,TIME,6000,women_childbearing,3658,16.42,167,0.75
Machanga,,85939544B66501899539367,MOZ,ADM2,hospitals,TIME,4200,adults,1003,1.75,1003,1.75
Machanga,,85939544B66501899539367,MOZ,ADM2,hospitals,TIME,4200,elderly,67,1.74,67,1.74
Machanga,,85939544B66501899539367,MOZ,ADM2,hospitals,TIME,4200,school_age,614,1.75,614,1.75
Machanga,,85939544B66501899539367,MOZ,ADM2,hospitals,TIME,4200,total,1079,1.75,1079,1.75
Machanga,,85939544B66501899539367,MOZ,ADM2,hospitals,TIME,4200,under_5,162,1.74,162,1.74
Machanga,,85939544B66501899539367,MOZ,ADM2,hospitals,TIME,4200,women_childbearing,270,1.75,270,1.75
Machanga,,85939544B66501899539367,MOZ,ADM2,hospitals,TIME,4800,adults,1696,2.96,693,1.21
Machanga,,85939544B66501899539367,MOZ,ADM2,hospitals,TIME,4800,elderly,114,2.96,47,1.22
Machanga,,85939544B66501899539367,MOZ,ADM2,hospitals,TIME,4800,school_age,1039,2.96,425,1.21
Machanga,,85939544B66501899539367,MOZ,ADM2,hospitals,TIME,4800,total,1824,2.96,745,1.21
Machanga,,85939544B66501899539367,MOZ,ADM2,hospitals,TIME,4800,under_5,274,2.95,112,1.21
Machanga,,85939544B66501899539367,MOZ,ADM2,hospitals,TIME,4800,women_childbearing,457,2.96,187,1.21
Machanga,,85939544B66501899539367,MOZ,ADM2,hospitals,TIME,5400,adults,2727,4.76,1031,1.8
Machanga,,85939544B66501899539367,MOZ,ADM2,hospitals,TIME,5400,elderly,183,4.75,69,1.79
Machanga,,85939544B66501899539367,MOZ,ADM2,hospitals,TIME,5400,school_age,1671,4.76,632,1.8
Machanga,,85939544B66501899539367,MOZ,ADM2,hospitals,TIME,5400,total,2933,4.76,1109,1.8
Machanga,,85939544B66501899539367,MOZ,ADM2,hospitals,TIME,5400,under_5,441,4.75,167,1.8
Machanga,,85939544B66501899539367,MOZ,ADM2,hospitals,TIME,5400,women_childbearing,735,4.75,278,1.8
Machanga,,85939544B66501899539367,MOZ,ADM2,hospitals,TIME,6000,adults,2950,5.14,223,0.39
Machanga,,85939544B66501899539367,MOZ,ADM2,hospitals,TIME,6000,elderly,198,5.13,15,0.39
Machanga,,85939544B66501899539367,MOZ,ADM2,hospitals,TIME,6000,school_age,1807,5.14,136,0.39
Machanga,,85939544B66501899539367,MOZ,ADM2,hospitals,TIME,6000,total,3173,5.14,240,0.39
Machanga,,85939544B66501899539367,MOZ,ADM2,hospitals,TIME,6000,under_5,477,5.14,36,0.39
Machanga,,85939544B66501899539367,MOZ,ADM2,hospitals,TIME,6000,women_childbearing,795,5.14,60,0.39
Machaze,,85939544B88211826741163,MOZ,ADM2,hospitals,TIME,600,adults,4282,2.96,4282,2.96
Machaze,,85939544B88211826741163,MOZ,ADM2,hospitals,TIME,600,elderly,273,2.95,273,2.95
Machaze,,85939544B88211826741163,MOZ,ADM2,hospitals,TIME,600,school_age,2645,2.96,2645,2.96
Machaze,,85939544B88211826741163,MOZ,ADM2,hospitals,TIME,600,total,4591,2.96,4591,2.96
Machaze,,85939544B88211826741163,MOZ,ADM2,hospitals,TIME,600,under_5,793,2.96,793,2.96
Machaze,,85939544B88211826741163,MOZ,ADM2,hospitals,TIME,600,women_childbearing,1213,2.96,1213,2.96
Machaze,,85939544B88211826741163,MOZ,ADM2,hospitals,TIME,1200,adults,4564,3.15,282,0.19
Machaze,,85939544B88211826741163,MOZ,ADM2,hospitals,TIME,1200,elderly,291,3.15,18,0.19
Machaze,,85939544B88211826741163,MOZ,ADM2,hospitals,TIME,1200,school_age,2820,3.15,175,0.2
Machaze,,85939544B88211826741163,MOZ,ADM2,hospitals,TIME,1200,total,4894,3.15,303,0.2
Machaze,,85939544B88211826741163,MOZ,ADM2,hospitals,TIME,1200,under_5,846,3.15,53,0.2
Machaze,,85939544B88211826741163,MOZ,ADM2,hospitals,TIME,1200,women_childbearing,1293,3.15,80,0.2
Machaze,,85939544B88211826741163,MOZ,ADM2,hospitals,TIME,1800,adults,5930,4.1,1366,0.94
Machaze,,85939544B88211826741163,MOZ,ADM2,hospitals,TIME,1800,elderly,378,4.09,87,0.94
Machaze,,85939544B88211826741163,MOZ,ADM2,hospitals,TIME,1800,school_age,3663,4.1,843,0.94
Machaze,,85939544B88211826741163,MOZ,ADM2,hospitals,TIME,1800,total,6358,4.1,1464,0.94
Machaze,,85939544B88211826741163,MOZ,ADM2,hospitals,TIME,1800,under_5,1099,4.1,253,0.94
Machaze,,85939544B88211826741163,MOZ,ADM2,hospitals,TIME,1800,women_childbearing,1681,4.1,388,0.95
Machaze,,85939544B88211826741163,MOZ,ADM2,hospitals,TIME,2400,adults,8073,5.58,2143,1.48
Machaze,,85939544B88211826741163,MOZ,ADM2,hospitals,TIME,2400,elderly,515,5.57,137,1.48
Machaze,,85939544B88211826741163,MOZ,ADM2,hospitals,TIME,2400,school_age,4987,5.58,1324,1.48
Machaze,,85939544B88211826741163,MOZ,ADM2,hospitals,TIME,2400,total,8655,5.58,2297,1.48
Machaze,,85939544B88211826741163,MOZ,ADM2,hospitals,TIME,2400,under_5,1496,5.58,397,1.48
Machaze,,85939544B88211826741163,MOZ,ADM2,hospitals,TIME,2400,women_childbearing,2288,5.58,607,1.48
Machaze,,85939544B88211826741163,MOZ,ADM2,hospitals,TIME,3000,adults,13372,9.24,5299,3.66
Machaze,,85939544B88211826741163,MOZ,ADM2,hospitals,TIME,3000,elderly,854,9.24,339,3.67
Machaze,,85939544B88211826741163,MOZ,ADM2,hospitals,TIME,3000,school_age,8261,9.24,3274,3.66
Machaze,,85939544B88211826741163,MOZ,ADM2,hospitals,TIME,3000,total,14336,9.24,5681,3.66
Machaze,,85939544B88211826741163,MOZ,ADM2,hospitals,TIME,3000,under_5,2478,9.24,982,3.66
Machaze,,85939544B88211826741163,MOZ,ADM2,hospitals,TIME,3000,women_childbearing,3790,9.24,1502,3.66
Machaze,,85939544B88211826741163,MOZ,ADM2,hospitals,TIME,3600,adults,15586,10.77,2214,1.53
Machaze,,85939544B88211826741163,MOZ,ADM2,hospitals,TIME,3600,elderly,995,10.76,141,1.53
Machaze,,85939544B88211826741163,MOZ,ADM2,hospitals,TIME,3600,school_age,9629,10.77,1368,1.53
Machaze,,85939544B88211826741163,MOZ,ADM2,hospitals,TIME,3600,total,16710,10.77,2374,1.53
Machaze,,85939544B88211826741163,MOZ,ADM2,hospitals,TIME,3600,under_5,2889,10.77,411,1.53
Machaze,,85939544B88211826741163,MOZ,ADM2,hospitals,TIME,3600,women_childbearing,4417,10.77,627,1.53
Machaze,,85939544B88211826741163,MOZ,ADM2,hospitals,TIME,4200,adults,19501,13.48,3915,2.71
Machaze,,85939544B88211826741163,MOZ,ADM2,hospitals,TIME,4200,elderly,1245,13.47,250,2.7
Machaze,,85939544B88211826741163,MOZ,ADM2,hospitals,TIME,4200,school_age,12048,13.48,2419,2.71
Machaze,,85939544B88211826741163,MOZ,ADM2,hospitals,TIME,4200,total,20908,13.48,4198,2.71
Machaze,,85939544B88211826741163,MOZ,ADM2,hospitals,TIME,4200,under_5,3615,13.48,726,2.71
Machaze,,85939544B88211826741163,MOZ,ADM2,hospitals,TIME,4200,women_childbearing,5527,13.48,1110,2.71
Machaze,,85939544B88211826741163,MOZ,ADM2,hospitals,TIME,4800,adults,25911,17.91,6410,4.43
Machaze,,85939544B88211826741163,MOZ,ADM2,hospitals,TIME,4800,elderly,1655,17.91,410,4.44
Machaze,,85939544B88211826741163,MOZ,ADM2,hospitals,TIME,4800,school_age,16008,17.91,3960,4.43
Machaze,,85939544B88211826741163,MOZ,ADM2,hospitals,TIME,4800,total,27781,17.91,6873,4.43
Machaze,,85939544B88211826741163,MOZ,ADM2,hospitals,TIME,4800,under_5,4803,17.91,1188,4.43
Machaze,,85939544B88211826741163,MOZ,ADM2,hospitals,TIME,4800,women_childbearing,7344,17.91,1817,4.43
Machaze,,85939544B88211826741163,MOZ,ADM2,hospitals,TIME,5400,adults,34002,23.5,8091,5.59
Machaze,,85939544B88211826741163,MOZ,ADM2,hospitals,TIME,5400,elderly,2172,23.5,517,5.59
Machaze,,85939544B88211826741163,MOZ,ADM2,hospitals,TIME,5400,school_age,21006,23.5,4998,5.59
Machaze,,85939544B88211826741163,MOZ,ADM2,hospitals,TIME,5400,total,36455,23.5,8674,5.59
Machaze,,85939544B88211826741163,MOZ,ADM2,hospitals,TIME,5400,under_5,6303,23.5,1500,5.59
Machaze,,85939544B88211826741163,MOZ,ADM2,hospitals,TIME,5400,women_childbearing,9638,23.5,2294,5.59
Machaze,,85939544B88211826741163,MOZ,ADM2,hospitals,TIME,6000,adults,39064,27.0,5062,3.5
Machaze,,85939544B88211826741163,MOZ,ADM2,hospitals,TIME,6000,elderly,2495,26.99,323,3.49
Machaze,,85939544B88211826741163,MOZ,ADM2,hospitals,TIME,6000,school_age,24134,27.0,3128,3.5
Machaze,,85939544B88211826741163,MOZ,ADM2,hospitals,TIME,6000,total,41882,27.0,5427,3.5
Machaze,,85939544B88211826741163,MOZ,ADM2,hospitals,TIME,6000,under_5,7241,27.0,938,3.5
Machaze,,85939544B88211826741163,MOZ,ADM2,hospitals,TIME,6000,women_childbearing,11073,27.0,1435,3.5
Macomia,,85939544B2345621089228,MOZ,ADM2,hospitals,TIME,600,adults,31627,35.9,31627,35.9
Macomia,,85939544B2345621089228,MOZ,ADM2,hospitals,TIME,600,elderly,2214,35.89,2214,35.89
Macomia,,85939544B2345621089228,MOZ,ADM2,hospitals,TIME,600,school_age,17107,35.9,17107,35.9
Macomia,,85939544B2345621089228,MOZ,ADM2,hospitals,TIME,600,total,34104,35.9,34104,35.9
Macomia,,85939544B2345621089228,MOZ,ADM2,hospitals,TIME,600,under_5,4992,35.89,4992,35.89
Macomia,,85939544B2345621089228,MOZ,ADM2,hospitals,TIME,600,women_childbearing,8378,35.89,8378,35.89
Macomia,,85939544B2345621089228,MOZ,ADM2,hospitals,TIME,1200,adults,42991,48.79,11364,12.9
Macomia,,85939544B2345621089228,MOZ,ADM2,hospitals,TIME,1200,elderly,3010,48.79,796,12.9
Macomia,,85939544B2345621089228,MOZ,ADM2,hospitals,TIME,1200,school_age,23254,48.79,6147,12.9
Macomia,,85939544B2345621089228,MOZ,ADM2,hospitals,TIME,1200,total,46359,48.79,12255,12.9
Macomia,,85939544B2345621089228,MOZ,ADM2,hospitals,TIME,1200,under_5,6786,48.79,1794,12.9
Macomia,,85939544B2345621089228,MOZ,ADM2,hospitals,TIME,1200,women_childbearing,11389,48.79,3011,12.9
Macomia,,85939544B2345621089228,MOZ,ADM2,hospitals,TIME,1800,adults,47355,53.75,4364,4.95
Macomia,,85939544B2345621089228,MOZ,ADM2,hospitals,TIME,1800,elderly,3315,53.74,305,4.94
Macomia,,85939544B2345621089228,MOZ,ADM2,hospitals,TIME,1800,school_age,25615,53.75,2361,4.95
Macomia,,85939544B2345621089228,MOZ,ADM2,hospitals,TIME,1800,total,51065,53.75,4706,4.95
Macomia,,85939544B2345621089228,MOZ,ADM2,hospitals,TIME,1800,under_5,7475,53.74,689,4.95
Macomia,,85939544B2345621089228,MOZ,ADM2,hospitals,TIME,1800,women_childbearing,12545,53.75,1156,4.95
Macomia,,85939544B2345621089228,MOZ,ADM2,hospitals,TIME,2400,adults,52756,59.88,5401,6.13
Macomia,,85939544B2345621089228,MOZ,ADM2,hospitals,TIME,2400,elderly,3694,59.88,379,6.14
Macomia,,85939544B2345621089228,MOZ,ADM2,hospitals,TIME,2400,school_age,28536,59.88,2921,6.13
Macomia,,85939544B2345621089228,MOZ,ADM2,hospitals,TIME,2400,total,56889,59.88,5824,6.13
Macomia,,85939544B2345621089228,MOZ,ADM2,hospitals,TIME,2400,under_5,8328,59.87,853,6.13
Macomia,,85939544B2345621089228,MOZ,ADM2,hospitals,TIME,2400,women_childbearing,13976,59.88,1431,6.13
Macomia,,85939544B2345621089228,MOZ,ADM2,hospitals,TIME,3000,adults,55200,62.65,2444,2.77
Macomia,,85939544B2345621089228,MOZ,ADM2,hospitals,TIME,3000,elderly,3865,62.65,171,2.77
Macomia,,85939544B2345621089228,MOZ,ADM2,hospitals,TIME,3000,school_age,29858,62.65,1322,2.77
Macomia,,85939544B2345621089228,MOZ,ADM2,hospitals,TIME,3000,total,59524,62.65,2635,2.77
Macomia,,85939544B2345621089228,MOZ,ADM2,hospitals,TIME,3000,under_5,8714,62.65,386,2.78
Macomia,,85939544B2345621089228,MOZ,ADM2,hospitals,TIME,3000,women_childbearing,14623,62.65,647,2.77
Macomia,,85939544B2345621089228,MOZ,ADM2,hospitals,TIME,3600,adults,55841,63.38,641,0.73
Macomia,,85939544B2345621089228,MOZ,ADM2,hospitals,TIME,3600,elderly,3910,63.38,45,0.73
Macomia,,85939544B2345621089228,MOZ,ADM2,hospitals,TIME,3600,school_age,30205,63.38,347,0.73
Macomia,,85939544B2345621089228,MOZ,ADM2,hospitals,TIME,3600,total,60215,63.38,691,0.73
Macomia,,85939544B2345621089228,MOZ,ADM2,hospitals,TIME,3600,under_5,8815,63.38,101,0.73
Macomia,,85939544B2345621089228,MOZ,ADM2,hospitals,TIME,3600,women_childbearing,14793,63.38,170,0.73
Macomia,,85939544B2345621089228,MOZ,ADM2,hospitals,TIME,4200,adults,56237,63.83,396,0.45
Macomia,,85939544B2345621089228,MOZ,ADM2,hospitals,TIME,4200,elderly,3937,63.82,27,0.44
Macomia,,85939544B2345621089228,MOZ,ADM2,hospitals,TIME,4200,school_age,30419,63.83,214,0.45
Macomia,,85939544B2345621089228,MOZ,ADM2,hospitals,TIME,4200,total,60642,63.83,427,0.45
Macomia,,85939544B2345621089228,MOZ,ADM2,hospitals,TIME,4200,under_5,8877,63.82,62,0.45
Macomia,,85939544B2345621089228,MOZ,ADM2,hospitals,TIME,4200,women_childbearing,14898,63.83,105,0.45
Macomia,,85939544B2345621089228,MOZ,ADM2,hospitals,TIME,4800,adults,56876,64.55,639,0.73
Macomia,,85939544B2345621089228,MOZ,ADM2,hospitals,TIME,4800,elderly,3982,64.55,45,0.73
Macomia,,85939544B2345621089228,MOZ,ADM2,hospitals,TIME,4800,school_age,30765,64.55,346,0.73
Macomia,,85939544B2345621089228,MOZ,ADM2,hospitals,TIME,4800,total,61332,64.55,690,0.73
Macomia,,85939544B2345621089228,MOZ,ADM2,hospitals,TIME,4800,under_5,8978,64.55,101,0.73
Macomia,,85939544B2345621089228,MOZ,ADM2,hospitals,TIME,4800,women_childbearing,15067,64.55,169,0.72
Macomia,,85939544B2345621089228,MOZ,ADM2,hospitals,TIME,5400,adults,57947,65.77,1071,1.22
Macomia,,85939544B2345621089228,MOZ,ADM2,hospitals,TIME,5400,elderly,4057,65.76,75,1.22
Macomia,,85939544B2345621089228,MOZ,ADM2,hospitals,TIME,5400,school_age,31344,65.77,579,1.21
Macomia,,85939544B2345621089228,MOZ,ADM2,hospitals,TIME,5400,total,62486,65.77,1154,1.21
Macomia,,85939544B2345621089228,MOZ,ADM2,hospitals,TIME,5400,under_5,9147,65.76,169,1.22
Macomia,,85939544B2345621089228,MOZ,ADM2,hospitals,TIME,5400,women_childbearing,15351,65.77,284,1.22
Macomia,,85939544B2345621089228,MOZ,ADM2,hospitals,TIME,6000,adults,61829,70.17,3882,4.41
Macomia,,85939544B2345621089228,MOZ,ADM2,hospitals,TIME,6000,elderly,4329,70.17,272,4.41
Macomia,,85939544B2345621089228,MOZ,ADM2,hospitals,TIME,6000,school_age,33443,70.17,2099,4.4
Macomia,,85939544B2345621089228,MOZ,ADM2,hospitals,TIME,6000,total,66672,70.17,4186,4.41
Macomia,,85939544B2345621089228,MOZ,ADM2,hospitals,TIME,6000,under_5,9760,70.17,613,4.41
Macomia,,85939544B2345621089228,MOZ,ADM2,hospitals,TIME,6000,women_childbearing,16379,70.17,1028,4.4
Macossa,,85939544B71036498933536,MOZ,ADM2,hospitals,TIME,4200,adults,106,0.17,106,0.17
Macossa,,85939544B71036498933536,MOZ,ADM2,hospitals,TIME,4200,elderly,4,0.16,4,0.16
Macossa,,85939544B71036498933536,MOZ,ADM2,hospitals,TIME,4200,school_age,69,0.17,69,0.17
Macossa,,85939544B71036498933536,MOZ,ADM2,hospitals,TIME,4200,total,111,0.17,111,0.17
Macossa,,85939544B71036498933536,MOZ,ADM2,hospitals,TIME,4200,under_5,23,0.17,23,0.17
Macossa,,85939544B71036498933536,MOZ,ADM2,hospitals,TIME,4200,women_childbearing,24,0.16,24,0.16
Macossa,,85939544B71036498933536,MOZ,ADM2,hospitals,TIME,4800,adults,6486,10.22,6380,10.05
Macossa,,85939544B71036498933536,MOZ,ADM2,hospitals,TIME,4800,elderly,250,10.2,246,10.04
Macossa,,85939544B71036498933536,MOZ,ADM2,hospitals,TIME,4800,school_age,4223,10.22,4154,10.05
Macossa,,85939544B71036498933536,MOZ,ADM2,hospitals,TIME,4800,total,6789,10.22,6678,10.05
Macossa,,85939544B71036498933536,MOZ,ADM2,hospitals,TIME,4800,under_5,1407,10.22,1384,10.05
Macossa,,85939544B71036498933536,MOZ,ADM2,hospitals,TIME,4800,women_childbearing,1514,10.22,1490,10.06
Macossa,,85939544B71036498933536,MOZ,ADM2,hospitals,TIME,5400,adults,10353,16.31,3867,6.09
Macossa,,85939544B71036498933536,MOZ,ADM2,hospitals,TIME,5400,elderly,399,16.28,149,6.08
Macossa,,85939544B71036498933536,MOZ,ADM2,hospitals,TIME,5400,school_age,6741,16.31,2518,6.09
Macossa,,85939544B71036498933536,MOZ,ADM2,hospitals,TIME,5400,total,10836,16.31,4047,6.09
Macossa,,85939544B71036498933536,MOZ,ADM2,hospitals,TIME,5400,under_5,2246,16.31,839,6.09
Macossa,,85939544B71036498933536,MOZ,ADM2,hospitals,TIME,5400,women_childbearing,2416,16.31,902,6.09
Macossa,,85939544B71036498933536,MOZ,ADM2,hospitals,TIME,6000,adults,13050,20.56,2697,4.25
Macossa,,85939544B71036498933536,MOZ,ADM2,hospitals,TIME,6000,elderly,503,20.52,104,4.24
Macossa,,85939544B71036498933536,MOZ,ADM2,hospitals,TIME,6000,school_age,8497,20.56,1756,4.25
Macossa,,85939544B71036498933536,MOZ,ADM2,hospitals,TIME,6000,total,13659,20.56,2823,4.25
Macossa,,85939544B71036498933536,MOZ,ADM2,hospitals,TIME,6000,under_5,2831,20.56,585,4.25
Macossa,,85939544B71036498933536,MOZ,ADM2,hospitals,TIME,6000,women_childbearing,3046,20.56,630,4.25
Maganja Da Costa,,85939544B26352047498043,MOZ,ADM2,hospitals,TIME,1800,adults,46,0.02,46,0.02
Maganja Da Costa,,85939544B26352047498043,MOZ,ADM2,hospitals,TIME,1800,elderly,1,0.01,1,0.01
Maganja Da Costa,,85939544B26352047498043,MOZ,ADM2,hospitals,TIME,1800,school_age,27,0.02,27,0.02
Maganja Da Costa,,85939544B26352047498043,MOZ,ADM2,hospitals,TIME,1800,total,48,0.02,48,0.02
Maganja Da Costa,,85939544B26352047498043,MOZ,ADM2,hospitals,TIME,1800,under_5,8,0.02,8,0.02
Maganja Da Costa,,85939544B26352047498043,MOZ,ADM2,hospitals,TIME,1800,women_childbearing,12,0.02,12,0.02
Maganja Da Costa,,85939544B26352047498043,MOZ,ADM2,hospitals,TIME,2400,adults,910,0.45,864,0.42
Maganja Da Costa,,85939544B26352047498043,MOZ,ADM2,hospitals,TIME,2400,elderly,33,0.43,32,0.42
Maganja Da Costa,,85939544B26352047498043,MOZ,ADM2,hospitals,TIME,2400,school_age,540,0.45,513,0.42
Maganja Da Costa,,85939544B26352047498043,MOZ,ADM2,hospitals,TIME,2400,total,951,0.45,903,0.42
Maganja Da Costa,,85939544B26352047498043,MOZ,ADM2,hospitals,TIME,2400,under_5,170,0.45,162,0.42
Maganja Da Costa,,85939544B26352047498043,MOZ,ADM2,hospitals,TIME,2400,women_childbearing,241,0.44,229,0.42
Maganja Da Costa,,85939544B26352047498043,MOZ,ADM2,hospitals,TIME,3000,adults,1915,0.94,1005,0.49
Maganja Da Costa,,85939544B26352047498043,MOZ,ADM2,hospitals,TIME,3000,elderly,71,0.93,38,0.5
Maganja Da Costa,,85939544B26352047498043,MOZ,ADM2,hospitals,TIME,3000,school_age,1136,0.94,596,0.49
Maganja Da Costa,,85939544B26352047498043,MOZ,ADM2,hospitals,TIME,3000,total,2002,0.94,1051,0.49
Maganja Da Costa,,85939544B26352047498043,MOZ,ADM2,hospitals,TIME,3000,under_5,358,0.94,188,0.49
Maganja Da Costa,,85939544B26352047498043,MOZ,ADM2,hospitals,TIME,3000,women_childbearing,508,0.94,267,0.49
Maganja Da Costa,,85939544B26352047498043,MOZ,ADM2,hospitals,TIME,3600,adults,4401,2.15,2486,1.22
Maganja Da Costa,,85939544B26352047498043,MOZ,ADM2,hospitals,TIME,3600,elderly,164,2.15,93,1.22
Maganja Da Costa,,85939544B26352047498043,MOZ,ADM2,hospitals,TIME,3600,school_age,2611,2.15,1475,1.22
Maganja Da Costa,,85939544B26352047498043,MOZ,ADM2,hospitals,TIME,3600,total,4600,2.15,2598,1.22
Maganja Da Costa,,85939544B26352047498043,MOZ,ADM2,hospitals,TIME,3600,under_5,822,2.15,464,1.21
Maganja Da Costa,,85939544B26352047498043,MOZ,ADM2,hospitals,TIME,3600,women_childbearing,1168,2.15,660,1.22
Maganja Da Costa,,85939544B26352047498043,MOZ,ADM2,hospitals,TIME,4200,adults,5832,2.85,1431,0.7
Maganja Da Costa,,85939544B26352047498043,MOZ,ADM2,hospitals,TIME,4200,elderly,217,2.85,53,0.7
Maganja Da Costa,,85939544B26352047498043,MOZ,ADM2,hospitals,TIME,4200,school_age,3460,2.85,849,0.7
Maganja Da Costa,,85939544B26352047498043,MOZ,ADM2,hospitals,TIME,4200,total,6096,2.85,1496,0.7
Maganja Da Costa,,85939544B26352047498043,MOZ,ADM2,hospitals,TIME,4200,under_5,1090,2.85,268,0.7
Maganja Da Costa,,85939544B26352047498043,MOZ,ADM2,hospitals,TIME,4200,women_childbearing,1548,2.85,380,0.7
Maganja Da Costa,,85939544B26352047498043,MOZ,ADM2,hospitals,TIME,4800,adults,7806,3.82,1974,0.97
Maganja Da Costa,,85939544B26352047498043,MOZ,ADM2,hospitals,TIME,4800,elderly,291,3.82,74,0.97
Maganja Da Costa,,85939544B26352047498043,MOZ,ADM2,hospitals,TIME,4800,school_age,4632,3.82,1172,0.97
Maganja Da Costa,,85939544B26352047498043,MOZ,ADM2,hospitals,TIME,4800,total,8160,3.82,2064,0.97
Maganja Da Costa,,85939544B26352047498043,MOZ,ADM2,hospitals,TIME,4800,under_5,1459,3.82,369,0.97
Maganja Da Costa,,85939544B26352047498043,MOZ,ADM2,hospitals,TIME,4800,women_childbearing,2072,3.82,524,0.97
Maganja Da Costa,,85939544B26352047498043,MOZ,ADM2,hospitals,TIME,5400,adults,11318,5.54,3512,1.72
Maganja Da Costa,,85939544B26352047498043,MOZ,ADM2,hospitals,TIME,5400,elderly,422,5.54,131,1.72
Maganja Da Costa,,85939544B26352047498043,MOZ,ADM2,hospitals,TIME,5400,school_age,6716,5.54,2084,1.72
Maganja Da Costa,,85939544B26352047498043,MOZ,ADM2,hospitals,TIME,5400,total,11831,5.54,3671,1.72
Maganja Da Costa,,85939544B26352047498043,MOZ,ADM2,hospitals,TIME,5400,under_5,2116,5.54,657,1.72
Maganja Da Costa,,85939544B26352047498043,MOZ,ADM2,hospitals,TIME,5400,women_childbearing,3005,5.54,933,1.72
Maganja Da Costa,,85939544B26352047498043,MOZ,ADM2,hospitals,TIME,6000,adults,15426,7.55,4108,2.01
Maganja Da Costa,,85939544B26352047498043,MOZ,ADM2,hospitals,TIME,6000,elderly,575,7.55,153,2.01
Maganja Da Costa,,85939544B26352047498043,MOZ,ADM2,hospitals,TIME,6000,school_age,9154,7.55,2438,2.01
Maganja Da Costa,,85939544B26352047498043,MOZ,ADM2,hospitals,TIME,6000,total,16126,7.55,4295,2.01
Maganja Da Costa,,85939544B26352047498043,MOZ,ADM2,hospitals,TIME,6000,under_5,2884,7.55,768,2.01
Maganja Da Costa,,85939544B26352047498043,MOZ,ADM2,hospitals,TIME,6000,women_childbearing,4096,7.55,1091,2.01
Magoe,,85939544B26060528055494,MOZ,ADM2,hospitals,TIME,4800,adults,1565,1.07,1565,1.07
Magoe,,85939544B26060528055494,MOZ,ADM2,hospitals,TIME,4800,elderly,76,1.06,76,1.06
Magoe,,85939544B26060528055494,MOZ,ADM2,hospitals,TIME,4800,school_age,918,1.07,918,1.07
Magoe,,85939544B26060528055494,MOZ,ADM2,hospitals,TIME,4800,total,1655,1.07,1655,1.07
Magoe,,85939544B26060528055494,MOZ,ADM2,hospitals,TIME,4800,under_5,254,1.07,254,1.07
Magoe,,85939544B26060528055494,MOZ,ADM2,hospitals,TIME,4800,women_childbearing,385,1.07,385,1.07
Magoe,,85939544B26060528055494,MOZ,ADM2,hospitals,TIME,5400,adults,1565,1.07,0,0.0
Magoe,,85939544B26060528055494,MOZ,ADM2,hospitals,TIME,5400,elderly,76,1.06,0,0.0
Magoe,,85939544B26060528055494,MOZ,ADM2,hospitals,TIME,5400,school_age,918,1.07,0,0.0
Magoe,,85939544B26060528055494,MOZ,ADM2,hospitals,TIME,5400,total,1655,1.07,0,0.0
Magoe,,85939544B26060528055494,MOZ,ADM2,hospitals,TIME,5400,under_5,254,1.07,0,0.0
Magoe,,85939544B26060528055494,MOZ,ADM2,hospitals,TIME,5400,women_childbearing,385,1.07,0,0.0
Magoe,,85939544B26060528055494,MOZ,ADM2,hospitals,TIME,6000,adults,1565,1.07,0,0.0
Magoe,,85939544B26060528055494,MOZ,ADM2,hospitals,TIME,6000,elderly,76,1.06,0,0.0
Magoe,,85939544B26060528055494,MOZ,ADM2,hospitals,TIME,6000,school_age,918,1.07,0,0.0
Magoe,,85939544B26060528055494,MOZ,ADM2,hospitals,TIME,6000,total,1655,1.07,0,0.0
Magoe,,85939544B26060528055494,MOZ,ADM2,hospitals,TIME,6000,under_5,254,1.07,0,0.0
Magoe,,85939544B26060528055494,MOZ,ADM2,hospitals,TIME,6000,women_childbearing,385,1.07,0,0.0
Magude,,85939544B12261721998883,MOZ,ADM2,hospitals,TIME,3600,adults,393,0.58,393,0.58
Magude,,85939544B12261721998883,MOZ,ADM2,hospitals,TIME,3600,elderly,37,0.57,37,0.57
Magude,,85939544B12261721998883,MOZ,ADM2,hospitals,TIME,3600,school_age,224,0.58,224,0.58
Magude,,85939544B12261721998883,MOZ,ADM2,hospitals,TIME,3600,total,434,0.58,434,0.58
Magude,,85939544B12261721998883,MOZ,ADM2,hospitals,TIME,3600,under_5,57,0.57,57,0.57
Magude,,85939544B12261721998883,MOZ,ADM2,hospitals,TIME,3600,women_childbearing,108,0.57,108,0.57
Magude,,85939544B12261721998883,MOZ,ADM2,hospitals,TIME,4200,adults,17240,25.25,16847,24.67
Magude,,85939544B12261721998883,MOZ,ADM2,hospitals,TIME,4200,elderly,1632,25.25,1595,24.68
Magude,,85939544B12261721998883,MOZ,ADM2,hospitals,TIME,4200,school_age,9819,25.25,9595,24.67
Magude,,85939544B12261721998883,MOZ,ADM2,hospitals,TIME,4200,total,19019,25.25,18585,24.67
Magude,,85939544B12261721998883,MOZ,ADM2,hospitals,TIME,4200,under_5,2527,25.24,2470,24.67
Magude,,85939544B12261721998883,MOZ,ADM2,hospitals,TIME,4200,women_childbearing,4764,25.25,4656,24.67
Magude,,85939544B12261721998883,MOZ,ADM2,hospitals,TIME,4800,adults,29622,43.38,12382,18.13
Magude,,85939544B12261721998883,MOZ,ADM2,hospitals,TIME,4800,elderly,2804,43.38,1172,18.13
Magude,,85939544B12261721998883,MOZ,ADM2,hospitals,TIME,4800,school_age,16871,43.38,7052,18.13
Magude,,85939544B12261721998883,MOZ,ADM2,hospitals,TIME,4800,total,32678,43.38,13659,18.13
Magude,,85939544B12261721998883,MOZ,ADM2,hospitals,TIME,4800,under_5,4343,43.38,1816,18.14
Magude,,85939544B12261721998883,MOZ,ADM2,hospitals,TIME,4800,women_childbearing,8186,43.38,3422,18.13
Magude,,85939544B12261721998883,MOZ,ADM2,hospitals,TIME,5400,adults,32016,46.88,2394,3.51
Magude,,85939544B12261721998883,MOZ,ADM2,hospitals,TIME,5400,elderly,3030,46.88,226,3.5
Magude,,85939544B12261721998883,MOZ,ADM2,hospitals,TIME,5400,school_age,18234,46.88,1363,3.5
Magude,,85939544B12261721998883,MOZ,ADM2,hospitals,TIME,5400,total,35319,46.88,2641,3.51
Magude,,85939544B12261721998883,MOZ,ADM2,hospitals,TIME,5400,under_5,4694,46.88,351,3.51
Magude,,85939544B12261721998883,MOZ,ADM2,hospitals,TIME,5400,women_childbearing,8847,46.88,661,3.5
Magude,,85939544B12261721998883,MOZ,ADM2,hospitals,TIME,6000,adults,33698,49.35,1682,2.46
Magude,,85939544B12261721998883,MOZ,ADM2,hospitals,TIME,6000,elderly,3189,49.33,159,2.46
Magude,,85939544B12261721998883,MOZ,ADM2,hospitals,TIME,6000,school_age,19192,49.35,958,2.46
Magude,,85939544B12261721998883,MOZ,ADM2,hospitals,TIME,6000,total,37174,49.35,1855,2.46
Magude,,85939544B12261721998883,MOZ,ADM2,hospitals,TIME,6000,under_5,4940,49.34,246,2.46
Magude,,85939544B12261721998883,MOZ,ADM2,hospitals,TIME,6000,women_childbearing,9312,49.35,465,2.46
Majune,,85939544B16952446601864,MOZ,ADM2,hospitals,TIME,4800,adults,0,0.0,0,0.0
Majune,,85939544B16952446601864,MOZ,ADM2,hospitals,TIME,4800,elderly,0,0.0,0,0.0
Majune,,85939544B16952446601864,MOZ,ADM2,hospitals,TIME,4800,school_age,0,0.0,0,0.0
Majune,,85939544B16952446601864,MOZ,ADM2,hospitals,TIME,4800,total,0,0.0,0,0.0
Majune,,85939544B16952446601864,MOZ,ADM2,hospitals,TIME,4800,under_5,0,0.0,0,0.0
Majune,,85939544B16952446601864,MOZ,ADM2,hospitals,TIME,4800,women_childbearing,0,0.0,0,0.0
Majune,,85939544B16952446601864,MOZ,ADM2,hospitals,TIME,5400,adults,634,1.33,634,1.33
Majune,,85939544B16952446601864,MOZ,ADM2,hospitals,TIME,5400,elderly,26,1.29,26,1.29
Majune,,85939544B16952446601864,MOZ,ADM2,hospitals,TIME,5400,school_age,384,1.33,384,1.33
Majune,,85939544B16952446601864,MOZ,ADM2,hospitals,TIME,5400,total,666,1.33,666,1.33
Majune,,85939544B16952446601864,MOZ,ADM2,hospitals,TIME,5400,under_5,128,1.32,128,1.32
Majune,,85939544B16952446601864,MOZ,ADM2,hospitals,TIME,5400,women_childbearing,149,1.32,149,1.32
Majune,,85939544B16952446601864,MOZ,ADM2,hospitals,TIME,6000,adults,792,1.66,158,0.33
Majune,,85939544B16952446601864,MOZ,ADM2,hospitals,TIME,6000,elderly,33,1.63,7,0.35
Majune,,85939544B16952446601864,MOZ,ADM2,hospitals,TIME,6000,school_age,479,1.66,95,0.33
Majune,,85939544B16952446601864,MOZ,ADM2,hospitals,TIME,6000,total,832,1.66,166,0.33
Majune,,85939544B16952446601864,MOZ,ADM2,hospitals,TIME,6000,under_5,160,1.65,32,0.33
Majune,,85939544B16952446601864,MOZ,ADM2,hospitals,TIME,6000,women_childbearing,186,1.65,37,0.33
Malema,,85939544B80247740523844,MOZ,ADM2,hospitals,TIME,2400,adults,888,0.4,888,0.4
Malema,,85939544B80247740523844,MOZ,ADM2,hospitals,TIME,2400,elderly,34,0.39,34,0.39
Malema,,85939544B80247740523844,MOZ,ADM2,hospitals,TIME,2400,school_age,527,0.4,527,0.4
Malema,,85939544B80247740523844,MOZ,ADM2,hospitals,TIME,2400,total,930,0.4,930,0.4
Malema,,85939544B80247740523844,MOZ,ADM2,hospitals,TIME,2400,under_5,174,0.4,174,0.4
Malema,,85939544B80247740523844,MOZ,ADM2,hospitals,TIME,2400,women_childbearing,214,0.4,214,0.4
Malema,,85939544B80247740523844,MOZ,ADM2,hospitals,TIME,3000,adults,2017,0.91,1129,0.51
Malema,,85939544B80247740523844,MOZ,ADM2,hospitals,TIME,3000,elderly,78,0.9,44,0.51
Malema,,85939544B80247740523844,MOZ,ADM2,hospitals,TIME,3000,school_age,1198,0.91,671,0.51
Malema,,85939544B80247740523844,MOZ,ADM2,hospitals,TIME,3000,total,2111,0.91,1181,0.51
Malema,,85939544B80247740523844,MOZ,ADM2,hospitals,TIME,3000,under_5,396,0.91,222,0.51
Malema,,85939544B80247740523844,MOZ,ADM2,hospitals,TIME,3000,women_childbearing,487,0.91,273,0.51
Malema,,85939544B80247740523844,MOZ,ADM2,hospitals,TIME,3600,adults,15120,6.82,13103,5.91
Malema,,85939544B80247740523844,MOZ,ADM2,hospitals,TIME,3600,elderly,588,6.82,510,5.92
Malema,,85939544B80247740523844,MOZ,ADM2,hospitals,TIME,3600,school_age,8985,6.82,7787,5.91
Malema,,85939544B80247740523844,MOZ,ADM2,hospitals,TIME,3600,total,15830,6.82,13719,5.91
Malema,,85939544B80247740523844,MOZ,ADM2,hospitals,TIME,3600,under_5,2971,6.82,2575,5.91
Malema,,85939544B80247740523844,MOZ,ADM2,hospitals,TIME,3600,women_childbearing,3654,6.82,3167,5.91
Malema,,85939544B80247740523844,MOZ,ADM2,hospitals,TIME,4200,adults,22315,10.07,7195,3.25
Malema,,85939544B80247740523844,MOZ,ADM2,hospitals,TIME,4200,elderly,868,10.07,280,3.25
Malema,,85939544B80247740523844,MOZ,ADM2,hospitals,TIME,4200,school_age,13261,10.07,4276,3.25
Malema,,85939544B80247740523844,MOZ,ADM2,hospitals,TIME,4200,total,23364,10.07,7534,3.25
Malema,,85939544B80247740523844,MOZ,ADM2,hospitals,TIME,4200,under_5,4386,10.07,1415,3.25
Malema,,85939544B80247740523844,MOZ,ADM2,hospitals,TIME,4200,women_childbearing,5394,10.07,1740,3.25
Malema,,85939544B80247740523844,MOZ,ADM2,hospitals,TIME,4800,adults,26505,11.96,4190,1.89
Malema,,85939544B80247740523844,MOZ,ADM2,hospitals,TIME,4800,elderly,1031,11.96,163,1.89
Malema,,85939544B80247740523844,MOZ,ADM2,hospitals,TIME,4800,school_age,15750,11.96,2489,1.89
Malema,,85939544B80247740523844,MOZ,ADM2,hospitals,TIME,4800,total,27751,11.96,4387,1.89
Malema,,85939544B80247740523844,MOZ,ADM2,hospitals,TIME,4800,under_5,5209,11.96,823,1.89
Malema,,85939544B80247740523844,MOZ,ADM2,hospitals,TIME,4800,women_childbearing,6406,11.96,1012,1.89
Malema,,85939544B80247740523844,MOZ,ADM2,hospitals,TIME,5400,adults,28957,13.07,2452,1.11
Malema,,85939544B80247740523844,MOZ,ADM2,hospitals,TIME,5400,elderly,1126,13.06,95,1.1
Malema,,85939544B80247740523844,MOZ,ADM2,hospitals,TIME,5400,school_age,17207,13.07,1457,1.11
Malema,,85939544B80247740523844,MOZ,ADM2,hospitals,TIME,5400,total,30318,13.07,2567,1.11
Malema,,85939544B80247740523844,MOZ,ADM2,hospitals,TIME,5400,under_5,5691,13.07,482,1.11
Malema,,85939544B80247740523844,MOZ,ADM2,hospitals,TIME,5400,women_childbearing,6999,13.07,593,1.11
Malema,,85939544B80247740523844,MOZ,ADM2,hospitals,TIME,6000,adults,32881,14.84,3924,1.77
Malema,,85939544B80247740523844,MOZ,ADM2,hospitals,TIME,6000,elderly,1279,14.83,153,1.77
Malema,,85939544B80247740523844,MOZ,ADM2,hospitals,TIME,6000,school_age,19539,14.84,2332,1.77
Malema,,85939544B80247740523844,MOZ,ADM2,hospitals,TIME,6000,total,34426,14.84,4108,1.77
Malema,,85939544B80247740523844,MOZ,ADM2,hospitals,TIME,6000,under_5,6462,14.84,771,1.77
Malema,,85939544B80247740523844,MOZ,ADM2,hospitals,TIME,6000,women_childbearing,7947,14.84,948,1.77
Mandimba,,85939544B48761792497071,MOZ,ADM2,hospitals,TIME,3600,adults,1257,0.54,1257,0.54
Mandimba,,85939544B48761792497071,MOZ,ADM2,hospitals,TIME,3600,elderly,50,0.53,50,0.53
Mandimba,,85939544B48761792497071,MOZ,ADM2,hospitals,TIME,3600,school_age,747,0.54,747,0.54
Mandimba,,85939544B48761792497071,MOZ,ADM2,hospitals,TIME,3600,total,1317,0.54,1317,0.54
Mandimba,,85939544B48761792497071,MOZ,ADM2,hospitals,TIME,3600,under_5,256,0.54,256,0.54
Mandimba,,85939544B48761792497071,MOZ,ADM2,hospitals,TIME,3600,women_childbearing,307,0.54,307,0.54
Mandimba,,85939544B48761792497071,MOZ,ADM2,hospitals,TIME,4200,adults,4716,2.02,3459,1.48
Mandimba,,85939544B48761792497071,MOZ,ADM2,hospitals,TIME,4200,elderly,188,2.01,138,1.47
Mandimba,,85939544B48761792497071,MOZ,ADM2,hospitals,TIME,4200,school_age,2804,2.02,2057,1.48
Mandimba,,85939544B48761792497071,MOZ,ADM2,hospitals,TIME,4200,total,4943,2.02,3626,1.48
Mandimba,,85939544B48761792497071,MOZ,ADM2,hospitals,TIME,4200,under_5,961,2.02,705,1.48
Mandimba,,85939544B48761792497071,MOZ,ADM2,hospitals,TIME,4200,women_childbearing,1151,2.01,844,1.48
Mandimba,,85939544B48761792497071,MOZ,ADM2,hospitals,TIME,4800,adults,5866,2.51,1150,0.49
Mandimba,,85939544B48761792497071,MOZ,ADM2,hospitals,TIME,4800,elderly,235,2.51,47,0.5
Mandimba,,85939544B48761792497071,MOZ,ADM2,hospitals,TIME,4800,school_age,3489,2.51,685,0.49
Mandimba,,85939544B48761792497071,MOZ,ADM2,hospitals,TIME,4800,total,6149,2.51,1206,0.49
Mandimba,,85939544B48761792497071,MOZ,ADM2,hospitals,TIME,4800,under_5,1195,2.51,234,0.49
Mandimba,,85939544B48761792497071,MOZ,ADM2,hospitals,TIME,4800,women_childbearing,1433,2.51,282,0.49
Mandimba,,85939544B48761792497071,MOZ,ADM2,hospitals,TIME,5400,adults,6512,2.78,646,0.28
Mandimba,,85939544B48761792497071,MOZ,ADM2,hospitals,TIME,5400,elderly,260,2.77,25,0.27
Mandimba,,85939544B48761792497071,MOZ,ADM2,hospitals,TIME,5400,school_age,3873,2.78,384,0.28
Mandimba,,85939544B48761792497071,MOZ,ADM2,hospitals,TIME,5400,total,6826,2.78,677,0.28
Mandimba,,85939544B48761792497071,MOZ,ADM2,hospitals,TIME,5400,under_5,1327,2.78,132,0.28
Mandimba,,85939544B48761792497071,MOZ,ADM2,hospitals,TIME,5400,women_childbearing,1590,2.78,157,0.27
Mandimba,,85939544B48761792497071,MOZ,ADM2,hospitals,TIME,6000,adults,7543,3.22,1031,0.44
Mandimba,,85939544B48761792497071,MOZ,ADM2,hospitals,TIME,6000,elderly,302,3.22,42,0.45
Mandimba,,85939544B48761792497071,MOZ,ADM2,hospitals,TIME,6000,school_age,4486,3.22,613,0.44
Mandimba,,85939544B48761792497071,MOZ,ADM2,hospitals,TIME,6000,total,7906,3.22,1080,0.44
Mandimba,,85939544B48761792497071,MOZ,ADM2,hospitals,TIME,6000,under_5,1537,3.22,210,0.44
Mandimba,,85939544B48761792497071,MOZ,ADM2,hospitals,TIME,6000,women_childbearing,1842,3.22,252,0.44
Mandlakaze,,85939544B24219595709494,MOZ,ADM2,hospitals,TIME,600,adults,22443,17.71,22443,17.71
Mandlakaze,,85939544B24219595709494,MOZ,ADM2,hospitals,TIME,600,elderly,2392,17.71,2392,17.71
Mandlakaze,,85939544B24219595709494,MOZ,ADM2,hospitals,TIME,600,school_age,13688,17.71,13688,17.71
Mandlakaze,,85939544B24219595709494,MOZ,ADM2,hospitals,TIME,600,total,25029,17.71,25029,17.71
Mandlakaze,,85939544B24219595709494,MOZ,ADM2,hospitals,TIME,600,under_5,3438,17.71,3438,17.71
Mandlakaze,,85939544B24219595709494,MOZ,ADM2,hospitals,TIME,600,women_childbearing,5807,17.71,5807,17.71
Mandlakaze,,85939544B24219595709494,MOZ,ADM2,hospitals,TIME,1200,adults,25543,20.16,3100,2.45
Mandlakaze,,85939544B24219595709494,MOZ,ADM2,hospitals,TIME,1200,elderly,2723,20.16,331,2.45
Mandlakaze,,85939544B24219595709494,MOZ,ADM2,hospitals,TIME,1200,school_age,15578,20.16,1890,2.45
Mandlakaze,,85939544B24219595709494,MOZ,ADM2,hospitals,TIME,1200,total,28485,20.16,3456,2.45
Mandlakaze,,85939544B24219595709494,MOZ,ADM2,hospitals,TIME,1200,under_5,3913,20.15,475,2.45
Mandlakaze,,85939544B24219595709494,MOZ,ADM2,hospitals,TIME,1200,women_childbearing,6609,20.16,802,2.45
Mandlakaze,,85939544B24219595709494,MOZ,ADM2,hospitals,TIME,1800,adults,26811,21.16,1268,1.0
Mandlakaze,,85939544B24219595709494,MOZ,ADM2,hospitals,TIME,1800,elderly,2858,21.16,135,1.0
Mandlakaze,,85939544B24219595709494,MOZ,ADM2,hospitals,TIME,1800,school_age,16351,21.16,773,1.0
Mandlakaze,,85939544B24219595709494,MOZ,ADM2,hospitals,TIME,1800,total,29900,21.16,1415,1.0
Mandlakaze,,85939544B24219595709494,MOZ,ADM2,hospitals,TIME,1800,under_5,4107,21.15,194,1.0
Mandlakaze,,85939544B24219595709494,MOZ,ADM2,hospitals,TIME,1800,women_childbearing,6937,21.16,328,1.0
Mandlakaze,,85939544B24219595709494,MOZ,ADM2,hospitals,TIME,2400,adults,32865,25.93,6054,4.78
Mandlakaze,,85939544B24219595709494,MOZ,ADM2,hospitals,TIME,2400,elderly,3503,25.93,645,4.77
Mandlakaze,,85939544B24219595709494,MOZ,ADM2,hospitals,TIME,2400,school_age,20043,25.93,3692,4.78
Mandlakaze,,85939544B24219595709494,MOZ,ADM2,hospitals,TIME,2400,total,36651,25.94,6751,4.78
Mandlakaze,,85939544B24219595709494,MOZ,ADM2,hospitals,TIME,2400,under_5,5035,25.93,928,4.78
Mandlakaze,,85939544B24219595709494,MOZ,ADM2,hospitals,TIME,2400,women_childbearing,8504,25.93,1567,4.78
Mandlakaze,,85939544B24219595709494,MOZ,ADM2,hospitals,TIME,3000,adults,43157,34.06,10292,8.12
Mandlakaze,,85939544B24219595709494,MOZ,ADM2,hospitals,TIME,3000,elderly,4601,34.06,1098,8.13
Mandlakaze,,85939544B24219595709494,MOZ,ADM2,hospitals,TIME,3000,school_age,26320,34.06,6277,8.12
Mandlakaze,,85939544B24219595709494,MOZ,ADM2,hospitals,TIME,3000,total,48129,34.06,11478,8.12
Mandlakaze,,85939544B24219595709494,MOZ,ADM2,hospitals,TIME,3000,under_5,6612,34.06,1577,8.12
Mandlakaze,,85939544B24219595709494,MOZ,ADM2,hospitals,TIME,3000,women_childbearing,11167,34.06,2663,8.12
Mandlakaze,,85939544B24219595709494,MOZ,ADM2,hospitals,TIME,3600,adults,50444,39.81,7287,5.75
Mandlakaze,,85939544B24219595709494,MOZ,ADM2,hospitals,TIME,3600,elderly,5378,39.81,777,5.75
Mandlakaze,,85939544B24219595709494,MOZ,ADM2,hospitals,TIME,3600,school_age,30765,39.81,4445,5.75
Mandlakaze,,85939544B24219595709494,MOZ,ADM2,hospitals,TIME,3600,total,56255,39.81,8126,5.75
Mandlakaze,,85939544B24219595709494,MOZ,ADM2,hospitals,TIME,3600,under_5,7728,39.8,1116,5.75
Mandlakaze,,85939544B24219595709494,MOZ,ADM2,hospitals,TIME,3600,women_childbearing,13052,39.8,1885,5.75
Mandlakaze,,85939544B24219595709494,MOZ,ADM2,hospitals,TIME,4200,adults,64118,50.6,13674,10.79
Mandlakaze,,85939544B24219595709494,MOZ,ADM2,hospitals,TIME,4200,elderly,6835,50.6,1457,10.79
Mandlakaze,,85939544B24219595709494,MOZ,ADM2,hospitals,TIME,4200,school_age,39104,50.6,8339,10.79
Mandlakaze,,85939544B24219595709494,MOZ,ADM2,hospitals,TIME,4200,total,71505,50.6,15250,10.79
Mandlakaze,,85939544B24219595709494,MOZ,ADM2,hospitals,TIME,4200,under_5,9823,50.59,2095,10.79
Mandlakaze,,85939544B24219595709494,MOZ,ADM2,hospitals,TIME,4200,women_childbearing,16591,50.6,3539,10.79
Mandlakaze,,85939544B24219595709494,MOZ,ADM2,hospitals,TIME,4800,adults,67719,53.44,3601,2.84
Mandlakaze,,85939544B24219595709494,MOZ,ADM2,hospitals,TIME,4800,elderly,7218,53.44,383,2.84
Mandlakaze,,85939544B24219595709494,MOZ,ADM2,hospitals,TIME,4800,school_age,41299,53.44,2195,2.84
Mandlakaze,,85939544B24219595709494,MOZ,ADM2,hospitals,TIME,4800,total,75520,53.44,4015,2.84
Mandlakaze,,85939544B24219595709494,MOZ,ADM2,hospitals,TIME,4800,under_5,10375,53.44,552,2.84
Mandlakaze,,85939544B24219595709494,MOZ,ADM2,hospitals,TIME,4800,women_childbearing,17523,53.44,932,2.84
Mandlakaze,,85939544B24219595709494,MOZ,ADM2,hospitals,TIME,5400,adults,73422,57.94,5703,4.5
Mandlakaze,,85939544B24219595709494,MOZ,ADM2,hospitals,TIME,5400,elderly,7826,57.94,608,4.5
Mandlakaze,,85939544B24219595709494,MOZ,ADM2,hospitals,TIME,5400,school_age,44777,57.94,3478,4.5
Mandlakaze,,85939544B24219595709494,MOZ,ADM2,hospitals,TIME,5400,total,81880,57.94,6360,4.5
Mandlakaze,,85939544B24219595709494,MOZ,ADM2,hospitals,TIME,5400,under_5,11249,57.94,874,4.5
Mandlakaze,,85939544B24219595709494,MOZ,ADM2,hospitals,TIME,5400,women_childbearing,18999,57.94,1476,4.5
Mandlakaze,,85939544B24219595709494,MOZ,ADM2,hospitals,TIME,6000,adults,75804,59.82,2382,1.88
Mandlakaze,,85939544B24219595709494,MOZ,ADM2,hospitals,TIME,6000,elderly,8080,59.82,254,1.88
Mandlakaze,,85939544B24219595709494,MOZ,ADM2,hospitals,TIME,6000,school_age,46229,59.82,1452,1.88
Mandlakaze,,85939544B24219595709494,MOZ,ADM2,hospitals,TIME,6000,total,84536,59.82,2656,1.88
Mandlakaze,,85939544B24219595709494,MOZ,ADM2,hospitals,TIME,6000,under_5,11613,59.81,364,1.87
Mandlakaze,,85939544B24219595709494,MOZ,ADM2,hospitals,TIME,6000,women_childbearing,19615,59.82,616,1.88
Manhiça,,85939544B91620585279817,MOZ,ADM2,hospitals,TIME,600,adults,55760,29.21,55760,29.21
Manhiça,,85939544B91620585279817,MOZ,ADM2,hospitals,TIME,600,elderly,4398,29.22,4398,29.22
Manhiça,,85939544B91620585279817,MOZ,ADM2,hospitals,TIME,600,school_age,31737,29.22,31737,29.22
Manhiça,,85939544B91620585279817,MOZ,ADM2,hospitals,TIME,600,total,60625,29.21,60625,29.21
Manhiça,,85939544B91620585279817,MOZ,ADM2,hospitals,TIME,600,under_5,8246,29.22,8246,29.22
Manhiça,,85939544B91620585279817,MOZ,ADM2,hospitals,TIME,600,women_childbearing,15211,29.21,15211,29.21
Manhiça,,85939544B91620585279817,MOZ,ADM2,hospitals,TIME,1200,adults,87131,45.65,31371,16.44
Manhiça,,85939544B91620585279817,MOZ,ADM2,hospitals,TIME,1200,elderly,6870,45.65,2472,16.43
Manhiça,,85939544B91620585279817,MOZ,ADM2,hospitals,TIME,1200,school_age,49588,45.65,17851,16.43
Manhiça,,85939544B91620585279817,MOZ,ADM2,hospitals,TIME,1200,total,94731,45.65,34106,16.44
Manhiça,,85939544B91620585279817,MOZ,ADM2,hospitals,TIME,1200,under_5,12885,45.65,4639,16.44
Manhiça,,85939544B91620585279817,MOZ,ADM2,hospitals,TIME,1200,women_childbearing,23769,45.65,8558,16.44
Manhiça,,85939544B91620585279817,MOZ,ADM2,hospitals,TIME,1800,adults,110614,57.95,23483,12.3
Manhiça,,85939544B91620585279817,MOZ,ADM2,hospitals,TIME,1800,elderly,8720,57.94,1850,12.29
Manhiça,,85939544B91620585279817,MOZ,ADM2,hospitals,TIME,1800,school_age,62951,57.95,13363,12.3
Manhiça,,85939544B91620585279817,MOZ,ADM2,hospitals,TIME,1800,total,120261,57.95,25530,12.3
Manhiça,,85939544B91620585279817,MOZ,ADM2,hospitals,TIME,1800,under_5,16357,57.95,3472,12.3
Manhiça,,85939544B91620585279817,MOZ,ADM2,hospitals,TIME,1800,women_childbearing,30175,57.95,6406,12.3
Manhiça,,85939544B91620585279817,MOZ,ADM2,hospitals,TIME,2400,adults,126656,66.36,16042,8.4
Manhiça,,85939544B91620585279817,MOZ,ADM2,hospitals,TIME,2400,elderly,9985,66.35,1265,8.41
Manhiça,,85939544B91620585279817,MOZ,ADM2,hospitals,TIME,2400,school_age,72081,66.36,9130,8.41
Manhiça,,85939544B91620585279817,MOZ,ADM2,hospitals,TIME,2400,total,137703,66.36,17442,8.41
Manhiça,,85939544B91620585279817,MOZ,ADM2,hospitals,TIME,2400,under_5,18729,66.36,2372,8.4
Manhiça,,85939544B91620585279817,MOZ,ADM2,hospitals,TIME,2400,women_childbearing,34551,66.36,4376,8.4
Manhiça,,85939544B91620585279817,MOZ,ADM2,hospitals,TIME,3000,adults,134864,70.66,8208,4.3
Manhiça,,85939544B91620585279817,MOZ,ADM2,hospitals,TIME,3000,elderly,10632,70.65,647,4.3
Manhiça,,85939544B91620585279817,MOZ,ADM2,hospitals,TIME,3000,school_age,76752,70.66,4671,4.3
Manhiça,,85939544B91620585279817,MOZ,ADM2,hospitals,TIME,3000,total,146626,70.66,8923,4.3
Manhiça,,85939544B91620585279817,MOZ,ADM2,hospitals,TIME,3000,under_5,19943,70.66,1214,4.3
Manhiça,,85939544B91620585279817,MOZ,ADM2,hospitals,TIME,3000,women_childbearing,36790,70.66,2239,4.3
Manhiça,,85939544B91620585279817,MOZ,ADM2,hospitals,TIME,3600,adults,153750,80.55,18886,9.89
Manhiça,,85939544B91620585279817,MOZ,ADM2,hospitals,TIME,3600,elderly,12122,80.55,1490,9.9
Manhiça,,85939544B91620585279817,MOZ,ADM2,hospitals,TIME,3600,school_age,87501,80.55,10749,9.9
Manhiça,,85939544B91620585279817,MOZ,ADM2,hospitals,TIME,3600,total,167161,80.55,20535,9.9
Manhiça,,85939544B91620585279817,MOZ,ADM2,hospitals,TIME,3600,under_5,22736,80.55,2793,9.9
Manhiça,,85939544B91620585279817,MOZ,ADM2,hospitals,TIME,3600,women_childbearing,41942,80.55,5152,9.89
Manhiça,,85939544B91620585279817,MOZ,ADM2,hospitals,TIME,4200,adults,161523,84.63,7773,4.07
Manhiça,,85939544B91620585279817,MOZ,ADM2,hospitals,TIME,4200,elderly,12734,84.62,612,4.07
Manhiça,,85939544B91620585279817,MOZ,ADM2,hospitals,TIME,4200,school_age,91924,84.63,4423,4.07
Manhiça,,85939544B91620585279817,MOZ,ADM2,hospitals,TIME,4200,total,175611,84.63,8450,4.07
Manhiça,,85939544B91620585279817,MOZ,ADM2,hospitals,TIME,4200,under_5,23886,84.63,1150,4.07
Manhiça,,85939544B91620585279817,MOZ,ADM2,hospitals,TIME,4200,women_childbearing,44063,84.63,2121,4.07
Manhiça,,85939544B91620585279817,MOZ,ADM2,hospitals,TIME,4800,adults,165698,86.81,4175,2.19
Manhiça,,85939544B91620585279817,MOZ,ADM2,hospitals,TIME,4800,elderly,13063,86.8,329,2.19
Manhiça,,85939544B91620585279817,MOZ,ADM2,hospitals,TIME,4800,school_age,94300,86.81,2376,2.19
Manhiça,,85939544B91620585279817,MOZ,ADM2,hospitals,TIME,4800,total,180150,86.81,4539,2.19
Manhiça,,85939544B91620585279817,MOZ,ADM2,hospitals,TIME,4800,under_5,24503,86.81,617,2.19
Manhiça,,85939544B91620585279817,MOZ,ADM2,hospitals,TIME,4800,women_childbearing,45202,86.82,1139,2.19
Manhiça,,85939544B91620585279817,MOZ,ADM2,hospitals,TIME,5400,adults,170310,89.23,4612,2.42
Manhiça,,85939544B91620585279817,MOZ,ADM2,hospitals,TIME,5400,elderly,13427,89.22,364,2.42
Manhiça,,85939544B91620585279817,MOZ,ADM2,hospitals,TIME,5400,school_age,96925,89.23,2625,2.42
Manhiça,,85939544B91620585279817,MOZ,ADM2,hospitals,TIME,5400,total,185165,89.23,5015,2.42
Manhiça,,85939544B91620585279817,MOZ,ADM2,hospitals,TIME,5400,under_5,25185,89.23,682,2.42
Manhiça,,85939544B91620585279817,MOZ,ADM2,hospitals,TIME,5400,women_childbearing,46460,89.23,1258,2.42
Manhiça,,85939544B91620585279817,MOZ,ADM2,hospitals,TIME,6000,adults,172742,90.5,2432,1.27
Manhiça,,85939544B91620585279817,MOZ,ADM2,hospitals,TIME,6000,elderly,13619,90.5,192,1.28
Manhiça,,85939544B91620585279817,MOZ,ADM2,hospitals,TIME,6000,school_age,98309,90.5,1384,1.27
Manhiça,,85939544B91620585279817,MOZ,ADM2,hospitals,TIME,6000,total,187809,90.5,2644,1.27
Manhiça,,85939544B91620585279817,MOZ,ADM2,hospitals,TIME,6000,under_5,25545,90.5,360,1.28
Manhiça,,85939544B91620585279817,MOZ,ADM2,hospitals,TIME,6000,women_childbearing,47123,90.5,663,1.27
Manica,,85939544B32725727804377,MOZ,ADM2,hospitals,TIME,1200,adults,1168,0.51,1168,0.51
Manica,,85939544B32725727804377,MOZ,ADM2,hospitals,TIME,1200,elderly,45,0.51,45,0.51
Manica,,85939544B32725727804377,MOZ,ADM2,hospitals,TIME,1200,school_age,700,0.51,700,0.51
Manica,,85939544B32725727804377,MOZ,ADM2,hospitals,TIME,1200,total,1223,0.51,1223,0.51
Manica,,85939544B32725727804377,MOZ,ADM2,hospitals,TIME,1200,under_5,195,0.51,195,0.51
Manica,,85939544B32725727804377,MOZ,ADM2,hospitals,TIME,1200,women_childbearing,288,0.51,288,0.51
Manica,,85939544B32725727804377,MOZ,ADM2,hospitals,TIME,1800,adults,13769,6.03,12601,5.52
Manica,,85939544B32725727804377,MOZ,ADM2,hospitals,TIME,1800,elderly,535,6.03,490,5.52
Manica,,85939544B32725727804377,MOZ,ADM2,hospitals,TIME,1800,school_age,8253,6.03,7553,5.52
Manica,,85939544B32725727804377,MOZ,ADM2,hospitals,TIME,1800,total,14415,6.03,13192,5.52
Manica,,85939544B32725727804377,MOZ,ADM2,hospitals,TIME,1800,under_5,2304,6.03,2109,5.52
Manica,,85939544B32725727804377,MOZ,ADM2,hospitals,TIME,1800,women_childbearing,3402,6.03,3114,5.52
Manica,,85939544B32725727804377,MOZ,ADM2,hospitals,TIME,2400,adults,42613,18.67,28844,12.64
Manica,,85939544B32725727804377,MOZ,ADM2,hospitals,TIME,2400,elderly,1655,18.66,1120,12.63
Manica,,85939544B32725727804377,MOZ,ADM2,hospitals,TIME,2400,school_age,25543,18.67,17290,12.64
Manica,,85939544B32725727804377,MOZ,ADM2,hospitals,TIME,2400,total,44613,18.67,30198,12.64
Manica,,85939544B32725727804377,MOZ,ADM2,hospitals,TIME,2400,under_5,7133,18.67,4829,12.64
Manica,,85939544B32725727804377,MOZ,ADM2,hospitals,TIME,2400,women_childbearing,10530,18.67,7128,12.64
Manica,,85939544B32725727804377,MOZ,ADM2,hospitals,TIME,3000,adults,70299,30.8,27686,12.13
Manica,,85939544B32725727804377,MOZ,ADM2,hospitals,TIME,3000,elderly,2731,30.79,1076,12.13
Manica,,85939544B32725727804377,MOZ,ADM2,hospitals,TIME,3000,school_age,42138,30.8,16595,12.13
Manica,,85939544B32725727804377,MOZ,ADM2,hospitals,TIME,3000,total,73598,30.8,28985,12.13
Manica,,85939544B32725727804377,MOZ,ADM2,hospitals,TIME,3000,under_5,11768,30.8,4635,12.13
Manica,,85939544B32725727804377,MOZ,ADM2,hospitals,TIME,3000,women_childbearing,17371,30.8,6841,12.13
Manica,,85939544B32725727804377,MOZ,ADM2,hospitals,TIME,3600,adults,79464,34.81,9165,4.02
Manica,,85939544B32725727804377,MOZ,ADM2,hospitals,TIME,3600,elderly,3087,34.81,356,4.01
Manica,,85939544B32725727804377,MOZ,ADM2,hospitals,TIME,3600,school_age,47631,34.81,5493,4.01
Manica,,85939544B32725727804377,MOZ,ADM2,hospitals,TIME,3600,total,83193,34.81,9595,4.02
Manica,,85939544B32725727804377,MOZ,ADM2,hospitals,TIME,3600,under_5,13302,34.81,1534,4.01
Manica,,85939544B32725727804377,MOZ,ADM2,hospitals,TIME,3600,women_childbearing,19636,34.81,2265,4.02
Manica,,85939544B32725727804377,MOZ,ADM2,hospitals,TIME,4200,adults,85850,37.61,6386,2.8
Manica,,85939544B32725727804377,MOZ,ADM2,hospitals,TIME,4200,elderly,3335,37.6,248,2.8
Manica,,85939544B32725727804377,MOZ,ADM2,hospitals,TIME,4200,school_age,51459,37.61,3828,2.8
Manica,,85939544B32725727804377,MOZ,ADM2,hospitals,TIME,4200,total,89878,37.61,6685,2.8
Manica,,85939544B32725727804377,MOZ,ADM2,hospitals,TIME,4200,under_5,14371,37.61,1069,2.8
Manica,,85939544B32725727804377,MOZ,ADM2,hospitals,TIME,4200,women_childbearing,21214,37.61,1578,2.8
Manica,,85939544B32725727804377,MOZ,ADM2,hospitals,TIME,4800,adults,91301,40.0,5451,2.39
Manica,,85939544B32725727804377,MOZ,ADM2,hospitals,TIME,4800,elderly,3547,39.99,212,2.39
Manica,,85939544B32725727804377,MOZ,ADM2,hospitals,TIME,4800,school_age,54727,40.0,3268,2.39
Manica,,85939544B32725727804377,MOZ,ADM2,hospitals,TIME,4800,total,95585,40.0,5707,2.39
Manica,,85939544B32725727804377,MOZ,ADM2,hospitals,TIME,4800,under_5,15284,40.0,913,2.39
Manica,,85939544B32725727804377,MOZ,ADM2,hospitals,TIME,4800,women_childbearing,22561,40.0,1347,2.39
Manica,,85939544B32725727804377,MOZ,ADM2,hospitals,TIME,5400,adults,95518,41.85,4217,1.85
Manica,,85939544B32725727804377,MOZ,ADM2,hospitals,TIME,5400,elderly,3711,41.84,164,1.85
Manica,,85939544B32725727804377,MOZ,ADM2,hospitals,TIME,5400,school_age,57255,41.85,2528,1.85
Manica,,85939544B32725727804377,MOZ,ADM2,hospitals,TIME,5400,total,100001,41.85,4416,1.85
Manica,,85939544B32725727804377,MOZ,ADM2,hospitals,TIME,5400,under_5,15990,41.85,706,1.85
Manica,,85939544B32725727804377,MOZ,ADM2,hospitals,TIME,5400,women_childbearing,23603,41.85,1042,1.85
Manica,,85939544B32725727804377,MOZ,ADM2,hospitals,TIME,6000,adults,110539,48.43,15021,6.58
Manica,,85939544B32725727804377,MOZ,ADM2,hospitals,TIME,6000,elderly,4295,48.43,584,6.58
Manica,,85939544B32725727804377,MOZ,ADM2,hospitals,TIME,6000,school_age,66258,48.43,9003,6.58
Manica,,85939544B32725727804377,MOZ,ADM2,hospitals,TIME,6000,total,115726,48.43,15725,6.58
Manica,,85939544B32725727804377,MOZ,ADM2,hospitals,TIME,6000,under_5,18504,48.43,2514,6.58
Manica,,85939544B32725727804377,MOZ,ADM2,hospitals,TIME,6000,women_childbearing,27315,48.43,3712,6.58
Manica,MZ-B,27363107B35306436132920,MOZ,ADM1,hospitals,TIME,600,adults,442001,19.32,442001,19.32
Manica,MZ-B,27363107B35306436132920,MOZ,ADM1,hospitals,TIME,600,elderly,13307,13.83,13307,13.83
Manica,MZ-B,27363107B35306436132920,MOZ,ADM1,hospitals,TIME,600,school_age,262204,18.83,262204,18.83
Manica,MZ-B,27363107B35306436132920,MOZ,ADM1,hospitals,TIME,600,total,458844,19.1,458844,19.1
Manica,MZ-B,27363107B35306436132920,MOZ,ADM1,hospitals,TIME,600,under_5,69436,17.25,69436,17.25
Manica,MZ-B,27363107B35306436132920,MOZ,ADM1,hospitals,TIME,600,women_childbearing,110882,19.14,110882,19.14
Manica,MZ-B,27363107B35306436132920,MOZ,ADM1,hospitals,TIME,1200,adults,529244,23.14,87243,3.81
Manica,MZ-B,27363107B35306436132920,MOZ,ADM1,hospitals,TIME,1200,elderly,16695,17.35,3388,3.52
Manica,MZ-B,27363107B35306436132920,MOZ,ADM1,hospitals,TIME,1200,school_age,315209,22.63,53005,3.81
Manica,MZ-B,27363107B35306436132920,MOZ,ADM1,hospitals,TIME,1200,total,550180,22.9,91336,3.8
Manica,MZ-B,27363107B35306436132920,MOZ,ADM1,hospitals,TIME,1200,under_5,84118,20.89,14682,3.65
Manica,MZ-B,27363107B35306436132920,MOZ,ADM1,hospitals,TIME,1200,women_childbearing,132017,22.79,21135,3.65
Manica,MZ-B,27363107B35306436132920,MOZ,ADM1,hospitals,TIME,1800,adults,586543,25.64,57299,2.51
Manica,MZ-B,27363107B35306436132920,MOZ,ADM1,hospitals,TIME,1800,elderly,19145,19.89,2450,2.55
Manica,MZ-B,27363107B35306436132920,MOZ,ADM1,hospitals,TIME,1800,school_age,350153,25.14,34944,2.51
Manica,MZ-B,27363107B35306436132920,MOZ,ADM1,hospitals,TIME,1800,total,610392,25.41,60212,2.51
Manica,MZ-B,27363107B35306436132920,MOZ,ADM1,hospitals,TIME,1800,under_5,94140,23.38,10022,2.49
Manica,MZ-B,27363107B35306436132920,MOZ,ADM1,hospitals,TIME,1800,women_childbearing,146165,25.23,14148,2.44
Manica,MZ-B,27363107B35306436132920,MOZ,ADM1,hospitals,TIME,2400,adults,674467,29.49,87924,3.84
Manica,MZ-B,27363107B35306436132920,MOZ,ADM1,hospitals,TIME,2400,elderly,22798,23.69,3653,3.8
Manica,MZ-B,27363107B35306436132920,MOZ,ADM1,hospitals,TIME,2400,school_age,403267,28.96,53114,3.81
Manica,MZ-B,27363107B35306436132920,MOZ,ADM1,hospitals,TIME,2400,total,702681,29.25,92289,3.84
Manica,MZ-B,27363107B35306436132920,MOZ,ADM1,hospitals,TIME,2400,under_5,109329,27.15,15189,3.77
Manica,MZ-B,27363107B35306436132920,MOZ,ADM1,hospitals,TIME,2400,women_childbearing,168369,29.06,22204,3.83
Manica,MZ-B,27363107B35306436132920,MOZ,ADM1,hospitals,TIME,3000,adults,788661,34.48,114194,4.99
Manica,MZ-B,27363107B35306436132920,MOZ,ADM1,hospitals,TIME,3000,elderly,27785,28.87,4987,5.18
Manica,MZ-B,27363107B35306436132920,MOZ,ADM1,hospitals,TIME,3000,school_age,472761,33.95,69494,4.99
Manica,MZ-B,27363107B35306436132920,MOZ,ADM1,hospitals,TIME,3000,total,822787,34.25,120106,5.0
Manica,MZ-B,27363107B35306436132920,MOZ,ADM1,hospitals,TIME,3000,under_5,129285,32.11,19956,4.96
Manica,MZ-B,27363107B35306436132920,MOZ,ADM1,hospitals,TIME,3000,women_childbearing,196796,33.97,28427,4.91
Manica,MZ-B,27363107B35306436132920,MOZ,ADM1,hospitals,TIME,3600,adults,876327,38.31,87666,3.83
Manica,MZ-B,27363107B35306436132920,MOZ,ADM1,hospitals,TIME,3600,elderly,31777,33.02,3992,4.15
Manica,MZ-B,27363107B35306436132920,MOZ,ADM1,hospitals,TIME,3600,school_age,525738,37.75,52977,3.8
Manica,MZ-B,27363107B35306436132920,MOZ,ADM1,hospitals,TIME,3600,total,915156,38.1,92369,3.85
Manica,MZ-B,27363107B35306436132920,MOZ,ADM1,hospitals,TIME,3600,under_5,144763,35.96,15478,3.84
Manica,MZ-B,27363107B35306436132920,MOZ,ADM1,hospitals,TIME,3600,women_childbearing,219511,37.89,22715,3.92
Manica,MZ-B,27363107B35306436132920,MOZ,ADM1,hospitals,TIME,4200,adults,952182,41.63,75855,3.32
Manica,MZ-B,27363107B35306436132920,MOZ,ADM1,hospitals,TIME,4200,elderly,35272,36.65,3495,3.63
Manica,MZ-B,27363107B35306436132920,MOZ,ADM1,hospitals,TIME,4200,school_age,571798,41.06,46060,3.31
Manica,MZ-B,27363107B35306436132920,MOZ,ADM1,hospitals,TIME,4200,total,995123,41.43,79967,3.33
Manica,MZ-B,27363107B35306436132920,MOZ,ADM1,hospitals,TIME,4200,under_5,158281,39.31,13518,3.36
Manica,MZ-B,27363107B35306436132920,MOZ,ADM1,hospitals,TIME,4200,women_childbearing,239071,41.26,19560,3.38
Manica,MZ-B,27363107B35306436132920,MOZ,ADM1,hospitals,TIME,4800,adults,1064231,46.53,112049,4.9
Manica,MZ-B,27363107B35306436132920,MOZ,ADM1,hospitals,TIME,4800,elderly,40439,42.02,5167,5.37
Manica,MZ-B,27363107B35306436132920,MOZ,ADM1,hospitals,TIME,4800,school_age,641661,46.08,69863,5.02
Manica,MZ-B,27363107B35306436132920,MOZ,ADM1,hospitals,TIME,4800,total,1113250,46.34,118127,4.92
Manica,MZ-B,27363107B35306436132920,MOZ,ADM1,hospitals,TIME,4800,under_5,179117,44.49,20836,5.18
Manica,MZ-B,27363107B35306436132920,MOZ,ADM1,hospitals,TIME,4800,women_childbearing,266882,46.06,27811,4.8
Manica,MZ-B,27363107B35306436132920,MOZ,ADM1,hospitals,TIME,5400,adults,1113977,48.7,49746,2.17
Manica,MZ-B,27363107B35306436132920,MOZ,ADM1,hospitals,TIME,5400,elderly,42805,44.48,2366,2.46
Manica,MZ-B,27363107B35306436132920,MOZ,ADM1,hospitals,TIME,5400,school_age,672178,48.27,30517,2.19
Manica,MZ-B,27363107B35306436132920,MOZ,ADM1,hospitals,TIME,5400,total,1165766,48.53,52516,2.19
Manica,MZ-B,27363107B35306436132920,MOZ,ADM1,hospitals,TIME,5400,under_5,188181,46.74,9064,2.25
Manica,MZ-B,27363107B35306436132920,MOZ,ADM1,hospitals,TIME,5400,women_childbearing,279692,48.28,12810,2.21
Manica,MZ-B,27363107B35306436132920,MOZ,ADM1,hospitals,TIME,6000,adults,1189991,52.02,76014,3.32
Manica,MZ-B,27363107B35306436132920,MOZ,ADM1,hospitals,TIME,6000,elderly,46252,48.06,3447,3.58
Manica,MZ-B,27363107B35306436132920,MOZ,ADM1,hospitals,TIME,6000,school_age,718451,51.59,46273,3.32
Manica,MZ-B,27363107B35306436132920,MOZ,ADM1,hospitals,TIME,6000,total,1245844,51.86,80078,3.33
Manica,MZ-B,27363107B35306436132920,MOZ,ADM1,hospitals,TIME,6000,under_5,201679,50.09,13498,3.35
Manica,MZ-B,27363107B35306436132920,MOZ,ADM1,hospitals,TIME,6000,women_childbearing,299060,51.62,19368,3.34
Maputo,MZ-L,27363107B47421408423272,MOZ,ADM1,hospitals,TIME,600,adults,2466200,75.4,2466200,75.4
Maputo,MZ-L,27363107B47421408423272,MOZ,ADM1,hospitals,TIME,600,elderly,92286,64.48,92286,64.48
Maputo,MZ-L,27363107B47421408423272,MOZ,ADM1,hospitals,TIME,600,school_age,1253351,74.31,1253351,74.31
Maputo,MZ-L,27363107B47421408423272,MOZ,ADM1,hospitals,TIME,600,total,2578356,74.94,2578356,74.94
Maputo,MZ-L,27363107B47421408423272,MOZ,ADM1,hospitals,TIME,600,under_5,287286,72.4,287286,72.4
Maputo,MZ-L,27363107B47421408423272,MOZ,ADM1,hospitals,TIME,600,women_childbearing,731969,76.59,731969,76.59
Maputo,MZ-L,27363107B47421408423272,MOZ,ADM1,hospitals,TIME,1200,adults,2879051,88.02,412851,12.62
Maputo,MZ-L,27363107B47421408423272,MOZ,ADM1,hospitals,TIME,1200,elderly,112182,78.38,19896,13.9
Maputo,MZ-L,27363107B47421408423272,MOZ,ADM1,hospitals,TIME,1200,school_age,1471864,87.26,218513,12.96
Maputo,MZ-L,27363107B47421408423272,MOZ,ADM1,hospitals,TIME,1200,total,3014463,87.61,436107,12.68
Maputo,MZ-L,27363107B47421408423272,MOZ,ADM1,hospitals,TIME,1200,under_5,341531,86.07,54245,13.67
Maputo,MZ-L,27363107B47421408423272,MOZ,ADM1,hospitals,TIME,1200,women_childbearing,849491,88.89,117522,12.3
Maputo,MZ-L,27363107B47421408423272,MOZ,ADM1,hospitals,TIME,1800,adults,2949246,90.16,70195,2.15
Maputo,MZ-L,27363107B47421408423272,MOZ,ADM1,hospitals,TIME,1800,elderly,117150,81.85,4968,3.47
Maputo,MZ-L,27363107B47421408423272,MOZ,ADM1,hospitals,TIME,1800,school_age,1510085,89.53,38221,2.27
Maputo,MZ-L,27363107B47421408423272,MOZ,ADM1,hospitals,TIME,1800,total,3090209,89.82,75746,2.2
Maputo,MZ-L,27363107B47421408423272,MOZ,ADM1,hospitals,TIME,1800,under_5,351478,88.57,9947,2.51
Maputo,MZ-L,27363107B47421408423272,MOZ,ADM1,hospitals,TIME,1800,women_childbearing,868591,90.89,19100,2.0
Maputo,MZ-L,27363107B47421408423272,MOZ,ADM1,hospitals,TIME,2400,adults,2997133,91.63,47887,1.46
Maputo,MZ-L,27363107B47421408423272,MOZ,ADM1,hospitals,TIME,2400,elderly,120886,84.46,3736,2.61
Maputo,MZ-L,27363107B47421408423272,MOZ,ADM1,hospitals,TIME,2400,school_age,1536142,91.07,26057,1.54
Maputo,MZ-L,27363107B47421408423272,MOZ,ADM1,hospitals,TIME,2400,total,3142234,91.33,52025,1.51
Maputo,MZ-L,27363107B47421408423272,MOZ,ADM1,hospitals,TIME,2400,under_5,358192,90.27,6714,1.69
Maputo,MZ-L,27363107B47421408423272,MOZ,ADM1,hospitals,TIME,2400,women_childbearing,881515,92.24,12924,1.35
Maputo,MZ-L,27363107B47421408423272,MOZ,ADM1,hospitals,TIME,3000,adults,3030427,92.65,33294,1.02
Maputo,MZ-L,27363107B47421408423272,MOZ,ADM1,hospitals,TIME,3000,elderly,123482,86.27,2596,1.81
Maputo,MZ-L,27363107B47421408423272,MOZ,ADM1,hospitals,TIME,3000,school_age,1554148,92.14,18006,1.07
Maputo,MZ-L,27363107B47421408423272,MOZ,ADM1,hospitals,TIME,3000,total,3178403,92.38,36169,1.05
Maputo,MZ-L,27363107B47421408423272,MOZ,ADM1,hospitals,TIME,3000,under_5,362813,91.43,4621,1.16
Maputo,MZ-L,27363107B47421408423272,MOZ,ADM1,hospitals,TIME,3000,women_childbearing,890483,93.18,8968,0.94
Maputo,MZ-L,27363107B47421408423272,MOZ,ADM1,hospitals,TIME,3600,adults,3081396,94.21,50969,1.56
Maputo,MZ-L,27363107B47421408423272,MOZ,ADM1,hospitals,TIME,3600,elderly,126991,88.72,3509,2.45
Maputo,MZ-L,27363107B47421408423272,MOZ,ADM1,hospitals,TIME,3600,school_age,1581828,93.78,27680,1.64
Maputo,MZ-L,27363107B47421408423272,MOZ,ADM1,hospitals,TIME,3600,total,3233304,93.98,54901,1.6
Maputo,MZ-L,27363107B47421408423272,MOZ,ADM1,hospitals,TIME,3600,under_5,369926,93.22,7113,1.79
Maputo,MZ-L,27363107B47421408423272,MOZ,ADM1,hospitals,TIME,3600,women_childbearing,904202,94.61,13719,1.44
Maputo,MZ-L,27363107B47421408423272,MOZ,ADM1,hospitals,TIME,4200,adults,3123869,95.5,42473,1.3
Maputo,MZ-L,27363107B47421408423272,MOZ,ADM1,hospitals,TIME,4200,elderly,130566,91.22,3575,2.5
Maputo,MZ-L,27363107B47421408423272,MOZ,ADM1,hospitals,TIME,4200,school_age,1605322,95.18,23494,1.39
Maputo,MZ-L,27363107B47421408423272,MOZ,ADM1,hospitals,TIME,4200,total,3279710,95.32,46406,1.35
Maputo,MZ-L,27363107B47421408423272,MOZ,ADM1,hospitals,TIME,4200,under_5,375973,94.75,6047,1.52
Maputo,MZ-L,27363107B47421408423272,MOZ,ADM1,hospitals,TIME,4200,women_childbearing,915741,95.82,11539,1.21
Maputo,MZ-L,27363107B47421408423272,MOZ,ADM1,hospitals,TIME,4800,adults,3148098,96.24,24229,0.74
Maputo,MZ-L,27363107B47421408423272,MOZ,ADM1,hospitals,TIME,4800,elderly,132637,92.67,2071,1.45
Maputo,MZ-L,27363107B47421408423272,MOZ,ADM1,hospitals,TIME,4800,school_age,1618808,95.97,13486,0.8
Maputo,MZ-L,27363107B47421408423272,MOZ,ADM1,hospitals,TIME,4800,total,3306214,96.09,26504,0.77
Maputo,MZ-L,27363107B47421408423272,MOZ,ADM1,hospitals,TIME,4800,under_5,379441,95.62,3468,0.87
Maputo,MZ-L,27363107B47421408423272,MOZ,ADM1,hospitals,TIME,4800,women_childbearing,922348,96.51,6607,0.69
Maputo,MZ-L,27363107B47421408423272,MOZ,ADM1,hospitals,TIME,5400,adults,3159445,96.59,11347,0.35
Maputo,MZ-L,27363107B47421408423272,MOZ,ADM1,hospitals,TIME,5400,elderly,133531,93.29,894,0.62
Maputo,MZ-L,27363107B47421408423272,MOZ,ADM1,hospitals,TIME,5400,school_age,1625094,96.35,6286,0.37
Maputo,MZ-L,27363107B47421408423272,MOZ,ADM1,hospitals,TIME,5400,total,3318551,96.45,12337,0.36
Maputo,MZ-L,27363107B47421408423272,MOZ,ADM1,hospitals,TIME,5400,under_5,381060,96.03,1619,0.41
Maputo,MZ-L,27363107B47421408423272,MOZ,ADM1,hospitals,TIME,5400,women_childbearing,925427,96.83,3079,0.32
Maputo,MZ-L,27363107B47421408423272,MOZ,ADM1,hospitals,TIME,6000,adults,3166917,96.82,7472,0.23
Maputo,MZ-L,27363107B47421408423272,MOZ,ADM1,hospitals,TIME,6000,elderly,134177,93.75,646,0.45
Maputo,MZ-L,27363107B47421408423272,MOZ,ADM1,hospitals,TIME,6000,school_age,1629225,96.59,4131,0.24
Maputo,MZ-L,27363107B47421408423272,MOZ,ADM1,hospitals,TIME,6000,total,3326731,96.69,8180,0.24
Maputo,MZ-L,27363107B47421408423272,MOZ,ADM1,hospitals,TIME,6000,under_5,382123,96.3,1063,0.27
Maputo,MZ-L,27363107B47421408423272,MOZ,ADM1,hospitals,TIME,6000,women_childbearing,927448,97.04,2021,0.21
Maquival,,85939544B65123265698186,MOZ,ADM2,hospitals,TIME,1200,adults,7096,6.65,7096,6.65
Maquival,,85939544B65123265698186,MOZ,ADM2,hospitals,TIME,1200,elderly,323,6.62,323,6.62
Maquival,,85939544B65123265698186,MOZ,ADM2,hospitals,TIME,1200,school_age,4118,6.65,4118,6.65
Maquival,,85939544B65123265698186,MOZ,ADM2,hospitals,TIME,1200,total,7478,6.65,7478,6.65
Maquival,,85939544B65123265698186,MOZ,ADM2,hospitals,TIME,1200,under_5,1178,6.63,1178,6.63
Maquival,,85939544B65123265698186,MOZ,ADM2,hospitals,TIME,1200,women_childbearing,1848,6.65,1848,6.65
Maquival,,85939544B65123265698186,MOZ,ADM2,hospitals,TIME,1800,adults,15078,14.13,7982,7.48
Maquival,,85939544B65123265698186,MOZ,ADM2,hospitals,TIME,1800,elderly,688,14.1,365,7.48
Maquival,,85939544B65123265698186,MOZ,ADM2,hospitals,TIME,1800,school_age,8751,14.13,4633,7.48
Maquival,,85939544B65123265698186,MOZ,ADM2,hospitals,TIME,1800,total,15889,14.13,8411,7.48
Maquival,,85939544B65123265698186,MOZ,ADM2,hospitals,TIME,1800,under_5,2508,14.12,1330,7.49
Maquival,,85939544B65123265698186,MOZ,ADM2,hospitals,TIME,1800,women_childbearing,3925,14.13,2077,7.48
Maquival,,85939544B65123265698186,MOZ,ADM2,hospitals,TIME,2400,adults,30919,28.97,15841,14.84
Maquival,,85939544B65123265698186,MOZ,ADM2,hospitals,TIME,2400,elderly,1413,28.95,725,14.85
Maquival,,85939544B65123265698186,MOZ,ADM2,hospitals,TIME,2400,school_age,17945,28.97,9194,14.84
Maquival,,85939544B65123265698186,MOZ,ADM2,hospitals,TIME,2400,total,32583,28.97,16694,14.84
Maquival,,85939544B65123265698186,MOZ,ADM2,hospitals,TIME,2400,under_5,5145,28.96,2637,14.84
Maquival,,85939544B65123265698186,MOZ,ADM2,hospitals,TIME,2400,women_childbearing,8050,28.97,4125,14.85
Maquival,,85939544B65123265698186,MOZ,ADM2,hospitals,TIME,3000,adults,38512,36.09,7593,7.11
Maquival,,85939544B65123265698186,MOZ,ADM2,hospitals,TIME,3000,elderly,1760,36.06,347,7.11
Maquival,,85939544B65123265698186,MOZ,ADM2,hospitals,TIME,3000,school_age,22353,36.09,4408,7.12
Maquival,,85939544B65123265698186,MOZ,ADM2,hospitals,TIME,3000,total,40586,36.09,8003,7.12
Maquival,,85939544B65123265698186,MOZ,ADM2,hospitals,TIME,3000,under_5,6409,36.07,1264,7.11
Maquival,,85939544B65123265698186,MOZ,ADM2,hospitals,TIME,3000,women_childbearing,10027,36.09,1977,7.12
Maquival,,85939544B65123265698186,MOZ,ADM2,hospitals,TIME,3600,adults,46011,43.11,7499,7.03
Maquival,,85939544B65123265698186,MOZ,ADM2,hospitals,TIME,3600,elderly,2103,43.09,343,7.03
Maquival,,85939544B65123265698186,MOZ,ADM2,hospitals,TIME,3600,school_age,26706,43.11,4353,7.03
Maquival,,85939544B65123265698186,MOZ,ADM2,hospitals,TIME,3600,total,48488,43.11,7902,7.03
Maquival,,85939544B65123265698186,MOZ,ADM2,hospitals,TIME,3600,under_5,7657,43.1,1248,7.02
Maquival,,85939544B65123265698186,MOZ,ADM2,hospitals,TIME,3600,women_childbearing,11979,43.11,1952,7.03
Maquival,,85939544B65123265698186,MOZ,ADM2,hospitals,TIME,4200,adults,50224,47.06,4213,3.95
Maquival,,85939544B65123265698186,MOZ,ADM2,hospitals,TIME,4200,elderly,2296,47.04,193,3.95
Maquival,,85939544B65123265698186,MOZ,ADM2,hospitals,TIME,4200,school_age,29151,47.06,2445,3.95
Maquival,,85939544B65123265698186,MOZ,ADM2,hospitals,TIME,4200,total,52929,47.06,4441,3.95
Maquival,,85939544B65123265698186,MOZ,ADM2,hospitals,TIME,4200,under_5,8359,47.05,702,3.95
Maquival,,85939544B65123265698186,MOZ,ADM2,hospitals,TIME,4200,women_childbearing,13076,47.06,1097,3.95
Maquival,,85939544B65123265698186,MOZ,ADM2,hospitals,TIME,4800,adults,54825,51.37,4601,4.31
Maquival,,85939544B65123265698186,MOZ,ADM2,hospitals,TIME,4800,elderly,2507,51.36,211,4.32
Maquival,,85939544B65123265698186,MOZ,ADM2,hospitals,TIME,4800,school_age,31822,51.37,2671,4.31
Maquival,,85939544B65123265698186,MOZ,ADM2,hospitals,TIME,4800,total,57777,51.37,4848,4.31
Maquival,,85939544B65123265698186,MOZ,ADM2,hospitals,TIME,4800,under_5,9125,51.36,766,4.31
Maquival,,85939544B65123265698186,MOZ,ADM2,hospitals,TIME,4800,women_childbearing,14274,51.37,1198,4.31
Maquival,,85939544B65123265698186,MOZ,ADM2,hospitals,TIME,5400,adults,55611,52.11,786,0.74
Maquival,,85939544B65123265698186,MOZ,ADM2,hospitals,TIME,5400,elderly,2543,52.1,36,0.74
Maquival,,85939544B65123265698186,MOZ,ADM2,hospitals,TIME,5400,school_age,32278,52.11,456,0.74
Maquival,,85939544B65123265698186,MOZ,ADM2,hospitals,TIME,5400,total,58606,52.11,829,0.74
Maquival,,85939544B65123265698186,MOZ,ADM2,hospitals,TIME,5400,under_5,9256,52.1,131,0.74
Maquival,,85939544B65123265698186,MOZ,ADM2,hospitals,TIME,5400,women_childbearing,14479,52.11,205,0.74
Maquival,,85939544B65123265698186,MOZ,ADM2,hospitals,TIME,6000,adults,56940,53.36,1329,1.25
Maquival,,85939544B65123265698186,MOZ,ADM2,hospitals,TIME,6000,elderly,2603,53.33,60,1.23
Maquival,,85939544B65123265698186,MOZ,ADM2,hospitals,TIME,6000,school_age,33049,53.35,771,1.24
Maquival,,85939544B65123265698186,MOZ,ADM2,hospitals,TIME,6000,total,60006,53.35,1400,1.24
Maquival,,85939544B65123265698186,MOZ,ADM2,hospitals,TIME,6000,under_5,9477,53.34,221,1.24
Maquival,,85939544B65123265698186,MOZ,ADM2,hospitals,TIME,6000,women_childbearing,14824,53.35,345,1.24
Marara,,85939544B55684561557182,MOZ,ADM2,hospitals,TIME,1200,adults,0,0.0,0,0.0
Marara,,85939544B55684561557182,MOZ,ADM2,hospitals,TIME,1200,elderly,0,0.0,0,0.0
Marara,,85939544B55684561557182,MOZ,ADM2,hospitals,TIME,1200,school_age,0,0.0,0,0.0
Marara,,85939544B55684561557182,MOZ,ADM2,hospitals,TIME,1200,total,0,0.0,0,0.0
Marara,,85939544B55684561557182,MOZ,ADM2,hospitals,TIME,1200,under_5,0,0.0,0,0.0
Marara,,85939544B55684561557182,MOZ,ADM2,hospitals,TIME,1200,women_childbearing,0,0.0,0,0.0
Marara,,85939544B55684561557182,MOZ,ADM2,hospitals,TIME,1800,adults,213,0.26,213,0.26
Marara,,85939544B55684561557182,MOZ,ADM2,hospitals,TIME,1800,elderly,11,0.26,11,0.26
Marara,,85939544B55684561557182,MOZ,ADM2,hospitals,TIME,1800,school_age,135,0.26,135,0.26
Marara,,85939544B55684561557182,MOZ,ADM2,hospitals,TIME,1800,total,226,0.26,226,0.26
Marara,,85939544B55684561557182,MOZ,ADM2,hospitals,TIME,1800,under_5,39,0.26,39,0.26
Marara,,85939544B55684561557182,MOZ,ADM2,hospitals,TIME,1800,women_childbearing,50,0.26,50,0.26
Marara,,85939544B55684561557182,MOZ,ADM2,hospitals,TIME,2400,adults,2932,3.6,2719,3.33
Marara,,85939544B55684561557182,MOZ,ADM2,hospitals,TIME,2400,elderly,152,3.58,141,3.32
Marara,,85939544B55684561557182,MOZ,ADM2,hospitals,TIME,2400,school_age,1858,3.6,1723,3.34
Marara,,85939544B55684561557182,MOZ,ADM2,hospitals,TIME,2400,total,3109,3.6,2883,3.33
Marara,,85939544B55684561557182,MOZ,ADM2,hospitals,TIME,2400,under_5,548,3.59,509,3.34
Marara,,85939544B55684561557182,MOZ,ADM2,hospitals,TIME,2400,women_childbearing,691,3.6,641,3.34
Marara,,85939544B55684561557182,MOZ,ADM2,hospitals,TIME,3000,adults,10473,12.84,7541,9.25
Marara,,85939544B55684561557182,MOZ,ADM2,hospitals,TIME,3000,elderly,545,12.84,393,9.26
Marara,,85939544B55684561557182,MOZ,ADM2,hospitals,TIME,3000,school_age,6636,12.84,4778,9.25
Marara,,85939544B55684561557182,MOZ,ADM2,hospitals,TIME,3000,total,11104,12.84,7995,9.25
Marara,,85939544B55684561557182,MOZ,ADM2,hospitals,TIME,3000,under_5,1958,12.84,1410,9.25
Marara,,85939544B55684561557182,MOZ,ADM2,hospitals,TIME,3000,women_childbearing,2468,12.84,1777,9.25
Marara,,85939544B55684561557182,MOZ,ADM2,hospitals,TIME,3600,adults,19606,24.04,9133,11.2
Marara,,85939544B55684561557182,MOZ,ADM2,hospitals,TIME,3600,elderly,1020,24.04,475,11.19
Marara,,85939544B55684561557182,MOZ,ADM2,hospitals,TIME,3600,school_age,12422,24.04,5786,11.2
Marara,,85939544B55684561557182,MOZ,ADM2,hospitals,TIME,3600,total,20787,24.04,9683,11.2
Marara,,85939544B55684561557182,MOZ,ADM2,hospitals,TIME,3600,under_5,3666,24.05,1708,11.2
Marara,,85939544B55684561557182,MOZ,ADM2,hospitals,TIME,3600,women_childbearing,4620,24.04,2152,11.2
Marara,,85939544B55684561557182,MOZ,ADM2,hospitals,TIME,4200,adults,29238,35.85,9632,11.81
Marara,,85939544B55684561557182,MOZ,ADM2,hospitals,TIME,4200,elderly,1522,35.87,502,11.83
Marara,,85939544B55684561557182,MOZ,ADM2,hospitals,TIME,4200,school_age,18525,35.86,6103,11.81
Marara,,85939544B55684561557182,MOZ,ADM2,hospitals,TIME,4200,total,30999,35.86,10212,11.81
Marara,,85939544B55684561557182,MOZ,ADM2,hospitals,TIME,4200,under_5,5467,35.86,1801,11.81
Marara,,85939544B55684561557182,MOZ,ADM2,hospitals,TIME,4200,women_childbearing,6890,35.85,2270,11.81
Marara,,85939544B55684561557182,MOZ,ADM2,hospitals,TIME,4800,adults,36908,45.26,7670,9.41
Marara,,85939544B55684561557182,MOZ,ADM2,hospitals,TIME,4800,elderly,1919,45.23,397,9.36
Marara,,85939544B55684561557182,MOZ,ADM2,hospitals,TIME,4800,school_age,23381,45.26,4856,9.4
Marara,,85939544B55684561557182,MOZ,ADM2,hospitals,TIME,4800,total,39130,45.26,8131,9.4
Marara,,85939544B55684561557182,MOZ,ADM2,hospitals,TIME,4800,under_5,6899,45.25,1432,9.39
Marara,,85939544B55684561557182,MOZ,ADM2,hospitals,TIME,4800,women_childbearing,8699,45.26,1809,9.41
Marara,,85939544B55684561557182,MOZ,ADM2,hospitals,TIME,5400,adults,42240,51.8,5332,6.54
Marara,,85939544B55684561557182,MOZ,ADM2,hospitals,TIME,5400,elderly,2197,51.78,278,6.55
Marara,,85939544B55684561557182,MOZ,ADM2,hospitals,TIME,5400,school_age,26760,51.8,3379,6.54
Marara,,85939544B55684561557182,MOZ,ADM2,hospitals,TIME,5400,total,44783,51.8,5653,6.54
Marara,,85939544B55684561557182,MOZ,ADM2,hospitals,TIME,5400,under_5,7896,51.79,997,6.54
Marara,,85939544B55684561557182,MOZ,ADM2,hospitals,TIME,5400,women_childbearing,9956,51.8,1257,6.54
Marara,,85939544B55684561557182,MOZ,ADM2,hospitals,TIME,6000,adults,47793,58.61,5553,6.81
Marara,,85939544B55684561557182,MOZ,ADM2,hospitals,TIME,6000,elderly,2486,58.59,289,6.81
Marara,,85939544B55684561557182,MOZ,ADM2,hospitals,TIME,6000,school_age,30278,58.61,3518,6.81
Marara,,85939544B55684561557182,MOZ,ADM2,hospitals,TIME,6000,total,50670,58.61,5887,6.81
Marara,,85939544B55684561557182,MOZ,ADM2,hospitals,TIME,6000,under_5,8934,58.6,1038,6.81
Marara,,85939544B55684561557182,MOZ,ADM2,hospitals,TIME,6000,women_childbearing,11264,58.61,1308,6.81
Maravia,,85939544B82621359487865,MOZ,ADM2,hospitals,TIME,3000,adults,0,0.0,0,0.0
Maravia,,85939544B82621359487865,MOZ,ADM2,hospitals,TIME,3000,elderly,0,0.0,0,0.0
Maravia,,85939544B82621359487865,MOZ,ADM2,hospitals,TIME,3000,school_age,0,0.0,0,0.0
Maravia,,85939544B82621359487865,MOZ,ADM2,hospitals,TIME,3000,total,0,0.0,0,0.0
Maravia,,85939544B82621359487865,MOZ,ADM2,hospitals,TIME,3000,under_5,0,0.0,0,0.0
Maravia,,85939544B82621359487865,MOZ,ADM2,hospitals,TIME,3000,women_childbearing,0,0.0,0,0.0
Maravia,,85939544B82621359487865,MOZ,ADM2,hospitals,TIME,3600,adults,0,0.0,0,0.0
Maravia,,85939544B82621359487865,MOZ,ADM2,hospitals,TIME,3600,elderly,0,0.0,0,0.0
Maravia,,85939544B82621359487865,MOZ,ADM2,hospitals,TIME,3600,school_age,0,0.0,0,0.0
Maravia,,85939544B82621359487865,MOZ,ADM2,hospitals,TIME,3600,total,0,0.0,0,0.0
Maravia,,85939544B82621359487865,MOZ,ADM2,hospitals,TIME,3600,under_5,0,0.0,0,0.0
Maravia,,85939544B82621359487865,MOZ,ADM2,hospitals,TIME,3600,women_childbearing,0,0.0,0,0.0
Maravia,,85939544B82621359487865,MOZ,ADM2,hospitals,TIME,4200,adults,0,0.0,0,0.0
Maravia,,85939544B82621359487865,MOZ,ADM2,hospitals,TIME,4200,elderly,0,0.0,0,0.0
Maravia,,85939544B82621359487865,MOZ,ADM2,hospitals,TIME,4200,school_age,0,0.0,0,0.0
Maravia,,85939544B82621359487865,MOZ,ADM2,hospitals,TIME,4200,total,0,0.0,0,0.0
Maravia,,85939544B82621359487865,MOZ,ADM2,hospitals,TIME,4200,under_5,0,0.0,0,0.0
Maravia,,85939544B82621359487865,MOZ,ADM2,hospitals,TIME,4200,women_childbearing,0,0.0,0,0.0
Maravia,,85939544B82621359487865,MOZ,ADM2,hospitals,TIME,4800,adults,0,0.0,0,0.0
Maravia,,85939544B82621359487865,MOZ,ADM2,hospitals,TIME,4800,elderly,0,0.0,0,0.0
Maravia,,85939544B82621359487865,MOZ,ADM2,hospitals,TIME,4800,school_age,0,0.0,0,0.0
Maravia,,85939544B82621359487865,MOZ,ADM2,hospitals,TIME,4800,total,0,0.0,0,0.0
Maravia,,85939544B82621359487865,MOZ,ADM2,hospitals,TIME,4800,under_5,0,0.0,0,0.0
Maravia,,85939544B82621359487865,MOZ,ADM2,hospitals,TIME,4800,women_childbearing,0,0.0,0,0.0
Maravia,,85939544B82621359487865,MOZ,ADM2,hospitals,TIME,5400,adults,0,0.0,0,0.0
Maravia,,85939544B82621359487865,MOZ,ADM2,hospitals,TIME,5400,elderly,0,0.0,0,0.0
Maravia,,85939544B82621359487865,MOZ,ADM2,hospitals,TIME,5400,school_age,0,0.0,0,0.0
Maravia,,85939544B82621359487865,MOZ,ADM2,hospitals,TIME,5400,total,0,0.0,0,0.0
Maravia,,85939544B82621359487865,MOZ,ADM2,hospitals,TIME,5400,under_5,0,0.0,0,0.0
Maravia,,85939544B82621359487865,MOZ,ADM2,hospitals,TIME,5400,women_childbearing,0,0.0,0,0.0
Maravia,,85939544B82621359487865,MOZ,ADM2,hospitals,TIME,6000,adults,0,0.0,0,0.0
Maravia,,85939544B82621359487865,MOZ,ADM2,hospitals,TIME,6000,elderly,0,0.0,0,0.0
Maravia,,85939544B82621359487865,MOZ,ADM2,hospitals,TIME,6000,school_age,0,0.0,0,0.0
Maravia,,85939544B82621359487865,MOZ,ADM2,hospitals,TIME,6000,total,0,0.0,0,0.0
Maravia,,85939544B82621359487865,MOZ,ADM2,hospitals,TIME,6000,under_5,0,0.0,0,0.0
Maravia,,85939544B82621359487865,MOZ,ADM2,hospitals,TIME,6000,women_childbearing,0,0.0,0,0.0
Marracuene,,85939544B2591372162698,MOZ,ADM2,hospitals,TIME,600,adults,113013,46.91,113013,46.91
Marracuene,,85939544B2591372162698,MOZ,ADM2,hospitals,TIME,600,elderly,6825,46.87,6825,46.87
Marracuene,,85939544B2591372162698,MOZ,ADM2,hospitals,TIME,600,school_age,60746,46.9,60746,46.9
Marracuene,,85939544B2591372162698,MOZ,ADM2,hospitals,TIME,600,total,120769,46.91,120769,46.91
Marracuene,,85939544B2591372162698,MOZ,ADM2,hospitals,TIME,600,under_5,16386,46.89,16386,46.89
Marracuene,,85939544B2591372162698,MOZ,ADM2,hospitals,TIME,600,women_childbearing,30863,46.92,30863,46.92
Marracuene,,85939544B2591372162698,MOZ,ADM2,hospitals,TIME,1200,adults,226097,93.85,113084,46.94
Marracuene,,85939544B2591372162698,MOZ,ADM2,hospitals,TIME,1200,elderly,13656,93.78,6831,46.91
Marracuene,,85939544B2591372162698,MOZ,ADM2,hospitals,TIME,1200,school_age,121548,93.84,60802,46.94
Marracuene,,85939544B2591372162698,MOZ,ADM2,hospitals,TIME,1200,total,241615,93.84,120846,46.94
Marracuene,,85939544B2591372162698,MOZ,ADM2,hospitals,TIME,1200,under_5,32788,93.82,16402,46.93
Marracuene,,85939544B2591372162698,MOZ,ADM2,hospitals,TIME,1200,women_childbearing,61736,93.86,30873,46.94
Marracuene,,85939544B2591372162698,MOZ,ADM2,hospitals,TIME,1800,adults,231173,95.96,5076,2.11
Marracuene,,85939544B2591372162698,MOZ,ADM2,hospitals,TIME,1800,elderly,13966,95.91,310,2.13
Marracuene,,85939544B2591372162698,MOZ,ADM2,hospitals,TIME,1800,school_age,124280,95.95,2732,2.11
Marracuene,,85939544B2591372162698,MOZ,ADM2,hospitals,TIME,1800,total,247044,95.95,5429,2.11
Marracuene,,85939544B2591372162698,MOZ,ADM2,hospitals,TIME,1800,under_5,33527,95.94,739,2.11
Marracuene,,85939544B2591372162698,MOZ,ADM2,hospitals,TIME,1800,women_childbearing,63119,95.96,1383,2.1
Marracuene,,85939544B2591372162698,MOZ,ADM2,hospitals,TIME,2400,adults,233738,97.02,2565,1.06
Marracuene,,85939544B2591372162698,MOZ,ADM2,hospitals,TIME,2400,elderly,14123,96.99,157,1.08
Marracuene,,85939544B2591372162698,MOZ,ADM2,hospitals,TIME,2400,school_age,125660,97.02,1380,1.07
Marracuene,,85939544B2591372162698,MOZ,ADM2,hospitals,TIME,2400,total,249787,97.02,2743,1.07
Marracuene,,85939544B2591372162698,MOZ,ADM2,hospitals,TIME,2400,under_5,33901,97.01,374,1.07
Marracuene,,85939544B2591372162698,MOZ,ADM2,hospitals,TIME,2400,women_childbearing,63818,97.02,699,1.06
Marracuene,,85939544B2591372162698,MOZ,ADM2,hospitals,TIME,3000,adults,235232,97.64,1494,0.62
Marracuene,,85939544B2591372162698,MOZ,ADM2,hospitals,TIME,3000,elderly,14215,97.62,92,0.63
Marracuene,,85939544B2591372162698,MOZ,ADM2,hospitals,TIME,3000,school_age,126463,97.64,803,0.62
Marracuene,,85939544B2591372162698,MOZ,ADM2,hospitals,TIME,3000,total,251385,97.64,1598,0.62
Marracuene,,85939544B2591372162698,MOZ,ADM2,hospitals,TIME,3000,under_5,34119,97.63,218,0.62
Marracuene,,85939544B2591372162698,MOZ,ADM2,hospitals,TIME,3000,women_childbearing,64225,97.64,407,0.62
Marracuene,,85939544B2591372162698,MOZ,ADM2,hospitals,TIME,3600,adults,236051,97.98,819,0.34
Marracuene,,85939544B2591372162698,MOZ,ADM2,hospitals,TIME,3600,elderly,14265,97.96,50,0.34
Marracuene,,85939544B2591372162698,MOZ,ADM2,hospitals,TIME,3600,school_age,126904,97.98,441,0.34
Marracuene,,85939544B2591372162698,MOZ,ADM2,hospitals,TIME,3600,total,252260,97.98,875,0.34
Marracuene,,85939544B2591372162698,MOZ,ADM2,hospitals,TIME,3600,under_5,34238,97.97,119,0.34
Marracuene,,85939544B2591372162698,MOZ,ADM2,hospitals,TIME,3600,women_childbearing,64448,97.98,223,0.34
Marracuene,,85939544B2591372162698,MOZ,ADM2,hospitals,TIME,4200,adults,237713,98.67,1662,0.69
Marracuene,,85939544B2591372162698,MOZ,ADM2,hospitals,TIME,4200,elderly,14366,98.65,101,0.69
Marracuene,,85939544B2591372162698,MOZ,ADM2,hospitals,TIME,4200,school_age,127798,98.67,894,0.69
Marracuene,,85939544B2591372162698,MOZ,ADM2,hospitals,TIME,4200,total,254037,98.67,1777,0.69
Marracuene,,85939544B2591372162698,MOZ,ADM2,hospitals,TIME,4200,under_5,34480,98.66,242,0.69
Marracuene,,85939544B2591372162698,MOZ,ADM2,hospitals,TIME,4200,women_childbearing,64901,98.67,453,0.69
Marracuene,,85939544B2591372162698,MOZ,ADM2,hospitals,TIME,4800,adults,238001,98.79,288,0.12
Marracuene,,85939544B2591372162698,MOZ,ADM2,hospitals,TIME,4800,elderly,14384,98.78,18,0.12
Marracuene,,85939544B2591372162698,MOZ,ADM2,hospitals,TIME,4800,school_age,127953,98.79,155,0.12
Marracuene,,85939544B2591372162698,MOZ,ADM2,hospitals,TIME,4800,total,254346,98.79,309,0.12
Marracuene,,85939544B2591372162698,MOZ,ADM2,hospitals,TIME,4800,under_5,34522,98.78,42,0.12
Marracuene,,85939544B2591372162698,MOZ,ADM2,hospitals,TIME,4800,women_childbearing,64980,98.79,79,0.12
Marracuene,,85939544B2591372162698,MOZ,ADM2,hospitals,TIME,5400,adults,238062,98.81,61,0.03
Marracuene,,85939544B2591372162698,MOZ,ADM2,hospitals,TIME,5400,elderly,14388,98.81,4,0.03
Marracuene,,85939544B2591372162698,MOZ,ADM2,hospitals,TIME,5400,school_age,127986,98.81,33,0.03
Marracuene,,85939544B2591372162698,MOZ,ADM2,hospitals,TIME,5400,total,254411,98.81,65,0.03
Marracuene,,85939544B2591372162698,MOZ,ADM2,hospitals,TIME,5400,under_5,34531,98.81,9,0.03
Marracuene,,85939544B2591372162698,MOZ,ADM2,hospitals,TIME,5400,women_childbearing,64996,98.82,16,0.02
Marracuene,,85939544B2591372162698,MOZ,ADM2,hospitals,TIME,6000,adults,238192,98.87,130,0.05
Marracuene,,85939544B2591372162698,MOZ,ADM2,hospitals,TIME,6000,elderly,14395,98.85,7,0.05
Marracuene,,85939544B2591372162698,MOZ,ADM2,hospitals,TIME,6000,school_age,128056,98.87,70,0.05
Marracuene,,85939544B2591372162698,MOZ,ADM2,hospitals,TIME,6000,total,254550,98.87,139,0.05
Marracuene,,85939544B2591372162698,MOZ,ADM2,hospitals,TIME,6000,under_5,34550,98.86,19,0.05
Marracuene,,85939544B2591372162698,MOZ,ADM2,hospitals,TIME,6000,women_childbearing,65032,98.87,36,0.05
Marromeu,,85939544B84282844658581,MOZ,ADM2,hospitals,TIME,3600,adults,14,0.01,14,0.01
Marromeu,,85939544B84282844658581,MOZ,ADM2,hospitals,TIME,3600,elderly,0,0.0,0,0.0
Marromeu,,85939544B84282844658581,MOZ,ADM2,hospitals,TIME,3600,school_age,8,0.01,8,0.01
Marromeu,,85939544B84282844658581,MOZ,ADM2,hospitals,TIME,3600,total,14,0.01,14,0.01
Marromeu,,85939544B84282844658581,MOZ,ADM2,hospitals,TIME,3600,under_5,2,0.01,2,0.01
Marromeu,,85939544B84282844658581,MOZ,ADM2,hospitals,TIME,3600,women_childbearing,3,0.01,3,0.01
Marromeu,,85939544B84282844658581,MOZ,ADM2,hospitals,TIME,4200,adults,14,0.01,0,0.0
Marromeu,,85939544B84282844658581,MOZ,ADM2,hospitals,TIME,4200,elderly,0,0.0,0,0.0
Marromeu,,85939544B84282844658581,MOZ,ADM2,hospitals,TIME,4200,school_age,8,0.01,0,0.0
Marromeu,,85939544B84282844658581,MOZ,ADM2,hospitals,TIME,4200,total,14,0.01,0,0.0
Marromeu,,85939544B84282844658581,MOZ,ADM2,hospitals,TIME,4200,under_5,2,0.01,0,0.0
Marromeu,,85939544B84282844658581,MOZ,ADM2,hospitals,TIME,4200,women_childbearing,3,0.01,0,0.0
Marromeu,,85939544B84282844658581,MOZ,ADM2,hospitals,TIME,4800,adults,14,0.01,0,0.0
Marromeu,,85939544B84282844658581,MOZ,ADM2,hospitals,TIME,4800,elderly,0,0.0,0,0.0
Marromeu,,85939544B84282844658581,MOZ,ADM2,hospitals,TIME,4800,school_age,8,0.01,0,0.0
Marromeu,,85939544B84282844658581,MOZ,ADM2,hospitals,TIME,4800,total,14,0.01,0,0.0
Marromeu,,85939544B84282844658581,MOZ,ADM2,hospitals,TIME,4800,under_5,2,0.01,0,0.0
Marromeu,,85939544B84282844658581,MOZ,ADM2,hospitals,TIME,4800,women_childbearing,3,0.01,0,0.0
Marromeu,,85939544B84282844658581,MOZ,ADM2,hospitals,TIME,5400,adults,3510,1.63,3496,1.63
Marromeu,,85939544B84282844658581,MOZ,ADM2,hospitals,TIME,5400,elderly,115,1.63,115,1.63
Marromeu,,85939544B84282844658581,MOZ,ADM2,hospitals,TIME,5400,school_age,2107,1.64,2099,1.64
Marromeu,,85939544B84282844658581,MOZ,ADM2,hospitals,TIME,5400,total,3654,1.64,3640,1.63
Marromeu,,85939544B84282844658581,MOZ,ADM2,hospitals,TIME,5400,under_5,648,1.65,646,1.64
Marromeu,,85939544B84282844658581,MOZ,ADM2,hospitals,TIME,5400,women_childbearing,836,1.63,833,1.62
Marromeu,,85939544B84282844658581,MOZ,ADM2,hospitals,TIME,6000,adults,4314,2.01,804,0.37
Marromeu,,85939544B84282844658581,MOZ,ADM2,hospitals,TIME,6000,elderly,141,2.0,26,0.37
Marromeu,,85939544B84282844658581,MOZ,ADM2,hospitals,TIME,6000,school_age,2587,2.02,480,0.37
Marromeu,,85939544B84282844658581,MOZ,ADM2,hospitals,TIME,6000,total,4490,2.01,836,0.37
Marromeu,,85939544B84282844658581,MOZ,ADM2,hospitals,TIME,6000,under_5,795,2.02,147,0.37
Marromeu,,85939544B84282844658581,MOZ,ADM2,hospitals,TIME,6000,women_childbearing,1028,2.0,192,0.37
Marrupa,,85939544B26738067837562,MOZ,ADM2,hospitals,TIME,600,adults,13091,17.11,13091,17.11
Marrupa,,85939544B26738067837562,MOZ,ADM2,hospitals,TIME,600,elderly,581,17.1,581,17.1
Marrupa,,85939544B26738067837562,MOZ,ADM2,hospitals,TIME,600,school_age,7861,17.11,7861,17.11
Marrupa,,85939544B26738067837562,MOZ,ADM2,hospitals,TIME,600,total,13779,17.11,13779,17.11
Marrupa,,85939544B26738067837562,MOZ,ADM2,hospitals,TIME,600,under_5,2727,17.11,2727,17.11
Marrupa,,85939544B26738067837562,MOZ,ADM2,hospitals,TIME,600,women_childbearing,3126,17.11,3126,17.11
Marrupa,,85939544B26738067837562,MOZ,ADM2,hospitals,TIME,1200,adults,15507,20.27,2416,3.16
Marrupa,,85939544B26738067837562,MOZ,ADM2,hospitals,TIME,1200,elderly,688,20.25,107,3.15
Marrupa,,85939544B26738067837562,MOZ,ADM2,hospitals,TIME,1200,school_age,9312,20.27,1451,3.16
Marrupa,,85939544B26738067837562,MOZ,ADM2,hospitals,TIME,1200,total,16322,20.27,2543,3.16
Marrupa,,85939544B26738067837562,MOZ,ADM2,hospitals,TIME,1200,under_5,3230,20.27,503,3.16
Marrupa,,85939544B26738067837562,MOZ,ADM2,hospitals,TIME,1200,women_childbearing,3703,20.27,577,3.16
Marrupa,,85939544B26738067837562,MOZ,ADM2,hospitals,TIME,1800,adults,19437,25.41,3930,5.14
Marrupa,,85939544B26738067837562,MOZ,ADM2,hospitals,TIME,1800,elderly,863,25.4,175,5.15
Marrupa,,85939544B26738067837562,MOZ,ADM2,hospitals,TIME,1800,school_age,11671,25.41,2359,5.14
Marrupa,,85939544B26738067837562,MOZ,ADM2,hospitals,TIME,1800,total,20458,25.41,4136,5.14
Marrupa,,85939544B26738067837562,MOZ,ADM2,hospitals,TIME,1800,under_5,4049,25.41,819,5.14
Marrupa,,85939544B26738067837562,MOZ,ADM2,hospitals,TIME,1800,women_childbearing,4642,25.41,939,5.14
Marrupa,,85939544B26738067837562,MOZ,ADM2,hospitals,TIME,2400,adults,23978,31.34,4541,5.94
Marrupa,,85939544B26738067837562,MOZ,ADM2,hospitals,TIME,2400,elderly,1065,31.34,202,5.94
Marrupa,,85939544B26738067837562,MOZ,ADM2,hospitals,TIME,2400,school_age,14399,31.35,2728,5.94
Marrupa,,85939544B26738067837562,MOZ,ADM2,hospitals,TIME,2400,total,25238,31.34,4780,5.94
Marrupa,,85939544B26738067837562,MOZ,ADM2,hospitals,TIME,2400,under_5,4995,31.34,946,5.94
Marrupa,,85939544B26738067837562,MOZ,ADM2,hospitals,TIME,2400,women_childbearing,5727,31.34,1085,5.94
Marrupa,,85939544B26738067837562,MOZ,ADM2,hospitals,TIME,3000,adults,27138,35.47,3160,4.13
Marrupa,,85939544B26738067837562,MOZ,ADM2,hospitals,TIME,3000,elderly,1205,35.46,140,4.12
Marrupa,,85939544B26738067837562,MOZ,ADM2,hospitals,TIME,3000,school_age,16296,35.47,1897,4.13
Marrupa,,85939544B26738067837562,MOZ,ADM2,hospitals,TIME,3000,total,28563,35.47,3325,4.13
Marrupa,,85939544B26738067837562,MOZ,ADM2,hospitals,TIME,3000,under_5,5654,35.48,659,4.14
Marrupa,,85939544B26738067837562,MOZ,ADM2,hospitals,TIME,3000,women_childbearing,6481,35.47,754,4.13
Marrupa,,85939544B26738067837562,MOZ,ADM2,hospitals,TIME,3600,adults,29274,38.27,2136,2.79
Marrupa,,85939544B26738067837562,MOZ,ADM2,hospitals,TIME,3600,elderly,1300,38.26,95,2.8
Marrupa,,85939544B26738067837562,MOZ,ADM2,hospitals,TIME,3600,school_age,17579,38.27,1283,2.79
Marrupa,,85939544B26738067837562,MOZ,ADM2,hospitals,TIME,3600,total,30812,38.27,2249,2.79
Marrupa,,85939544B26738067837562,MOZ,ADM2,hospitals,TIME,3600,under_5,6099,38.27,445,2.79
Marrupa,,85939544B26738067837562,MOZ,ADM2,hospitals,TIME,3600,women_childbearing,6991,38.26,510,2.79
Marrupa,,85939544B26738067837562,MOZ,ADM2,hospitals,TIME,4200,adults,31392,41.04,2118,2.77
Marrupa,,85939544B26738067837562,MOZ,ADM2,hospitals,TIME,4200,elderly,1394,41.02,94,2.77
Marrupa,,85939544B26738067837562,MOZ,ADM2,hospitals,TIME,4200,school_age,18850,41.03,1271,2.77
Marrupa,,85939544B26738067837562,MOZ,ADM2,hospitals,TIME,4200,total,33041,41.04,2229,2.77
Marrupa,,85939544B26738067837562,MOZ,ADM2,hospitals,TIME,4200,under_5,6540,41.04,441,2.77
Marrupa,,85939544B26738067837562,MOZ,ADM2,hospitals,TIME,4200,women_childbearing,7497,41.03,506,2.77
Marrupa,,85939544B26738067837562,MOZ,ADM2,hospitals,TIME,4800,adults,32705,42.75,1313,1.72
Marrupa,,85939544B26738067837562,MOZ,ADM2,hospitals,TIME,4800,elderly,1452,42.73,58,1.71
Marrupa,,85939544B26738067837562,MOZ,ADM2,hospitals,TIME,4800,school_age,19639,42.75,789,1.72
Marrupa,,85939544B26738067837562,MOZ,ADM2,hospitals,TIME,4800,total,34423,42.75,1382,1.72
Marrupa,,85939544B26738067837562,MOZ,ADM2,hospitals,TIME,4800,under_5,6813,42.75,273,1.71
Marrupa,,85939544B26738067837562,MOZ,ADM2,hospitals,TIME,4800,women_childbearing,7811,42.75,314,1.72
Marrupa,,85939544B26738067837562,MOZ,ADM2,hospitals,TIME,5400,adults,33992,44.43,1287,1.68
Marrupa,,85939544B26738067837562,MOZ,ADM2,hospitals,TIME,5400,elderly,1510,44.44,58,1.71
Marrupa,,85939544B26738067837562,MOZ,ADM2,hospitals,TIME,5400,school_age,20412,44.43,773,1.68
Marrupa,,85939544B26738067837562,MOZ,ADM2,hospitals,TIME,5400,total,35778,44.43,1355,1.68
Marrupa,,85939544B26738067837562,MOZ,ADM2,hospitals,TIME,5400,under_5,7082,44.44,269,1.69
Marrupa,,85939544B26738067837562,MOZ,ADM2,hospitals,TIME,5400,women_childbearing,8118,44.43,307,1.68
Marrupa,,85939544B26738067837562,MOZ,ADM2,hospitals,TIME,6000,adults,34798,45.49,806,1.05
Marrupa,,85939544B26738067837562,MOZ,ADM2,hospitals,TIME,6000,elderly,1545,45.47,35,1.03
Marrupa,,85939544B26738067837562,MOZ,ADM2,hospitals,TIME,6000,school_age,20896,45.49,484,1.05
Marrupa,,85939544B26738067837562,MOZ,ADM2,hospitals,TIME,6000,total,36626,45.49,848,1.05
Marrupa,,85939544B26738067837562,MOZ,ADM2,hospitals,TIME,6000,under_5,7250,45.49,168,1.05
Marrupa,,85939544B26738067837562,MOZ,ADM2,hospitals,TIME,6000,women_childbearing,8311,45.49,193,1.06
Massinga,,85939544B96403406066950,MOZ,ADM2,hospitals,TIME,2400,adults,3,0.0,3,0.0
Massinga,,85939544B96403406066950,MOZ,ADM2,hospitals,TIME,2400,elderly,0,0.0,0,0.0
Massinga,,85939544B96403406066950,MOZ,ADM2,hospitals,TIME,2400,school_age,1,0.0,1,0.0
Massinga,,85939544B96403406066950,MOZ,ADM2,hospitals,TIME,2400,total,3,0.0,3,0.0
Massinga,,85939544B96403406066950,MOZ,ADM2,hospitals,TIME,2400,under_5,0,0.0,0,0.0
Massinga,,85939544B96403406066950,MOZ,ADM2,hospitals,TIME,2400,women_childbearing,0,0.0,0,0.0
Massinga,,85939544B96403406066950,MOZ,ADM2,hospitals,TIME,3000,adults,149,0.08,146,0.08
Massinga,,85939544B96403406066950,MOZ,ADM2,hospitals,TIME,3000,elderly,11,0.08,11,0.08
Massinga,,85939544B96403406066950,MOZ,ADM2,hospitals,TIME,3000,school_age,86,0.08,85,0.08
Massinga,,85939544B96403406066950,MOZ,ADM2,hospitals,TIME,3000,total,162,0.08,159,0.08
Massinga,,85939544B96403406066950,MOZ,ADM2,hospitals,TIME,3000,under_5,22,0.08,22,0.08
Massinga,,85939544B96403406066950,MOZ,ADM2,hospitals,TIME,3000,women_childbearing,43,0.08,43,0.08
Massinga,,85939544B96403406066950,MOZ,ADM2,hospitals,TIME,3600,adults,801,0.45,652,0.37
Massinga,,85939544B96403406066950,MOZ,ADM2,hospitals,TIME,3600,elderly,63,0.44,52,0.37
Massinga,,85939544B96403406066950,MOZ,ADM2,hospitals,TIME,3600,school_age,461,0.45,375,0.37
Massinga,,85939544B96403406066950,MOZ,ADM2,hospitals,TIME,3600,total,871,0.45,709,0.37
Massinga,,85939544B96403406066950,MOZ,ADM2,hospitals,TIME,3600,under_5,122,0.45,100,0.37
Massinga,,85939544B96403406066950,MOZ,ADM2,hospitals,TIME,3600,women_childbearing,232,0.45,189,0.37
Massinga,,85939544B96403406066950,MOZ,ADM2,hospitals,TIME,4200,adults,6820,3.83,6019,3.38
Massinga,,85939544B96403406066950,MOZ,ADM2,hospitals,TIME,4200,elderly,543,3.83,480,3.38
Massinga,,85939544B96403406066950,MOZ,ADM2,hospitals,TIME,4200,school_age,3930,3.83,3469,3.38
Massinga,,85939544B96403406066950,MOZ,ADM2,hospitals,TIME,4200,total,7421,3.83,6550,3.38
Massinga,,85939544B96403406066950,MOZ,ADM2,hospitals,TIME,4200,under_5,1040,3.83,918,3.38
Massinga,,85939544B96403406066950,MOZ,ADM2,hospitals,TIME,4200,women_childbearing,1980,3.83,1748,3.38
Massinga,,85939544B96403406066950,MOZ,ADM2,hospitals,TIME,4800,adults,57290,32.19,50470,28.36
Massinga,,85939544B96403406066950,MOZ,ADM2,hospitals,TIME,4800,elderly,4566,32.17,4023,28.34
Massinga,,85939544B96403406066950,MOZ,ADM2,hospitals,TIME,4800,school_age,33017,32.19,29087,28.35
Massinga,,85939544B96403406066950,MOZ,ADM2,hospitals,TIME,4800,total,62336,32.19,54915,28.35
Massinga,,85939544B96403406066950,MOZ,ADM2,hospitals,TIME,4800,under_5,8737,32.18,7697,28.35
Massinga,,85939544B96403406066950,MOZ,ADM2,hospitals,TIME,4800,women_childbearing,16634,32.19,14654,28.36
Massinga,,85939544B96403406066950,MOZ,ADM2,hospitals,TIME,5400,adults,79676,44.77,22386,12.58
Massinga,,85939544B96403406066950,MOZ,ADM2,hospitals,TIME,5400,elderly,6351,44.75,1785,12.58
Massinga,,85939544B96403406066950,MOZ,ADM2,hospitals,TIME,5400,school_age,45920,44.76,12903,12.58
Massinga,,85939544B96403406066950,MOZ,ADM2,hospitals,TIME,5400,total,86696,44.76,24360,12.58
Massinga,,85939544B96403406066950,MOZ,ADM2,hospitals,TIME,5400,under_5,12151,44.76,3414,12.58
Massinga,,85939544B96403406066950,MOZ,ADM2,hospitals,TIME,5400,women_childbearing,23133,44.77,6499,12.58
Massinga,,85939544B96403406066950,MOZ,ADM2,hospitals,TIME,6000,adults,92748,52.11,13072,7.34
Massinga,,85939544B96403406066950,MOZ,ADM2,hospitals,TIME,6000,elderly,7394,52.1,1043,7.35
Massinga,,85939544B96403406066950,MOZ,ADM2,hospitals,TIME,6000,school_age,53455,52.11,7535,7.35
Massinga,,85939544B96403406066950,MOZ,ADM2,hospitals,TIME,6000,total,100921,52.11,14225,7.34
Massinga,,85939544B96403406066950,MOZ,ADM2,hospitals,TIME,6000,under_5,14145,52.11,1994,7.35
Massinga,,85939544B96403406066950,MOZ,ADM2,hospitals,TIME,6000,women_childbearing,26928,52.11,3795,7.34
Massingir,,85939544B66771942168992,MOZ,ADM2,hospitals,TIME,4200,adults,65,0.17,65,0.17
Massingir,,85939544B66771942168992,MOZ,ADM2,hospitals,TIME,4200,elderly,4,0.18,4,0.18
Massingir,,85939544B66771942168992,MOZ,ADM2,hospitals,TIME,4200,school_age,38,0.17,38,0.17
Massingir,,85939544B66771942168992,MOZ,ADM2,hospitals,TIME,4200,total,70,0.18,70,0.18
Massingir,,85939544B66771942168992,MOZ,ADM2,hospitals,TIME,4200,under_5,10,0.17,10,0.17
Massingir,,85939544B66771942168992,MOZ,ADM2,hospitals,TIME,4200,women_childbearing,16,0.17,16,0.17
Massingir,,85939544B66771942168992,MOZ,ADM2,hospitals,TIME,4800,adults,225,0.6,160,0.43
Massingir,,85939544B66771942168992,MOZ,ADM2,hospitals,TIME,4800,elderly,13,0.57,9,0.39
Massingir,,85939544B66771942168992,MOZ,ADM2,hospitals,TIME,4800,school_age,131,0.6,93,0.43
Massingir,,85939544B66771942168992,MOZ,ADM2,hospitals,TIME,4800,total,241,0.6,171,0.43
Massingir,,85939544B66771942168992,MOZ,ADM2,hospitals,TIME,4800,under_5,36,0.6,26,0.43
Massingir,,85939544B66771942168992,MOZ,ADM2,hospitals,TIME,4800,women_childbearing,58,0.6,42,0.44
Massingir,,85939544B66771942168992,MOZ,ADM2,hospitals,TIME,5400,adults,360,0.96,135,0.36
Massingir,,85939544B66771942168992,MOZ,ADM2,hospitals,TIME,5400,elderly,22,0.96,9,0.39
Massingir,,85939544B66771942168992,MOZ,ADM2,hospitals,TIME,5400,school_age,210,0.96,79,0.36
Massingir,,85939544B66771942168992,MOZ,ADM2,hospitals,TIME,5400,total,385,0.96,144,0.36
Massingir,,85939544B66771942168992,MOZ,ADM2,hospitals,TIME,5400,under_5,57,0.95,21,0.35
Massingir,,85939544B66771942168992,MOZ,ADM2,hospitals,TIME,5400,women_childbearing,93,0.96,35,0.36
Massingir,,85939544B66771942168992,MOZ,ADM2,hospitals,TIME,6000,adults,480,1.29,120,0.32
Massingir,,85939544B66771942168992,MOZ,ADM2,hospitals,TIME,6000,elderly,29,1.27,7,0.31
Massingir,,85939544B66771942168992,MOZ,ADM2,hospitals,TIME,6000,school_age,280,1.28,70,0.32
Massingir,,85939544B66771942168992,MOZ,ADM2,hospitals,TIME,6000,total,513,1.29,128,0.32
Massingir,,85939544B66771942168992,MOZ,ADM2,hospitals,TIME,6000,under_5,76,1.27,19,0.32
Massingir,,85939544B66771942168992,MOZ,ADM2,hospitals,TIME,6000,women_childbearing,124,1.29,31,0.32
Matutuine,,85939544B97303459234614,MOZ,ADM2,hospitals,TIME,600,adults,3334,8.46,3334,8.46
Matutuine,,85939544B97303459234614,MOZ,ADM2,hospitals,TIME,600,elderly,301,8.45,301,8.45
Matutuine,,85939544B97303459234614,MOZ,ADM2,hospitals,TIME,600,school_age,1788,8.45,1788,8.45
Matutuine,,85939544B97303459234614,MOZ,ADM2,hospitals,TIME,600,total,3663,8.46,3663,8.46
Matutuine,,85939544B97303459234614,MOZ,ADM2,hospitals,TIME,600,under_5,457,8.44,457,8.44
Matutuine,,85939544B97303459234614,MOZ,ADM2,hospitals,TIME,600,women_childbearing,878,8.46,878,8.46
Matutuine,,85939544B97303459234614,MOZ,ADM2,hospitals,TIME,1200,adults,9239,23.43,5905,14.98
Matutuine,,85939544B97303459234614,MOZ,ADM2,hospitals,TIME,1200,elderly,835,23.43,534,14.98
Matutuine,,85939544B97303459234614,MOZ,ADM2,hospitals,TIME,1200,school_age,4957,23.44,3169,14.98
Matutuine,,85939544B97303459234614,MOZ,ADM2,hospitals,TIME,1200,total,10153,23.44,6490,14.98
Matutuine,,85939544B97303459234614,MOZ,ADM2,hospitals,TIME,1200,under_5,1268,23.43,811,14.99
Matutuine,,85939544B97303459234614,MOZ,ADM2,hospitals,TIME,1200,women_childbearing,2433,23.43,1555,14.98
Matutuine,,85939544B97303459234614,MOZ,ADM2,hospitals,TIME,1800,adults,10557,26.78,1318,3.34
Matutuine,,85939544B97303459234614,MOZ,ADM2,hospitals,TIME,1800,elderly,954,26.77,119,3.34
Matutuine,,85939544B97303459234614,MOZ,ADM2,hospitals,TIME,1800,school_age,5663,26.77,706,3.34
Matutuine,,85939544B97303459234614,MOZ,ADM2,hospitals,TIME,1800,total,11600,26.78,1447,3.34
Matutuine,,85939544B97303459234614,MOZ,ADM2,hospitals,TIME,1800,under_5,1449,26.77,181,3.34
Matutuine,,85939544B97303459234614,MOZ,ADM2,hospitals,TIME,1800,women_childbearing,2780,26.77,347,3.34
Matutuine,,85939544B97303459234614,MOZ,ADM2,hospitals,TIME,2400,adults,17221,43.68,6664,16.9
Matutuine,,85939544B97303459234614,MOZ,ADM2,hospitals,TIME,2400,elderly,1556,43.66,602,16.89
Matutuine,,85939544B97303459234614,MOZ,ADM2,hospitals,TIME,2400,school_age,9239,43.68,3576,16.91
Matutuine,,85939544B97303459234614,MOZ,ADM2,hospitals,TIME,2400,total,18924,43.68,7324,16.91
Matutuine,,85939544B97303459234614,MOZ,ADM2,hospitals,TIME,2400,under_5,2364,43.68,915,16.91
Matutuine,,85939544B97303459234614,MOZ,ADM2,hospitals,TIME,2400,women_childbearing,4535,43.68,1755,16.9
Matutuine,,85939544B97303459234614,MOZ,ADM2,hospitals,TIME,3000,adults,20425,51.81,3204,8.13
Matutuine,,85939544B97303459234614,MOZ,ADM2,hospitals,TIME,3000,elderly,1846,51.8,290,8.14
Matutuine,,85939544B97303459234614,MOZ,ADM2,hospitals,TIME,3000,school_age,10958,51.81,1719,8.13
Matutuine,,85939544B97303459234614,MOZ,ADM2,hospitals,TIME,3000,total,22444,51.81,3520,8.13
Matutuine,,85939544B97303459234614,MOZ,ADM2,hospitals,TIME,3000,under_5,2803,51.79,439,8.11
Matutuine,,85939544B97303459234614,MOZ,ADM2,hospitals,TIME,3000,women_childbearing,5379,51.81,844,8.13
Matutuine,,85939544B97303459234614,MOZ,ADM2,hospitals,TIME,3600,adults,21726,55.11,1301,3.3
Matutuine,,85939544B97303459234614,MOZ,ADM2,hospitals,TIME,3600,elderly,1964,55.11,118,3.31
Matutuine,,85939544B97303459234614,MOZ,ADM2,hospitals,TIME,3600,school_age,11656,55.11,698,3.3
Matutuine,,85939544B97303459234614,MOZ,ADM2,hospitals,TIME,3600,total,23874,55.11,1430,3.3
Matutuine,,85939544B97303459234614,MOZ,ADM2,hospitals,TIME,3600,under_5,2982,55.1,179,3.31
Matutuine,,85939544B97303459234614,MOZ,ADM2,hospitals,TIME,3600,women_childbearing,5722,55.11,343,3.3
Matutuine,,85939544B97303459234614,MOZ,ADM2,hospitals,TIME,4200,adults,25056,63.55,3330,8.45
Matutuine,,85939544B97303459234614,MOZ,ADM2,hospitals,TIME,4200,elderly,2265,63.55,301,8.45
Matutuine,,85939544B97303459234614,MOZ,ADM2,hospitals,TIME,4200,school_age,13442,63.55,1786,8.44
Matutuine,,85939544B97303459234614,MOZ,ADM2,hospitals,TIME,4200,total,27533,63.55,3659,8.45
Matutuine,,85939544B97303459234614,MOZ,ADM2,hospitals,TIME,4200,under_5,3439,63.54,457,8.44
Matutuine,,85939544B97303459234614,MOZ,ADM2,hospitals,TIME,4200,women_childbearing,6599,63.56,877,8.45
Matutuine,,85939544B97303459234614,MOZ,ADM2,hospitals,TIME,4800,adults,25521,64.73,465,1.18
Matutuine,,85939544B97303459234614,MOZ,ADM2,hospitals,TIME,4800,elderly,2307,64.73,42,1.18
Matutuine,,85939544B97303459234614,MOZ,ADM2,hospitals,TIME,4800,school_age,13692,64.73,250,1.18
Matutuine,,85939544B97303459234614,MOZ,ADM2,hospitals,TIME,4800,total,28045,64.73,512,1.18
Matutuine,,85939544B97303459234614,MOZ,ADM2,hospitals,TIME,4800,under_5,3503,64.73,64,1.18
Matutuine,,85939544B97303459234614,MOZ,ADM2,hospitals,TIME,4800,women_childbearing,6721,64.73,122,1.17
Matutuine,,85939544B97303459234614,MOZ,ADM2,hospitals,TIME,5400,adults,25981,65.9,460,1.17
Matutuine,,85939544B97303459234614,MOZ,ADM2,hospitals,TIME,5400,elderly,2348,65.88,41,1.15
Matutuine,,85939544B97303459234614,MOZ,ADM2,hospitals,TIME,5400,school_age,13939,65.9,247,1.17
Matutuine,,85939544B97303459234614,MOZ,ADM2,hospitals,TIME,5400,total,28550,65.9,505,1.17
Matutuine,,85939544B97303459234614,MOZ,ADM2,hospitals,TIME,5400,under_5,3566,65.89,63,1.16
Matutuine,,85939544B97303459234614,MOZ,ADM2,hospitals,TIME,5400,women_childbearing,6842,65.9,121,1.17
Matutuine,,85939544B97303459234614,MOZ,ADM2,hospitals,TIME,6000,adults,27168,68.91,1187,3.01
Matutuine,,85939544B97303459234614,MOZ,ADM2,hospitals,TIME,6000,elderly,2456,68.91,108,3.03
Matutuine,,85939544B97303459234614,MOZ,ADM2,hospitals,TIME,6000,school_age,14575,68.91,636,3.01
Matutuine,,85939544B97303459234614,MOZ,ADM2,hospitals,TIME,6000,total,29854,68.91,1304,3.01
Matutuine,,85939544B97303459234614,MOZ,ADM2,hospitals,TIME,6000,under_5,3729,68.9,163,3.01
Matutuine,,85939544B97303459234614,MOZ,ADM2,hospitals,TIME,6000,women_childbearing,7155,68.91,313,3.01
Maua,,85939544B33000714085001,MOZ,ADM2,hospitals,TIME,4200,adults,0,0.0,0,0.0
Maua,,85939544B33000714085001,MOZ,ADM2,hospitals,TIME,4200,elderly,0,0.0,0,0.0
Maua,,85939544B33000714085001,MOZ,ADM2,hospitals,TIME,4200,school_age,0,0.0,0,0.0
Maua,,85939544B33000714085001,MOZ,ADM2,hospitals,TIME,4200,total,0,0.0,0,0.0
Maua,,85939544B33000714085001,MOZ,ADM2,hospitals,TIME,4200,under_5,0,0.0,0,0.0
Maua,,85939544B33000714085001,MOZ,ADM2,hospitals,TIME,4200,women_childbearing,0,0.0,0,0.0
Maua,,85939544B33000714085001,MOZ,ADM2,hospitals,TIME,4800,adults,0,0.0,0,0.0
Maua,,85939544B33000714085001,MOZ,ADM2,hospitals,TIME,4800,elderly,0,0.0,0,0.0
Maua,,85939544B33000714085001,MOZ,ADM2,hospitals,TIME,4800,school_age,0,0.0,0,0.0
Maua,,85939544B33000714085001,MOZ,ADM2,hospitals,TIME,4800,total,0,0.0,0,0.0
Maua,,85939544B33000714085001,MOZ,ADM2,hospitals,TIME,4800,under_5,0,0.0,0,0.0
Maua,,85939544B33000714085001,MOZ,ADM2,hospitals,TIME,4800,women_childbearing,0,0.0,0,0.0
Maua,,85939544B33000714085001,MOZ,ADM2,hospitals,TIME,5400,adults,0,0.0,0,0.0
Maua,,85939544B33000714085001,MOZ,ADM2,hospitals,TIME,5400,elderly,0,0.0,0,0.0
Maua,,85939544B33000714085001,MOZ,ADM2,hospitals,TIME,5400,school_age,0,0.0,0,0.0
Maua,,85939544B33000714085001,MOZ,ADM2,hospitals,TIME,5400,total,0,0.0,0,0.0
Maua,,85939544B33000714085001,MOZ,ADM2,hospitals,TIME,5400,under_5,0,0.0,0,0.0
Maua,,85939544B33000714085001,MOZ,ADM2,hospitals,TIME,5400,women_childbearing,0,0.0,0,0.0
Maua,,85939544B33000714085001,MOZ,ADM2,hospitals,TIME,6000,adults,138,0.21,138,0.21
Maua,,85939544B33000714085001,MOZ,ADM2,hospitals,TIME,6000,elderly,6,0.19,6,0.19
Maua,,85939544B33000714085001,MOZ,ADM2,hospitals,TIME,6000,school_age,83,0.21,83,0.21
Maua,,85939544B33000714085001,MOZ,ADM2,hospitals,TIME,6000,total,146,0.21,146,0.21
Maua,,85939544B33000714085001,MOZ,ADM2,hospitals,TIME,6000,under_5,30,0.21,30,0.21
Maua,,85939544B33000714085001,MOZ,ADM2,hospitals,TIME,6000,women_childbearing,33,0.21,33,0.21
Maxixe,,85939544B37735984540105,MOZ,ADM2,hospitals,TIME,1200,adults,2545,2.06,2545,2.06
Maxixe,,85939544B37735984540105,MOZ,ADM2,hospitals,TIME,1200,elderly,167,2.06,167,2.06
Maxixe,,85939544B37735984540105,MOZ,ADM2,hospitals,TIME,1200,school_age,1449,2.06,1449,2.06
Maxixe,,85939544B37735984540105,MOZ,ADM2,hospitals,TIME,1200,total,2733,2.06,2733,2.06
Maxixe,,85939544B37735984540105,MOZ,ADM2,hospitals,TIME,1200,under_5,329,2.06,329,2.06
Maxixe,,85939544B37735984540105,MOZ,ADM2,hospitals,TIME,1200,women_childbearing,756,2.06,756,2.06
Maxixe,,85939544B37735984540105,MOZ,ADM2,hospitals,TIME,1800,adults,39052,31.65,36507,29.59
Maxixe,,85939544B37735984540105,MOZ,ADM2,hospitals,TIME,1800,elderly,2570,31.63,2403,29.58
Maxixe,,85939544B37735984540105,MOZ,ADM2,hospitals,TIME,1800,school_age,22237,31.65,20788,29.59
Maxixe,,85939544B37735984540105,MOZ,ADM2,hospitals,TIME,1800,total,41946,31.65,39213,29.59
Maxixe,,85939544B37735984540105,MOZ,ADM2,hospitals,TIME,1800,under_5,5056,31.64,4727,29.58
Maxixe,,85939544B37735984540105,MOZ,ADM2,hospitals,TIME,1800,women_childbearing,11602,31.65,10846,29.59
Maxixe,,85939544B37735984540105,MOZ,ADM2,hospitals,TIME,2400,adults,106242,86.11,67190,54.46
Maxixe,,85939544B37735984540105,MOZ,ADM2,hospitals,TIME,2400,elderly,6994,86.08,4424,54.45
Maxixe,,85939544B37735984540105,MOZ,ADM2,hospitals,TIME,2400,school_age,60497,86.1,38260,54.45
Maxixe,,85939544B37735984540105,MOZ,ADM2,hospitals,TIME,2400,total,114116,86.1,72170,54.45
Maxixe,,85939544B37735984540105,MOZ,ADM2,hospitals,TIME,2400,under_5,13757,86.09,8701,54.45
Maxixe,,85939544B37735984540105,MOZ,ADM2,hospitals,TIME,2400,women_childbearing,31563,86.11,19961,54.46
Maxixe,,85939544B37735984540105,MOZ,ADM2,hospitals,TIME,3000,adults,112457,91.14,6215,5.04
Maxixe,,85939544B37735984540105,MOZ,ADM2,hospitals,TIME,3000,elderly,7403,91.11,409,5.03
Maxixe,,85939544B37735984540105,MOZ,ADM2,hospitals,TIME,3000,school_age,64036,91.14,3539,5.04
Maxixe,,85939544B37735984540105,MOZ,ADM2,hospitals,TIME,3000,total,120792,91.14,6676,5.04
Maxixe,,85939544B37735984540105,MOZ,ADM2,hospitals,TIME,3000,under_5,14562,91.13,805,5.04
Maxixe,,85939544B37735984540105,MOZ,ADM2,hospitals,TIME,3000,women_childbearing,33410,91.15,1847,5.04
Maxixe,,85939544B37735984540105,MOZ,ADM2,hospitals,TIME,3600,adults,115701,93.77,3244,2.63
Maxixe,,85939544B37735984540105,MOZ,ADM2,hospitals,TIME,3600,elderly,7618,93.76,215,2.65
Maxixe,,85939544B37735984540105,MOZ,ADM2,hospitals,TIME,3600,school_age,65884,93.77,1848,2.63
Maxixe,,85939544B37735984540105,MOZ,ADM2,hospitals,TIME,3600,total,124277,93.77,3485,2.63
Maxixe,,85939544B37735984540105,MOZ,ADM2,hospitals,TIME,3600,under_5,14983,93.76,421,2.63
Maxixe,,85939544B37735984540105,MOZ,ADM2,hospitals,TIME,3600,women_childbearing,34372,93.77,962,2.62
Maxixe,,85939544B37735984540105,MOZ,ADM2,hospitals,TIME,4200,adults,115839,93.88,138,0.11
Maxixe,,85939544B37735984540105,MOZ,ADM2,hospitals,TIME,4200,elderly,7627,93.87,9,0.11
Maxixe,,85939544B37735984540105,MOZ,ADM2,hospitals,TIME,4200,school_age,65963,93.88,79,0.11
Maxixe,,85939544B37735984540105,MOZ,ADM2,hospitals,TIME,4200,total,124425,93.88,148,0.11
Maxixe,,85939544B37735984540105,MOZ,ADM2,hospitals,TIME,4200,under_5,15001,93.87,18,0.11
Maxixe,,85939544B37735984540105,MOZ,ADM2,hospitals,TIME,4200,women_childbearing,34413,93.89,41,0.11
Maxixe,,85939544B37735984540105,MOZ,ADM2,hospitals,TIME,4800,adults,116196,94.17,357,0.29
Maxixe,,85939544B37735984540105,MOZ,ADM2,hospitals,TIME,4800,elderly,7650,94.15,23,0.28
Maxixe,,85939544B37735984540105,MOZ,ADM2,hospitals,TIME,4800,school_age,66166,94.17,203,0.29
Maxixe,,85939544B37735984540105,MOZ,ADM2,hospitals,TIME,4800,total,124808,94.17,383,0.29
Maxixe,,85939544B37735984540105,MOZ,ADM2,hospitals,TIME,4800,under_5,15047,94.16,46,0.29
Maxixe,,85939544B37735984540105,MOZ,ADM2,hospitals,TIME,4800,women_childbearing,34519,94.18,106,0.29
Maxixe,,85939544B37735984540105,MOZ,ADM2,hospitals,TIME,5400,adults,117894,95.55,1698,1.38
Maxixe,,85939544B37735984540105,MOZ,ADM2,hospitals,TIME,5400,elderly,7762,95.53,112,1.38
Maxixe,,85939544B37735984540105,MOZ,ADM2,hospitals,TIME,5400,school_age,67132,95.55,966,1.37
Maxixe,,85939544B37735984540105,MOZ,ADM2,hospitals,TIME,5400,total,126632,95.55,1824,1.38
Maxixe,,85939544B37735984540105,MOZ,ADM2,hospitals,TIME,5400,under_5,15267,95.54,220,1.38
Maxixe,,85939544B37735984540105,MOZ,ADM2,hospitals,TIME,5400,women_childbearing,35024,95.55,505,1.38
Maxixe,,85939544B37735984540105,MOZ,ADM2,hospitals,TIME,6000,adults,119844,97.13,1950,1.58
Maxixe,,85939544B37735984540105,MOZ,ADM2,hospitals,TIME,6000,elderly,7891,97.12,129,1.59
Maxixe,,85939544B37735984540105,MOZ,ADM2,hospitals,TIME,6000,school_age,68244,97.13,1112,1.58
Maxixe,,85939544B37735984540105,MOZ,ADM2,hospitals,TIME,6000,total,128728,97.13,2096,1.58
Maxixe,,85939544B37735984540105,MOZ,ADM2,hospitals,TIME,6000,under_5,15521,97.13,254,1.59
Maxixe,,85939544B37735984540105,MOZ,ADM2,hospitals,TIME,6000,women_childbearing,35603,97.13,579,1.58
Mecanhelas,,85939544B26392807278532,MOZ,ADM2,hospitals,TIME,1800,adults,26,0.01,26,0.01
Mecanhelas,,85939544B26392807278532,MOZ,ADM2,hospitals,TIME,1800,elderly,0,0.0,0,0.0
Mecanhelas,,85939544B26392807278532,MOZ,ADM2,hospitals,TIME,1800,school_age,16,0.01,16,0.01
Mecanhelas,,85939544B26392807278532,MOZ,ADM2,hospitals,TIME,1800,total,27,0.01,27,0.01
Mecanhelas,,85939544B26392807278532,MOZ,ADM2,hospitals,TIME,1800,under_5,5,0.01,5,0.01
Mecanhelas,,85939544B26392807278532,MOZ,ADM2,hospitals,TIME,1800,women_childbearing,6,0.01,6,0.01
Mecanhelas,,85939544B26392807278532,MOZ,ADM2,hospitals,TIME,2400,adults,1599,0.38,1573,0.37
Mecanhelas,,85939544B26392807278532,MOZ,ADM2,hospitals,TIME,2400,elderly,52,0.37,52,0.37
Mecanhelas,,85939544B26392807278532,MOZ,ADM2,hospitals,TIME,2400,school_age,982,0.38,966,0.37
Mecanhelas,,85939544B26392807278532,MOZ,ADM2,hospitals,TIME,2400,total,1664,0.38,1637,0.37
Mecanhelas,,85939544B26392807278532,MOZ,ADM2,hospitals,TIME,2400,under_5,353,0.38,348,0.37
Mecanhelas,,85939544B26392807278532,MOZ,ADM2,hospitals,TIME,2400,women_childbearing,372,0.38,366,0.37
Mecanhelas,,85939544B26392807278532,MOZ,ADM2,hospitals,TIME,3000,adults,2825,0.66,1226,0.29
Mecanhelas,,85939544B26392807278532,MOZ,ADM2,hospitals,TIME,3000,elderly,93,0.66,41,0.29
Mecanhelas,,85939544B26392807278532,MOZ,ADM2,hospitals,TIME,3000,school_age,1735,0.66,753,0.29
Mecanhelas,,85939544B26392807278532,MOZ,ADM2,hospitals,TIME,3000,total,2941,0.66,1277,0.29
Mecanhelas,,85939544B26392807278532,MOZ,ADM2,hospitals,TIME,3000,under_5,624,0.66,271,0.29
Mecanhelas,,85939544B26392807278532,MOZ,ADM2,hospitals,TIME,3000,women_childbearing,658,0.66,286,0.29
Mecanhelas,,85939544B26392807278532,MOZ,ADM2,hospitals,TIME,3600,adults,4866,1.14,2041,0.48
Mecanhelas,,85939544B26392807278532,MOZ,ADM2,hospitals,TIME,3600,elderly,160,1.14,67,0.48
Mecanhelas,,85939544B26392807278532,MOZ,ADM2,hospitals,TIME,3600,school_age,2989,1.14,1254,0.48
Mecanhelas,,85939544B26392807278532,MOZ,ADM2,hospitals,TIME,3600,total,5066,1.14,2125,0.48
Mecanhelas,,85939544B26392807278532,MOZ,ADM2,hospitals,TIME,3600,under_5,1075,1.14,451,0.48
Mecanhelas,,85939544B26392807278532,MOZ,ADM2,hospitals,TIME,3600,women_childbearing,1134,1.14,476,0.48
Mecanhelas,,85939544B26392807278532,MOZ,ADM2,hospitals,TIME,4200,adults,9351,2.2,4485,1.05
Mecanhelas,,85939544B26392807278532,MOZ,ADM2,hospitals,TIME,4200,elderly,309,2.2,149,1.06
Mecanhelas,,85939544B26392807278532,MOZ,ADM2,hospitals,TIME,4200,school_age,5743,2.2,2754,1.05
Mecanhelas,,85939544B26392807278532,MOZ,ADM2,hospitals,TIME,4200,total,9735,2.2,4669,1.05
Mecanhelas,,85939544B26392807278532,MOZ,ADM2,hospitals,TIME,4200,under_5,2066,2.2,991,1.05
Mecanhelas,,85939544B26392807278532,MOZ,ADM2,hospitals,TIME,4200,women_childbearing,2179,2.2,1045,1.05
Mecanhelas,,85939544B26392807278532,MOZ,ADM2,hospitals,TIME,4800,adults,16940,3.98,7589,1.78
Mecanhelas,,85939544B26392807278532,MOZ,ADM2,hospitals,TIME,4800,elderly,559,3.97,250,1.78
Mecanhelas,,85939544B26392807278532,MOZ,ADM2,hospitals,TIME,4800,school_age,10405,3.98,4662,1.78
Mecanhelas,,85939544B26392807278532,MOZ,ADM2,hospitals,TIME,4800,total,17636,3.98,7901,1.78
Mecanhelas,,85939544B26392807278532,MOZ,ADM2,hospitals,TIME,4800,under_5,3744,3.98,1678,1.78
Mecanhelas,,85939544B26392807278532,MOZ,ADM2,hospitals,TIME,4800,women_childbearing,3947,3.98,1768,1.78
Mecanhelas,,85939544B26392807278532,MOZ,ADM2,hospitals,TIME,5400,adults,22981,5.4,6041,1.42
Mecanhelas,,85939544B26392807278532,MOZ,ADM2,hospitals,TIME,5400,elderly,759,5.39,200,1.42
Mecanhelas,,85939544B26392807278532,MOZ,ADM2,hospitals,TIME,5400,school_age,14115,5.4,3710,1.42
Mecanhelas,,85939544B26392807278532,MOZ,ADM2,hospitals,TIME,5400,total,23925,5.4,6289,1.42
Mecanhelas,,85939544B26392807278532,MOZ,ADM2,hospitals,TIME,5400,under_5,5079,5.4,1335,1.42
Mecanhelas,,85939544B26392807278532,MOZ,ADM2,hospitals,TIME,5400,women_childbearing,5355,5.4,1408,1.42
Mecanhelas,,85939544B26392807278532,MOZ,ADM2,hospitals,TIME,6000,adults,39514,9.28,16533,3.88
Mecanhelas,,85939544B26392807278532,MOZ,ADM2,hospitals,TIME,6000,elderly,1306,9.28,547,3.89
Mecanhelas,,85939544B26392807278532,MOZ,ADM2,hospitals,TIME,6000,school_age,24270,9.28,10155,3.88
Mecanhelas,,85939544B26392807278532,MOZ,ADM2,hospitals,TIME,6000,total,41137,9.28,17212,3.88
Mecanhelas,,85939544B26392807278532,MOZ,ADM2,hospitals,TIME,6000,under_5,8733,9.28,3654,3.88
Mecanhelas,,85939544B26392807278532,MOZ,ADM2,hospitals,TIME,6000,women_childbearing,9209,9.28,3854,3.89
Meconta,,85939544B84793619782311,MOZ,ADM2,hospitals,TIME,1200,adults,544,0.27,544,0.27
Meconta,,85939544B84793619782311,MOZ,ADM2,hospitals,TIME,1200,elderly,20,0.26,20,0.26
Meconta,,85939544B84793619782311,MOZ,ADM2,hospitals,TIME,1200,school_age,314,0.26,314,0.26
Meconta,,85939544B84793619782311,MOZ,ADM2,hospitals,TIME,1200,total,568,0.26,568,0.26
Meconta,,85939544B84793619782311,MOZ,ADM2,hospitals,TIME,1200,under_5,92,0.26,92,0.26
Meconta,,85939544B84793619782311,MOZ,ADM2,hospitals,TIME,1200,women_childbearing,135,0.27,135,0.27
Meconta,,85939544B84793619782311,MOZ,ADM2,hospitals,TIME,1800,adults,1707,0.83,1163,0.57
Meconta,,85939544B84793619782311,MOZ,ADM2,hospitals,TIME,1800,elderly,64,0.83,44,0.57
Meconta,,85939544B84793619782311,MOZ,ADM2,hospitals,TIME,1800,school_age,987,0.83,673,0.57
Meconta,,85939544B84793619782311,MOZ,ADM2,hospitals,TIME,1800,total,1785,0.83,1217,0.57
Meconta,,85939544B84793619782311,MOZ,ADM2,hospitals,TIME,1800,under_5,291,0.83,199,0.57
Meconta,,85939544B84793619782311,MOZ,ADM2,hospitals,TIME,1800,women_childbearing,423,0.83,288,0.57
Meconta,,85939544B84793619782311,MOZ,ADM2,hospitals,TIME,2400,adults,3943,1.92,2236,1.09
Meconta,,85939544B84793619782311,MOZ,ADM2,hospitals,TIME,2400,elderly,148,1.92,84,1.09
Meconta,,85939544B84793619782311,MOZ,ADM2,hospitals,TIME,2400,school_age,2282,1.92,1295,1.09
Meconta,,85939544B84793619782311,MOZ,ADM2,hospitals,TIME,2400,total,4123,1.92,2338,1.09
Meconta,,85939544B84793619782311,MOZ,ADM2,hospitals,TIME,2400,under_5,673,1.92,382,1.09
Meconta,,85939544B84793619782311,MOZ,ADM2,hospitals,TIME,2400,women_childbearing,979,1.92,556,1.09
Meconta,,85939544B84793619782311,MOZ,ADM2,hospitals,TIME,3000,adults,10045,4.9,6102,2.98
Meconta,,85939544B84793619782311,MOZ,ADM2,hospitals,TIME,3000,elderly,377,4.9,229,2.97
Meconta,,85939544B84793619782311,MOZ,ADM2,hospitals,TIME,3000,school_age,5814,4.9,3532,2.98
Meconta,,85939544B84793619782311,MOZ,ADM2,hospitals,TIME,3000,total,10504,4.9,6381,2.98
Meconta,,85939544B84793619782311,MOZ,ADM2,hospitals,TIME,3000,under_5,1715,4.9,1042,2.98
Meconta,,85939544B84793619782311,MOZ,ADM2,hospitals,TIME,3000,women_childbearing,2494,4.9,1515,2.98
Meconta,,85939544B84793619782311,MOZ,ADM2,hospitals,TIME,3600,adults,18416,8.98,8371,4.08
Meconta,,85939544B84793619782311,MOZ,ADM2,hospitals,TIME,3600,elderly,691,8.97,314,4.08
Meconta,,85939544B84793619782311,MOZ,ADM2,hospitals,TIME,3600,school_age,10659,8.98,4845,4.08
Meconta,,85939544B84793619782311,MOZ,ADM2,hospitals,TIME,3600,total,19256,8.98,8752,4.08
Meconta,,85939544B84793619782311,MOZ,ADM2,hospitals,TIME,3600,under_5,3145,8.98,1430,4.08
Meconta,,85939544B84793619782311,MOZ,ADM2,hospitals,TIME,3600,women_childbearing,4572,8.98,2078,4.08
Meconta,,85939544B84793619782311,MOZ,ADM2,hospitals,TIME,4200,adults,28382,13.84,9966,4.86
Meconta,,85939544B84793619782311,MOZ,ADM2,hospitals,TIME,4200,elderly,1066,13.84,375,4.87
Meconta,,85939544B84793619782311,MOZ,ADM2,hospitals,TIME,4200,school_age,16427,13.84,5768,4.86
Meconta,,85939544B84793619782311,MOZ,ADM2,hospitals,TIME,4200,total,29677,13.84,10421,4.86
Meconta,,85939544B84793619782311,MOZ,ADM2,hospitals,TIME,4200,under_5,4847,13.84,1702,4.86
Meconta,,85939544B84793619782311,MOZ,ADM2,hospitals,TIME,4200,women_childbearing,7047,13.84,2475,4.86
Meconta,,85939544B84793619782311,MOZ,ADM2,hospitals,TIME,4800,adults,33928,16.55,5546,2.7
Meconta,,85939544B84793619782311,MOZ,ADM2,hospitals,TIME,4800,elderly,1274,16.54,208,2.7
Meconta,,85939544B84793619782311,MOZ,ADM2,hospitals,TIME,4800,school_age,19637,16.55,3210,2.7
Meconta,,85939544B84793619782311,MOZ,ADM2,hospitals,TIME,4800,total,35476,16.55,5799,2.7
Meconta,,85939544B84793619782311,MOZ,ADM2,hospitals,TIME,4800,under_5,5795,16.55,948,2.71
Meconta,,85939544B84793619782311,MOZ,ADM2,hospitals,TIME,4800,women_childbearing,8424,16.55,1377,2.7
Meconta,,85939544B84793619782311,MOZ,ADM2,hospitals,TIME,5400,adults,53006,25.85,19078,9.3
Meconta,,85939544B84793619782311,MOZ,ADM2,hospitals,TIME,5400,elderly,1991,25.85,717,9.31
Meconta,,85939544B84793619782311,MOZ,ADM2,hospitals,TIME,5400,school_age,30678,25.85,11041,9.3
Meconta,,85939544B84793619782311,MOZ,ADM2,hospitals,TIME,5400,total,55424,25.85,19948,9.3
Meconta,,85939544B84793619782311,MOZ,ADM2,hospitals,TIME,5400,under_5,9054,25.85,3259,9.31
Meconta,,85939544B84793619782311,MOZ,ADM2,hospitals,TIME,5400,women_childbearing,13161,25.85,4737,9.3
Meconta,,85939544B84793619782311,MOZ,ADM2,hospitals,TIME,6000,adults,115703,56.43,62697,30.58
Meconta,,85939544B84793619782311,MOZ,ADM2,hospitals,TIME,6000,elderly,4346,56.43,2355,30.58
Meconta,,85939544B84793619782311,MOZ,ADM2,hospitals,TIME,6000,school_age,66969,56.43,36291,30.58
Meconta,,85939544B84793619782311,MOZ,ADM2,hospitals,TIME,6000,total,120982,56.43,65558,30.58
Meconta,,85939544B84793619782311,MOZ,ADM2,hospitals,TIME,6000,under_5,19761,56.43,10707,30.57
Meconta,,85939544B84793619782311,MOZ,ADM2,hospitals,TIME,6000,women_childbearing,28729,56.43,15568,30.58
Mecuburi,,85939544B36345946298130,MOZ,ADM2,hospitals,TIME,3600,adults,39,0.02,39,0.02
Mecuburi,,85939544B36345946298130,MOZ,ADM2,hospitals,TIME,3600,elderly,1,0.01,1,0.01
Mecuburi,,85939544B36345946298130,MOZ,ADM2,hospitals,TIME,3600,school_age,24,0.02,24,0.02
Mecuburi,,85939544B36345946298130,MOZ,ADM2,hospitals,TIME,3600,total,40,0.02,40,0.02
Mecuburi,,85939544B36345946298130,MOZ,ADM2,hospitals,TIME,3600,under_5,7,0.02,7,0.02
Mecuburi,,85939544B36345946298130,MOZ,ADM2,hospitals,TIME,3600,women_childbearing,9,0.02,9,0.02
Mecuburi,,85939544B36345946298130,MOZ,ADM2,hospitals,TIME,4200,adults,3024,1.4,2985,1.38
Mecuburi,,85939544B36345946298130,MOZ,ADM2,hospitals,TIME,4200,elderly,115,1.38,114,1.36
Mecuburi,,85939544B36345946298130,MOZ,ADM2,hospitals,TIME,4200,school_age,1834,1.4,1810,1.38
Mecuburi,,85939544B36345946298130,MOZ,ADM2,hospitals,TIME,4200,total,3164,1.39,3124,1.38
Mecuburi,,85939544B36345946298130,MOZ,ADM2,hospitals,TIME,4200,under_5,610,1.38,603,1.37
Mecuburi,,85939544B36345946298130,MOZ,ADM2,hospitals,TIME,4200,women_childbearing,718,1.38,709,1.37
Mecuburi,,85939544B36345946298130,MOZ,ADM2,hospitals,TIME,4800,adults,16325,7.53,13301,6.14
Mecuburi,,85939544B36345946298130,MOZ,ADM2,hospitals,TIME,4800,elderly,628,7.51,513,6.13
Mecuburi,,85939544B36345946298130,MOZ,ADM2,hospitals,TIME,4800,school_age,9863,7.54,8029,6.14
Mecuburi,,85939544B36345946298130,MOZ,ADM2,hospitals,TIME,4800,total,17086,7.53,13922,6.14
Mecuburi,,85939544B36345946298130,MOZ,ADM2,hospitals,TIME,4800,under_5,3312,7.51,2702,6.13
Mecuburi,,85939544B36345946298130,MOZ,ADM2,hospitals,TIME,4800,women_childbearing,3901,7.51,3183,6.13
Mecuburi,,85939544B36345946298130,MOZ,ADM2,hospitals,TIME,5400,adults,20464,9.44,4139,1.91
Mecuburi,,85939544B36345946298130,MOZ,ADM2,hospitals,TIME,5400,elderly,788,9.42,160,1.91
Mecuburi,,85939544B36345946298130,MOZ,ADM2,hospitals,TIME,5400,school_age,12360,9.45,2497,1.91
Mecuburi,,85939544B36345946298130,MOZ,ADM2,hospitals,TIME,5400,total,21417,9.44,4331,1.91
Mecuburi,,85939544B36345946298130,MOZ,ADM2,hospitals,TIME,5400,under_5,4154,9.42,842,1.91
Mecuburi,,85939544B36345946298130,MOZ,ADM2,hospitals,TIME,5400,women_childbearing,4891,9.42,990,1.91
Mecuburi,,85939544B36345946298130,MOZ,ADM2,hospitals,TIME,6000,adults,23523,10.85,3059,1.41
Mecuburi,,85939544B36345946298130,MOZ,ADM2,hospitals,TIME,6000,elderly,906,10.83,118,1.41
Mecuburi,,85939544B36345946298130,MOZ,ADM2,hospitals,TIME,6000,school_age,14205,10.86,1845,1.41
Mecuburi,,85939544B36345946298130,MOZ,ADM2,hospitals,TIME,6000,total,24619,10.85,3202,1.41
Mecuburi,,85939544B36345946298130,MOZ,ADM2,hospitals,TIME,6000,under_5,4776,10.84,622,1.41
Mecuburi,,85939544B36345946298130,MOZ,ADM2,hospitals,TIME,6000,women_childbearing,5624,10.83,733,1.41
Mecufi,,85939544B73793826279493,MOZ,ADM2,hospitals,TIME,600,adults,325,0.59,325,0.59
Mecufi,,85939544B73793826279493,MOZ,ADM2,hospitals,TIME,600,elderly,21,0.58,21,0.58
Mecufi,,85939544B73793826279493,MOZ,ADM2,hospitals,TIME,600,school_age,192,0.59,192,0.59
Mecufi,,85939544B73793826279493,MOZ,ADM2,hospitals,TIME,600,total,349,0.59,349,0.59
Mecufi,,85939544B73793826279493,MOZ,ADM2,hospitals,TIME,600,under_5,59,0.59,59,0.59
Mecufi,,85939544B73793826279493,MOZ,ADM2,hospitals,TIME,600,women_childbearing,84,0.59,84,0.59
Mecufi,,85939544B73793826279493,MOZ,ADM2,hospitals,TIME,1200,adults,5837,10.65,5512,10.05
Mecufi,,85939544B73793826279493,MOZ,ADM2,hospitals,TIME,1200,elderly,387,10.64,366,10.06
Mecufi,,85939544B73793826279493,MOZ,ADM2,hospitals,TIME,1200,school_age,3456,10.65,3264,10.05
Mecufi,,85939544B73793826279493,MOZ,ADM2,hospitals,TIME,1200,total,6272,10.64,5923,10.05
Mecufi,,85939544B73793826279493,MOZ,ADM2,hospitals,TIME,1200,under_5,1073,10.64,1014,10.06
Mecufi,,85939544B73793826279493,MOZ,ADM2,hospitals,TIME,1200,women_childbearing,1509,10.64,1425,10.05
Mecufi,,85939544B73793826279493,MOZ,ADM2,hospitals,TIME,1800,adults,11004,20.07,5167,9.42
Mecufi,,85939544B73793826279493,MOZ,ADM2,hospitals,TIME,1800,elderly,730,20.07,343,9.43
Mecufi,,85939544B73793826279493,MOZ,ADM2,hospitals,TIME,1800,school_age,6516,20.07,3060,9.43
Mecufi,,85939544B73793826279493,MOZ,ADM2,hospitals,TIME,1800,total,11826,20.07,5554,9.43
Mecufi,,85939544B73793826279493,MOZ,ADM2,hospitals,TIME,1800,under_5,2023,20.07,950,9.42
Mecufi,,85939544B73793826279493,MOZ,ADM2,hospitals,TIME,1800,women_childbearing,2846,20.07,1337,9.43
Mecufi,,85939544B73793826279493,MOZ,ADM2,hospitals,TIME,2400,adults,12147,22.15,1143,2.08
Mecufi,,85939544B73793826279493,MOZ,ADM2,hospitals,TIME,2400,elderly,805,22.13,75,2.06
Mecufi,,85939544B73793826279493,MOZ,ADM2,hospitals,TIME,2400,school_age,7192,22.15,676,2.08
Mecufi,,85939544B73793826279493,MOZ,ADM2,hospitals,TIME,2400,total,13053,22.15,1227,2.08
Mecufi,,85939544B73793826279493,MOZ,ADM2,hospitals,TIME,2400,under_5,2233,22.15,210,2.08
Mecufi,,85939544B73793826279493,MOZ,ADM2,hospitals,TIME,2400,women_childbearing,3141,22.15,295,2.08
Mecufi,,85939544B73793826279493,MOZ,ADM2,hospitals,TIME,3000,adults,14004,25.54,1857,3.39
Mecufi,,85939544B73793826279493,MOZ,ADM2,hospitals,TIME,3000,elderly,929,25.54,124,3.41
Mecufi,,85939544B73793826279493,MOZ,ADM2,hospitals,TIME,3000,school_age,8292,25.54,1100,3.39
Mecufi,,85939544B73793826279493,MOZ,ADM2,hospitals,TIME,3000,total,15049,25.54,1996,3.39
Mecufi,,85939544B73793826279493,MOZ,ADM2,hospitals,TIME,3000,under_5,2574,25.54,341,3.38
Mecufi,,85939544B73793826279493,MOZ,ADM2,hospitals,TIME,3000,women_childbearing,3621,25.53,480,3.38
Mecufi,,85939544B73793826279493,MOZ,ADM2,hospitals,TIME,3600,adults,15379,28.05,1375,2.51
Mecufi,,85939544B73793826279493,MOZ,ADM2,hospitals,TIME,3600,elderly,1020,28.05,91,2.5
Mecufi,,85939544B73793826279493,MOZ,ADM2,hospitals,TIME,3600,school_age,9106,28.05,814,2.51
Mecufi,,85939544B73793826279493,MOZ,ADM2,hospitals,TIME,3600,total,16526,28.05,1477,2.51
Mecufi,,85939544B73793826279493,MOZ,ADM2,hospitals,TIME,3600,under_5,2827,28.05,253,2.51
Mecufi,,85939544B73793826279493,MOZ,ADM2,hospitals,TIME,3600,women_childbearing,3977,28.04,356,2.51
Mecufi,,85939544B73793826279493,MOZ,ADM2,hospitals,TIME,4200,adults,19197,35.01,3818,6.96
Mecufi,,85939544B73793826279493,MOZ,ADM2,hospitals,TIME,4200,elderly,1273,35.0,253,6.96
Mecufi,,85939544B73793826279493,MOZ,ADM2,hospitals,TIME,4200,school_age,11366,35.01,2260,6.96
Mecufi,,85939544B73793826279493,MOZ,ADM2,hospitals,TIME,4200,total,20629,35.01,4103,6.96
Mecufi,,85939544B73793826279493,MOZ,ADM2,hospitals,TIME,4200,under_5,3529,35.01,702,6.96
Mecufi,,85939544B73793826279493,MOZ,ADM2,hospitals,TIME,4200,women_childbearing,4964,35.0,987,6.96
Mecufi,,85939544B73793826279493,MOZ,ADM2,hospitals,TIME,4800,adults,39500,72.04,20303,37.03
Mecufi,,85939544B73793826279493,MOZ,ADM2,hospitals,TIME,4800,elderly,2620,72.04,1347,37.04
Mecufi,,85939544B73793826279493,MOZ,ADM2,hospitals,TIME,4800,school_age,23388,72.04,12022,37.03
Mecufi,,85939544B73793826279493,MOZ,ADM2,hospitals,TIME,4800,total,42448,72.04,21819,37.03
Mecufi,,85939544B73793826279493,MOZ,ADM2,hospitals,TIME,4800,under_5,7262,72.04,3733,37.03
Mecufi,,85939544B73793826279493,MOZ,ADM2,hospitals,TIME,4800,women_childbearing,10216,72.04,5252,37.04
Mecufi,,85939544B73793826279493,MOZ,ADM2,hospitals,TIME,5400,adults,44854,81.81,5354,9.76
Mecufi,,85939544B73793826279493,MOZ,ADM2,hospitals,TIME,5400,elderly,2976,81.83,356,9.79
Mecufi,,85939544B73793826279493,MOZ,ADM2,hospitals,TIME,5400,school_age,26558,81.81,3170,9.76
Mecufi,,85939544B73793826279493,MOZ,ADM2,hospitals,TIME,5400,total,48201,81.81,5753,9.76
Mecufi,,85939544B73793826279493,MOZ,ADM2,hospitals,TIME,5400,under_5,8246,81.81,984,9.76
Mecufi,,85939544B73793826279493,MOZ,ADM2,hospitals,TIME,5400,women_childbearing,11600,81.8,1384,9.76
Mecufi,,85939544B73793826279493,MOZ,ADM2,hospitals,TIME,6000,adults,46054,83.99,1200,2.19
Mecufi,,85939544B73793826279493,MOZ,ADM2,hospitals,TIME,6000,elderly,3055,84.0,79,2.17
Mecufi,,85939544B73793826279493,MOZ,ADM2,hospitals,TIME,6000,school_age,27269,84.0,711,2.19
Mecufi,,85939544B73793826279493,MOZ,ADM2,hospitals,TIME,6000,total,49491,84.0,1290,2.19
Mecufi,,85939544B73793826279493,MOZ,ADM2,hospitals,TIME,6000,under_5,8467,84.0,221,2.19
Mecufi,,85939544B73793826279493,MOZ,ADM2,hospitals,TIME,6000,women_childbearing,11910,83.99,310,2.19
Meluco,,85939544B29216683074298,MOZ,ADM2,hospitals,TIME,1800,adults,744,3.05,744,3.05
Meluco,,85939544B29216683074298,MOZ,ADM2,hospitals,TIME,1800,elderly,38,2.99,38,2.99
Meluco,,85939544B29216683074298,MOZ,ADM2,hospitals,TIME,1800,school_age,422,3.05,422,3.05
Meluco,,85939544B29216683074298,MOZ,ADM2,hospitals,TIME,1800,total,789,3.05,789,3.05
Meluco,,85939544B29216683074298,MOZ,ADM2,hospitals,TIME,1800,under_5,122,3.04,122,3.04
Meluco,,85939544B29216683074298,MOZ,ADM2,hospitals,TIME,1800,women_childbearing,193,3.04,193,3.04
Meluco,,85939544B29216683074298,MOZ,ADM2,hospitals,TIME,2400,adults,2003,8.21,1259,5.16
Meluco,,85939544B29216683074298,MOZ,ADM2,hospitals,TIME,2400,elderly,104,8.18,66,5.19
Meluco,,85939544B29216683074298,MOZ,ADM2,hospitals,TIME,2400,school_age,1137,8.21,715,5.16
Meluco,,85939544B29216683074298,MOZ,ADM2,hospitals,TIME,2400,total,2124,8.21,1335,5.16
Meluco,,85939544B29216683074298,MOZ,ADM2,hospitals,TIME,2400,under_5,330,8.21,208,5.18
Meluco,,85939544B29216683074298,MOZ,ADM2,hospitals,TIME,2400,women_childbearing,521,8.21,328,5.17
Meluco,,85939544B29216683074298,MOZ,ADM2,hospitals,TIME,3000,adults,3613,14.82,1610,6.6
Meluco,,85939544B29216683074298,MOZ,ADM2,hospitals,TIME,3000,elderly,188,14.78,84,6.6
Meluco,,85939544B29216683074298,MOZ,ADM2,hospitals,TIME,3000,school_age,2051,14.81,914,6.6
Meluco,,85939544B29216683074298,MOZ,ADM2,hospitals,TIME,3000,total,3831,14.82,1707,6.6
Meluco,,85939544B29216683074298,MOZ,ADM2,hospitals,TIME,3000,under_5,595,14.8,265,6.59
Meluco,,85939544B29216683074298,MOZ,ADM2,hospitals,TIME,3000,women_childbearing,940,14.81,419,6.6
Meluco,,85939544B29216683074298,MOZ,ADM2,hospitals,TIME,3600,adults,5287,21.68,1674,6.86
Meluco,,85939544B29216683074298,MOZ,ADM2,hospitals,TIME,3600,elderly,275,21.62,87,6.84
Meluco,,85939544B29216683074298,MOZ,ADM2,hospitals,TIME,3600,school_age,3002,21.68,951,6.87
Meluco,,85939544B29216683074298,MOZ,ADM2,hospitals,TIME,3600,total,5606,21.68,1775,6.86
Meluco,,85939544B29216683074298,MOZ,ADM2,hospitals,TIME,3600,under_5,871,21.67,276,6.87
Meluco,,85939544B29216683074298,MOZ,ADM2,hospitals,TIME,3600,women_childbearing,1376,21.68,436,6.87
Meluco,,85939544B29216683074298,MOZ,ADM2,hospitals,TIME,4200,adults,5769,23.66,482,1.98
Meluco,,85939544B29216683074298,MOZ,ADM2,hospitals,TIME,4200,elderly,301,23.66,26,2.04
Meluco,,85939544B29216683074298,MOZ,ADM2,hospitals,TIME,4200,school_age,3276,23.66,274,1.98
Meluco,,85939544B29216683074298,MOZ,ADM2,hospitals,TIME,4200,total,6117,23.66,511,1.98
Meluco,,85939544B29216683074298,MOZ,ADM2,hospitals,TIME,4200,under_5,950,23.64,79,1.97
Meluco,,85939544B29216683074298,MOZ,ADM2,hospitals,TIME,4200,women_childbearing,1501,23.65,125,1.97
Meluco,,85939544B29216683074298,MOZ,ADM2,hospitals,TIME,4800,adults,5773,23.67,4,0.02
Meluco,,85939544B29216683074298,MOZ,ADM2,hospitals,TIME,4800,elderly,301,23.66,0,0.0
Meluco,,85939544B29216683074298,MOZ,ADM2,hospitals,TIME,4800,school_age,3279,23.68,3,0.02
Meluco,,85939544B29216683074298,MOZ,ADM2,hospitals,TIME,4800,total,6122,23.68,5,0.02
Meluco,,85939544B29216683074298,MOZ,ADM2,hospitals,TIME,4800,under_5,951,23.66,1,0.02
Meluco,,85939544B29216683074298,MOZ,ADM2,hospitals,TIME,4800,women_childbearing,1502,23.67,1,0.02
Meluco,,85939544B29216683074298,MOZ,ADM2,hospitals,TIME,5400,adults,6294,25.81,521,2.14
Meluco,,85939544B29216683074298,MOZ,ADM2,hospitals,TIME,5400,elderly,328,25.79,27,2.12
Meluco,,85939544B29216683074298,MOZ,ADM2,hospitals,TIME,5400,school_age,3574,25.81,295,2.13
Meluco,,85939544B29216683074298,MOZ,ADM2,hospitals,TIME,5400,total,6674,25.81,552,2.13
Meluco,,85939544B29216683074298,MOZ,ADM2,hospitals,TIME,5400,under_5,1037,25.8,86,2.14
Meluco,,85939544B29216683074298,MOZ,ADM2,hospitals,TIME,5400,women_childbearing,1638,25.81,136,2.14
Meluco,,85939544B29216683074298,MOZ,ADM2,hospitals,TIME,6000,adults,7550,30.96,1256,5.15
Meluco,,85939544B29216683074298,MOZ,ADM2,hospitals,TIME,6000,elderly,393,30.9,65,5.11
Meluco,,85939544B29216683074298,MOZ,ADM2,hospitals,TIME,6000,school_age,4287,30.96,713,5.15
Meluco,,85939544B29216683074298,MOZ,ADM2,hospitals,TIME,6000,total,8006,30.96,1332,5.15
Meluco,,85939544B29216683074298,MOZ,ADM2,hospitals,TIME,6000,under_5,1244,30.95,207,5.15
Meluco,,85939544B29216683074298,MOZ,ADM2,hospitals,TIME,6000,women_childbearing,1965,30.96,327,5.15
Memba,,85939544B76219123027909,MOZ,ADM2,hospitals,TIME,600,adults,2502,0.74,2502,0.74
Memba,,85939544B76219123027909,MOZ,ADM2,hospitals,TIME,600,elderly,113,0.74,113,0.74
Memba,,85939544B76219123027909,MOZ,ADM2,hospitals,TIME,600,school_age,1472,0.74,1472,0.74
Memba,,85939544B76219123027909,MOZ,ADM2,hospitals,TIME,600,total,2635,0.74,2635,0.74
Memba,,85939544B76219123027909,MOZ,ADM2,hospitals,TIME,600,under_5,483,0.74,483,0.74
Memba,,85939544B76219123027909,MOZ,ADM2,hospitals,TIME,600,women_childbearing,608,0.74,608,0.74
Memba,,85939544B76219123027909,MOZ,ADM2,hospitals,TIME,1200,adults,3539,1.05,1037,0.31
Memba,,85939544B76219123027909,MOZ,ADM2,hospitals,TIME,1200,elderly,160,1.05,47,0.31
Memba,,85939544B76219123027909,MOZ,ADM2,hospitals,TIME,1200,school_age,2083,1.05,611,0.31
Memba,,85939544B76219123027909,MOZ,ADM2,hospitals,TIME,1200,total,3728,1.05,1093,0.31
Memba,,85939544B76219123027909,MOZ,ADM2,hospitals,TIME,1200,under_5,683,1.05,200,0.31
Memba,,85939544B76219123027909,MOZ,ADM2,hospitals,TIME,1200,women_childbearing,860,1.05,252,0.31
Memba,,85939544B76219123027909,MOZ,ADM2,hospitals,TIME,1800,adults,5469,1.62,1930,0.57
Memba,,85939544B76219123027909,MOZ,ADM2,hospitals,TIME,1800,elderly,247,1.62,87,0.57
Memba,,85939544B76219123027909,MOZ,ADM2,hospitals,TIME,1800,school_age,3219,1.62,1136,0.57
Memba,,85939544B76219123027909,MOZ,ADM2,hospitals,TIME,1800,total,5761,1.62,2033,0.57
Memba,,85939544B76219123027909,MOZ,ADM2,hospitals,TIME,1800,under_5,1056,1.62,373,0.57
Memba,,85939544B76219123027909,MOZ,ADM2,hospitals,TIME,1800,women_childbearing,1330,1.62,470,0.57
Memba,,85939544B76219123027909,MOZ,ADM2,hospitals,TIME,2400,adults,9417,2.79,3948,1.17
Memba,,85939544B76219123027909,MOZ,ADM2,hospitals,TIME,2400,elderly,425,2.79,178,1.17
Memba,,85939544B76219123027909,MOZ,ADM2,hospitals,TIME,2400,school_age,5543,2.79,2324,1.17
Memba,,85939544B76219123027909,MOZ,ADM2,hospitals,TIME,2400,total,9920,2.79,4159,1.17
Memba,,85939544B76219123027909,MOZ,ADM2,hospitals,TIME,2400,under_5,1819,2.79,763,1.17
Memba,,85939544B76219123027909,MOZ,ADM2,hospitals,TIME,2400,women_childbearing,2290,2.79,960,1.17
Memba,,85939544B76219123027909,MOZ,ADM2,hospitals,TIME,3000,adults,15129,4.49,5712,1.69
Memba,,85939544B76219123027909,MOZ,ADM2,hospitals,TIME,3000,elderly,684,4.48,259,1.7
Memba,,85939544B76219123027909,MOZ,ADM2,hospitals,TIME,3000,school_age,8905,4.49,3362,1.69
Memba,,85939544B76219123027909,MOZ,ADM2,hospitals,TIME,3000,total,15936,4.49,6016,1.69
Memba,,85939544B76219123027909,MOZ,ADM2,hospitals,TIME,3000,under_5,2923,4.49,1104,1.69
Memba,,85939544B76219123027909,MOZ,ADM2,hospitals,TIME,3000,women_childbearing,3679,4.48,1389,1.69
Memba,,85939544B76219123027909,MOZ,ADM2,hospitals,TIME,3600,adults,21835,6.47,6706,1.99
Memba,,85939544B76219123027909,MOZ,ADM2,hospitals,TIME,3600,elderly,987,6.47,303,1.99
Memba,,85939544B76219123027909,MOZ,ADM2,hospitals,TIME,3600,school_age,12851,6.47,3946,1.99
Memba,,85939544B76219123027909,MOZ,ADM2,hospitals,TIME,3600,total,23000,6.47,7064,1.99
Memba,,85939544B76219123027909,MOZ,ADM2,hospitals,TIME,3600,under_5,4218,6.47,1295,1.99
Memba,,85939544B76219123027909,MOZ,ADM2,hospitals,TIME,3600,women_childbearing,5311,6.47,1632,1.99
Memba,,85939544B76219123027909,MOZ,ADM2,hospitals,TIME,4200,adults,40171,11.91,18336,5.44
Memba,,85939544B76219123027909,MOZ,ADM2,hospitals,TIME,4200,elderly,1816,11.91,829,5.44
Memba,,85939544B76219123027909,MOZ,ADM2,hospitals,TIME,4200,school_age,23643,11.91,10792,5.44
Memba,,85939544B76219123027909,MOZ,ADM2,hospitals,TIME,4200,total,42314,11.91,19314,5.44
Memba,,85939544B76219123027909,MOZ,ADM2,hospitals,TIME,4200,under_5,7761,11.91,3543,5.44
Memba,,85939544B76219123027909,MOZ,ADM2,hospitals,TIME,4200,women_childbearing,9770,11.91,4459,5.44
Memba,,85939544B76219123027909,MOZ,ADM2,hospitals,TIME,4800,adults,75909,22.51,35738,10.6
Memba,,85939544B76219123027909,MOZ,ADM2,hospitals,TIME,4800,elderly,3433,22.51,1617,10.6
Memba,,85939544B76219123027909,MOZ,ADM2,hospitals,TIME,4800,school_age,44678,22.51,21035,10.6
Memba,,85939544B76219123027909,MOZ,ADM2,hospitals,TIME,4800,total,79958,22.51,37644,10.6
Memba,,85939544B76219123027909,MOZ,ADM2,hospitals,TIME,4800,under_5,14666,22.51,6905,10.6
Memba,,85939544B76219123027909,MOZ,ADM2,hospitals,TIME,4800,women_childbearing,18463,22.5,8693,10.6
Memba,,85939544B76219123027909,MOZ,ADM2,hospitals,TIME,5400,adults,113232,33.57,37323,11.07
Memba,,85939544B76219123027909,MOZ,ADM2,hospitals,TIME,5400,elderly,5121,33.58,1688,11.07
Memba,,85939544B76219123027909,MOZ,ADM2,hospitals,TIME,5400,school_age,66646,33.58,21968,11.07
Memba,,85939544B76219123027909,MOZ,ADM2,hospitals,TIME,5400,total,119272,33.57,39314,11.07
Memba,,85939544B76219123027909,MOZ,ADM2,hospitals,TIME,5400,under_5,21877,33.57,7211,11.07
Memba,,85939544B76219123027909,MOZ,ADM2,hospitals,TIME,5400,women_childbearing,27541,33.57,9078,11.07
Memba,,85939544B76219123027909,MOZ,ADM2,hospitals,TIME,6000,adults,132269,39.22,19037,5.64
Memba,,85939544B76219123027909,MOZ,ADM2,hospitals,TIME,6000,elderly,5981,39.22,860,5.64
Memba,,85939544B76219123027909,MOZ,ADM2,hospitals,TIME,6000,school_age,77849,39.22,11203,5.64
Memba,,85939544B76219123027909,MOZ,ADM2,hospitals,TIME,6000,total,139324,39.22,20052,5.64
Memba,,85939544B76219123027909,MOZ,ADM2,hospitals,TIME,6000,under_5,25555,39.22,3678,5.64
Memba,,85939544B76219123027909,MOZ,ADM2,hospitals,TIME,6000,women_childbearing,32172,39.22,4631,5.64
Metarica,,85939544B27352268742856,MOZ,ADM2,hospitals,TIME,4800,adults,0,0.0,0,0.0
Metarica,,85939544B27352268742856,MOZ,ADM2,hospitals,TIME,4800,elderly,0,0.0,0,0.0
Metarica,,85939544B27352268742856,MOZ,ADM2,hospitals,TIME,4800,school_age,0,0.0,0,0.0
Metarica,,85939544B27352268742856,MOZ,ADM2,hospitals,TIME,4800,total,0,0.0,0,0.0
Metarica,,85939544B27352268742856,MOZ,ADM2,hospitals,TIME,4800,under_5,0,0.0,0,0.0
Metarica,,85939544B27352268742856,MOZ,ADM2,hospitals,TIME,4800,women_childbearing,0,0.0,0,0.0
Metarica,,85939544B27352268742856,MOZ,ADM2,hospitals,TIME,5400,adults,0,0.0,0,0.0
Metarica,,85939544B27352268742856,MOZ,ADM2,hospitals,TIME,5400,elderly,0,0.0,0,0.0
Metarica,,85939544B27352268742856,MOZ,ADM2,hospitals,TIME,5400,school_age,0,0.0,0,0.0
Metarica,,85939544B27352268742856,MOZ,ADM2,hospitals,TIME,5400,total,0,0.0,0,0.0
Metarica,,85939544B27352268742856,MOZ,ADM2,hospitals,TIME,5400,under_5,0,0.0,0,0.0
Metarica,,85939544B27352268742856,MOZ,ADM2,hospitals,TIME,5400,women_childbearing,0,0.0,0,0.0
Metarica,,85939544B27352268742856,MOZ,ADM2,hospitals,TIME,6000,adults,1064,2.31,1064,2.31
Metarica,,85939544B27352268742856,MOZ,ADM2,hospitals,TIME,6000,elderly,41,2.26,41,2.26
Metarica,,85939544B27352268742856,MOZ,ADM2,hospitals,TIME,6000,school_age,647,2.31,647,2.31
Metarica,,85939544B27352268742856,MOZ,ADM2,hospitals,TIME,6000,total,1115,2.31,1115,2.31
Metarica,,85939544B27352268742856,MOZ,ADM2,hospitals,TIME,6000,under_5,223,2.3,223,2.3
Metarica,,85939544B27352268742856,MOZ,ADM2,hospitals,TIME,6000,women_childbearing,252,2.31,252,2.31
Metuge,,85939544B43724113746926,MOZ,ADM2,hospitals,TIME,600,adults,40939,40.5,40939,40.5
Metuge,,85939544B43724113746926,MOZ,ADM2,hospitals,TIME,600,elderly,2367,40.48,2367,40.48
Metuge,,85939544B43724113746926,MOZ,ADM2,hospitals,TIME,600,school_age,22848,40.5,22848,40.5
Metuge,,85939544B43724113746926,MOZ,ADM2,hospitals,TIME,600,total,43644,40.5,43644,40.5
Metuge,,85939544B43724113746926,MOZ,ADM2,hospitals,TIME,600,under_5,6897,40.49,6897,40.49
Metuge,,85939544B43724113746926,MOZ,ADM2,hospitals,TIME,600,women_childbearing,10440,40.49,10440,40.49
Metuge,,85939544B43724113746926,MOZ,ADM2,hospitals,TIME,1200,adults,71160,70.39,30221,29.89
Metuge,,85939544B43724113746926,MOZ,ADM2,hospitals,TIME,1200,elderly,4116,70.4,1749,29.91
Metuge,,85939544B43724113746926,MOZ,ADM2,hospitals,TIME,1200,school_age,39715,70.39,16867,29.89
Metuge,,85939544B43724113746926,MOZ,ADM2,hospitals,TIME,1200,total,75861,70.39,32217,29.89
Metuge,,85939544B43724113746926,MOZ,ADM2,hospitals,TIME,1200,under_5,11988,70.39,5091,29.89
Metuge,,85939544B43724113746926,MOZ,ADM2,hospitals,TIME,1200,women_childbearing,18148,70.39,7708,29.9
Metuge,,85939544B43724113746926,MOZ,ADM2,hospitals,TIME,1800,adults,75091,74.28,3931,3.89
Metuge,,85939544B43724113746926,MOZ,ADM2,hospitals,TIME,1800,elderly,4343,74.28,227,3.88
Metuge,,85939544B43724113746926,MOZ,ADM2,hospitals,TIME,1800,school_age,41908,74.28,2193,3.89
Metuge,,85939544B43724113746926,MOZ,ADM2,hospitals,TIME,1800,total,80051,74.28,4190,3.89
Metuge,,85939544B43724113746926,MOZ,ADM2,hospitals,TIME,1800,under_5,12650,74.27,662,3.89
Metuge,,85939544B43724113746926,MOZ,ADM2,hospitals,TIME,1800,women_childbearing,19150,74.28,1002,3.89
Metuge,,85939544B43724113746926,MOZ,ADM2,hospitals,TIME,2400,adults,78182,77.34,3091,3.06
Metuge,,85939544B43724113746926,MOZ,ADM2,hospitals,TIME,2400,elderly,4522,77.34,179,3.06
Metuge,,85939544B43724113746926,MOZ,ADM2,hospitals,TIME,2400,school_age,43634,77.34,1726,3.06
Metuge,,85939544B43724113746926,MOZ,ADM2,hospitals,TIME,2400,total,83347,77.34,3296,3.06
Metuge,,85939544B43724113746926,MOZ,ADM2,hospitals,TIME,2400,under_5,13171,77.33,521,3.06
Metuge,,85939544B43724113746926,MOZ,ADM2,hospitals,TIME,2400,women_childbearing,19939,77.34,789,3.06
Metuge,,85939544B43724113746926,MOZ,ADM2,hospitals,TIME,3000,adults,79227,78.37,1045,1.03
Metuge,,85939544B43724113746926,MOZ,ADM2,hospitals,TIME,3000,elderly,4582,78.36,60,1.03
Metuge,,85939544B43724113746926,MOZ,ADM2,hospitals,TIME,3000,school_age,44217,78.37,583,1.03
Metuge,,85939544B43724113746926,MOZ,ADM2,hospitals,TIME,3000,total,84461,78.37,1114,1.03
Metuge,,85939544B43724113746926,MOZ,ADM2,hospitals,TIME,3000,under_5,13347,78.36,176,1.03
Metuge,,85939544B43724113746926,MOZ,ADM2,hospitals,TIME,3000,women_childbearing,20205,78.37,266,1.03
Metuge,,85939544B43724113746926,MOZ,ADM2,hospitals,TIME,3600,adults,83794,82.89,4567,4.52
Metuge,,85939544B43724113746926,MOZ,ADM2,hospitals,TIME,3600,elderly,4846,82.88,264,4.52
Metuge,,85939544B43724113746926,MOZ,ADM2,hospitals,TIME,3600,school_age,46766,82.89,2549,4.52
Metuge,,85939544B43724113746926,MOZ,ADM2,hospitals,TIME,3600,total,89329,82.89,4868,4.52
Metuge,,85939544B43724113746926,MOZ,ADM2,hospitals,TIME,3600,under_5,14117,82.89,770,4.52
Metuge,,85939544B43724113746926,MOZ,ADM2,hospitals,TIME,3600,women_childbearing,21370,82.89,1165,4.52
Metuge,,85939544B43724113746926,MOZ,ADM2,hospitals,TIME,4200,adults,84659,83.74,865,0.86
Metuge,,85939544B43724113746926,MOZ,ADM2,hospitals,TIME,4200,elderly,4896,83.74,50,0.86
Metuge,,85939544B43724113746926,MOZ,ADM2,hospitals,TIME,4200,school_age,47248,83.74,482,0.85
Metuge,,85939544B43724113746926,MOZ,ADM2,hospitals,TIME,4200,total,90251,83.74,922,0.86
Metuge,,85939544B43724113746926,MOZ,ADM2,hospitals,TIME,4200,under_5,14262,83.74,145,0.85
Metuge,,85939544B43724113746926,MOZ,ADM2,hospitals,TIME,4200,women_childbearing,21590,83.74,220,0.85
Metuge,,85939544B43724113746926,MOZ,ADM2,hospitals,TIME,4800,adults,88913,87.95,4254,4.21
Metuge,,85939544B43724113746926,MOZ,ADM2,hospitals,TIME,4800,elderly,5142,87.94,246,4.21
Metuge,,85939544B43724113746926,MOZ,ADM2,hospitals,TIME,4800,school_age,49623,87.95,2375,4.21
Metuge,,85939544B43724113746926,MOZ,ADM2,hospitals,TIME,4800,total,94787,87.95,4536,4.21
Metuge,,85939544B43724113746926,MOZ,ADM2,hospitals,TIME,4800,under_5,14979,87.95,717,4.21
Metuge,,85939544B43724113746926,MOZ,ADM2,hospitals,TIME,4800,women_childbearing,22675,87.95,1085,4.21
Metuge,,85939544B43724113746926,MOZ,ADM2,hospitals,TIME,5400,adults,90224,89.25,1311,1.3
Metuge,,85939544B43724113746926,MOZ,ADM2,hospitals,TIME,5400,elderly,5218,89.24,76,1.3
Metuge,,85939544B43724113746926,MOZ,ADM2,hospitals,TIME,5400,school_age,50354,89.25,731,1.3
Metuge,,85939544B43724113746926,MOZ,ADM2,hospitals,TIME,5400,total,96183,89.25,1396,1.3
Metuge,,85939544B43724113746926,MOZ,ADM2,hospitals,TIME,5400,under_5,15200,89.24,221,1.3
Metuge,,85939544B43724113746926,MOZ,ADM2,hospitals,TIME,5400,women_childbearing,23010,89.25,335,1.3
Metuge,,85939544B43724113746926,MOZ,ADM2,hospitals,TIME,6000,adults,90432,89.46,208,0.21
Metuge,,85939544B43724113746926,MOZ,ADM2,hospitals,TIME,6000,elderly,5230,89.45,12,0.21
Metuge,,85939544B43724113746926,MOZ,ADM2,hospitals,TIME,6000,school_age,50470,89.45,116,0.21
Metuge,,85939544B43724113746926,MOZ,ADM2,hospitals,TIME,6000,total,96405,89.45,222,0.21
Metuge,,85939544B43724113746926,MOZ,ADM2,hospitals,TIME,6000,under_5,15235,89.45,35,0.21
Metuge,,85939544B43724113746926,MOZ,ADM2,hospitals,TIME,6000,women_childbearing,23063,89.45,53,0.21
Milange,,85939544B24654814708458,MOZ,ADM2,hospitals,TIME,600,adults,95342,13.0,95342,13.0
Milange,,85939544B24654814708458,MOZ,ADM2,hospitals,TIME,600,elderly,3954,13.0,3954,13.0
Milange,,85939544B24654814708458,MOZ,ADM2,hospitals,TIME,600,school_age,56246,13.0,56246,13.0
Milange,,85939544B24654814708458,MOZ,ADM2,hospitals,TIME,600,total,100068,13.0,100068,13.0
Milange,,85939544B24654814708458,MOZ,ADM2,hospitals,TIME,600,under_5,20170,13.0,20170,13.0
Milange,,85939544B24654814708458,MOZ,ADM2,hospitals,TIME,600,women_childbearing,23411,13.0,23411,13.0
Milange,,85939544B24654814708458,MOZ,ADM2,hospitals,TIME,1200,adults,195511,26.65,100169,13.66
Milange,,85939544B24654814708458,MOZ,ADM2,hospitals,TIME,1200,elderly,8109,26.65,4155,13.66
Milange,,85939544B24654814708458,MOZ,ADM2,hospitals,TIME,1200,school_age,115341,26.65,59095,13.66
Milange,,85939544B24654814708458,MOZ,ADM2,hospitals,TIME,1200,total,205202,26.65,105134,13.66
Milange,,85939544B24654814708458,MOZ,ADM2,hospitals,TIME,1200,under_5,41362,26.65,21192,13.66
Milange,,85939544B24654814708458,MOZ,ADM2,hospitals,TIME,1200,women_childbearing,48008,26.65,24597,13.66
Milange,,85939544B24654814708458,MOZ,ADM2,hospitals,TIME,1800,adults,292286,39.85,96775,13.19
Milange,,85939544B24654814708458,MOZ,ADM2,hospitals,TIME,1800,elderly,12123,39.85,4014,13.19
Milange,,85939544B24654814708458,MOZ,ADM2,hospitals,TIME,1800,school_age,172433,39.84,57092,13.19
Milange,,85939544B24654814708458,MOZ,ADM2,hospitals,TIME,1800,total,306774,39.85,101572,13.19
Milange,,85939544B24654814708458,MOZ,ADM2,hospitals,TIME,1800,under_5,61836,39.85,20474,13.19
Milange,,85939544B24654814708458,MOZ,ADM2,hospitals,TIME,1800,women_childbearing,71771,39.85,23763,13.19
Milange,,85939544B24654814708458,MOZ,ADM2,hospitals,TIME,2400,adults,359350,48.99,67064,9.14
Milange,,85939544B24654814708458,MOZ,ADM2,hospitals,TIME,2400,elderly,14905,48.99,2782,9.14
Milange,,85939544B24654814708458,MOZ,ADM2,hospitals,TIME,2400,school_age,211997,48.99,39564,9.14
Milange,,85939544B24654814708458,MOZ,ADM2,hospitals,TIME,2400,total,377162,48.99,70388,9.14
Milange,,85939544B24654814708458,MOZ,ADM2,hospitals,TIME,2400,under_5,76024,48.99,14188,9.14
Milange,,85939544B24654814708458,MOZ,ADM2,hospitals,TIME,2400,women_childbearing,88239,48.99,16468,9.14
Milange,,85939544B24654814708458,MOZ,ADM2,hospitals,TIME,3000,adults,441000,60.12,81650,11.13
Milange,,85939544B24654814708458,MOZ,ADM2,hospitals,TIME,3000,elderly,18291,60.12,3386,11.13
Milange,,85939544B24654814708458,MOZ,ADM2,hospitals,TIME,3000,school_age,260166,60.12,48169,11.13
Milange,,85939544B24654814708458,MOZ,ADM2,hospitals,TIME,3000,total,462858,60.12,85696,11.13
Milange,,85939544B24654814708458,MOZ,ADM2,hospitals,TIME,3000,under_5,93298,60.12,17274,11.13
Milange,,85939544B24654814708458,MOZ,ADM2,hospitals,TIME,3000,women_childbearing,108288,60.12,20049,11.13
Milange,,85939544B24654814708458,MOZ,ADM2,hospitals,TIME,3600,adults,496857,67.73,55857,7.61
Milange,,85939544B24654814708458,MOZ,ADM2,hospitals,TIME,3600,elderly,20608,67.74,2317,7.62
Milange,,85939544B24654814708458,MOZ,ADM2,hospitals,TIME,3600,school_age,293120,67.73,32954,7.61
Milange,,85939544B24654814708458,MOZ,ADM2,hospitals,TIME,3600,total,521484,67.73,58626,7.61
Milange,,85939544B24654814708458,MOZ,ADM2,hospitals,TIME,3600,under_5,105115,67.73,11817,7.61
Milange,,85939544B24654814708458,MOZ,ADM2,hospitals,TIME,3600,women_childbearing,122003,67.73,13715,7.61
Milange,,85939544B24654814708458,MOZ,ADM2,hospitals,TIME,4200,adults,557737,76.03,60880,8.3
Milange,,85939544B24654814708458,MOZ,ADM2,hospitals,TIME,4200,elderly,23133,76.04,2525,8.3
Milange,,85939544B24654814708458,MOZ,ADM2,hospitals,TIME,4200,school_age,329037,76.03,35917,8.3
Milange,,85939544B24654814708458,MOZ,ADM2,hospitals,TIME,4200,total,585382,76.03,63898,8.3
Milange,,85939544B24654814708458,MOZ,ADM2,hospitals,TIME,4200,under_5,117995,76.03,12880,8.3
Milange,,85939544B24654814708458,MOZ,ADM2,hospitals,TIME,4200,women_childbearing,136952,76.03,14949,8.3
Milange,,85939544B24654814708458,MOZ,ADM2,hospitals,TIME,4800,adults,576505,78.59,18768,2.56
Milange,,85939544B24654814708458,MOZ,ADM2,hospitals,TIME,4800,elderly,23911,78.6,778,2.56
Milange,,85939544B24654814708458,MOZ,ADM2,hospitals,TIME,4800,school_age,340109,78.59,11072,2.56
Milange,,85939544B24654814708458,MOZ,ADM2,hospitals,TIME,4800,total,605080,78.59,19698,2.56
Milange,,85939544B24654814708458,MOZ,ADM2,hospitals,TIME,4800,under_5,121965,78.59,3970,2.56
Milange,,85939544B24654814708458,MOZ,ADM2,hospitals,TIME,4800,women_childbearing,141561,78.59,4609,2.56
Milange,,85939544B24654814708458,MOZ,ADM2,hospitals,TIME,5400,adults,584239,79.65,7734,1.05
Milange,,85939544B24654814708458,MOZ,ADM2,hospitals,TIME,5400,elderly,24232,79.65,321,1.06
Milange,,85939544B24654814708458,MOZ,ADM2,hospitals,TIME,5400,school_age,344672,79.64,4563,1.05
Milange,,85939544B24654814708458,MOZ,ADM2,hospitals,TIME,5400,total,613197,79.65,8117,1.05
Milange,,85939544B24654814708458,MOZ,ADM2,hospitals,TIME,5400,under_5,123601,79.64,1636,1.05
Milange,,85939544B24654814708458,MOZ,ADM2,hospitals,TIME,5400,women_childbearing,143460,79.65,1899,1.05
Milange,,85939544B24654814708458,MOZ,ADM2,hospitals,TIME,6000,adults,595789,81.22,11550,1.57
Milange,,85939544B24654814708458,MOZ,ADM2,hospitals,TIME,6000,elderly,24711,81.22,479,1.57
Milange,,85939544B24654814708458,MOZ,ADM2,hospitals,TIME,6000,school_age,351486,81.22,6814,1.57
Milange,,85939544B24654814708458,MOZ,ADM2,hospitals,TIME,6000,total,625319,81.22,12122,1.57
Milange,,85939544B24654814708458,MOZ,ADM2,hospitals,TIME,6000,under_5,126045,81.22,2444,1.57
Milange,,85939544B24654814708458,MOZ,ADM2,hospitals,TIME,6000,women_childbearing,146296,81.22,2836,1.57
Moamba,,85939544B51879158696861,MOZ,ADM2,hospitals,TIME,600,adults,468,0.6,468,0.6
Moamba,,85939544B51879158696861,MOZ,ADM2,hospitals,TIME,600,elderly,42,0.59,42,0.59
Moamba,,85939544B51879158696861,MOZ,ADM2,hospitals,TIME,600,school_age,248,0.6,248,0.6
Moamba,,85939544B51879158696861,MOZ,ADM2,hospitals,TIME,600,total,515,0.6,515,0.6
Moamba,,85939544B51879158696861,MOZ,ADM2,hospitals,TIME,600,under_5,63,0.6,63,0.6
Moamba,,85939544B51879158696861,MOZ,ADM2,hospitals,TIME,600,women_childbearing,125,0.6,125,0.6
Moamba,,85939544B51879158696861,MOZ,ADM2,hospitals,TIME,1200,adults,3820,4.88,3352,4.28
Moamba,,85939544B51879158696861,MOZ,ADM2,hospitals,TIME,1200,elderly,331,4.63,289,4.05
Moamba,,85939544B51879158696861,MOZ,ADM2,hospitals,TIME,1200,school_age,2022,4.87,1774,4.27
Moamba,,85939544B51879158696861,MOZ,ADM2,hospitals,TIME,1200,total,4184,4.86,3669,4.26
Moamba,,85939544B51879158696861,MOZ,ADM2,hospitals,TIME,1200,under_5,510,4.84,447,4.24
Moamba,,85939544B51879158696861,MOZ,ADM2,hospitals,TIME,1200,women_childbearing,1027,4.91,902,4.31
Moamba,,85939544B51879158696861,MOZ,ADM2,hospitals,TIME,1800,adults,13918,17.76,10098,12.89
Moamba,,85939544B51879158696861,MOZ,ADM2,hospitals,TIME,1800,elderly,1244,17.41,913,12.78
Moamba,,85939544B51879158696861,MOZ,ADM2,hospitals,TIME,1800,school_age,7374,17.75,5352,12.89
Moamba,,85939544B51879158696861,MOZ,ADM2,hospitals,TIME,1800,total,15281,17.74,11097,12.88
Moamba,,85939544B51879158696861,MOZ,ADM2,hospitals,TIME,1800,under_5,1868,17.72,1358,12.88
Moamba,,85939544B51879158696861,MOZ,ADM2,hospitals,TIME,1800,women_childbearing,3726,17.82,2699,12.91
Moamba,,85939544B51879158696861,MOZ,ADM2,hospitals,TIME,2400,adults,26505,33.83,12587,16.07
Moamba,,85939544B51879158696861,MOZ,ADM2,hospitals,TIME,2400,elderly,2397,33.55,1153,16.14
Moamba,,85939544B51879158696861,MOZ,ADM2,hospitals,TIME,2400,school_age,14048,33.82,6674,16.07
Moamba,,85939544B51879158696861,MOZ,ADM2,hospitals,TIME,2400,total,29127,33.81,13846,16.07
Moamba,,85939544B51879158696861,MOZ,ADM2,hospitals,TIME,2400,under_5,3563,33.79,1695,16.08
Moamba,,85939544B51879158696861,MOZ,ADM2,hospitals,TIME,2400,women_childbearing,7083,33.87,3357,16.05
Moamba,,85939544B51879158696861,MOZ,ADM2,hospitals,TIME,3000,adults,38037,48.55,11532,14.72
Moamba,,85939544B51879158696861,MOZ,ADM2,hospitals,TIME,3000,elderly,3453,48.33,1056,14.78
Moamba,,85939544B51879158696861,MOZ,ADM2,hospitals,TIME,3000,school_age,20162,48.54,6114,14.72
Moamba,,85939544B51879158696861,MOZ,ADM2,hospitals,TIME,3000,total,41812,48.53,12685,14.72
Moamba,,85939544B51879158696861,MOZ,ADM2,hospitals,TIME,3000,under_5,5115,48.52,1552,14.72
Moamba,,85939544B51879158696861,MOZ,ADM2,hospitals,TIME,3000,women_childbearing,10159,48.58,3076,14.71
Moamba,,85939544B51879158696861,MOZ,ADM2,hospitals,TIME,3600,adults,41785,53.33,3748,4.78
Moamba,,85939544B51879158696861,MOZ,ADM2,hospitals,TIME,3600,elderly,3796,53.14,343,4.8
Moamba,,85939544B51879158696861,MOZ,ADM2,hospitals,TIME,3600,school_age,22150,53.33,1988,4.79
Moamba,,85939544B51879158696861,MOZ,ADM2,hospitals,TIME,3600,total,45935,53.32,4123,4.79
Moamba,,85939544B51879158696861,MOZ,ADM2,hospitals,TIME,3600,under_5,5620,53.31,505,4.79
Moamba,,85939544B51879158696861,MOZ,ADM2,hospitals,TIME,3600,women_childbearing,11159,53.36,1000,4.78
Moamba,,85939544B51879158696861,MOZ,ADM2,hospitals,TIME,4200,adults,48439,61.83,6654,8.49
Moamba,,85939544B51879158696861,MOZ,ADM2,hospitals,TIME,4200,elderly,4405,61.66,609,8.52
Moamba,,85939544B51879158696861,MOZ,ADM2,hospitals,TIME,4200,school_age,25678,61.82,3528,8.49
Moamba,,85939544B51879158696861,MOZ,ADM2,hospitals,TIME,4200,total,53255,61.81,7320,8.5
Moamba,,85939544B51879158696861,MOZ,ADM2,hospitals,TIME,4200,under_5,6516,61.8,896,8.5
Moamba,,85939544B51879158696861,MOZ,ADM2,hospitals,TIME,4200,women_childbearing,12934,61.85,1775,8.49
Moamba,,85939544B51879158696861,MOZ,ADM2,hospitals,TIME,4800,adults,51789,66.1,3350,4.28
Moamba,,85939544B51879158696861,MOZ,ADM2,hospitals,TIME,4800,elderly,4712,65.96,307,4.3
Moamba,,85939544B51879158696861,MOZ,ADM2,hospitals,TIME,4800,school_age,27454,66.1,1776,4.28
Moamba,,85939544B51879158696861,MOZ,ADM2,hospitals,TIME,4800,total,56940,66.09,3685,4.28
Moamba,,85939544B51879158696861,MOZ,ADM2,hospitals,TIME,4800,under_5,6967,66.08,451,4.28
Moamba,,85939544B51879158696861,MOZ,ADM2,hospitals,TIME,4800,women_childbearing,13827,66.12,893,4.27
Moamba,,85939544B51879158696861,MOZ,ADM2,hospitals,TIME,5400,adults,52930,67.56,1141,1.46
Moamba,,85939544B51879158696861,MOZ,ADM2,hospitals,TIME,5400,elderly,4817,67.43,105,1.47
Moamba,,85939544B51879158696861,MOZ,ADM2,hospitals,TIME,5400,school_age,28059,67.56,605,1.46
Moamba,,85939544B51879158696861,MOZ,ADM2,hospitals,TIME,5400,total,58196,67.55,1256,1.46
Moamba,,85939544B51879158696861,MOZ,ADM2,hospitals,TIME,5400,under_5,7121,67.54,154,1.46
Moamba,,85939544B51879158696861,MOZ,ADM2,hospitals,TIME,5400,women_childbearing,14132,67.58,305,1.46
Moamba,,85939544B51879158696861,MOZ,ADM2,hospitals,TIME,6000,adults,54770,69.91,1840,2.35
Moamba,,85939544B51879158696861,MOZ,ADM2,hospitals,TIME,6000,elderly,4985,69.78,168,2.35
Moamba,,85939544B51879158696861,MOZ,ADM2,hospitals,TIME,6000,school_age,29035,69.9,976,2.35
Moamba,,85939544B51879158696861,MOZ,ADM2,hospitals,TIME,6000,total,60220,69.9,2024,2.35
Moamba,,85939544B51879158696861,MOZ,ADM2,hospitals,TIME,6000,under_5,7368,69.89,247,2.34
Moamba,,85939544B51879158696861,MOZ,ADM2,hospitals,TIME,6000,women_childbearing,14622,69.92,490,2.34
Moatize,,85939544B94790467869630,MOZ,ADM2,hospitals,TIME,600,adults,64801,11.96,64801,11.96
Moatize,,85939544B94790467869630,MOZ,ADM2,hospitals,TIME,600,elderly,2728,11.96,2728,11.96
Moatize,,85939544B94790467869630,MOZ,ADM2,hospitals,TIME,600,school_age,39845,11.96,39845,11.96
Moatize,,85939544B94790467869630,MOZ,ADM2,hospitals,TIME,600,total,68053,11.96,68053,11.96
Moatize,,85939544B94790467869630,MOZ,ADM2,hospitals,TIME,600,under_5,11482,11.96,11482,11.96
Moatize,,85939544B94790467869630,MOZ,ADM2,hospitals,TIME,600,women_childbearing,15573,11.96,15573,11.96
Moatize,,85939544B94790467869630,MOZ,ADM2,hospitals,TIME,1200,adults,70665,13.04,5864,1.08
Moatize,,85939544B94790467869630,MOZ,ADM2,hospitals,TIME,1200,elderly,2975,13.04,247,1.08
Moatize,,85939544B94790467869630,MOZ,ADM2,hospitals,TIME,1200,school_age,43451,13.04,3606,1.08
Moatize,,85939544B94790467869630,MOZ,ADM2,hospitals,TIME,1200,total,74212,13.04,6159,1.08
Moatize,,85939544B94790467869630,MOZ,ADM2,hospitals,TIME,1200,under_5,12521,13.04,1039,1.08
Moatize,,85939544B94790467869630,MOZ,ADM2,hospitals,TIME,1200,women_childbearing,16983,13.04,1410,1.08
Moatize,,85939544B94790467869630,MOZ,ADM2,hospitals,TIME,1800,adults,74949,13.83,4284,0.79
Moatize,,85939544B94790467869630,MOZ,ADM2,hospitals,TIME,1800,elderly,3155,13.83,180,0.79
Moatize,,85939544B94790467869630,MOZ,ADM2,hospitals,TIME,1800,school_age,46085,13.83,2634,0.79
Moatize,,85939544B94790467869630,MOZ,ADM2,hospitals,TIME,1800,total,78711,13.83,4499,0.79
Moatize,,85939544B94790467869630,MOZ,ADM2,hospitals,TIME,1800,under_5,13279,13.83,758,0.79
Moatize,,85939544B94790467869630,MOZ,ADM2,hospitals,TIME,1800,women_childbearing,18012,13.83,1029,0.79
Moatize,,85939544B94790467869630,MOZ,ADM2,hospitals,TIME,2400,adults,88123,16.26,13174,2.43
Moatize,,85939544B94790467869630,MOZ,ADM2,hospitals,TIME,2400,elderly,3709,16.26,554,2.43
Moatize,,85939544B94790467869630,MOZ,ADM2,hospitals,TIME,2400,school_age,54183,16.26,8098,2.43
Moatize,,85939544B94790467869630,MOZ,ADM2,hospitals,TIME,2400,total,92545,16.26,13834,2.43
Moatize,,85939544B94790467869630,MOZ,ADM2,hospitals,TIME,2400,under_5,15612,16.26,2333,2.43
Moatize,,85939544B94790467869630,MOZ,ADM2,hospitals,TIME,2400,women_childbearing,21179,16.26,3167,2.43
Moatize,,85939544B94790467869630,MOZ,ADM2,hospitals,TIME,3000,adults,101845,18.79,13722,2.53
Moatize,,85939544B94790467869630,MOZ,ADM2,hospitals,TIME,3000,elderly,4286,18.79,577,2.53
Moatize,,85939544B94790467869630,MOZ,ADM2,hospitals,TIME,3000,school_age,62620,18.79,8437,2.53
Moatize,,85939544B94790467869630,MOZ,ADM2,hospitals,TIME,3000,total,106956,18.79,14411,2.53
Moatize,,85939544B94790467869630,MOZ,ADM2,hospitals,TIME,3000,under_5,18043,18.79,2431,2.53
Moatize,,85939544B94790467869630,MOZ,ADM2,hospitals,TIME,3000,women_childbearing,24477,18.8,3298,2.53
Moatize,,85939544B94790467869630,MOZ,ADM2,hospitals,TIME,3600,adults,126774,23.4,24929,4.6
Moatize,,85939544B94790467869630,MOZ,ADM2,hospitals,TIME,3600,elderly,5336,23.39,1050,4.6
Moatize,,85939544B94790467869630,MOZ,ADM2,hospitals,TIME,3600,school_age,77949,23.39,15329,4.6
Moatize,,85939544B94790467869630,MOZ,ADM2,hospitals,TIME,3600,total,133137,23.4,26181,4.6
Moatize,,85939544B94790467869630,MOZ,ADM2,hospitals,TIME,3600,under_5,22460,23.39,4417,4.6
Moatize,,85939544B94790467869630,MOZ,ADM2,hospitals,TIME,3600,women_childbearing,30468,23.4,5991,4.6
Moatize,,85939544B94790467869630,MOZ,ADM2,hospitals,TIME,4200,adults,143176,26.42,16402,3.03
Moatize,,85939544B94790467869630,MOZ,ADM2,hospitals,TIME,4200,elderly,6026,26.42,690,3.02
Moatize,,85939544B94790467869630,MOZ,ADM2,hospitals,TIME,4200,school_age,88034,26.42,10085,3.03
Moatize,,85939544B94790467869630,MOZ,ADM2,hospitals,TIME,4200,total,150362,26.42,17225,3.03
Moatize,,85939544B94790467869630,MOZ,ADM2,hospitals,TIME,4200,under_5,25367,26.42,2907,3.03
Moatize,,85939544B94790467869630,MOZ,ADM2,hospitals,TIME,4200,women_childbearing,34410,26.42,3942,3.03
Moatize,,85939544B94790467869630,MOZ,ADM2,hospitals,TIME,4800,adults,184223,34.0,41047,7.58
Moatize,,85939544B94790467869630,MOZ,ADM2,hospitals,TIME,4800,elderly,7755,34.0,1729,7.58
Moatize,,85939544B94790467869630,MOZ,ADM2,hospitals,TIME,4800,school_age,113273,34.0,25239,7.57
Moatize,,85939544B94790467869630,MOZ,ADM2,hospitals,TIME,4800,total,193469,34.0,43107,7.57
Moatize,,85939544B94790467869630,MOZ,ADM2,hospitals,TIME,4800,under_5,32640,33.99,7273,7.57
Moatize,,85939544B94790467869630,MOZ,ADM2,hospitals,TIME,4800,women_childbearing,44275,34.0,9865,7.58
Moatize,,85939544B94790467869630,MOZ,ADM2,hospitals,TIME,5400,adults,248039,45.77,63816,11.78
Moatize,,85939544B94790467869630,MOZ,ADM2,hospitals,TIME,5400,elderly,10441,45.77,2686,11.77
Moatize,,85939544B94790467869630,MOZ,ADM2,hospitals,TIME,5400,school_age,152513,45.77,39240,11.78
Moatize,,85939544B94790467869630,MOZ,ADM2,hospitals,TIME,5400,total,260488,45.77,67019,11.78
Moatize,,85939544B94790467869630,MOZ,ADM2,hospitals,TIME,5400,under_5,43947,45.77,11307,11.78
Moatize,,85939544B94790467869630,MOZ,ADM2,hospitals,TIME,5400,women_childbearing,59612,45.77,15337,11.78
Moatize,,85939544B94790467869630,MOZ,ADM2,hospitals,TIME,6000,adults,283335,52.29,35296,6.51
Moatize,,85939544B94790467869630,MOZ,ADM2,hospitals,TIME,6000,elderly,11927,52.28,1486,6.51
Moatize,,85939544B94790467869630,MOZ,ADM2,hospitals,TIME,6000,school_age,174216,52.29,21703,6.51
Moatize,,85939544B94790467869630,MOZ,ADM2,hospitals,TIME,6000,total,297556,52.29,37068,6.51
Moatize,,85939544B94790467869630,MOZ,ADM2,hospitals,TIME,6000,under_5,50201,52.28,6254,6.51
Moatize,,85939544B94790467869630,MOZ,ADM2,hospitals,TIME,6000,women_childbearing,68095,52.29,8483,6.51
Mocimboa Da Praia,,85939544B54758933622764,MOZ,ADM2,hospitals,TIME,600,adults,51508,47.52,51508,47.52
Mocimboa Da Praia,,85939544B54758933622764,MOZ,ADM2,hospitals,TIME,600,elderly,3690,47.51,3690,47.51
Mocimboa Da Praia,,85939544B54758933622764,MOZ,ADM2,hospitals,TIME,600,school_age,27290,47.52,27290,47.52
Mocimboa Da Praia,,85939544B54758933622764,MOZ,ADM2,hospitals,TIME,600,total,55627,47.52,55627,47.52
Mocimboa Da Praia,,85939544B54758933622764,MOZ,ADM2,hospitals,TIME,600,under_5,7656,47.51,7656,47.51
Mocimboa Da Praia,,85939544B54758933622764,MOZ,ADM2,hospitals,TIME,600,women_childbearing,13716,47.52,13716,47.52
Mocimboa Da Praia,,85939544B54758933622764,MOZ,ADM2,hospitals,TIME,1200,adults,58384,53.86,6876,6.34
Mocimboa Da Praia,,85939544B54758933622764,MOZ,ADM2,hospitals,TIME,1200,elderly,4182,53.84,492,6.33
Mocimboa Da Praia,,85939544B54758933622764,MOZ,ADM2,hospitals,TIME,1200,school_age,30933,53.86,3643,6.34
Mocimboa Da Praia,,85939544B54758933622764,MOZ,ADM2,hospitals,TIME,1200,total,63052,53.86,7425,6.34
Mocimboa Da Praia,,85939544B54758933622764,MOZ,ADM2,hospitals,TIME,1200,under_5,8679,53.86,1023,6.35
Mocimboa Da Praia,,85939544B54758933622764,MOZ,ADM2,hospitals,TIME,1200,women_childbearing,15547,53.86,1831,6.34
Mocimboa Da Praia,,85939544B54758933622764,MOZ,ADM2,hospitals,TIME,1800,adults,64406,59.42,6022,5.56
Mocimboa Da Praia,,85939544B54758933622764,MOZ,ADM2,hospitals,TIME,1800,elderly,4614,59.41,432,5.56
Mocimboa Da Praia,,85939544B54758933622764,MOZ,ADM2,hospitals,TIME,1800,school_age,34124,59.42,3191,5.56
Mocimboa Da Praia,,85939544B54758933622764,MOZ,ADM2,hospitals,TIME,1800,total,69557,59.42,6505,5.56
Mocimboa Da Praia,,85939544B54758933622764,MOZ,ADM2,hospitals,TIME,1800,under_5,9574,59.41,895,5.55
Mocimboa Da Praia,,85939544B54758933622764,MOZ,ADM2,hospitals,TIME,1800,women_childbearing,17151,59.42,1604,5.56
Mocimboa Da Praia,,85939544B54758933622764,MOZ,ADM2,hospitals,TIME,2400,adults,68216,62.93,3810,3.51
Mocimboa Da Praia,,85939544B54758933622764,MOZ,ADM2,hospitals,TIME,2400,elderly,4887,62.92,273,3.51
Mocimboa Da Praia,,85939544B54758933622764,MOZ,ADM2,hospitals,TIME,2400,school_age,36143,62.93,2019,3.52
Mocimboa Da Praia,,85939544B54758933622764,MOZ,ADM2,hospitals,TIME,2400,total,73671,62.93,4114,3.51
Mocimboa Da Praia,,85939544B54758933622764,MOZ,ADM2,hospitals,TIME,2400,under_5,10140,62.93,566,3.51
Mocimboa Da Praia,,85939544B54758933622764,MOZ,ADM2,hospitals,TIME,2400,women_childbearing,18165,62.93,1014,3.51
Mocimboa Da Praia,,85939544B54758933622764,MOZ,ADM2,hospitals,TIME,3000,adults,83404,76.94,15188,14.01
Mocimboa Da Praia,,85939544B54758933622764,MOZ,ADM2,hospitals,TIME,3000,elderly,5975,76.93,1088,14.01
Mocimboa Da Praia,,85939544B54758933622764,MOZ,ADM2,hospitals,TIME,3000,school_age,44190,76.94,8047,14.01
Mocimboa Da Praia,,85939544B54758933622764,MOZ,ADM2,hospitals,TIME,3000,total,90074,76.94,16403,14.01
Mocimboa Da Praia,,85939544B54758933622764,MOZ,ADM2,hospitals,TIME,3000,under_5,12398,76.94,2258,14.01
Mocimboa Da Praia,,85939544B54758933622764,MOZ,ADM2,hospitals,TIME,3000,women_childbearing,22210,76.95,4045,14.01
Mocimboa Da Praia,,85939544B54758933622764,MOZ,ADM2,hospitals,TIME,3600,adults,89264,82.35,5860,5.41
Mocimboa Da Praia,,85939544B54758933622764,MOZ,ADM2,hospitals,TIME,3600,elderly,6395,82.34,420,5.41
Mocimboa Da Praia,,85939544B54758933622764,MOZ,ADM2,hospitals,TIME,3600,school_age,47295,82.35,3105,5.41
Mocimboa Da Praia,,85939544B54758933622764,MOZ,ADM2,hospitals,TIME,3600,total,96402,82.35,6328,5.41
Mocimboa Da Praia,,85939544B54758933622764,MOZ,ADM2,hospitals,TIME,3600,under_5,13269,82.34,871,5.41
Mocimboa Da Praia,,85939544B54758933622764,MOZ,ADM2,hospitals,TIME,3600,women_childbearing,23770,82.35,1560,5.4
Mocimboa Da Praia,,85939544B54758933622764,MOZ,ADM2,hospitals,TIME,4200,adults,94477,87.16,5213,4.81
Mocimboa Da Praia,,85939544B54758933622764,MOZ,ADM2,hospitals,TIME,4200,elderly,6769,87.15,374,4.82
Mocimboa Da Praia,,85939544B54758933622764,MOZ,ADM2,hospitals,TIME,4200,school_age,50057,87.16,2762,4.81
Mocimboa Da Praia,,85939544B54758933622764,MOZ,ADM2,hospitals,TIME,4200,total,102033,87.16,5631,4.81
Mocimboa Da Praia,,85939544B54758933622764,MOZ,ADM2,hospitals,TIME,4200,under_5,14044,87.15,775,4.81
Mocimboa Da Praia,,85939544B54758933622764,MOZ,ADM2,hospitals,TIME,4200,women_childbearing,25159,87.16,1389,4.81
Mocimboa Da Praia,,85939544B54758933622764,MOZ,ADM2,hospitals,TIME,4800,adults,98669,91.03,4192,3.87
Mocimboa Da Praia,,85939544B54758933622764,MOZ,ADM2,hospitals,TIME,4800,elderly,7070,91.03,301,3.88
Mocimboa Da Praia,,85939544B54758933622764,MOZ,ADM2,hospitals,TIME,4800,school_age,52278,91.02,2221,3.87
Mocimboa Da Praia,,85939544B54758933622764,MOZ,ADM2,hospitals,TIME,4800,total,106560,91.03,4527,3.87
Mocimboa Da Praia,,85939544B54758933622764,MOZ,ADM2,hospitals,TIME,4800,under_5,14667,91.02,623,3.87
Mocimboa Da Praia,,85939544B54758933622764,MOZ,ADM2,hospitals,TIME,4800,women_childbearing,26274,91.03,1115,3.86
Mocimboa Da Praia,,85939544B54758933622764,MOZ,ADM2,hospitals,TIME,5400,adults,100281,92.51,1612,1.49
Mocimboa Da Praia,,85939544B54758933622764,MOZ,ADM2,hospitals,TIME,5400,elderly,7185,92.51,115,1.48
Mocimboa Da Praia,,85939544B54758933622764,MOZ,ADM2,hospitals,TIME,5400,school_age,53132,92.51,854,1.49
Mocimboa Da Praia,,85939544B54758933622764,MOZ,ADM2,hospitals,TIME,5400,total,108301,92.51,1741,1.49
Mocimboa Da Praia,,85939544B54758933622764,MOZ,ADM2,hospitals,TIME,5400,under_5,14907,92.51,240,1.49
Mocimboa Da Praia,,85939544B54758933622764,MOZ,ADM2,hospitals,TIME,5400,women_childbearing,26704,92.52,430,1.49
Mocimboa Da Praia,,85939544B54758933622764,MOZ,ADM2,hospitals,TIME,6000,adults,100587,92.8,306,0.28
Mocimboa Da Praia,,85939544B54758933622764,MOZ,ADM2,hospitals,TIME,6000,elderly,7207,92.79,22,0.28
Mocimboa Da Praia,,85939544B54758933622764,MOZ,ADM2,hospitals,TIME,6000,school_age,53295,92.8,163,0.28
Mocimboa Da Praia,,85939544B54758933622764,MOZ,ADM2,hospitals,TIME,6000,total,108632,92.8,331,0.28
Mocimboa Da Praia,,85939544B54758933622764,MOZ,ADM2,hospitals,TIME,6000,under_5,14952,92.79,45,0.28
Mocimboa Da Praia,,85939544B54758933622764,MOZ,ADM2,hospitals,TIME,6000,women_childbearing,26785,92.8,81,0.28
Mocuba,,85939544B358257057392,MOZ,ADM2,hospitals,TIME,600,adults,45442,10.0,45442,10.0
Mocuba,,85939544B358257057392,MOZ,ADM2,hospitals,TIME,600,elderly,1377,10.0,1377,10.0
Mocuba,,85939544B358257057392,MOZ,ADM2,hospitals,TIME,600,school_age,27348,10.0,27348,10.0
Mocuba,,85939544B358257057392,MOZ,ADM2,hospitals,TIME,600,total,47183,10.0,47183,10.0
Mocuba,,85939544B358257057392,MOZ,ADM2,hospitals,TIME,600,under_5,8482,10.0,8482,10.0
Mocuba,,85939544B358257057392,MOZ,ADM2,hospitals,TIME,600,women_childbearing,11012,10.0,11012,10.0
Mocuba,,85939544B358257057392,MOZ,ADM2,hospitals,TIME,1200,adults,110574,24.33,65132,14.33
Mocuba,,85939544B358257057392,MOZ,ADM2,hospitals,TIME,1200,elderly,3350,24.32,1973,14.33
Mocuba,,85939544B358257057392,MOZ,ADM2,hospitals,TIME,1200,school_age,66545,24.33,39197,14.33
Mocuba,,85939544B358257057392,MOZ,ADM2,hospitals,TIME,1200,total,114809,24.33,67626,14.33
Mocuba,,85939544B358257057392,MOZ,ADM2,hospitals,TIME,1200,under_5,20640,24.33,12158,14.33
Mocuba,,85939544B358257057392,MOZ,ADM2,hospitals,TIME,1200,women_childbearing,26795,24.33,15783,14.33
Mocuba,,85939544B358257057392,MOZ,ADM2,hospitals,TIME,1800,adults,130653,28.75,20079,4.42
Mocuba,,85939544B358257057392,MOZ,ADM2,hospitals,TIME,1800,elderly,3959,28.75,609,4.42
Mocuba,,85939544B358257057392,MOZ,ADM2,hospitals,TIME,1800,school_age,78628,28.75,12083,4.42
Mocuba,,85939544B358257057392,MOZ,ADM2,hospitals,TIME,1800,total,135658,28.75,20849,4.42
Mocuba,,85939544B358257057392,MOZ,ADM2,hospitals,TIME,1800,under_5,24388,28.75,3748,4.42
Mocuba,,85939544B358257057392,MOZ,ADM2,hospitals,TIME,1800,women_childbearing,31663,28.75,4868,4.42
Mocuba,,85939544B358257057392,MOZ,ADM2,hospitals,TIME,2400,adults,156268,34.39,25615,5.64
Mocuba,,85939544B358257057392,MOZ,ADM2,hospitals,TIME,2400,elderly,4736,34.39,777,5.64
Mocuba,,85939544B358257057392,MOZ,ADM2,hospitals,TIME,2400,school_age,94043,34.39,15415,5.64
Mocuba,,85939544B358257057392,MOZ,ADM2,hospitals,TIME,2400,total,162255,34.39,26597,5.64
Mocuba,,85939544B358257057392,MOZ,ADM2,hospitals,TIME,2400,under_5,29169,34.39,4781,5.64
Mocuba,,85939544B358257057392,MOZ,ADM2,hospitals,TIME,2400,women_childbearing,37871,34.39,6208,5.64
Mocuba,,85939544B358257057392,MOZ,ADM2,hospitals,TIME,3000,adults,182034,40.06,25766,5.67
Mocuba,,85939544B358257057392,MOZ,ADM2,hospitals,TIME,3000,elderly,5517,40.06,781,5.67
Mocuba,,85939544B358257057392,MOZ,ADM2,hospitals,TIME,3000,school_age,109550,40.06,15507,5.67
Mocuba,,85939544B358257057392,MOZ,ADM2,hospitals,TIME,3000,total,189008,40.06,26753,5.67
Mocuba,,85939544B358257057392,MOZ,ADM2,hospitals,TIME,3000,under_5,33979,40.06,4810,5.67
Mocuba,,85939544B358257057392,MOZ,ADM2,hospitals,TIME,3000,women_childbearing,44115,40.06,6244,5.67
Mocuba,,85939544B358257057392,MOZ,ADM2,hospitals,TIME,3600,adults,216495,47.65,34461,7.58
Mocuba,,85939544B358257057392,MOZ,ADM2,hospitals,TIME,3600,elderly,6562,47.65,1045,7.59
Mocuba,,85939544B358257057392,MOZ,ADM2,hospitals,TIME,3600,school_age,130288,47.65,20738,7.58
Mocuba,,85939544B358257057392,MOZ,ADM2,hospitals,TIME,3600,total,224790,47.65,35782,7.58
Mocuba,,85939544B358257057392,MOZ,ADM2,hospitals,TIME,3600,under_5,40414,47.65,6435,7.59
Mocuba,,85939544B358257057392,MOZ,ADM2,hospitals,TIME,3600,women_childbearing,52467,47.65,8352,7.58
Mocuba,,85939544B358257057392,MOZ,ADM2,hospitals,TIME,4200,adults,251262,55.3,34767,7.65
Mocuba,,85939544B358257057392,MOZ,ADM2,hospitals,TIME,4200,elderly,7616,55.3,1054,7.65
Mocuba,,85939544B358257057392,MOZ,ADM2,hospitals,TIME,4200,school_age,151212,55.3,20924,7.65
Mocuba,,85939544B358257057392,MOZ,ADM2,hospitals,TIME,4200,total,260888,55.3,36098,7.65
Mocuba,,85939544B358257057392,MOZ,ADM2,hospitals,TIME,4200,under_5,46904,55.3,6490,7.65
Mocuba,,85939544B358257057392,MOZ,ADM2,hospitals,TIME,4200,women_childbearing,60892,55.3,8425,7.65
Mocuba,,85939544B358257057392,MOZ,ADM2,hospitals,TIME,4800,adults,300760,66.19,49498,10.89
Mocuba,,85939544B358257057392,MOZ,ADM2,hospitals,TIME,4800,elderly,9116,66.19,1500,10.89
Mocuba,,85939544B358257057392,MOZ,ADM2,hospitals,TIME,4800,school_age,181000,66.19,29788,10.89
Mocuba,,85939544B358257057392,MOZ,ADM2,hospitals,TIME,4800,total,312283,66.19,51395,10.89
Mocuba,,85939544B358257057392,MOZ,ADM2,hospitals,TIME,4800,under_5,56144,66.19,9240,10.89
Mocuba,,85939544B358257057392,MOZ,ADM2,hospitals,TIME,4800,women_childbearing,72888,66.19,11996,10.89
Mocuba,,85939544B358257057392,MOZ,ADM2,hospitals,TIME,5400,adults,319527,70.32,18767,4.13
Mocuba,,85939544B358257057392,MOZ,ADM2,hospitals,TIME,5400,elderly,9685,70.32,569,4.13
Mocuba,,85939544B358257057392,MOZ,ADM2,hospitals,TIME,5400,school_age,192294,70.32,11294,4.13
Mocuba,,85939544B358257057392,MOZ,ADM2,hospitals,TIME,5400,total,331769,70.32,19486,4.13
Mocuba,,85939544B358257057392,MOZ,ADM2,hospitals,TIME,5400,under_5,59647,70.32,3503,4.13
Mocuba,,85939544B358257057392,MOZ,ADM2,hospitals,TIME,5400,women_childbearing,77436,70.32,4548,4.13
Mocuba,,85939544B358257057392,MOZ,ADM2,hospitals,TIME,6000,adults,337341,74.24,17814,3.92
Mocuba,,85939544B358257057392,MOZ,ADM2,hospitals,TIME,6000,elderly,10224,74.24,539,3.91
Mocuba,,85939544B358257057392,MOZ,ADM2,hospitals,TIME,6000,school_age,203015,74.24,10721,3.92
Mocuba,,85939544B358257057392,MOZ,ADM2,hospitals,TIME,6000,total,350265,74.24,18496,3.92
Mocuba,,85939544B358257057392,MOZ,ADM2,hospitals,TIME,6000,under_5,62972,74.24,3325,3.92
Mocuba,,85939544B358257057392,MOZ,ADM2,hospitals,TIME,6000,women_childbearing,81752,74.24,4316,3.92
Mogincual,,85939544B68532442394498,MOZ,ADM2,hospitals,TIME,6000,adults,1162,2.25,1162,2.25
Mogincual,,85939544B68532442394498,MOZ,ADM2,hospitals,TIME,6000,elderly,59,2.25,59,2.25
Mogincual,,85939544B68532442394498,MOZ,ADM2,hospitals,TIME,6000,school_age,640,2.26,640,2.26
Mogincual,,85939544B68532442394498,MOZ,ADM2,hospitals,TIME,6000,total,1231,2.26,1231,2.26
Mogincual,,85939544B68532442394498,MOZ,ADM2,hospitals,TIME,6000,under_5,213,2.25,213,2.25
Mogincual,,85939544B68532442394498,MOZ,ADM2,hospitals,TIME,6000,women_childbearing,296,2.25,296,2.25
Mogovolas,,85939544B32350532447413,MOZ,ADM2,hospitals,TIME,600,adults,49524,11.48,49524,11.48
Mogovolas,,85939544B32350532447413,MOZ,ADM2,hospitals,TIME,600,elderly,2248,11.48,2248,11.48
Mogovolas,,85939544B32350532447413,MOZ,ADM2,hospitals,TIME,600,school_age,27882,11.48,27882,11.48
Mogovolas,,85939544B32350532447413,MOZ,ADM2,hospitals,TIME,600,total,52174,11.48,52174,11.48
Mogovolas,,85939544B32350532447413,MOZ,ADM2,hospitals,TIME,600,under_5,9213,11.48,9213,11.48
Mogovolas,,85939544B32350532447413,MOZ,ADM2,hospitals,TIME,600,women_childbearing,12601,11.48,12601,11.48
Mogovolas,,85939544B32350532447413,MOZ,ADM2,hospitals,TIME,1200,adults,53872,12.49,4348,1.01
Mogovolas,,85939544B32350532447413,MOZ,ADM2,hospitals,TIME,1200,elderly,2445,12.48,197,1.01
Mogovolas,,85939544B32350532447413,MOZ,ADM2,hospitals,TIME,1200,school_age,30330,12.49,2448,1.01
Mogovolas,,85939544B32350532447413,MOZ,ADM2,hospitals,TIME,1200,total,56754,12.49,4580,1.01
Mogovolas,,85939544B32350532447413,MOZ,ADM2,hospitals,TIME,1200,under_5,10022,12.49,809,1.01
Mogovolas,,85939544B32350532447413,MOZ,ADM2,hospitals,TIME,1200,women_childbearing,13707,12.49,1106,1.01
Mogovolas,,85939544B32350532447413,MOZ,ADM2,hospitals,TIME,1800,adults,60312,13.98,6440,1.49
Mogovolas,,85939544B32350532447413,MOZ,ADM2,hospitals,TIME,1800,elderly,2737,13.98,292,1.49
Mogovolas,,85939544B32350532447413,MOZ,ADM2,hospitals,TIME,1800,school_age,33957,13.98,3627,1.49
Mogovolas,,85939544B32350532447413,MOZ,ADM2,hospitals,TIME,1800,total,63540,13.98,6786,1.49
Mogovolas,,85939544B32350532447413,MOZ,ADM2,hospitals,TIME,1800,under_5,11221,13.98,1199,1.49
Mogovolas,,85939544B32350532447413,MOZ,ADM2,hospitals,TIME,1800,women_childbearing,15346,13.98,1639,1.49
Mogovolas,,85939544B32350532447413,MOZ,ADM2,hospitals,TIME,2400,adults,74831,17.34,14519,3.37
Mogovolas,,85939544B32350532447413,MOZ,ADM2,hospitals,TIME,2400,elderly,3396,17.34,659,3.36
Mogovolas,,85939544B32350532447413,MOZ,ADM2,hospitals,TIME,2400,school_age,42131,17.34,8174,3.36
Mogovolas,,85939544B32350532447413,MOZ,ADM2,hospitals,TIME,2400,total,78835,17.34,15295,3.37
Mogovolas,,85939544B32350532447413,MOZ,ADM2,hospitals,TIME,2400,under_5,13922,17.34,2701,3.37
Mogovolas,,85939544B32350532447413,MOZ,ADM2,hospitals,TIME,2400,women_childbearing,19040,17.34,3694,3.37
Mogovolas,,85939544B32350532447413,MOZ,ADM2,hospitals,TIME,3000,adults,135211,31.34,60380,14.0
Mogovolas,,85939544B32350532447413,MOZ,ADM2,hospitals,TIME,3000,elderly,6137,31.34,2741,14.0
Mogovolas,,85939544B32350532447413,MOZ,ADM2,hospitals,TIME,3000,school_age,76125,31.34,33994,13.99
Mogovolas,,85939544B32350532447413,MOZ,ADM2,hospitals,TIME,3000,total,142446,31.34,63611,14.0
Mogovolas,,85939544B32350532447413,MOZ,ADM2,hospitals,TIME,3000,under_5,25155,31.34,11233,13.99
Mogovolas,,85939544B32350532447413,MOZ,ADM2,hospitals,TIME,3000,women_childbearing,34404,31.34,15364,14.0
Mogovolas,,85939544B32350532447413,MOZ,ADM2,hospitals,TIME,3600,adults,178625,41.4,43414,10.06
Mogovolas,,85939544B32350532447413,MOZ,ADM2,hospitals,TIME,3600,elderly,8108,41.4,1971,10.06
Mogovolas,,85939544B32350532447413,MOZ,ADM2,hospitals,TIME,3600,school_age,100569,41.4,24444,10.06
Mogovolas,,85939544B32350532447413,MOZ,ADM2,hospitals,TIME,3600,total,188184,41.4,45738,10.06
Mogovolas,,85939544B32350532447413,MOZ,ADM2,hospitals,TIME,3600,under_5,33232,41.4,8077,10.06
Mogovolas,,85939544B32350532447413,MOZ,ADM2,hospitals,TIME,3600,women_childbearing,45450,41.4,11046,10.06
Mogovolas,,85939544B32350532447413,MOZ,ADM2,hospitals,TIME,4200,adults,213863,49.57,35238,8.17
Mogovolas,,85939544B32350532447413,MOZ,ADM2,hospitals,TIME,4200,elderly,9708,49.57,1600,8.17
Mogovolas,,85939544B32350532447413,MOZ,ADM2,hospitals,TIME,4200,school_age,120409,49.57,19840,8.17
Mogovolas,,85939544B32350532447413,MOZ,ADM2,hospitals,TIME,4200,total,225308,49.57,37124,8.17
Mogovolas,,85939544B32350532447413,MOZ,ADM2,hospitals,TIME,4200,under_5,39788,49.57,6556,8.17
Mogovolas,,85939544B32350532447413,MOZ,ADM2,hospitals,TIME,4200,women_childbearing,54416,49.57,8966,8.17
Mogovolas,,85939544B32350532447413,MOZ,ADM2,hospitals,TIME,4800,adults,243364,56.41,29501,6.84
Mogovolas,,85939544B32350532447413,MOZ,ADM2,hospitals,TIME,4800,elderly,11047,56.41,1339,6.84
Mogovolas,,85939544B32350532447413,MOZ,ADM2,hospitals,TIME,4800,school_age,137019,56.41,16610,6.84
Mogovolas,,85939544B32350532447413,MOZ,ADM2,hospitals,TIME,4800,total,256387,56.41,31079,6.84
Mogovolas,,85939544B32350532447413,MOZ,ADM2,hospitals,TIME,4800,under_5,45276,56.41,5488,6.84
Mogovolas,,85939544B32350532447413,MOZ,ADM2,hospitals,TIME,4800,women_childbearing,61922,56.41,7506,6.84
Mogovolas,,85939544B32350532447413,MOZ,ADM2,hospitals,TIME,5400,adults,263083,60.98,19719,4.57
Mogovolas,,85939544B32350532447413,MOZ,ADM2,hospitals,TIME,5400,elderly,11942,60.98,895,4.57
Mogovolas,,85939544B32350532447413,MOZ,ADM2,hospitals,TIME,5400,school_age,148121,60.98,11102,4.57
Mogovolas,,85939544B32350532447413,MOZ,ADM2,hospitals,TIME,5400,total,277162,60.98,20775,4.57
Mogovolas,,85939544B32350532447413,MOZ,ADM2,hospitals,TIME,5400,under_5,48945,60.98,3669,4.57
Mogovolas,,85939544B32350532447413,MOZ,ADM2,hospitals,TIME,5400,women_childbearing,66940,60.98,5018,4.57
Mogovolas,,85939544B32350532447413,MOZ,ADM2,hospitals,TIME,6000,adults,292446,67.78,29363,6.81
Mogovolas,,85939544B32350532447413,MOZ,ADM2,hospitals,TIME,6000,elderly,13275,67.78,1333,6.81
Mogovolas,,85939544B32350532447413,MOZ,ADM2,hospitals,TIME,6000,school_age,164655,67.78,16534,6.81
Mogovolas,,85939544B32350532447413,MOZ,ADM2,hospitals,TIME,6000,total,308096,67.78,30934,6.81
Mogovolas,,85939544B32350532447413,MOZ,ADM2,hospitals,TIME,6000,under_5,54408,67.78,5463,6.81
Mogovolas,,85939544B32350532447413,MOZ,ADM2,hospitals,TIME,6000,women_childbearing,74409,67.78,7469,6.8
Molumbo,,85939544B56224707964526,MOZ,ADM2,hospitals,TIME,600,adults,1542,1.53,1542,1.53
Molumbo,,85939544B56224707964526,MOZ,ADM2,hospitals,TIME,600,elderly,63,1.51,63,1.51
Molumbo,,85939544B56224707964526,MOZ,ADM2,hospitals,TIME,600,school_age,909,1.53,909,1.53
Molumbo,,85939544B56224707964526,MOZ,ADM2,hospitals,TIME,600,total,1618,1.53,1618,1.53
Molumbo,,85939544B56224707964526,MOZ,ADM2,hospitals,TIME,600,under_5,326,1.53,326,1.53
Molumbo,,85939544B56224707964526,MOZ,ADM2,hospitals,TIME,600,women_childbearing,378,1.53,378,1.53
Molumbo,,85939544B56224707964526,MOZ,ADM2,hospitals,TIME,1200,adults,2766,2.75,1224,1.22
Molumbo,,85939544B56224707964526,MOZ,ADM2,hospitals,TIME,1200,elderly,114,2.73,51,1.22
Molumbo,,85939544B56224707964526,MOZ,ADM2,hospitals,TIME,1200,school_age,1631,2.75,722,1.22
Molumbo,,85939544B56224707964526,MOZ,ADM2,hospitals,TIME,1200,total,2903,2.75,1285,1.22
Molumbo,,85939544B56224707964526,MOZ,ADM2,hospitals,TIME,1200,under_5,585,2.75,259,1.22
Molumbo,,85939544B56224707964526,MOZ,ADM2,hospitals,TIME,1200,women_childbearing,679,2.75,301,1.22
Molumbo,,85939544B56224707964526,MOZ,ADM2,hospitals,TIME,1800,adults,5040,5.01,2274,2.26
Molumbo,,85939544B56224707964526,MOZ,ADM2,hospitals,TIME,1800,elderly,209,5.01,95,2.28
Molumbo,,85939544B56224707964526,MOZ,ADM2,hospitals,TIME,1800,school_age,2973,5.01,1342,2.26
Molumbo,,85939544B56224707964526,MOZ,ADM2,hospitals,TIME,1800,total,5289,5.01,2386,2.26
Molumbo,,85939544B56224707964526,MOZ,ADM2,hospitals,TIME,1800,under_5,1066,5.01,481,2.26
Molumbo,,85939544B56224707964526,MOZ,ADM2,hospitals,TIME,1800,women_childbearing,1237,5.01,558,2.26
Molumbo,,85939544B56224707964526,MOZ,ADM2,hospitals,TIME,2400,adults,13697,13.61,8657,8.6
Molumbo,,85939544B56224707964526,MOZ,ADM2,hospitals,TIME,2400,elderly,568,13.61,359,8.6
Molumbo,,85939544B56224707964526,MOZ,ADM2,hospitals,TIME,2400,school_age,8080,13.61,5107,8.6
Molumbo,,85939544B56224707964526,MOZ,ADM2,hospitals,TIME,2400,total,14376,13.61,9087,8.6
Molumbo,,85939544B56224707964526,MOZ,ADM2,hospitals,TIME,2400,under_5,2897,13.61,1831,8.6
Molumbo,,85939544B56224707964526,MOZ,ADM2,hospitals,TIME,2400,women_childbearing,3363,13.61,2126,8.6
Molumbo,,85939544B56224707964526,MOZ,ADM2,hospitals,TIME,3000,adults,19134,19.02,5437,5.4
Molumbo,,85939544B56224707964526,MOZ,ADM2,hospitals,TIME,3000,elderly,793,19.01,225,5.39
Molumbo,,85939544B56224707964526,MOZ,ADM2,hospitals,TIME,3000,school_age,11288,19.02,3208,5.4
Molumbo,,85939544B56224707964526,MOZ,ADM2,hospitals,TIME,3000,total,20083,19.02,5707,5.4
Molumbo,,85939544B56224707964526,MOZ,ADM2,hospitals,TIME,3000,under_5,4048,19.02,1151,5.41
Molumbo,,85939544B56224707964526,MOZ,ADM2,hospitals,TIME,3000,women_childbearing,4698,19.01,1335,5.4
Molumbo,,85939544B56224707964526,MOZ,ADM2,hospitals,TIME,3600,adults,23045,22.9,3911,3.89
Molumbo,,85939544B56224707964526,MOZ,ADM2,hospitals,TIME,3600,elderly,955,22.89,162,3.88
Molumbo,,85939544B56224707964526,MOZ,ADM2,hospitals,TIME,3600,school_age,13595,22.9,2307,3.89
Molumbo,,85939544B56224707964526,MOZ,ADM2,hospitals,TIME,3600,total,24187,22.9,4104,3.89
Molumbo,,85939544B56224707964526,MOZ,ADM2,hospitals,TIME,3600,under_5,4875,22.9,827,3.89
Molumbo,,85939544B56224707964526,MOZ,ADM2,hospitals,TIME,3600,women_childbearing,5658,22.9,960,3.89
Molumbo,,85939544B56224707964526,MOZ,ADM2,hospitals,TIME,4200,adults,29334,29.15,6289,6.25
Molumbo,,85939544B56224707964526,MOZ,ADM2,hospitals,TIME,4200,elderly,1216,29.15,261,6.26
Molumbo,,85939544B56224707964526,MOZ,ADM2,hospitals,TIME,4200,school_age,17305,29.15,3710,6.25
Molumbo,,85939544B56224707964526,MOZ,ADM2,hospitals,TIME,4200,total,30788,29.15,6601,6.25
Molumbo,,85939544B56224707964526,MOZ,ADM2,hospitals,TIME,4200,under_5,6206,29.15,1331,6.25
Molumbo,,85939544B56224707964526,MOZ,ADM2,hospitals,TIME,4200,women_childbearing,7203,29.15,1545,6.25
Molumbo,,85939544B56224707964526,MOZ,ADM2,hospitals,TIME,4800,adults,32215,32.02,2881,2.86
Molumbo,,85939544B56224707964526,MOZ,ADM2,hospitals,TIME,4800,elderly,1336,32.02,120,2.88
Molumbo,,85939544B56224707964526,MOZ,ADM2,hospitals,TIME,4800,school_age,19005,32.02,1700,2.86
Molumbo,,85939544B56224707964526,MOZ,ADM2,hospitals,TIME,4800,total,33811,32.02,3023,2.86
Molumbo,,85939544B56224707964526,MOZ,ADM2,hospitals,TIME,4800,under_5,6815,32.01,609,2.86
Molumbo,,85939544B56224707964526,MOZ,ADM2,hospitals,TIME,4800,women_childbearing,7910,32.02,707,2.86
Molumbo,,85939544B56224707964526,MOZ,ADM2,hospitals,TIME,5400,adults,35931,35.71,3716,3.69
Molumbo,,85939544B56224707964526,MOZ,ADM2,hospitals,TIME,5400,elderly,1490,35.71,154,3.69
Molumbo,,85939544B56224707964526,MOZ,ADM2,hospitals,TIME,5400,school_age,21197,35.71,2192,3.69
Molumbo,,85939544B56224707964526,MOZ,ADM2,hospitals,TIME,5400,total,37712,35.71,3901,3.69
Molumbo,,85939544B56224707964526,MOZ,ADM2,hospitals,TIME,5400,under_5,7601,35.71,786,3.69
Molumbo,,85939544B56224707964526,MOZ,ADM2,hospitals,TIME,5400,women_childbearing,8823,35.71,913,3.7
Molumbo,,85939544B56224707964526,MOZ,ADM2,hospitals,TIME,6000,adults,43082,42.82,7151,7.11
Molumbo,,85939544B56224707964526,MOZ,ADM2,hospitals,TIME,6000,elderly,1786,42.81,296,7.09
Molumbo,,85939544B56224707964526,MOZ,ADM2,hospitals,TIME,6000,school_age,25416,42.82,4219,7.11
Molumbo,,85939544B56224707964526,MOZ,ADM2,hospitals,TIME,6000,total,45218,42.82,7506,7.11
Molumbo,,85939544B56224707964526,MOZ,ADM2,hospitals,TIME,6000,under_5,9114,42.81,1513,7.11
Molumbo,,85939544B56224707964526,MOZ,ADM2,hospitals,TIME,6000,women_childbearing,10579,42.82,1756,7.11
Moma,,85939544B26201267157646,MOZ,ADM2,hospitals,TIME,600,adults,20574,6.53,20574,6.53
Moma,,85939544B26201267157646,MOZ,ADM2,hospitals,TIME,600,elderly,896,6.52,896,6.52
Moma,,85939544B26201267157646,MOZ,ADM2,hospitals,TIME,600,school_age,12019,6.53,12019,6.53
Moma,,85939544B26201267157646,MOZ,ADM2,hospitals,TIME,600,total,21638,6.53,21638,6.53
Moma,,85939544B26201267157646,MOZ,ADM2,hospitals,TIME,600,under_5,3602,6.53,3602,6.53
Moma,,85939544B26201267157646,MOZ,ADM2,hospitals,TIME,600,women_childbearing,5006,6.53,5006,6.53
Moma,,85939544B26201267157646,MOZ,ADM2,hospitals,TIME,1200,adults,21731,6.89,1157,0.37
Moma,,85939544B26201267157646,MOZ,ADM2,hospitals,TIME,1200,elderly,947,6.89,51,0.37
Moma,,85939544B26201267157646,MOZ,ADM2,hospitals,TIME,1200,school_age,12695,6.89,676,0.37
Moma,,85939544B26201267157646,MOZ,ADM2,hospitals,TIME,1200,total,22854,6.89,1216,0.37
Moma,,85939544B26201267157646,MOZ,ADM2,hospitals,TIME,1200,under_5,3804,6.89,202,0.37
Moma,,85939544B26201267157646,MOZ,ADM2,hospitals,TIME,1200,women_childbearing,5287,6.89,281,0.37
Moma,,85939544B26201267157646,MOZ,ADM2,hospitals,TIME,1800,adults,25139,7.97,3408,1.08
Moma,,85939544B26201267157646,MOZ,ADM2,hospitals,TIME,1800,elderly,1095,7.97,148,1.08
Moma,,85939544B26201267157646,MOZ,ADM2,hospitals,TIME,1800,school_age,14686,7.97,1991,1.08
Moma,,85939544B26201267157646,MOZ,ADM2,hospitals,TIME,1800,total,26438,7.97,3584,1.08
Moma,,85939544B26201267157646,MOZ,ADM2,hospitals,TIME,1800,under_5,4401,7.97,597,1.08
Moma,,85939544B26201267157646,MOZ,ADM2,hospitals,TIME,1800,women_childbearing,6117,7.97,830,1.08
Moma,,85939544B26201267157646,MOZ,ADM2,hospitals,TIME,2400,adults,29178,9.26,4039,1.28
Moma,,85939544B26201267157646,MOZ,ADM2,hospitals,TIME,2400,elderly,1271,9.25,176,1.28
Moma,,85939544B26201267157646,MOZ,ADM2,hospitals,TIME,2400,school_age,17046,9.26,2360,1.28
Moma,,85939544B26201267157646,MOZ,ADM2,hospitals,TIME,2400,total,30686,9.26,4248,1.28
Moma,,85939544B26201267157646,MOZ,ADM2,hospitals,TIME,2400,under_5,5108,9.25,707,1.28
Moma,,85939544B26201267157646,MOZ,ADM2,hospitals,TIME,2400,women_childbearing,7100,9.26,983,1.28
Moma,,85939544B26201267157646,MOZ,ADM2,hospitals,TIME,3000,adults,39858,12.64,10680,3.39
Moma,,85939544B26201267157646,MOZ,ADM2,hospitals,TIME,3000,elderly,1737,12.64,466,3.39
Moma,,85939544B26201267157646,MOZ,ADM2,hospitals,TIME,3000,school_age,23285,12.64,6239,3.39
Moma,,85939544B26201267157646,MOZ,ADM2,hospitals,TIME,3000,total,41918,12.64,11232,3.39
Moma,,85939544B26201267157646,MOZ,ADM2,hospitals,TIME,3000,under_5,6978,12.64,1870,3.39
Moma,,85939544B26201267157646,MOZ,ADM2,hospitals,TIME,3000,women_childbearing,9698,12.64,2598,3.39
Moma,,85939544B26201267157646,MOZ,ADM2,hospitals,TIME,3600,adults,59869,18.99,20011,6.35
Moma,,85939544B26201267157646,MOZ,ADM2,hospitals,TIME,3600,elderly,2609,18.99,872,6.35
Moma,,85939544B26201267157646,MOZ,ADM2,hospitals,TIME,3600,school_age,34976,18.99,11691,6.35
Moma,,85939544B26201267157646,MOZ,ADM2,hospitals,TIME,3600,total,62964,18.99,21046,6.35
Moma,,85939544B26201267157646,MOZ,ADM2,hospitals,TIME,3600,under_5,10482,18.99,3504,6.35
Moma,,85939544B26201267157646,MOZ,ADM2,hospitals,TIME,3600,women_childbearing,14568,18.99,4870,6.35
Moma,,85939544B26201267157646,MOZ,ADM2,hospitals,TIME,4200,adults,77380,24.55,17511,5.55
Moma,,85939544B26201267157646,MOZ,ADM2,hospitals,TIME,4200,elderly,3372,24.55,763,5.55
Moma,,85939544B26201267157646,MOZ,ADM2,hospitals,TIME,4200,school_age,45205,24.55,10229,5.55
Moma,,85939544B26201267157646,MOZ,ADM2,hospitals,TIME,4200,total,81379,24.55,18415,5.55
Moma,,85939544B26201267157646,MOZ,ADM2,hospitals,TIME,4200,under_5,13548,24.55,3066,5.55
Moma,,85939544B26201267157646,MOZ,ADM2,hospitals,TIME,4200,women_childbearing,18829,24.55,4261,5.55
Moma,,85939544B26201267157646,MOZ,ADM2,hospitals,TIME,4800,adults,103903,32.96,26523,8.41
Moma,,85939544B26201267157646,MOZ,ADM2,hospitals,TIME,4800,elderly,4528,32.96,1156,8.41
Moma,,85939544B26201267157646,MOZ,ADM2,hospitals,TIME,4800,school_age,60700,32.96,15495,8.41
Moma,,85939544B26201267157646,MOZ,ADM2,hospitals,TIME,4800,total,109274,32.96,27895,8.41
Moma,,85939544B26201267157646,MOZ,ADM2,hospitals,TIME,4800,under_5,18192,32.96,4644,8.41
Moma,,85939544B26201267157646,MOZ,ADM2,hospitals,TIME,4800,women_childbearing,25283,32.96,6454,8.41
Moma,,85939544B26201267157646,MOZ,ADM2,hospitals,TIME,5400,adults,135190,42.88,31287,9.92
Moma,,85939544B26201267157646,MOZ,ADM2,hospitals,TIME,5400,elderly,5891,42.88,1363,9.92
Moma,,85939544B26201267157646,MOZ,ADM2,hospitals,TIME,5400,school_age,78978,42.88,18278,9.92
Moma,,85939544B26201267157646,MOZ,ADM2,hospitals,TIME,5400,total,142178,42.88,32904,9.92
Moma,,85939544B26201267157646,MOZ,ADM2,hospitals,TIME,5400,under_5,23670,42.88,5478,9.92
Moma,,85939544B26201267157646,MOZ,ADM2,hospitals,TIME,5400,women_childbearing,32896,42.88,7613,9.92
Moma,,85939544B26201267157646,MOZ,ADM2,hospitals,TIME,6000,adults,156525,49.65,21335,6.77
Moma,,85939544B26201267157646,MOZ,ADM2,hospitals,TIME,6000,elderly,6821,49.65,930,6.77
Moma,,85939544B26201267157646,MOZ,ADM2,hospitals,TIME,6000,school_age,91442,49.65,12464,6.77
Moma,,85939544B26201267157646,MOZ,ADM2,hospitals,TIME,6000,total,164615,49.65,22437,6.77
Moma,,85939544B26201267157646,MOZ,ADM2,hospitals,TIME,6000,under_5,27405,49.65,3735,6.77
Moma,,85939544B26201267157646,MOZ,ADM2,hospitals,TIME,6000,women_childbearing,38087,49.65,5191,6.77
Monapo,,85939544B30642509050116,MOZ,ADM2,hospitals,TIME,2400,adults,36,0.01,36,0.01
Monapo,,85939544B30642509050116,MOZ,ADM2,hospitals,TIME,2400,elderly,1,0.01,1,0.01
Monapo,,85939544B30642509050116,MOZ,ADM2,hospitals,TIME,2400,school_age,21,0.01,21,0.01
Monapo,,85939544B30642509050116,MOZ,ADM2,hospitals,TIME,2400,total,37,0.01,37,0.01
Monapo,,85939544B30642509050116,MOZ,ADM2,hospitals,TIME,2400,under_5,6,0.01,6,0.01
Monapo,,85939544B30642509050116,MOZ,ADM2,hospitals,TIME,2400,women_childbearing,8,0.01,8,0.01
Monapo,,85939544B30642509050116,MOZ,ADM2,hospitals,TIME,3000,adults,2028,0.46,1992,0.45
Monapo,,85939544B30642509050116,MOZ,ADM2,hospitals,TIME,3000,elderly,72,0.45,71,0.45
Monapo,,85939544B30642509050116,MOZ,ADM2,hospitals,TIME,3000,school_age,1206,0.46,1185,0.45
Monapo,,85939544B30642509050116,MOZ,ADM2,hospitals,TIME,3000,total,2117,0.46,2080,0.45
Monapo,,85939544B30642509050116,MOZ,ADM2,hospitals,TIME,3000,under_5,361,0.46,355,0.45
Monapo,,85939544B30642509050116,MOZ,ADM2,hospitals,TIME,3000,women_childbearing,498,0.46,490,0.45
Monapo,,85939544B30642509050116,MOZ,ADM2,hospitals,TIME,3600,adults,4434,1.01,2406,0.55
Monapo,,85939544B30642509050116,MOZ,ADM2,hospitals,TIME,3600,elderly,159,1.0,87,0.55
Monapo,,85939544B30642509050116,MOZ,ADM2,hospitals,TIME,3600,school_age,2637,1.01,1431,0.55
Monapo,,85939544B30642509050116,MOZ,ADM2,hospitals,TIME,3600,total,4630,1.01,2513,0.55
Monapo,,85939544B30642509050116,MOZ,ADM2,hospitals,TIME,3600,under_5,790,1.01,429,0.55
Monapo,,85939544B30642509050116,MOZ,ADM2,hospitals,TIME,3600,women_childbearing,1089,1.01,591,0.55
Monapo,,85939544B30642509050116,MOZ,ADM2,hospitals,TIME,4200,adults,63264,14.37,58830,13.36
Monapo,,85939544B30642509050116,MOZ,ADM2,hospitals,TIME,4200,elderly,2276,14.36,2117,13.36
Monapo,,85939544B30642509050116,MOZ,ADM2,hospitals,TIME,4200,school_age,37623,14.37,34986,13.37
Monapo,,85939544B30642509050116,MOZ,ADM2,hospitals,TIME,4200,total,66050,14.37,61420,13.36
Monapo,,85939544B30642509050116,MOZ,ADM2,hospitals,TIME,4200,under_5,11270,14.37,10480,13.36
Monapo,,85939544B30642509050116,MOZ,ADM2,hospitals,TIME,4200,women_childbearing,15540,14.37,14451,13.36
Monapo,,85939544B30642509050116,MOZ,ADM2,hospitals,TIME,4800,adults,84598,19.22,21334,4.85
Monapo,,85939544B30642509050116,MOZ,ADM2,hospitals,TIME,4800,elderly,3043,19.2,767,4.84
Monapo,,85939544B30642509050116,MOZ,ADM2,hospitals,TIME,4800,school_age,50310,19.22,12687,4.85
Monapo,,85939544B30642509050116,MOZ,ADM2,hospitals,TIME,4800,total,88323,19.22,22273,4.85
Monapo,,85939544B30642509050116,MOZ,ADM2,hospitals,TIME,4800,under_5,15071,19.22,3801,4.85
Monapo,,85939544B30642509050116,MOZ,ADM2,hospitals,TIME,4800,women_childbearing,20781,19.22,5241,4.85
Monapo,,85939544B30642509050116,MOZ,ADM2,hospitals,TIME,5400,adults,103584,23.53,18986,4.31
Monapo,,85939544B30642509050116,MOZ,ADM2,hospitals,TIME,5400,elderly,3727,23.52,684,4.32
Monapo,,85939544B30642509050116,MOZ,ADM2,hospitals,TIME,5400,school_age,61601,23.53,11291,4.31
Monapo,,85939544B30642509050116,MOZ,ADM2,hospitals,TIME,5400,total,108145,23.53,19822,4.31
Monapo,,85939544B30642509050116,MOZ,ADM2,hospitals,TIME,5400,under_5,18453,23.53,3382,4.31
Monapo,,85939544B30642509050116,MOZ,ADM2,hospitals,TIME,5400,women_childbearing,25445,23.53,4664,4.31
Monapo,,85939544B30642509050116,MOZ,ADM2,hospitals,TIME,6000,adults,116993,26.58,13409,3.05
Monapo,,85939544B30642509050116,MOZ,ADM2,hospitals,TIME,6000,elderly,4216,26.6,489,3.09
Monapo,,85939544B30642509050116,MOZ,ADM2,hospitals,TIME,6000,school_age,69555,26.57,7954,3.04
Monapo,,85939544B30642509050116,MOZ,ADM2,hospitals,TIME,6000,total,122151,26.58,14006,3.05
Monapo,,85939544B30642509050116,MOZ,ADM2,hospitals,TIME,6000,under_5,20845,26.58,2392,3.05
Monapo,,85939544B30642509050116,MOZ,ADM2,hospitals,TIME,6000,women_childbearing,28743,26.58,3298,3.05
Montepuez,,85939544B74766547400417,MOZ,ADM2,hospitals,TIME,600,adults,92723,35.44,92723,35.44
Montepuez,,85939544B74766547400417,MOZ,ADM2,hospitals,TIME,600,elderly,3958,35.43,3958,35.43
Montepuez,,85939544B74766547400417,MOZ,ADM2,hospitals,TIME,600,school_age,50416,35.44,50416,35.44
Montepuez,,85939544B74766547400417,MOZ,ADM2,hospitals,TIME,600,total,97432,35.44,97432,35.44
Montepuez,,85939544B74766547400417,MOZ,ADM2,hospitals,TIME,600,under_5,15408,35.44,15408,35.44
Montepuez,,85939544B74766547400417,MOZ,ADM2,hospitals,TIME,600,women_childbearing,25010,35.44,25010,35.44
Montepuez,,85939544B74766547400417,MOZ,ADM2,hospitals,TIME,1200,adults,103486,39.55,10763,4.11
Montepuez,,85939544B74766547400417,MOZ,ADM2,hospitals,TIME,1200,elderly,4418,39.55,460,4.12
Montepuez,,85939544B74766547400417,MOZ,ADM2,hospitals,TIME,1200,school_age,56268,39.55,5852,4.11
Montepuez,,85939544B74766547400417,MOZ,ADM2,hospitals,TIME,1200,total,108742,39.55,11310,4.11
Montepuez,,85939544B74766547400417,MOZ,ADM2,hospitals,TIME,1200,under_5,17196,39.55,1788,4.11
Montepuez,,85939544B74766547400417,MOZ,ADM2,hospitals,TIME,1200,women_childbearing,27913,39.55,2903,4.11
Montepuez,,85939544B74766547400417,MOZ,ADM2,hospitals,TIME,1800,adults,120879,46.2,17393,6.65
Montepuez,,85939544B74766547400417,MOZ,ADM2,hospitals,TIME,1800,elderly,5160,46.2,742,6.64
Montepuez,,85939544B74766547400417,MOZ,ADM2,hospitals,TIME,1800,school_age,65725,46.2,9457,6.65
Montepuez,,85939544B74766547400417,MOZ,ADM2,hospitals,TIME,1800,total,127019,46.2,18277,6.65
Montepuez,,85939544B74766547400417,MOZ,ADM2,hospitals,TIME,1800,under_5,20087,46.2,2891,6.65
Montepuez,,85939544B74766547400417,MOZ,ADM2,hospitals,TIME,1800,women_childbearing,32604,46.2,4691,6.65
Montepuez,,85939544B74766547400417,MOZ,ADM2,hospitals,TIME,2400,adults,148211,56.65,27332,10.45
Montepuez,,85939544B74766547400417,MOZ,ADM2,hospitals,TIME,2400,elderly,6327,56.64,1167,10.45
Montepuez,,85939544B74766547400417,MOZ,ADM2,hospitals,TIME,2400,school_age,80586,56.65,14861,10.45
Montepuez,,85939544B74766547400417,MOZ,ADM2,hospitals,TIME,2400,total,155739,56.65,28720,10.45
Montepuez,,85939544B74766547400417,MOZ,ADM2,hospitals,TIME,2400,under_5,24629,56.65,4542,10.45
Montepuez,,85939544B74766547400417,MOZ,ADM2,hospitals,TIME,2400,women_childbearing,39976,56.65,7372,10.45
Montepuez,,85939544B74766547400417,MOZ,ADM2,hospitals,TIME,3000,adults,156296,59.74,8085,3.09
Montepuez,,85939544B74766547400417,MOZ,ADM2,hospitals,TIME,3000,elderly,6672,59.73,345,3.09
Montepuez,,85939544B74766547400417,MOZ,ADM2,hospitals,TIME,3000,school_age,84982,59.74,4396,3.09
Montepuez,,85939544B74766547400417,MOZ,ADM2,hospitals,TIME,3000,total,164235,59.74,8496,3.09
Montepuez,,85939544B74766547400417,MOZ,ADM2,hospitals,TIME,3000,under_5,25972,59.74,1343,3.09
Montepuez,,85939544B74766547400417,MOZ,ADM2,hospitals,TIME,3000,women_childbearing,42157,59.74,2181,3.09
Montepuez,,85939544B74766547400417,MOZ,ADM2,hospitals,TIME,3600,adults,168020,64.22,11724,4.48
Montepuez,,85939544B74766547400417,MOZ,ADM2,hospitals,TIME,3600,elderly,7173,64.22,501,4.49
Montepuez,,85939544B74766547400417,MOZ,ADM2,hospitals,TIME,3600,school_age,91357,64.22,6375,4.48
Montepuez,,85939544B74766547400417,MOZ,ADM2,hospitals,TIME,3600,total,176554,64.22,12319,4.48
Montepuez,,85939544B74766547400417,MOZ,ADM2,hospitals,TIME,3600,under_5,27920,64.22,1948,4.48
Montepuez,,85939544B74766547400417,MOZ,ADM2,hospitals,TIME,3600,women_childbearing,45319,64.22,3162,4.48
Montepuez,,85939544B74766547400417,MOZ,ADM2,hospitals,TIME,4200,adults,173953,66.49,5933,2.27
Montepuez,,85939544B74766547400417,MOZ,ADM2,hospitals,TIME,4200,elderly,7426,66.48,253,2.26
Montepuez,,85939544B74766547400417,MOZ,ADM2,hospitals,TIME,4200,school_age,94583,66.49,3226,2.27
Montepuez,,85939544B74766547400417,MOZ,ADM2,hospitals,TIME,4200,total,182788,66.49,6234,2.27
Montepuez,,85939544B74766547400417,MOZ,ADM2,hospitals,TIME,4200,under_5,28906,66.48,986,2.27
Montepuez,,85939544B74766547400417,MOZ,ADM2,hospitals,TIME,4200,women_childbearing,46920,66.49,1601,2.27
Montepuez,,85939544B74766547400417,MOZ,ADM2,hospitals,TIME,4800,adults,177383,67.8,3430,1.31
Montepuez,,85939544B74766547400417,MOZ,ADM2,hospitals,TIME,4800,elderly,7573,67.8,147,1.32
Montepuez,,85939544B74766547400417,MOZ,ADM2,hospitals,TIME,4800,school_age,96448,67.8,1865,1.31
Montepuez,,85939544B74766547400417,MOZ,ADM2,hospitals,TIME,4800,total,186393,67.8,3605,1.31
Montepuez,,85939544B74766547400417,MOZ,ADM2,hospitals,TIME,4800,under_5,29476,67.8,570,1.31
Montepuez,,85939544B74766547400417,MOZ,ADM2,hospitals,TIME,4800,women_childbearing,47845,67.8,925,1.31
Montepuez,,85939544B74766547400417,MOZ,ADM2,hospitals,TIME,5400,adults,184541,70.53,7158,2.74
Montepuez,,85939544B74766547400417,MOZ,ADM2,hospitals,TIME,5400,elderly,7878,70.53,305,2.73
Montepuez,,85939544B74766547400417,MOZ,ADM2,hospitals,TIME,5400,school_age,100340,70.53,3892,2.74
Montepuez,,85939544B74766547400417,MOZ,ADM2,hospitals,TIME,5400,total,193914,70.53,7521,2.74
Montepuez,,85939544B74766547400417,MOZ,ADM2,hospitals,TIME,5400,under_5,30666,70.53,1190,2.74
Montepuez,,85939544B74766547400417,MOZ,ADM2,hospitals,TIME,5400,women_childbearing,49776,70.54,1931,2.74
Montepuez,,85939544B74766547400417,MOZ,ADM2,hospitals,TIME,6000,adults,188818,72.17,4277,1.63
Montepuez,,85939544B74766547400417,MOZ,ADM2,hospitals,TIME,6000,elderly,8061,72.17,183,1.64
Montepuez,,85939544B74766547400417,MOZ,ADM2,hospitals,TIME,6000,school_age,102665,72.17,2325,1.63
Montepuez,,85939544B74766547400417,MOZ,ADM2,hospitals,TIME,6000,total,198408,72.17,4494,1.63
Montepuez,,85939544B74766547400417,MOZ,ADM2,hospitals,TIME,6000,under_5,31377,72.17,711,1.64
Montepuez,,85939544B74766547400417,MOZ,ADM2,hospitals,TIME,6000,women_childbearing,50929,72.17,1153,1.63
Mopeia,,85939544B50332228011696,MOZ,ADM2,hospitals,TIME,600,adults,18938,9.02,18938,9.02
Mopeia,,85939544B50332228011696,MOZ,ADM2,hospitals,TIME,600,elderly,632,9.0,632,9.0
Mopeia,,85939544B50332228011696,MOZ,ADM2,hospitals,TIME,600,school_age,11411,9.02,11411,9.02
Mopeia,,85939544B50332228011696,MOZ,ADM2,hospitals,TIME,600,total,19723,9.02,19723,9.02
Mopeia,,85939544B50332228011696,MOZ,ADM2,hospitals,TIME,600,under_5,3822,9.02,3822,9.02
Mopeia,,85939544B50332228011696,MOZ,ADM2,hospitals,TIME,600,women_childbearing,4557,9.02,4557,9.02
Mopeia,,85939544B50332228011696,MOZ,ADM2,hospitals,TIME,1200,adults,20773,9.89,1835,0.87
Mopeia,,85939544B50332228011696,MOZ,ADM2,hospitals,TIME,1200,elderly,694,9.89,62,0.88
Mopeia,,85939544B50332228011696,MOZ,ADM2,hospitals,TIME,1200,school_age,12517,9.89,1106,0.87
Mopeia,,85939544B50332228011696,MOZ,ADM2,hospitals,TIME,1200,total,21634,9.89,1911,0.87
Mopeia,,85939544B50332228011696,MOZ,ADM2,hospitals,TIME,1200,under_5,4192,9.89,370,0.87
Mopeia,,85939544B50332228011696,MOZ,ADM2,hospitals,TIME,1200,women_childbearing,4999,9.89,442,0.87
Mopeia,,85939544B50332228011696,MOZ,ADM2,hospitals,TIME,1800,adults,23346,11.12,2573,1.23
Mopeia,,85939544B50332228011696,MOZ,ADM2,hospitals,TIME,1800,elderly,780,11.11,86,1.23
Mopeia,,85939544B50332228011696,MOZ,ADM2,hospitals,TIME,1800,school_age,14067,11.12,1550,1.22
Mopeia,,85939544B50332228011696,MOZ,ADM2,hospitals,TIME,1800,total,24314,11.12,2680,1.23
Mopeia,,85939544B50332228011696,MOZ,ADM2,hospitals,TIME,1800,under_5,4711,11.12,519,1.22
Mopeia,,85939544B50332228011696,MOZ,ADM2,hospitals,TIME,1800,women_childbearing,5618,11.11,619,1.22
Mopeia,,85939544B50332228011696,MOZ,ADM2,hospitals,TIME,2400,adults,25265,12.03,1919,0.91
Mopeia,,85939544B50332228011696,MOZ,ADM2,hospitals,TIME,2400,elderly,844,12.02,64,0.91
Mopeia,,85939544B50332228011696,MOZ,ADM2,hospitals,TIME,2400,school_age,15223,12.03,1156,0.91
Mopeia,,85939544B50332228011696,MOZ,ADM2,hospitals,TIME,2400,total,26312,12.03,1998,0.91
Mopeia,,85939544B50332228011696,MOZ,ADM2,hospitals,TIME,2400,under_5,5098,12.03,387,0.91
Mopeia,,85939544B50332228011696,MOZ,ADM2,hospitals,TIME,2400,women_childbearing,6080,12.03,462,0.91
Mopeia,,85939544B50332228011696,MOZ,ADM2,hospitals,TIME,3000,adults,35889,17.09,10624,5.06
Mopeia,,85939544B50332228011696,MOZ,ADM2,hospitals,TIME,3000,elderly,1200,17.09,356,5.07
Mopeia,,85939544B50332228011696,MOZ,ADM2,hospitals,TIME,3000,school_age,21623,17.09,6400,5.06
Mopeia,,85939544B50332228011696,MOZ,ADM2,hospitals,TIME,3000,total,37377,17.09,11065,5.06
Mopeia,,85939544B50332228011696,MOZ,ADM2,hospitals,TIME,3000,under_5,7241,17.09,2143,5.06
Mopeia,,85939544B50332228011696,MOZ,ADM2,hospitals,TIME,3000,women_childbearing,8638,17.09,2558,5.06
Mopeia,,85939544B50332228011696,MOZ,ADM2,hospitals,TIME,3600,adults,43029,20.49,7140,3.4
Mopeia,,85939544B50332228011696,MOZ,ADM2,hospitals,TIME,3600,elderly,1439,20.5,239,3.4
Mopeia,,85939544B50332228011696,MOZ,ADM2,hospitals,TIME,3600,school_age,25926,20.49,4303,3.4
Mopeia,,85939544B50332228011696,MOZ,ADM2,hospitals,TIME,3600,total,44814,20.49,7437,3.4
Mopeia,,85939544B50332228011696,MOZ,ADM2,hospitals,TIME,3600,under_5,8682,20.49,1441,3.4
Mopeia,,85939544B50332228011696,MOZ,ADM2,hospitals,TIME,3600,women_childbearing,10357,20.49,1719,3.4
Mopeia,,85939544B50332228011696,MOZ,ADM2,hospitals,TIME,4200,adults,62749,29.88,19720,9.39
Mopeia,,85939544B50332228011696,MOZ,ADM2,hospitals,TIME,4200,elderly,2098,29.89,659,9.39
Mopeia,,85939544B50332228011696,MOZ,ADM2,hospitals,TIME,4200,school_age,37808,29.88,11882,9.39
Mopeia,,85939544B50332228011696,MOZ,ADM2,hospitals,TIME,4200,total,65351,29.88,20537,9.39
Mopeia,,85939544B50332228011696,MOZ,ADM2,hospitals,TIME,4200,under_5,12662,29.88,3980,9.39
Mopeia,,85939544B50332228011696,MOZ,ADM2,hospitals,TIME,4200,women_childbearing,15102,29.88,4745,9.39
Mopeia,,85939544B50332228011696,MOZ,ADM2,hospitals,TIME,4800,adults,81516,38.82,18767,8.94
Mopeia,,85939544B50332228011696,MOZ,ADM2,hospitals,TIME,4800,elderly,2725,38.82,627,8.93
Mopeia,,85939544B50332228011696,MOZ,ADM2,hospitals,TIME,4800,school_age,49116,38.82,11308,8.94
Mopeia,,85939544B50332228011696,MOZ,ADM2,hospitals,TIME,4800,total,84895,38.82,19544,8.94
Mopeia,,85939544B50332228011696,MOZ,ADM2,hospitals,TIME,4800,under_5,16449,38.82,3787,8.94
Mopeia,,85939544B50332228011696,MOZ,ADM2,hospitals,TIME,4800,women_childbearing,19619,38.81,4517,8.94
Mopeia,,85939544B50332228011696,MOZ,ADM2,hospitals,TIME,5400,adults,90485,43.09,8969,4.27
Mopeia,,85939544B50332228011696,MOZ,ADM2,hospitals,TIME,5400,elderly,3024,43.08,299,4.26
Mopeia,,85939544B50332228011696,MOZ,ADM2,hospitals,TIME,5400,school_age,54521,43.09,5405,4.27
Mopeia,,85939544B50332228011696,MOZ,ADM2,hospitals,TIME,5400,total,94237,43.09,9342,4.27
Mopeia,,85939544B50332228011696,MOZ,ADM2,hospitals,TIME,5400,under_5,18259,43.09,1810,4.27
Mopeia,,85939544B50332228011696,MOZ,ADM2,hospitals,TIME,5400,women_childbearing,21778,43.09,2159,4.27
Mopeia,,85939544B50332228011696,MOZ,ADM2,hospitals,TIME,6000,adults,95495,45.47,5010,2.39
Mopeia,,85939544B50332228011696,MOZ,ADM2,hospitals,TIME,6000,elderly,3192,45.47,168,2.39
Mopeia,,85939544B50332228011696,MOZ,ADM2,hospitals,TIME,6000,school_age,57539,45.47,3018,2.39
Mopeia,,85939544B50332228011696,MOZ,ADM2,hospitals,TIME,6000,total,99454,45.47,5217,2.39
Mopeia,,85939544B50332228011696,MOZ,ADM2,hospitals,TIME,6000,under_5,19270,45.47,1011,2.39
Mopeia,,85939544B50332228011696,MOZ,ADM2,hospitals,TIME,6000,women_childbearing,22983,45.47,1205,2.38
Morrumbala,,85939544B61462515035200,MOZ,ADM2,hospitals,TIME,600,adults,52925,10.9,52925,10.9
Morrumbala,,85939544B61462515035200,MOZ,ADM2,hospitals,TIME,600,elderly,2006,10.9,2006,10.9
Morrumbala,,85939544B61462515035200,MOZ,ADM2,hospitals,TIME,600,school_age,32029,10.9,32029,10.9
Morrumbala,,85939544B61462515035200,MOZ,ADM2,hospitals,TIME,600,total,55357,10.9,55357,10.9
Morrumbala,,85939544B61462515035200,MOZ,ADM2,hospitals,TIME,600,under_5,11382,10.9,11382,10.9
Morrumbala,,85939544B61462515035200,MOZ,ADM2,hospitals,TIME,600,women_childbearing,12625,10.9,12625,10.9
Morrumbala,,85939544B61462515035200,MOZ,ADM2,hospitals,TIME,1200,adults,67521,13.91,14596,3.01
Morrumbala,,85939544B61462515035200,MOZ,ADM2,hospitals,TIME,1200,elderly,2559,13.91,553,3.0
Morrumbala,,85939544B61462515035200,MOZ,ADM2,hospitals,TIME,1200,school_age,40862,13.91,8833,3.01
Morrumbala,,85939544B61462515035200,MOZ,ADM2,hospitals,TIME,1200,total,70624,13.91,15267,3.01
Morrumbala,,85939544B61462515035200,MOZ,ADM2,hospitals,TIME,1200,under_5,14521,13.91,3139,3.01
Morrumbala,,85939544B61462515035200,MOZ,ADM2,hospitals,TIME,1200,women_childbearing,16107,13.91,3482,3.01
Morrumbala,,85939544B61462515035200,MOZ,ADM2,hospitals,TIME,1800,adults,81430,16.77,13909,2.86
Morrumbala,,85939544B61462515035200,MOZ,ADM2,hospitals,TIME,1800,elderly,3086,16.77,527,2.86
Morrumbala,,85939544B61462515035200,MOZ,ADM2,hospitals,TIME,1800,school_age,49279,16.77,8417,2.86
Morrumbala,,85939544B61462515035200,MOZ,ADM2,hospitals,TIME,1800,total,85173,16.77,14549,2.86
Morrumbala,,85939544B61462515035200,MOZ,ADM2,hospitals,TIME,1800,under_5,17512,16.77,2991,2.86
Morrumbala,,85939544B61462515035200,MOZ,ADM2,hospitals,TIME,1800,women_childbearing,19426,16.77,3319,2.87
Morrumbala,,85939544B61462515035200,MOZ,ADM2,hospitals,TIME,2400,adults,105913,21.81,24483,5.04
Morrumbala,,85939544B61462515035200,MOZ,ADM2,hospitals,TIME,2400,elderly,4014,21.81,928,5.04
Morrumbala,,85939544B61462515035200,MOZ,ADM2,hospitals,TIME,2400,school_age,64096,21.81,14817,5.04
Morrumbala,,85939544B61462515035200,MOZ,ADM2,hospitals,TIME,2400,total,110781,21.81,25608,5.04
Morrumbala,,85939544B61462515035200,MOZ,ADM2,hospitals,TIME,2400,under_5,22777,21.81,5265,5.04
Morrumbala,,85939544B61462515035200,MOZ,ADM2,hospitals,TIME,2400,women_childbearing,25266,21.81,5840,5.04
Morrumbala,,85939544B61462515035200,MOZ,ADM2,hospitals,TIME,3000,adults,129643,26.7,23730,4.89
Morrumbala,,85939544B61462515035200,MOZ,ADM2,hospitals,TIME,3000,elderly,4914,26.7,900,4.89
Morrumbala,,85939544B61462515035200,MOZ,ADM2,hospitals,TIME,3000,school_age,78456,26.7,14360,4.89
Morrumbala,,85939544B61462515035200,MOZ,ADM2,hospitals,TIME,3000,total,135602,26.7,24821,4.89
Morrumbala,,85939544B61462515035200,MOZ,ADM2,hospitals,TIME,3000,under_5,27881,26.7,5104,4.89
Morrumbala,,85939544B61462515035200,MOZ,ADM2,hospitals,TIME,3000,women_childbearing,30927,26.7,5661,4.89
Morrumbala,,85939544B61462515035200,MOZ,ADM2,hospitals,TIME,3600,adults,169979,35.01,40336,8.31
Morrumbala,,85939544B61462515035200,MOZ,ADM2,hospitals,TIME,3600,elderly,6442,35.01,1528,8.3
Morrumbala,,85939544B61462515035200,MOZ,ADM2,hospitals,TIME,3600,school_age,102866,35.01,24410,8.31
Morrumbala,,85939544B61462515035200,MOZ,ADM2,hospitals,TIME,3600,total,177791,35.01,42189,8.31
Morrumbala,,85939544B61462515035200,MOZ,ADM2,hospitals,TIME,3600,under_5,36554,35.01,8673,8.31
Morrumbala,,85939544B61462515035200,MOZ,ADM2,hospitals,TIME,3600,women_childbearing,40550,35.01,9623,8.31
Morrumbala,,85939544B61462515035200,MOZ,ADM2,hospitals,TIME,4200,adults,198861,40.96,28882,5.95
Morrumbala,,85939544B61462515035200,MOZ,ADM2,hospitals,TIME,4200,elderly,7537,40.96,1095,5.95
Morrumbala,,85939544B61462515035200,MOZ,ADM2,hospitals,TIME,4200,school_age,120345,40.96,17479,5.95
Morrumbala,,85939544B61462515035200,MOZ,ADM2,hospitals,TIME,4200,total,208001,40.96,30210,5.95
Morrumbala,,85939544B61462515035200,MOZ,ADM2,hospitals,TIME,4200,under_5,42765,40.96,6211,5.95
Morrumbala,,85939544B61462515035200,MOZ,ADM2,hospitals,TIME,4200,women_childbearing,47440,40.96,6890,5.95
Morrumbala,,85939544B61462515035200,MOZ,ADM2,hospitals,TIME,4800,adults,228192,47.0,29331,6.04
Morrumbala,,85939544B61462515035200,MOZ,ADM2,hospitals,TIME,4800,elderly,8648,46.99,1111,6.04
Morrumbala,,85939544B61462515035200,MOZ,ADM2,hospitals,TIME,4800,school_age,138095,47.0,17750,6.04
Morrumbala,,85939544B61462515035200,MOZ,ADM2,hospitals,TIME,4800,total,238680,47.0,30679,6.04
Morrumbala,,85939544B61462515035200,MOZ,ADM2,hospitals,TIME,4800,under_5,49073,47.0,6308,6.04
Morrumbala,,85939544B61462515035200,MOZ,ADM2,hospitals,TIME,4800,women_childbearing,54437,47.0,6997,6.04
Morrumbala,,85939544B61462515035200,MOZ,ADM2,hospitals,TIME,5400,adults,239560,49.34,11368,2.34
Morrumbala,,85939544B61462515035200,MOZ,ADM2,hospitals,TIME,5400,elderly,9079,49.33,431,2.34
Morrumbala,,85939544B61462515035200,MOZ,ADM2,hospitals,TIME,5400,school_age,144975,49.34,6880,2.34
Morrumbala,,85939544B61462515035200,MOZ,ADM2,hospitals,TIME,5400,total,250571,49.34,11891,2.34
Morrumbala,,85939544B61462515035200,MOZ,ADM2,hospitals,TIME,5400,under_5,51518,49.34,2445,2.34
Morrumbala,,85939544B61462515035200,MOZ,ADM2,hospitals,TIME,5400,women_childbearing,57150,49.34,2713,2.34
Morrumbala,,85939544B61462515035200,MOZ,ADM2,hospitals,TIME,6000,adults,262147,53.99,22587,4.65
Morrumbala,,85939544B61462515035200,MOZ,ADM2,hospitals,TIME,6000,elderly,9935,53.99,856,4.65
Morrumbala,,85939544B61462515035200,MOZ,ADM2,hospitals,TIME,6000,school_age,158644,53.99,13669,4.65
Morrumbala,,85939544B61462515035200,MOZ,ADM2,hospitals,TIME,6000,total,274196,53.99,23625,4.65
Morrumbala,,85939544B61462515035200,MOZ,ADM2,hospitals,TIME,6000,under_5,56375,53.99,4857,4.65
Morrumbala,,85939544B61462515035200,MOZ,ADM2,hospitals,TIME,6000,women_childbearing,62538,53.99,5388,4.65
Morrumbene,,85939544B85400452133709,MOZ,ADM2,hospitals,TIME,2400,adults,2642,2.02,2642,2.02
Morrumbene,,85939544B85400452133709,MOZ,ADM2,hospitals,TIME,2400,elderly,257,2.01,257,2.01
Morrumbene,,85939544B85400452133709,MOZ,ADM2,hospitals,TIME,2400,school_age,1560,2.02,1560,2.02
Morrumbene,,85939544B85400452133709,MOZ,ADM2,hospitals,TIME,2400,total,2922,2.02,2922,2.02
Morrumbene,,85939544B85400452133709,MOZ,ADM2,hospitals,TIME,2400,under_5,400,2.02,400,2.02
Morrumbene,,85939544B85400452133709,MOZ,ADM2,hospitals,TIME,2400,women_childbearing,740,2.02,740,2.02
Morrumbene,,85939544B85400452133709,MOZ,ADM2,hospitals,TIME,3000,adults,14251,10.9,11609,8.88
Morrumbene,,85939544B85400452133709,MOZ,ADM2,hospitals,TIME,3000,elderly,1390,10.89,1133,8.88
Morrumbene,,85939544B85400452133709,MOZ,ADM2,hospitals,TIME,3000,school_age,8418,10.9,6858,8.88
Morrumbene,,85939544B85400452133709,MOZ,ADM2,hospitals,TIME,3000,total,15763,10.9,12841,8.88
Morrumbene,,85939544B85400452133709,MOZ,ADM2,hospitals,TIME,3000,under_5,2159,10.89,1759,8.88
Morrumbene,,85939544B85400452133709,MOZ,ADM2,hospitals,TIME,3000,women_childbearing,3995,10.9,3255,8.88
Morrumbene,,85939544B85400452133709,MOZ,ADM2,hospitals,TIME,3600,adults,24977,19.1,10726,8.2
Morrumbene,,85939544B85400452133709,MOZ,ADM2,hospitals,TIME,3600,elderly,2437,19.1,1047,8.21
Morrumbene,,85939544B85400452133709,MOZ,ADM2,hospitals,TIME,3600,school_age,14753,19.1,6335,8.2
Morrumbene,,85939544B85400452133709,MOZ,ADM2,hospitals,TIME,3600,total,27627,19.1,11864,8.2
Morrumbene,,85939544B85400452133709,MOZ,ADM2,hospitals,TIME,3600,under_5,3784,19.09,1625,8.2
Morrumbene,,85939544B85400452133709,MOZ,ADM2,hospitals,TIME,3600,women_childbearing,7002,19.1,3007,8.2
Morrumbene,,85939544B85400452133709,MOZ,ADM2,hospitals,TIME,4200,adults,30092,23.01,5115,3.91
Morrumbene,,85939544B85400452133709,MOZ,ADM2,hospitals,TIME,4200,elderly,2936,23.01,499,3.91
Morrumbene,,85939544B85400452133709,MOZ,ADM2,hospitals,TIME,4200,school_age,17775,23.01,3022,3.91
Morrumbene,,85939544B85400452133709,MOZ,ADM2,hospitals,TIME,4200,total,33285,23.01,5658,3.91
Morrumbene,,85939544B85400452133709,MOZ,ADM2,hospitals,TIME,4200,under_5,4559,23.01,775,3.91
Morrumbene,,85939544B85400452133709,MOZ,ADM2,hospitals,TIME,4200,women_childbearing,8436,23.01,1434,3.91
Morrumbene,,85939544B85400452133709,MOZ,ADM2,hospitals,TIME,4800,adults,35017,26.78,4925,3.77
Morrumbene,,85939544B85400452133709,MOZ,ADM2,hospitals,TIME,4800,elderly,3416,26.77,480,3.76
Morrumbene,,85939544B85400452133709,MOZ,ADM2,hospitals,TIME,4800,school_age,20684,26.78,2909,3.77
Morrumbene,,85939544B85400452133709,MOZ,ADM2,hospitals,TIME,4800,total,38732,26.78,5447,3.77
Morrumbene,,85939544B85400452133709,MOZ,ADM2,hospitals,TIME,4800,under_5,5306,26.77,747,3.77
Morrumbene,,85939544B85400452133709,MOZ,ADM2,hospitals,TIME,4800,women_childbearing,9817,26.78,1381,3.77
Morrumbene,,85939544B85400452133709,MOZ,ADM2,hospitals,TIME,5400,adults,69065,52.81,34048,26.03
Morrumbene,,85939544B85400452133709,MOZ,ADM2,hospitals,TIME,5400,elderly,6738,52.81,3322,26.03
Morrumbene,,85939544B85400452133709,MOZ,ADM2,hospitals,TIME,5400,school_age,40795,52.81,20111,26.03
Morrumbene,,85939544B85400452133709,MOZ,ADM2,hospitals,TIME,5400,total,76392,52.81,37660,26.03
Morrumbene,,85939544B85400452133709,MOZ,ADM2,hospitals,TIME,5400,under_5,10465,52.81,5159,26.03
Morrumbene,,85939544B85400452133709,MOZ,ADM2,hospitals,TIME,5400,women_childbearing,19362,52.81,9545,26.03
Morrumbene,,85939544B85400452133709,MOZ,ADM2,hospitals,TIME,6000,adults,70791,54.13,1726,1.32
Morrumbene,,85939544B85400452133709,MOZ,ADM2,hospitals,TIME,6000,elderly,6907,54.13,169,1.32
Morrumbene,,85939544B85400452133709,MOZ,ADM2,hospitals,TIME,6000,school_age,41815,54.13,1020,1.32
Morrumbene,,85939544B85400452133709,MOZ,ADM2,hospitals,TIME,6000,total,78302,54.13,1910,1.32
Morrumbene,,85939544B85400452133709,MOZ,ADM2,hospitals,TIME,6000,under_5,10727,54.13,262,1.32
Morrumbene,,85939544B85400452133709,MOZ,ADM2,hospitals,TIME,6000,women_childbearing,19846,54.13,484,1.32
Mossuril,,85939544B64339198961844,MOZ,ADM2,hospitals,TIME,600,adults,15,0.01,15,0.01
Mossuril,,85939544B64339198961844,MOZ,ADM2,hospitals,TIME,600,elderly,1,0.01,1,0.01
Mossuril,,85939544B64339198961844,MOZ,ADM2,hospitals,TIME,600,school_age,8,0.01,8,0.01
Mossuril,,85939544B64339198961844,MOZ,ADM2,hospitals,TIME,600,total,16,0.01,16,0.01
Mossuril,,85939544B64339198961844,MOZ,ADM2,hospitals,TIME,600,under_5,2,0.01,2,0.01
Mossuril,,85939544B64339198961844,MOZ,ADM2,hospitals,TIME,600,women_childbearing,3,0.01,3,0.01
Mossuril,,85939544B64339198961844,MOZ,ADM2,hospitals,TIME,1200,adults,1415,1.03,1400,1.02
Mossuril,,85939544B64339198961844,MOZ,ADM2,hospitals,TIME,1200,elderly,114,1.02,113,1.02
Mossuril,,85939544B64339198961844,MOZ,ADM2,hospitals,TIME,1200,school_age,801,1.03,793,1.02
Mossuril,,85939544B64339198961844,MOZ,ADM2,hospitals,TIME,1200,total,1541,1.03,1525,1.02
Mossuril,,85939544B64339198961844,MOZ,ADM2,hospitals,TIME,1200,under_5,267,1.03,265,1.02
Mossuril,,85939544B64339198961844,MOZ,ADM2,hospitals,TIME,1200,women_childbearing,350,1.03,347,1.02
Mossuril,,85939544B64339198961844,MOZ,ADM2,hospitals,TIME,1800,adults,3695,2.68,2280,1.65
Mossuril,,85939544B64339198961844,MOZ,ADM2,hospitals,TIME,1800,elderly,298,2.68,184,1.65
Mossuril,,85939544B64339198961844,MOZ,ADM2,hospitals,TIME,1800,school_age,2093,2.68,1292,1.65
Mossuril,,85939544B64339198961844,MOZ,ADM2,hospitals,TIME,1800,total,4024,2.68,2483,1.65
Mossuril,,85939544B64339198961844,MOZ,ADM2,hospitals,TIME,1800,under_5,697,2.68,430,1.65
Mossuril,,85939544B64339198961844,MOZ,ADM2,hospitals,TIME,1800,women_childbearing,914,2.68,564,1.65
Mossuril,,85939544B64339198961844,MOZ,ADM2,hospitals,TIME,2400,adults,7392,5.36,3697,2.68
Mossuril,,85939544B64339198961844,MOZ,ADM2,hospitals,TIME,2400,elderly,596,5.36,298,2.68
Mossuril,,85939544B64339198961844,MOZ,ADM2,hospitals,TIME,2400,school_age,4188,5.36,2095,2.68
Mossuril,,85939544B64339198961844,MOZ,ADM2,hospitals,TIME,2400,total,8051,5.36,4027,2.68
Mossuril,,85939544B64339198961844,MOZ,ADM2,hospitals,TIME,2400,under_5,1395,5.36,698,2.68
Mossuril,,85939544B64339198961844,MOZ,ADM2,hospitals,TIME,2400,women_childbearing,1829,5.36,915,2.68
Mossuril,,85939544B64339198961844,MOZ,ADM2,hospitals,TIME,3000,adults,10273,7.46,2881,2.09
Mossuril,,85939544B64339198961844,MOZ,ADM2,hospitals,TIME,3000,elderly,829,7.45,233,2.09
Mossuril,,85939544B64339198961844,MOZ,ADM2,hospitals,TIME,3000,school_age,5820,7.46,1632,2.09
Mossuril,,85939544B64339198961844,MOZ,ADM2,hospitals,TIME,3000,total,11188,7.45,3137,2.09
Mossuril,,85939544B64339198961844,MOZ,ADM2,hospitals,TIME,3000,under_5,1938,7.45,543,2.09
Mossuril,,85939544B64339198961844,MOZ,ADM2,hospitals,TIME,3000,women_childbearing,2542,7.45,713,2.09
Mossuril,,85939544B64339198961844,MOZ,ADM2,hospitals,TIME,3600,adults,11703,8.49,1430,1.04
Mossuril,,85939544B64339198961844,MOZ,ADM2,hospitals,TIME,3600,elderly,944,8.48,115,1.03
Mossuril,,85939544B64339198961844,MOZ,ADM2,hospitals,TIME,3600,school_age,6630,8.49,810,1.04
Mossuril,,85939544B64339198961844,MOZ,ADM2,hospitals,TIME,3600,total,12746,8.49,1558,1.04
Mossuril,,85939544B64339198961844,MOZ,ADM2,hospitals,TIME,3600,under_5,2208,8.49,270,1.04
Mossuril,,85939544B64339198961844,MOZ,ADM2,hospitals,TIME,3600,women_childbearing,2896,8.49,354,1.04
Mossuril,,85939544B64339198961844,MOZ,ADM2,hospitals,TIME,4200,adults,18347,13.31,6644,4.82
Mossuril,,85939544B64339198961844,MOZ,ADM2,hospitals,TIME,4200,elderly,1481,13.31,537,4.83
Mossuril,,85939544B64339198961844,MOZ,ADM2,hospitals,TIME,4200,school_age,10395,13.32,3765,4.82
Mossuril,,85939544B64339198961844,MOZ,ADM2,hospitals,TIME,4200,total,19982,13.31,7236,4.82
Mossuril,,85939544B64339198961844,MOZ,ADM2,hospitals,TIME,4200,under_5,3462,13.31,1254,4.82
Mossuril,,85939544B64339198961844,MOZ,ADM2,hospitals,TIME,4200,women_childbearing,4540,13.31,1644,4.82
Mossuril,,85939544B64339198961844,MOZ,ADM2,hospitals,TIME,4800,adults,24940,18.1,6593,4.78
Mossuril,,85939544B64339198961844,MOZ,ADM2,hospitals,TIME,4800,elderly,2014,18.1,533,4.79
Mossuril,,85939544B64339198961844,MOZ,ADM2,hospitals,TIME,4800,school_age,14130,18.1,3735,4.78
Mossuril,,85939544B64339198961844,MOZ,ADM2,hospitals,TIME,4800,total,27164,18.1,7182,4.79
Mossuril,,85939544B64339198961844,MOZ,ADM2,hospitals,TIME,4800,under_5,4707,18.1,1245,4.79
Mossuril,,85939544B64339198961844,MOZ,ADM2,hospitals,TIME,4800,women_childbearing,6171,18.1,1631,4.78
Mossuril,,85939544B64339198961844,MOZ,ADM2,hospitals,TIME,5400,adults,27486,19.95,2546,1.85
Mossuril,,85939544B64339198961844,MOZ,ADM2,hospitals,TIME,5400,elderly,2218,19.94,204,1.83
Mossuril,,85939544B64339198961844,MOZ,ADM2,hospitals,TIME,5400,school_age,15572,19.95,1442,1.85
Mossuril,,85939544B64339198961844,MOZ,ADM2,hospitals,TIME,5400,total,29935,19.95,2771,1.85
Mossuril,,85939544B64339198961844,MOZ,ADM2,hospitals,TIME,5400,under_5,5186,19.94,479,1.84
Mossuril,,85939544B64339198961844,MOZ,ADM2,hospitals,TIME,5400,women_childbearing,6802,19.95,631,1.85
Mossuril,,85939544B64339198961844,MOZ,ADM2,hospitals,TIME,6000,adults,28690,20.82,1204,0.87
Mossuril,,85939544B64339198961844,MOZ,ADM2,hospitals,TIME,6000,elderly,2315,20.81,97,0.87
Mossuril,,85939544B64339198961844,MOZ,ADM2,hospitals,TIME,6000,school_age,16254,20.82,682,0.87
Mossuril,,85939544B64339198961844,MOZ,ADM2,hospitals,TIME,6000,total,31247,20.82,1312,0.87
Mossuril,,85939544B64339198961844,MOZ,ADM2,hospitals,TIME,6000,under_5,5413,20.81,227,0.87
Mossuril,,85939544B64339198961844,MOZ,ADM2,hospitals,TIME,6000,women_childbearing,7100,20.82,298,0.87
Mossurize,,85939544B24800488676804,MOZ,ADM2,hospitals,TIME,600,adults,6106,1.77,6106,1.77
Mossurize,,85939544B24800488676804,MOZ,ADM2,hospitals,TIME,600,elderly,295,1.77,295,1.77
Mossurize,,85939544B24800488676804,MOZ,ADM2,hospitals,TIME,600,school_age,3577,1.77,3577,1.77
Mossurize,,85939544B24800488676804,MOZ,ADM2,hospitals,TIME,600,total,6450,1.77,6450,1.77
Mossurize,,85939544B24800488676804,MOZ,ADM2,hospitals,TIME,600,under_5,1068,1.77,1068,1.77
Mossurize,,85939544B24800488676804,MOZ,ADM2,hospitals,TIME,600,women_childbearing,1749,1.77,1749,1.77
Mossurize,,85939544B24800488676804,MOZ,ADM2,hospitals,TIME,1200,adults,7127,2.07,1021,0.3
Mossurize,,85939544B24800488676804,MOZ,ADM2,hospitals,TIME,1200,elderly,344,2.06,49,0.29
Mossurize,,85939544B24800488676804,MOZ,ADM2,hospitals,TIME,1200,school_age,4176,2.07,599,0.3
Mossurize,,85939544B24800488676804,MOZ,ADM2,hospitals,TIME,1200,total,7530,2.07,1080,0.3
Mossurize,,85939544B24800488676804,MOZ,ADM2,hospitals,TIME,1200,under_5,1247,2.07,179,0.3
Mossurize,,85939544B24800488676804,MOZ,ADM2,hospitals,TIME,1200,women_childbearing,2042,2.07,293,0.3
Mossurize,,85939544B24800488676804,MOZ,ADM2,hospitals,TIME,1800,adults,11695,3.39,4568,1.32
Mossurize,,85939544B24800488676804,MOZ,ADM2,hospitals,TIME,1800,elderly,565,3.39,221,1.33
Mossurize,,85939544B24800488676804,MOZ,ADM2,hospitals,TIME,1800,school_age,6852,3.39,2676,1.32
Mossurize,,85939544B24800488676804,MOZ,ADM2,hospitals,TIME,1800,total,12356,3.39,4826,1.32
Mossurize,,85939544B24800488676804,MOZ,ADM2,hospitals,TIME,1800,under_5,2046,3.39,799,1.32
Mossurize,,85939544B24800488676804,MOZ,ADM2,hospitals,TIME,1800,women_childbearing,3351,3.39,1309,1.32
Mossurize,,85939544B24800488676804,MOZ,ADM2,hospitals,TIME,2400,adults,24242,7.03,12547,3.64
Mossurize,,85939544B24800488676804,MOZ,ADM2,hospitals,TIME,2400,elderly,1171,7.03,606,3.64
Mossurize,,85939544B24800488676804,MOZ,ADM2,hospitals,TIME,2400,school_age,14203,7.03,7351,3.64
Mossurize,,85939544B24800488676804,MOZ,ADM2,hospitals,TIME,2400,total,25611,7.03,13255,3.64
Mossurize,,85939544B24800488676804,MOZ,ADM2,hospitals,TIME,2400,under_5,4242,7.03,2196,3.64
Mossurize,,85939544B24800488676804,MOZ,ADM2,hospitals,TIME,2400,women_childbearing,6946,7.03,3595,3.64
Mossurize,,85939544B24800488676804,MOZ,ADM2,hospitals,TIME,3000,adults,34073,9.88,9831,2.85
Mossurize,,85939544B24800488676804,MOZ,ADM2,hospitals,TIME,3000,elderly,1646,9.88,475,2.85
Mossurize,,85939544B24800488676804,MOZ,ADM2,hospitals,TIME,3000,school_age,19963,9.88,5760,2.85
Mossurize,,85939544B24800488676804,MOZ,ADM2,hospitals,TIME,3000,total,35997,9.88,10386,2.85
Mossurize,,85939544B24800488676804,MOZ,ADM2,hospitals,TIME,3000,under_5,5962,9.88,1720,2.85
Mossurize,,85939544B24800488676804,MOZ,ADM2,hospitals,TIME,3000,women_childbearing,9764,9.88,2818,2.85
Mossurize,,85939544B24800488676804,MOZ,ADM2,hospitals,TIME,3600,adults,63995,18.56,29922,8.68
Mossurize,,85939544B24800488676804,MOZ,ADM2,hospitals,TIME,3600,elderly,3092,18.55,1446,8.68
Mossurize,,85939544B24800488676804,MOZ,ADM2,hospitals,TIME,3600,school_age,37495,18.56,17532,8.68
Mossurize,,85939544B24800488676804,MOZ,ADM2,hospitals,TIME,3600,total,67609,18.56,31612,8.68
Mossurize,,85939544B24800488676804,MOZ,ADM2,hospitals,TIME,3600,under_5,11198,18.56,5236,8.68
Mossurize,,85939544B24800488676804,MOZ,ADM2,hospitals,TIME,3600,women_childbearing,18338,18.56,8574,8.68
Mossurize,,85939544B24800488676804,MOZ,ADM2,hospitals,TIME,4200,adults,84476,24.5,20481,5.94
Mossurize,,85939544B24800488676804,MOZ,ADM2,hospitals,TIME,4200,elderly,4082,24.49,990,5.94
Mossurize,,85939544B24800488676804,MOZ,ADM2,hospitals,TIME,4200,school_age,49494,24.5,11999,5.94
Mossurize,,85939544B24800488676804,MOZ,ADM2,hospitals,TIME,4200,total,89246,24.5,21637,5.94
Mossurize,,85939544B24800488676804,MOZ,ADM2,hospitals,TIME,4200,under_5,14782,24.5,3584,5.94
Mossurize,,85939544B24800488676804,MOZ,ADM2,hospitals,TIME,4200,women_childbearing,24207,24.5,5869,5.94
Mossurize,,85939544B24800488676804,MOZ,ADM2,hospitals,TIME,4800,adults,98676,28.62,14200,4.12
Mossurize,,85939544B24800488676804,MOZ,ADM2,hospitals,TIME,4800,elderly,4768,28.61,686,4.12
Mossurize,,85939544B24800488676804,MOZ,ADM2,hospitals,TIME,4800,school_age,57814,28.62,8320,4.12
Mossurize,,85939544B24800488676804,MOZ,ADM2,hospitals,TIME,4800,total,104247,28.62,15001,4.12
Mossurize,,85939544B24800488676804,MOZ,ADM2,hospitals,TIME,4800,under_5,17267,28.62,2485,4.12
Mossurize,,85939544B24800488676804,MOZ,ADM2,hospitals,TIME,4800,women_childbearing,28276,28.62,4069,4.12
Mossurize,,85939544B24800488676804,MOZ,ADM2,hospitals,TIME,5400,adults,109498,31.76,10822,3.14
Mossurize,,85939544B24800488676804,MOZ,ADM2,hospitals,TIME,5400,elderly,5291,31.75,523,3.14
Mossurize,,85939544B24800488676804,MOZ,ADM2,hospitals,TIME,5400,school_age,64155,31.76,6341,3.14
Mossurize,,85939544B24800488676804,MOZ,ADM2,hospitals,TIME,5400,total,115681,31.76,11434,3.14
Mossurize,,85939544B24800488676804,MOZ,ADM2,hospitals,TIME,5400,under_5,19161,31.76,1894,3.14
Mossurize,,85939544B24800488676804,MOZ,ADM2,hospitals,TIME,5400,women_childbearing,31377,31.76,3101,3.14
Mossurize,,85939544B24800488676804,MOZ,ADM2,hospitals,TIME,6000,adults,128283,37.21,18785,5.45
Mossurize,,85939544B24800488676804,MOZ,ADM2,hospitals,TIME,6000,elderly,6199,37.2,908,5.45
Mossurize,,85939544B24800488676804,MOZ,ADM2,hospitals,TIME,6000,school_age,75161,37.21,11006,5.45
Mossurize,,85939544B24800488676804,MOZ,ADM2,hospitals,TIME,6000,total,135526,37.21,19845,5.45
Mossurize,,85939544B24800488676804,MOZ,ADM2,hospitals,TIME,6000,under_5,22448,37.21,3287,5.45
Mossurize,,85939544B24800488676804,MOZ,ADM2,hospitals,TIME,6000,women_childbearing,36760,37.21,5383,5.45
Mozambique,MOZ,74581448B79694950765469,MOZ,ADM0,hospitals,TIME,600,adults,6305317,21.28,6305317,21.28
Mozambique,MOZ,74581448B79694950765469,MOZ,ADM0,hospitals,TIME,600,elderly,235941,17.65,235941,17.65
Mozambique,MOZ,74581448B79694950765469,MOZ,ADM0,hospitals,TIME,600,school_age,3439376,19.91,3439376,19.91
Mozambique,MOZ,74581448B79694950765469,MOZ,ADM0,hospitals,TIME,600,total,6592058,21.12,6592058,21.12
Mozambique,MOZ,74581448B79694950765469,MOZ,ADM0,hospitals,TIME,600,under_5,862359,16.84,862359,16.84
Mozambique,MOZ,74581448B79694950765469,MOZ,ADM0,hospitals,TIME,600,women_childbearing,1732514,22.81,1732514,22.81
Mozambique,MOZ,74581448B79694950765469,MOZ,ADM0,hospitals,TIME,1200,adults,7689001,25.94,1383684,4.67
Mozambique,MOZ,74581448B79694950765469,MOZ,ADM0,hospitals,TIME,1200,elderly,299107,22.38,63166,4.73
Mozambique,MOZ,74581448B79694950765469,MOZ,ADM0,hospitals,TIME,1200,school_age,4222052,24.45,782676,4.53
Mozambique,MOZ,74581448B79694950765469,MOZ,ADM0,hospitals,TIME,1200,total,8050144,25.79,1458086,4.67
Mozambique,MOZ,74581448B79694950765469,MOZ,ADM0,hospitals,TIME,1200,under_5,1077362,21.03,215003,4.2
Mozambique,MOZ,74581448B79694950765469,MOZ,ADM0,hospitals,TIME,1200,women_childbearing,2098152,27.63,365638,4.81
Mozambique,MOZ,74581448B79694950765469,MOZ,ADM0,hospitals,TIME,1800,adults,8538681,28.81,849680,2.87
Mozambique,MOZ,74581448B79694950765469,MOZ,ADM0,hospitals,TIME,1800,elderly,343875,25.73,44768,3.35
Mozambique,MOZ,74581448B79694950765469,MOZ,ADM0,hospitals,TIME,1800,school_age,4715683,27.3,493631,2.86
Mozambique,MOZ,74581448B79694950765469,MOZ,ADM0,hospitals,TIME,1800,total,8951540,28.68,901396,2.89
Mozambique,MOZ,74581448B79694950765469,MOZ,ADM0,hospitals,TIME,1800,under_5,1221614,23.85,144252,2.82
Mozambique,MOZ,74581448B79694950765469,MOZ,ADM0,hospitals,TIME,1800,women_childbearing,2316964,30.51,218812,2.88
Mozambique,MOZ,74581448B79694950765469,MOZ,ADM0,hospitals,TIME,2400,adults,9536145,32.18,997464,3.37
Mozambique,MOZ,74581448B79694950765469,MOZ,ADM0,hospitals,TIME,2400,elderly,397576,29.74,53701,4.02
Mozambique,MOZ,74581448B79694950765469,MOZ,ADM0,hospitals,TIME,2400,school_age,5297071,30.67,581388,3.37
Mozambique,MOZ,74581448B79694950765469,MOZ,ADM0,hospitals,TIME,2400,total,10010867,32.07,1059327,3.39
Mozambique,MOZ,74581448B79694950765469,MOZ,ADM0,hospitals,TIME,2400,under_5,1390513,27.15,168899,3.3
Mozambique,MOZ,74581448B79694950765469,MOZ,ADM0,hospitals,TIME,2400,women_childbearing,2575207,33.91,258243,3.4
Mozambique,MOZ,74581448B79694950765469,MOZ,ADM0,hospitals,TIME,3000,adults,10478369,35.36,942224,3.18
Mozambique,MOZ,74581448B79694950765469,MOZ,ADM0,hospitals,TIME,3000,elderly,448905,33.58,51329,3.84
Mozambique,MOZ,74581448B79694950765469,MOZ,ADM0,hospitals,TIME,3000,school_age,5848710,33.86,551639,3.19
Mozambique,MOZ,74581448B79694950765469,MOZ,ADM0,hospitals,TIME,3000,total,11012136,35.28,1001269,3.21
Mozambique,MOZ,74581448B79694950765469,MOZ,ADM0,hospitals,TIME,3000,under_5,1555217,30.36,164704,3.22
Mozambique,MOZ,74581448B79694950765469,MOZ,ADM0,hospitals,TIME,3000,women_childbearing,2816094,37.08,240887,3.17
Mozambique,MOZ,74581448B79694950765469,MOZ,ADM0,hospitals,TIME,3600,adults,11517418,38.86,1039049,3.51
Mozambique,MOZ,74581448B79694950765469,MOZ,ADM0,hospitals,TIME,3600,elderly,503115,37.64,54210,4.06
Mozambique,MOZ,74581448B79694950765469,MOZ,ADM0,hospitals,TIME,3600,school_age,6457973,37.39,609263,3.53
Mozambique,MOZ,74581448B79694950765469,MOZ,ADM0,hospitals,TIME,3600,total,12113885,38.81,1101749,3.53
Mozambique,MOZ,74581448B79694950765469,MOZ,ADM0,hospitals,TIME,3600,under_5,1736694,33.9,181477,3.54
Mozambique,MOZ,74581448B79694950765469,MOZ,ADM0,hospitals,TIME,3600,women_childbearing,3082047,40.59,265953,3.5
Mozambique,MOZ,74581448B79694950765469,MOZ,ADM0,hospitals,TIME,4200,adults,12600452,42.52,1083034,3.65
Mozambique,MOZ,74581448B79694950765469,MOZ,ADM0,hospitals,TIME,4200,elderly,554757,41.5,51642,3.86
Mozambique,MOZ,74581448B79694950765469,MOZ,ADM0,hospitals,TIME,4200,school_age,7097645,41.1,639672,3.7
Mozambique,MOZ,74581448B79694950765469,MOZ,ADM0,hospitals,TIME,4200,total,13257373,42.47,1143488,3.66
Mozambique,MOZ,74581448B79694950765469,MOZ,ADM0,hospitals,TIME,4200,under_5,1933745,37.75,197051,3.85
Mozambique,MOZ,74581448B79694950765469,MOZ,ADM0,hospitals,TIME,4200,women_childbearing,3353647,44.16,271600,3.58
Mozambique,MOZ,74581448B79694950765469,MOZ,ADM0,hospitals,TIME,4800,adults,13524473,45.63,924021,3.12
Mozambique,MOZ,74581448B79694950765469,MOZ,ADM0,hospitals,TIME,4800,elderly,600811,44.95,46054,3.45
Mozambique,MOZ,74581448B79694950765469,MOZ,ADM0,hospitals,TIME,4800,school_age,7645557,44.27,547912,3.17
Mozambique,MOZ,74581448B79694950765469,MOZ,ADM0,hospitals,TIME,4800,total,14234982,45.6,977609,3.13
Mozambique,MOZ,74581448B79694950765469,MOZ,ADM0,hospitals,TIME,4800,under_5,2100271,41.0,166526,3.25
Mozambique,MOZ,74581448B79694950765469,MOZ,ADM0,hospitals,TIME,4800,women_childbearing,3586297,47.23,232650,3.06
Mozambique,MOZ,74581448B79694950765469,MOZ,ADM0,hospitals,TIME,5400,adults,14422332,48.66,897859,3.03
Mozambique,MOZ,74581448B79694950765469,MOZ,ADM0,hospitals,TIME,5400,elderly,645868,48.32,45057,3.37
Mozambique,MOZ,74581448B79694950765469,MOZ,ADM0,hospitals,TIME,5400,school_age,8178752,47.36,533195,3.09
Mozambique,MOZ,74581448B79694950765469,MOZ,ADM0,hospitals,TIME,5400,total,15185221,48.65,950239,3.04
Mozambique,MOZ,74581448B79694950765469,MOZ,ADM0,hospitals,TIME,5400,under_5,2262140,44.16,161869,3.16
Mozambique,MOZ,74581448B79694950765469,MOZ,ADM0,hospitals,TIME,5400,women_childbearing,3812534,50.21,226237,2.98
Mozambique,MOZ,74581448B79694950765469,MOZ,ADM0,hospitals,TIME,6000,adults,15370627,51.86,948295,3.2
Mozambique,MOZ,74581448B79694950765469,MOZ,ADM0,hospitals,TIME,6000,elderly,693873,51.91,48005,3.59
Mozambique,MOZ,74581448B79694950765469,MOZ,ADM0,hospitals,TIME,6000,school_age,8740287,50.61,561535,3.25
Mozambique,MOZ,74581448B79694950765469,MOZ,ADM0,hospitals,TIME,6000,total,16189258,51.87,1004037,3.22
Mozambique,MOZ,74581448B79694950765469,MOZ,ADM0,hospitals,TIME,6000,under_5,2432802,47.49,170662,3.33
Mozambique,MOZ,74581448B79694950765469,MOZ,ADM0,hospitals,TIME,6000,women_childbearing,4052484,53.37,239950,3.16
Muanza,,85939544B50673994435668,MOZ,ADM2,hospitals,TIME,4200,adults,86,0.17,86,0.17
Muanza,,85939544B50673994435668,MOZ,ADM2,hospitals,TIME,4200,elderly,2,0.15,2,0.15
Muanza,,85939544B50673994435668,MOZ,ADM2,hospitals,TIME,4200,school_age,52,0.17,52,0.17
Muanza,,85939544B50673994435668,MOZ,ADM2,hospitals,TIME,4200,total,89,0.17,89,0.17
Muanza,,85939544B50673994435668,MOZ,ADM2,hospitals,TIME,4200,under_5,16,0.16,16,0.16
Muanza,,85939544B50673994435668,MOZ,ADM2,hospitals,TIME,4200,women_childbearing,19,0.17,19,0.17
Muanza,,85939544B50673994435668,MOZ,ADM2,hospitals,TIME,4800,adults,851,1.7,765,1.53
Muanza,,85939544B50673994435668,MOZ,ADM2,hospitals,TIME,4800,elderly,23,1.73,21,1.58
Muanza,,85939544B50673994435668,MOZ,ADM2,hospitals,TIME,4800,school_age,526,1.69,474,1.52
Muanza,,85939544B50673994435668,MOZ,ADM2,hospitals,TIME,4800,total,881,1.7,792,1.53
Muanza,,85939544B50673994435668,MOZ,ADM2,hospitals,TIME,4800,under_5,171,1.67,155,1.52
Muanza,,85939544B50673994435668,MOZ,ADM2,hospitals,TIME,4800,women_childbearing,194,1.7,175,1.54
Muanza,,85939544B50673994435668,MOZ,ADM2,hospitals,TIME,5400,adults,1313,2.62,462,0.92
Muanza,,85939544B50673994435668,MOZ,ADM2,hospitals,TIME,5400,elderly,36,2.71,13,0.98
Muanza,,85939544B50673994435668,MOZ,ADM2,hospitals,TIME,5400,school_age,809,2.6,283,0.91
Muanza,,85939544B50673994435668,MOZ,ADM2,hospitals,TIME,5400,total,1360,2.63,479,0.92
Muanza,,85939544B50673994435668,MOZ,ADM2,hospitals,TIME,5400,under_5,260,2.55,89,0.87
Muanza,,85939544B50673994435668,MOZ,ADM2,hospitals,TIME,5400,women_childbearing,301,2.64,107,0.94
Muanza,,85939544B50673994435668,MOZ,ADM2,hospitals,TIME,6000,adults,2029,4.05,716,1.43
Muanza,,85939544B50673994435668,MOZ,ADM2,hospitals,TIME,6000,elderly,56,4.21,20,1.5
Muanza,,85939544B50673994435668,MOZ,ADM2,hospitals,TIME,6000,school_age,1249,4.02,440,1.42
Muanza,,85939544B50673994435668,MOZ,ADM2,hospitals,TIME,6000,total,2102,4.06,742,1.43
Muanza,,85939544B50673994435668,MOZ,ADM2,hospitals,TIME,6000,under_5,400,3.92,140,1.37
Muanza,,85939544B50673994435668,MOZ,ADM2,hospitals,TIME,6000,women_childbearing,466,4.09,165,1.45
Muecate,,85939544B7087427782291,MOZ,ADM2,hospitals,TIME,2400,adults,6,0.0,6,0.0
Muecate,,85939544B7087427782291,MOZ,ADM2,hospitals,TIME,2400,elderly,0,0.0,0,0.0
Muecate,,85939544B7087427782291,MOZ,ADM2,hospitals,TIME,2400,school_age,3,0.0,3,0.0
Muecate,,85939544B7087427782291,MOZ,ADM2,hospitals,TIME,2400,total,6,0.0,6,0.0
Muecate,,85939544B7087427782291,MOZ,ADM2,hospitals,TIME,2400,under_5,1,0.0,1,0.0
Muecate,,85939544B7087427782291,MOZ,ADM2,hospitals,TIME,2400,women_childbearing,1,0.0,1,0.0
Muecate,,85939544B7087427782291,MOZ,ADM2,hospitals,TIME,3000,adults,741,0.52,735,0.52
Muecate,,85939544B7087427782291,MOZ,ADM2,hospitals,TIME,3000,elderly,25,0.51,25,0.51
Muecate,,85939544B7087427782291,MOZ,ADM2,hospitals,TIME,3000,school_age,446,0.52,443,0.52
Muecate,,85939544B7087427782291,MOZ,ADM2,hospitals,TIME,3000,total,773,0.52,767,0.52
Muecate,,85939544B7087427782291,MOZ,ADM2,hospitals,TIME,3000,under_5,137,0.52,136,0.52
Muecate,,85939544B7087427782291,MOZ,ADM2,hospitals,TIME,3000,women_childbearing,179,0.52,178,0.52
Muecate,,85939544B7087427782291,MOZ,ADM2,hospitals,TIME,3600,adults,2145,1.51,1404,0.99
Muecate,,85939544B7087427782291,MOZ,ADM2,hospitals,TIME,3600,elderly,74,1.5,49,0.99
Muecate,,85939544B7087427782291,MOZ,ADM2,hospitals,TIME,3600,school_age,1292,1.51,846,0.99
Muecate,,85939544B7087427782291,MOZ,ADM2,hospitals,TIME,3600,total,2236,1.51,1463,0.99
Muecate,,85939544B7087427782291,MOZ,ADM2,hospitals,TIME,3600,under_5,398,1.51,261,0.99
Muecate,,85939544B7087427782291,MOZ,ADM2,hospitals,TIME,3600,women_childbearing,518,1.51,339,0.99
Muecate,,85939544B7087427782291,MOZ,ADM2,hospitals,TIME,4200,adults,3093,2.18,948,0.67
Muecate,,85939544B7087427782291,MOZ,ADM2,hospitals,TIME,4200,elderly,107,2.17,33,0.67
Muecate,,85939544B7087427782291,MOZ,ADM2,hospitals,TIME,4200,school_age,1863,2.18,571,0.67
Muecate,,85939544B7087427782291,MOZ,ADM2,hospitals,TIME,4200,total,3225,2.18,989,0.67
Muecate,,85939544B7087427782291,MOZ,ADM2,hospitals,TIME,4200,under_5,574,2.18,176,0.67
Muecate,,85939544B7087427782291,MOZ,ADM2,hospitals,TIME,4200,women_childbearing,746,2.18,228,0.67
Muecate,,85939544B7087427782291,MOZ,ADM2,hospitals,TIME,4800,adults,5849,4.12,2756,1.94
Muecate,,85939544B7087427782291,MOZ,ADM2,hospitals,TIME,4800,elderly,203,4.12,96,1.95
Muecate,,85939544B7087427782291,MOZ,ADM2,hospitals,TIME,4800,school_age,3524,4.12,1661,1.94
Muecate,,85939544B7087427782291,MOZ,ADM2,hospitals,TIME,4800,total,6099,4.12,2874,1.94
Muecate,,85939544B7087427782291,MOZ,ADM2,hospitals,TIME,4800,under_5,1085,4.12,511,1.94
Muecate,,85939544B7087427782291,MOZ,ADM2,hospitals,TIME,4800,women_childbearing,1412,4.12,666,1.94
Muecate,,85939544B7087427782291,MOZ,ADM2,hospitals,TIME,5400,adults,17811,12.56,11962,8.43
Muecate,,85939544B7087427782291,MOZ,ADM2,hospitals,TIME,5400,elderly,618,12.55,415,8.43
Muecate,,85939544B7087427782291,MOZ,ADM2,hospitals,TIME,5400,school_age,10732,12.56,7208,8.43
Muecate,,85939544B7087427782291,MOZ,ADM2,hospitals,TIME,5400,total,18572,12.56,12473,8.43
Muecate,,85939544B7087427782291,MOZ,ADM2,hospitals,TIME,5400,under_5,3306,12.56,2221,8.44
Muecate,,85939544B7087427782291,MOZ,ADM2,hospitals,TIME,5400,women_childbearing,4301,12.56,2889,8.43
Muecate,,85939544B7087427782291,MOZ,ADM2,hospitals,TIME,6000,adults,20413,14.39,2602,1.83
Muecate,,85939544B7087427782291,MOZ,ADM2,hospitals,TIME,6000,elderly,708,14.38,90,1.83
Muecate,,85939544B7087427782291,MOZ,ADM2,hospitals,TIME,6000,school_age,12299,14.39,1567,1.83
Muecate,,85939544B7087427782291,MOZ,ADM2,hospitals,TIME,6000,total,21286,14.39,2714,1.84
Muecate,,85939544B7087427782291,MOZ,ADM2,hospitals,TIME,6000,under_5,3789,14.39,483,1.83
Muecate,,85939544B7087427782291,MOZ,ADM2,hospitals,TIME,6000,women_childbearing,4929,14.39,628,1.83
Mueda,,85939544B28759712944697,MOZ,ADM2,hospitals,TIME,600,adults,26337,19.01,26337,19.01
Mueda,,85939544B28759712944697,MOZ,ADM2,hospitals,TIME,600,elderly,2120,18.99,2120,18.99
Mueda,,85939544B28759712944697,MOZ,ADM2,hospitals,TIME,600,school_age,14225,19.01,14225,19.01
Mueda,,85939544B28759712944697,MOZ,ADM2,hospitals,TIME,600,total,28678,19.01,28678,19.01
Mueda,,85939544B28759712944697,MOZ,ADM2,hospitals,TIME,600,under_5,3997,19.01,3997,19.01
Mueda,,85939544B28759712944697,MOZ,ADM2,hospitals,TIME,600,women_childbearing,6990,19.01,6990,19.01
Mueda,,85939544B28759712944697,MOZ,ADM2,hospitals,TIME,1200,adults,32725,23.63,6388,4.61
Mueda,,85939544B28759712944697,MOZ,ADM2,hospitals,TIME,1200,elderly,2636,23.62,516,4.62
Mueda,,85939544B28759712944697,MOZ,ADM2,hospitals,TIME,1200,school_age,17676,23.63,3451,4.61
Mueda,,85939544B28759712944697,MOZ,ADM2,hospitals,TIME,1200,total,35637,23.63,6959,4.61
Mueda,,85939544B28759712944697,MOZ,ADM2,hospitals,TIME,1200,under_5,4967,23.63,970,4.61
Mueda,,85939544B28759712944697,MOZ,ADM2,hospitals,TIME,1200,women_childbearing,8686,23.63,1696,4.61
Mueda,,85939544B28759712944697,MOZ,ADM2,hospitals,TIME,1800,adults,40172,29.0,7447,5.38
Mueda,,85939544B28759712944697,MOZ,ADM2,hospitals,TIME,1800,elderly,3236,28.99,600,5.38
Mueda,,85939544B28759712944697,MOZ,ADM2,hospitals,TIME,1800,school_age,21698,29.0,4022,5.38
Mueda,,85939544B28759712944697,MOZ,ADM2,hospitals,TIME,1800,total,43745,29.0,8108,5.38
Mueda,,85939544B28759712944697,MOZ,ADM2,hospitals,TIME,1800,under_5,6097,29.0,1130,5.38
Mueda,,85939544B28759712944697,MOZ,ADM2,hospitals,TIME,1800,women_childbearing,10662,29.0,1976,5.38
Mueda,,85939544B28759712944697,MOZ,ADM2,hospitals,TIME,2400,adults,48263,34.84,8091,5.84
Mueda,,85939544B28759712944697,MOZ,ADM2,hospitals,TIME,2400,elderly,3887,34.83,651,5.83
Mueda,,85939544B28759712944697,MOZ,ADM2,hospitals,TIME,2400,school_age,26068,34.84,4370,5.84
Mueda,,85939544B28759712944697,MOZ,ADM2,hospitals,TIME,2400,total,52556,34.84,8811,5.84
Mueda,,85939544B28759712944697,MOZ,ADM2,hospitals,TIME,2400,under_5,7325,34.84,1228,5.84
Mueda,,85939544B28759712944697,MOZ,ADM2,hospitals,TIME,2400,women_childbearing,12810,34.85,2148,5.84
Mueda,,85939544B28759712944697,MOZ,ADM2,hospitals,TIME,3000,adults,51891,37.46,3628,2.62
Mueda,,85939544B28759712944697,MOZ,ADM2,hospitals,TIME,3000,elderly,4187,37.51,300,2.69
Mueda,,85939544B28759712944697,MOZ,ADM2,hospitals,TIME,3000,school_age,28030,37.47,1962,2.62
Mueda,,85939544B28759712944697,MOZ,ADM2,hospitals,TIME,3000,total,56514,37.47,3958,2.62
Mueda,,85939544B28759712944697,MOZ,ADM2,hospitals,TIME,3000,under_5,7875,37.46,550,2.62
Mueda,,85939544B28759712944697,MOZ,ADM2,hospitals,TIME,3000,women_childbearing,13769,37.46,959,2.61
Mueda,,85939544B28759712944697,MOZ,ADM2,hospitals,TIME,3600,adults,69795,50.39,17904,12.93
Mueda,,85939544B28759712944697,MOZ,ADM2,hospitals,TIME,3600,elderly,5629,50.43,1442,12.92
Mueda,,85939544B28759712944697,MOZ,ADM2,hospitals,TIME,3600,school_age,37701,50.39,9671,12.93
Mueda,,85939544B28759712944697,MOZ,ADM2,hospitals,TIME,3600,total,76010,50.39,19496,12.93
Mueda,,85939544B28759712944697,MOZ,ADM2,hospitals,TIME,3600,under_5,10592,50.38,2717,12.92
Mueda,,85939544B28759712944697,MOZ,ADM2,hospitals,TIME,3600,women_childbearing,18522,50.38,4753,12.93
Mueda,,85939544B28759712944697,MOZ,ADM2,hospitals,TIME,4200,adults,71479,51.61,1684,1.22
Mueda,,85939544B28759712944697,MOZ,ADM2,hospitals,TIME,4200,elderly,5764,51.64,135,1.21
Mueda,,85939544B28759712944697,MOZ,ADM2,hospitals,TIME,4200,school_age,38610,51.61,909,1.21
Mueda,,85939544B28759712944697,MOZ,ADM2,hospitals,TIME,4200,total,77843,51.61,1833,1.22
Mueda,,85939544B28759712944697,MOZ,ADM2,hospitals,TIME,4200,under_5,10848,51.6,256,1.22
Mueda,,85939544B28759712944697,MOZ,ADM2,hospitals,TIME,4200,women_childbearing,18969,51.6,447,1.22
Mueda,,85939544B28759712944697,MOZ,ADM2,hospitals,TIME,4800,adults,77939,56.27,6460,4.66
Mueda,,85939544B28759712944697,MOZ,ADM2,hospitals,TIME,4800,elderly,6285,56.31,521,4.67
Mueda,,85939544B28759712944697,MOZ,ADM2,hospitals,TIME,4800,school_age,42100,56.27,3490,4.66
Mueda,,85939544B28759712944697,MOZ,ADM2,hospitals,TIME,4800,total,84879,56.27,7036,4.66
Mueda,,85939544B28759712944697,MOZ,ADM2,hospitals,TIME,4800,under_5,11828,56.26,980,4.66
Mueda,,85939544B28759712944697,MOZ,ADM2,hospitals,TIME,4800,women_childbearing,20683,56.26,1714,4.66
Mueda,,85939544B28759712944697,MOZ,ADM2,hospitals,TIME,5400,adults,84780,61.21,6841,4.94
Mueda,,85939544B28759712944697,MOZ,ADM2,hospitals,TIME,5400,elderly,6836,61.25,551,4.94
Mueda,,85939544B28759712944697,MOZ,ADM2,hospitals,TIME,5400,school_age,45795,61.21,3695,4.94
Mueda,,85939544B28759712944697,MOZ,ADM2,hospitals,TIME,5400,total,92328,61.21,7449,4.94
Mueda,,85939544B28759712944697,MOZ,ADM2,hospitals,TIME,5400,under_5,12867,61.2,1039,4.94
Mueda,,85939544B28759712944697,MOZ,ADM2,hospitals,TIME,5400,women_childbearing,22499,61.2,1816,4.94
Mueda,,85939544B28759712944697,MOZ,ADM2,hospitals,TIME,6000,adults,88874,64.16,4094,2.96
Mueda,,85939544B28759712944697,MOZ,ADM2,hospitals,TIME,6000,elderly,7165,64.2,329,2.95
Mueda,,85939544B28759712944697,MOZ,ADM2,hospitals,TIME,6000,school_age,48006,64.17,2211,2.96
Mueda,,85939544B28759712944697,MOZ,ADM2,hospitals,TIME,6000,total,96786,64.17,4458,2.96
Mueda,,85939544B28759712944697,MOZ,ADM2,hospitals,TIME,6000,under_5,13488,64.16,621,2.95
Mueda,,85939544B28759712944697,MOZ,ADM2,hospitals,TIME,6000,women_childbearing,23586,64.16,1087,2.96
Muidumbe,,85939544B92892346973749,MOZ,ADM2,hospitals,TIME,600,adults,4106,4.88,4106,4.88
Muidumbe,,85939544B92892346973749,MOZ,ADM2,hospitals,TIME,600,elderly,437,4.89,437,4.89
Muidumbe,,85939544B92892346973749,MOZ,ADM2,hospitals,TIME,600,school_age,2249,4.88,2249,4.88
Muidumbe,,85939544B92892346973749,MOZ,ADM2,hospitals,TIME,600,total,4578,4.88,4578,4.88
Muidumbe,,85939544B92892346973749,MOZ,ADM2,hospitals,TIME,600,under_5,611,4.88,611,4.88
Muidumbe,,85939544B92892346973749,MOZ,ADM2,hospitals,TIME,600,women_childbearing,1040,4.88,1040,4.88
Muidumbe,,85939544B92892346973749,MOZ,ADM2,hospitals,TIME,1200,adults,7702,9.16,3596,4.27
Muidumbe,,85939544B92892346973749,MOZ,ADM2,hospitals,TIME,1200,elderly,820,9.17,383,4.29
Muidumbe,,85939544B92892346973749,MOZ,ADM2,hospitals,TIME,1200,school_age,4220,9.16,1971,4.28
Muidumbe,,85939544B92892346973749,MOZ,ADM2,hospitals,TIME,1200,total,8589,9.16,4011,4.28
Muidumbe,,85939544B92892346973749,MOZ,ADM2,hospitals,TIME,1200,under_5,1146,9.15,535,4.27
Muidumbe,,85939544B92892346973749,MOZ,ADM2,hospitals,TIME,1200,women_childbearing,1951,9.15,911,4.27
Muidumbe,,85939544B92892346973749,MOZ,ADM2,hospitals,TIME,1800,adults,20120,23.92,12418,14.76
Muidumbe,,85939544B92892346973749,MOZ,ADM2,hospitals,TIME,1800,elderly,2142,23.97,1322,14.79
Muidumbe,,85939544B92892346973749,MOZ,ADM2,hospitals,TIME,1800,school_age,11023,23.92,6803,14.76
Muidumbe,,85939544B92892346973749,MOZ,ADM2,hospitals,TIME,1800,total,22435,23.92,13846,14.76
Muidumbe,,85939544B92892346973749,MOZ,ADM2,hospitals,TIME,1800,under_5,2994,23.91,1848,14.76
Muidumbe,,85939544B92892346973749,MOZ,ADM2,hospitals,TIME,1800,women_childbearing,5097,23.91,3146,14.76
Muidumbe,,85939544B92892346973749,MOZ,ADM2,hospitals,TIME,2400,adults,41933,49.85,21813,25.93
Muidumbe,,85939544B92892346973749,MOZ,ADM2,hospitals,TIME,2400,elderly,4465,49.96,2323,25.99
Muidumbe,,85939544B92892346973749,MOZ,ADM2,hospitals,TIME,2400,school_age,22973,49.85,11950,25.93
Muidumbe,,85939544B92892346973749,MOZ,ADM2,hospitals,TIME,2400,total,46758,49.86,24323,25.93
Muidumbe,,85939544B92892346973749,MOZ,ADM2,hospitals,TIME,2400,under_5,6241,49.84,3247,25.93
Muidumbe,,85939544B92892346973749,MOZ,ADM2,hospitals,TIME,2400,women_childbearing,10624,49.83,5527,25.92
Muidumbe,,85939544B92892346973749,MOZ,ADM2,hospitals,TIME,3000,adults,58876,69.99,16943,20.14
Muidumbe,,85939544B92892346973749,MOZ,ADM2,hospitals,TIME,3000,elderly,6269,70.14,1804,20.18
Muidumbe,,85939544B92892346973749,MOZ,ADM2,hospitals,TIME,3000,school_age,32256,70.0,9283,20.14
Muidumbe,,85939544B92892346973749,MOZ,ADM2,hospitals,TIME,3000,total,65651,70.0,18893,20.15
Muidumbe,,85939544B92892346973749,MOZ,ADM2,hospitals,TIME,3000,under_5,8763,69.98,2522,20.14
Muidumbe,,85939544B92892346973749,MOZ,ADM2,hospitals,TIME,3000,women_childbearing,14916,69.96,4292,20.13
Muidumbe,,85939544B92892346973749,MOZ,ADM2,hospitals,TIME,3600,adults,61643,73.28,2767,3.29
Muidumbe,,85939544B92892346973749,MOZ,ADM2,hospitals,TIME,3600,elderly,6563,73.43,294,3.29
Muidumbe,,85939544B92892346973749,MOZ,ADM2,hospitals,TIME,3600,school_age,33772,73.29,1516,3.29
Muidumbe,,85939544B92892346973749,MOZ,ADM2,hospitals,TIME,3600,total,68736,73.29,3085,3.29
Muidumbe,,85939544B92892346973749,MOZ,ADM2,hospitals,TIME,3600,under_5,9174,73.26,411,3.28
Muidumbe,,85939544B92892346973749,MOZ,ADM2,hospitals,TIME,3600,women_childbearing,15617,73.25,701,3.29
Muidumbe,,85939544B92892346973749,MOZ,ADM2,hospitals,TIME,4200,adults,62554,74.36,911,1.08
Muidumbe,,85939544B92892346973749,MOZ,ADM2,hospitals,TIME,4200,elderly,6660,74.51,97,1.09
Muidumbe,,85939544B92892346973749,MOZ,ADM2,hospitals,TIME,4200,school_age,34271,74.37,499,1.08
Muidumbe,,85939544B92892346973749,MOZ,ADM2,hospitals,TIME,4200,total,69753,74.38,1017,1.08
Muidumbe,,85939544B92892346973749,MOZ,ADM2,hospitals,TIME,4200,under_5,9310,74.34,136,1.09
Muidumbe,,85939544B92892346973749,MOZ,ADM2,hospitals,TIME,4200,women_childbearing,15848,74.33,231,1.08
Muidumbe,,85939544B92892346973749,MOZ,ADM2,hospitals,TIME,4800,adults,70784,84.14,8230,9.78
Muidumbe,,85939544B92892346973749,MOZ,ADM2,hospitals,TIME,4800,elderly,7537,84.33,877,9.81
Muidumbe,,85939544B92892346973749,MOZ,ADM2,hospitals,TIME,4800,school_age,38780,84.15,4509,9.78
Muidumbe,,85939544B92892346973749,MOZ,ADM2,hospitals,TIME,4800,total,78930,84.16,9177,9.79
Muidumbe,,85939544B92892346973749,MOZ,ADM2,hospitals,TIME,4800,under_5,10535,84.13,1225,9.78
Muidumbe,,85939544B92892346973749,MOZ,ADM2,hospitals,TIME,4800,women_childbearing,17933,84.11,2085,9.78
Muidumbe,,85939544B92892346973749,MOZ,ADM2,hospitals,TIME,5400,adults,71695,85.23,911,1.08
Muidumbe,,85939544B92892346973749,MOZ,ADM2,hospitals,TIME,5400,elderly,7634,85.41,97,1.09
Muidumbe,,85939544B92892346973749,MOZ,ADM2,hospitals,TIME,5400,school_age,39279,85.24,499,1.08
Muidumbe,,85939544B92892346973749,MOZ,ADM2,hospitals,TIME,5400,total,79946,85.24,1016,1.08
Muidumbe,,85939544B92892346973749,MOZ,ADM2,hospitals,TIME,5400,under_5,10671,85.21,136,1.09
Muidumbe,,85939544B92892346973749,MOZ,ADM2,hospitals,TIME,5400,women_childbearing,18164,85.19,231,1.08
Muidumbe,,85939544B92892346973749,MOZ,ADM2,hospitals,TIME,6000,adults,71897,85.47,202,0.24
Muidumbe,,85939544B92892346973749,MOZ,ADM2,hospitals,TIME,6000,elderly,7655,85.65,21,0.23
Muidumbe,,85939544B92892346973749,MOZ,ADM2,hospitals,TIME,6000,school_age,39390,85.48,111,0.24
Muidumbe,,85939544B92892346973749,MOZ,ADM2,hospitals,TIME,6000,total,80171,85.48,225,0.24
Muidumbe,,85939544B92892346973749,MOZ,ADM2,hospitals,TIME,6000,under_5,10701,85.45,30,0.24
Muidumbe,,85939544B92892346973749,MOZ,ADM2,hospitals,TIME,6000,women_childbearing,18215,85.43,51,0.24
Mulevala,,85939544B54372279750556,MOZ,ADM2,hospitals,TIME,4200,adults,80,0.07,80,0.07
Mulevala,,85939544B54372279750556,MOZ,ADM2,hospitals,TIME,4200,elderly,3,0.06,3,0.06
Mulevala,,85939544B54372279750556,MOZ,ADM2,hospitals,TIME,4200,school_age,48,0.07,48,0.07
Mulevala,,85939544B54372279750556,MOZ,ADM2,hospitals,TIME,4200,total,84,0.07,84,0.07
Mulevala,,85939544B54372279750556,MOZ,ADM2,hospitals,TIME,4200,under_5,15,0.06,15,0.06
Mulevala,,85939544B54372279750556,MOZ,ADM2,hospitals,TIME,4200,women_childbearing,20,0.07,20,0.07
Mulevala,,85939544B54372279750556,MOZ,ADM2,hospitals,TIME,4800,adults,1768,1.49,1688,1.42
Mulevala,,85939544B54372279750556,MOZ,ADM2,hospitals,TIME,4800,elderly,72,1.48,69,1.41
Mulevala,,85939544B54372279750556,MOZ,ADM2,hospitals,TIME,4800,school_age,1062,1.49,1014,1.42
Mulevala,,85939544B54372279750556,MOZ,ADM2,hospitals,TIME,4800,total,1855,1.49,1771,1.42
Mulevala,,85939544B54372279750556,MOZ,ADM2,hospitals,TIME,4800,under_5,351,1.48,336,1.42
Mulevala,,85939544B54372279750556,MOZ,ADM2,hospitals,TIME,4800,women_childbearing,439,1.48,419,1.42
Mulevala,,85939544B54372279750556,MOZ,ADM2,hospitals,TIME,5400,adults,3937,3.31,2169,1.82
Mulevala,,85939544B54372279750556,MOZ,ADM2,hospitals,TIME,5400,elderly,161,3.3,89,1.82
Mulevala,,85939544B54372279750556,MOZ,ADM2,hospitals,TIME,5400,school_age,2365,3.31,1303,1.82
Mulevala,,85939544B54372279750556,MOZ,ADM2,hospitals,TIME,5400,total,4130,3.31,2275,1.82
Mulevala,,85939544B54372279750556,MOZ,ADM2,hospitals,TIME,5400,under_5,782,3.31,431,1.82
Mulevala,,85939544B54372279750556,MOZ,ADM2,hospitals,TIME,5400,women_childbearing,979,3.31,540,1.82
Mulevala,,85939544B54372279750556,MOZ,ADM2,hospitals,TIME,6000,adults,6954,5.84,3017,2.54
Mulevala,,85939544B54372279750556,MOZ,ADM2,hospitals,TIME,6000,elderly,285,5.84,124,2.54
Mulevala,,85939544B54372279750556,MOZ,ADM2,hospitals,TIME,6000,school_age,4178,5.84,1813,2.54
Mulevala,,85939544B54372279750556,MOZ,ADM2,hospitals,TIME,6000,total,7295,5.84,3165,2.54
Mulevala,,85939544B54372279750556,MOZ,ADM2,hospitals,TIME,6000,under_5,1381,5.84,599,2.53
Mulevala,,85939544B54372279750556,MOZ,ADM2,hospitals,TIME,6000,women_childbearing,1729,5.84,750,2.53
Murrupula,,85939544B53018455745149,MOZ,ADM2,hospitals,TIME,2400,adults,4259,2.03,4259,2.03
Murrupula,,85939544B53018455745149,MOZ,ADM2,hospitals,TIME,2400,elderly,186,2.03,186,2.03
Murrupula,,85939544B53018455745149,MOZ,ADM2,hospitals,TIME,2400,school_age,2509,2.03,2509,2.03
Murrupula,,85939544B53018455745149,MOZ,ADM2,hospitals,TIME,2400,total,4480,2.03,4480,2.03
Murrupula,,85939544B53018455745149,MOZ,ADM2,hospitals,TIME,2400,under_5,825,2.03,825,2.03
Murrupula,,85939544B53018455745149,MOZ,ADM2,hospitals,TIME,2400,women_childbearing,1013,2.03,1013,2.03
Murrupula,,85939544B53018455745149,MOZ,ADM2,hospitals,TIME,3000,adults,9932,4.74,5673,2.71
Murrupula,,85939544B53018455745149,MOZ,ADM2,hospitals,TIME,3000,elderly,434,4.74,248,2.71
Murrupula,,85939544B53018455745149,MOZ,ADM2,hospitals,TIME,3000,school_age,5852,4.74,3343,2.71
Murrupula,,85939544B53018455745149,MOZ,ADM2,hospitals,TIME,3000,total,10447,4.74,5967,2.71
Murrupula,,85939544B53018455745149,MOZ,ADM2,hospitals,TIME,3000,under_5,1924,4.74,1099,2.71
Murrupula,,85939544B53018455745149,MOZ,ADM2,hospitals,TIME,3000,women_childbearing,2364,4.74,1351,2.71
Murrupula,,85939544B53018455745149,MOZ,ADM2,hospitals,TIME,3600,adults,25279,12.07,15347,7.33
Murrupula,,85939544B53018455745149,MOZ,ADM2,hospitals,TIME,3600,elderly,1105,12.06,671,7.33
Murrupula,,85939544B53018455745149,MOZ,ADM2,hospitals,TIME,3600,school_age,14894,12.07,9042,7.33
Murrupula,,85939544B53018455745149,MOZ,ADM2,hospitals,TIME,3600,total,26589,12.07,16142,7.33
Murrupula,,85939544B53018455745149,MOZ,ADM2,hospitals,TIME,3600,under_5,4896,12.07,2972,7.32
Murrupula,,85939544B53018455745149,MOZ,ADM2,hospitals,TIME,3600,women_childbearing,6016,12.07,3652,7.32
Murrupula,,85939544B53018455745149,MOZ,ADM2,hospitals,TIME,4200,adults,48650,23.23,23371,11.16
Murrupula,,85939544B53018455745149,MOZ,ADM2,hospitals,TIME,4200,elderly,2127,23.22,1022,11.16
Murrupula,,85939544B53018455745149,MOZ,ADM2,hospitals,TIME,4200,school_age,28665,23.23,13771,11.16
Murrupula,,85939544B53018455745149,MOZ,ADM2,hospitals,TIME,4200,total,51172,23.23,24583,11.16
Murrupula,,85939544B53018455745149,MOZ,ADM2,hospitals,TIME,4200,under_5,9424,23.23,4528,11.16
Murrupula,,85939544B53018455745149,MOZ,ADM2,hospitals,TIME,4200,women_childbearing,11579,23.22,5563,11.16
Murrupula,,85939544B53018455745149,MOZ,ADM2,hospitals,TIME,4800,adults,60456,28.86,11806,5.64
Murrupula,,85939544B53018455745149,MOZ,ADM2,hospitals,TIME,4800,elderly,2643,28.85,516,5.63
Murrupula,,85939544B53018455745149,MOZ,ADM2,hospitals,TIME,4800,school_age,35621,28.86,6956,5.64
Murrupula,,85939544B53018455745149,MOZ,ADM2,hospitals,TIME,4800,total,63590,28.86,12418,5.64
Murrupula,,85939544B53018455745149,MOZ,ADM2,hospitals,TIME,4800,under_5,11711,28.86,2287,5.64
Murrupula,,85939544B53018455745149,MOZ,ADM2,hospitals,TIME,4800,women_childbearing,14389,28.86,2810,5.64
Murrupula,,85939544B53018455745149,MOZ,ADM2,hospitals,TIME,5400,adults,69319,33.09,8863,4.23
Murrupula,,85939544B53018455745149,MOZ,ADM2,hospitals,TIME,5400,elderly,3031,33.09,388,4.24
Murrupula,,85939544B53018455745149,MOZ,ADM2,hospitals,TIME,5400,school_age,40843,33.09,5222,4.23
Murrupula,,85939544B53018455745149,MOZ,ADM2,hospitals,TIME,5400,total,72913,33.09,9323,4.23
Murrupula,,85939544B53018455745149,MOZ,ADM2,hospitals,TIME,5400,under_5,13428,33.1,1717,4.23
Murrupula,,85939544B53018455745149,MOZ,ADM2,hospitals,TIME,5400,women_childbearing,16498,33.09,2109,4.23
Murrupula,,85939544B53018455745149,MOZ,ADM2,hospitals,TIME,6000,adults,76862,36.69,7543,3.6
Murrupula,,85939544B53018455745149,MOZ,ADM2,hospitals,TIME,6000,elderly,3361,36.69,330,3.6
Murrupula,,85939544B53018455745149,MOZ,ADM2,hospitals,TIME,6000,school_age,45287,36.69,4444,3.6
Murrupula,,85939544B53018455745149,MOZ,ADM2,hospitals,TIME,6000,total,80846,36.69,7933,3.6
Murrupula,,85939544B53018455745149,MOZ,ADM2,hospitals,TIME,6000,under_5,14889,36.7,1461,3.6
Murrupula,,85939544B53018455745149,MOZ,ADM2,hospitals,TIME,6000,women_childbearing,18293,36.69,1795,3.6
Mutarara,,85939544B58328889190937,MOZ,ADM2,hospitals,TIME,6000,adults,0,0.0,0,0.0
Mutarara,,85939544B58328889190937,MOZ,ADM2,hospitals,TIME,6000,elderly,0,0.0,0,0.0
Mutarara,,85939544B58328889190937,MOZ,ADM2,hospitals,TIME,6000,school_age,0,0.0,0,0.0
Mutarara,,85939544B58328889190937,MOZ,ADM2,hospitals,TIME,6000,total,0,0.0,0,0.0
Mutarara,,85939544B58328889190937,MOZ,ADM2,hospitals,TIME,6000,under_5,0,0.0,0,0.0
Mutarara,,85939544B58328889190937,MOZ,ADM2,hospitals,TIME,6000,women_childbearing,0,0.0,0,0.0
Nacala,,85939544B80255250880532,MOZ,ADM2,hospitals,TIME,600,adults,195642,69.39,195642,69.39
Nacala,,85939544B80255250880532,MOZ,ADM2,hospitals,TIME,600,elderly,7217,69.26,7217,69.26
Nacala,,85939544B80255250880532,MOZ,ADM2,hospitals,TIME,600,school_age,112131,69.39,112131,69.39
Nacala,,85939544B80255250880532,MOZ,ADM2,hospitals,TIME,600,total,204435,69.38,204435,69.38
Nacala,,85939544B80255250880532,MOZ,ADM2,hospitals,TIME,600,under_5,31299,69.37,31299,69.37
Nacala,,85939544B80255250880532,MOZ,ADM2,hospitals,TIME,600,women_childbearing,49880,69.39,49880,69.39
Nacala,,85939544B80255250880532,MOZ,ADM2,hospitals,TIME,1200,adults,229346,81.34,33704,11.95
Nacala,,85939544B80255250880532,MOZ,ADM2,hospitals,TIME,1200,elderly,8472,81.31,1255,12.04
Nacala,,85939544B80255250880532,MOZ,ADM2,hospitals,TIME,1200,school_age,131447,81.34,19316,11.95
Nacala,,85939544B80255250880532,MOZ,ADM2,hospitals,TIME,1200,total,239665,81.34,35230,11.96
Nacala,,85939544B80255250880532,MOZ,ADM2,hospitals,TIME,1200,under_5,36699,81.33,5400,11.97
Nacala,,85939544B80255250880532,MOZ,ADM2,hospitals,TIME,1200,women_childbearing,58472,81.34,8592,11.95
Nacala,,85939544B80255250880532,MOZ,ADM2,hospitals,TIME,1800,adults,234056,83.01,4710,1.67
Nacala,,85939544B80255250880532,MOZ,ADM2,hospitals,TIME,1800,elderly,8645,82.97,173,1.66
Nacala,,85939544B80255250880532,MOZ,ADM2,hospitals,TIME,1800,school_age,134146,83.01,2699,1.67
Nacala,,85939544B80255250880532,MOZ,ADM2,hospitals,TIME,1800,total,244586,83.01,4921,1.67
Nacala,,85939544B80255250880532,MOZ,ADM2,hospitals,TIME,1800,under_5,37452,83.0,753,1.67
Nacala,,85939544B80255250880532,MOZ,ADM2,hospitals,TIME,1800,women_childbearing,59673,83.01,1201,1.67
Nacala,,85939544B80255250880532,MOZ,ADM2,hospitals,TIME,2400,adults,257875,91.46,23819,8.45
Nacala,,85939544B80255250880532,MOZ,ADM2,hospitals,TIME,2400,elderly,9525,91.41,880,8.45
Nacala,,85939544B80255250880532,MOZ,ADM2,hospitals,TIME,2400,school_age,147798,91.46,13652,8.45
Nacala,,85939544B80255250880532,MOZ,ADM2,hospitals,TIME,2400,total,269477,91.46,24891,8.45
Nacala,,85939544B80255250880532,MOZ,ADM2,hospitals,TIME,2400,under_5,41264,91.45,3812,8.45
Nacala,,85939544B80255250880532,MOZ,ADM2,hospitals,TIME,2400,women_childbearing,65746,91.46,6073,8.45
Nacala,,85939544B80255250880532,MOZ,ADM2,hospitals,TIME,3000,adults,261161,92.62,3286,1.17
Nacala,,85939544B80255250880532,MOZ,ADM2,hospitals,TIME,3000,elderly,9646,92.57,121,1.16
Nacala,,85939544B80255250880532,MOZ,ADM2,hospitals,TIME,3000,school_age,149681,92.62,1883,1.17
Nacala,,85939544B80255250880532,MOZ,ADM2,hospitals,TIME,3000,total,272911,92.62,3434,1.17
Nacala,,85939544B80255250880532,MOZ,ADM2,hospitals,TIME,3000,under_5,41789,92.62,525,1.16
Nacala,,85939544B80255250880532,MOZ,ADM2,hospitals,TIME,3000,women_childbearing,66583,92.62,837,1.16
Nacala,,85939544B80255250880532,MOZ,ADM2,hospitals,TIME,3600,adults,262719,93.18,1558,0.55
Nacala,,85939544B80255250880532,MOZ,ADM2,hospitals,TIME,3600,elderly,9704,93.13,58,0.56
Nacala,,85939544B80255250880532,MOZ,ADM2,hospitals,TIME,3600,school_age,150574,93.18,893,0.55
Nacala,,85939544B80255250880532,MOZ,ADM2,hospitals,TIME,3600,total,274539,93.17,1628,0.55
Nacala,,85939544B80255250880532,MOZ,ADM2,hospitals,TIME,3600,under_5,42039,93.17,250,0.55
Nacala,,85939544B80255250880532,MOZ,ADM2,hospitals,TIME,3600,women_childbearing,66981,93.18,398,0.55
Nacala,,85939544B80255250880532,MOZ,ADM2,hospitals,TIME,4200,adults,269284,95.51,6565,2.33
Nacala,,85939544B80255250880532,MOZ,ADM2,hospitals,TIME,4200,elderly,9946,95.45,242,2.32
Nacala,,85939544B80255250880532,MOZ,ADM2,hospitals,TIME,4200,school_age,154337,95.51,3763,2.33
Nacala,,85939544B80255250880532,MOZ,ADM2,hospitals,TIME,4200,total,281399,95.5,6860,2.33
Nacala,,85939544B80255250880532,MOZ,ADM2,hospitals,TIME,4200,under_5,43089,95.5,1050,2.33
Nacala,,85939544B80255250880532,MOZ,ADM2,hospitals,TIME,4200,women_childbearing,68654,95.51,1673,2.33
Nacala,,85939544B80255250880532,MOZ,ADM2,hospitals,TIME,4800,adults,270966,96.1,1682,0.6
Nacala,,85939544B80255250880532,MOZ,ADM2,hospitals,TIME,4800,elderly,10011,96.07,65,0.62
Nacala,,85939544B80255250880532,MOZ,ADM2,hospitals,TIME,4800,school_age,155301,96.1,964,0.6
Nacala,,85939544B80255250880532,MOZ,ADM2,hospitals,TIME,4800,total,283160,96.1,1761,0.6
Nacala,,85939544B80255250880532,MOZ,ADM2,hospitals,TIME,4800,under_5,43360,96.1,271,0.6
Nacala,,85939544B80255250880532,MOZ,ADM2,hospitals,TIME,4800,women_childbearing,69083,96.1,429,0.6
Nacala,,85939544B80255250880532,MOZ,ADM2,hospitals,TIME,5400,adults,271619,96.33,653,0.23
Nacala,,85939544B80255250880532,MOZ,ADM2,hospitals,TIME,5400,elderly,10035,96.31,24,0.23
Nacala,,85939544B80255250880532,MOZ,ADM2,hospitals,TIME,5400,school_age,155675,96.33,374,0.23
Nacala,,85939544B80255250880532,MOZ,ADM2,hospitals,TIME,5400,total,283842,96.33,682,0.23
Nacala,,85939544B80255250880532,MOZ,ADM2,hospitals,TIME,5400,under_5,43464,96.33,104,0.23
Nacala,,85939544B80255250880532,MOZ,ADM2,hospitals,TIME,5400,women_childbearing,69249,96.33,166,0.23
Nacala,,85939544B80255250880532,MOZ,ADM2,hospitals,TIME,6000,adults,274465,97.34,2846,1.01
Nacala,,85939544B80255250880532,MOZ,ADM2,hospitals,TIME,6000,elderly,10140,97.31,105,1.01
Nacala,,85939544B80255250880532,MOZ,ADM2,hospitals,TIME,6000,school_age,157306,97.34,1631,1.01
Nacala,,85939544B80255250880532,MOZ,ADM2,hospitals,TIME,6000,total,286816,97.34,2974,1.01
Nacala,,85939544B80255250880532,MOZ,ADM2,hospitals,TIME,6000,under_5,43920,97.34,456,1.01
Nacala,,85939544B80255250880532,MOZ,ADM2,hospitals,TIME,6000,women_childbearing,69975,97.34,726,1.01
Nacala-A-Velha,,85939544B78261911608408,MOZ,ADM2,hospitals,TIME,1200,adults,1066,1.06,1066,1.06
Nacala-A-Velha,,85939544B78261911608408,MOZ,ADM2,hospitals,TIME,1200,elderly,70,1.11,70,1.11
Nacala-A-Velha,,85939544B78261911608408,MOZ,ADM2,hospitals,TIME,1200,school_age,599,1.06,599,1.06
Nacala-A-Velha,,85939544B78261911608408,MOZ,ADM2,hospitals,TIME,1200,total,1145,1.06,1145,1.06
Nacala-A-Velha,,85939544B78261911608408,MOZ,ADM2,hospitals,TIME,1200,under_5,189,1.08,189,1.08
Nacala-A-Velha,,85939544B78261911608408,MOZ,ADM2,hospitals,TIME,1200,women_childbearing,270,1.05,270,1.05
Nacala-A-Velha,,85939544B78261911608408,MOZ,ADM2,hospitals,TIME,1800,adults,17486,17.4,16420,16.34
Nacala-A-Velha,,85939544B78261911608408,MOZ,ADM2,hospitals,TIME,1800,elderly,1102,17.53,1032,16.41
Nacala-A-Velha,,85939544B78261911608408,MOZ,ADM2,hospitals,TIME,1800,school_age,9807,17.4,9208,16.34
Nacala-A-Velha,,85939544B78261911608408,MOZ,ADM2,hospitals,TIME,1800,total,18733,17.41,17588,16.34
Nacala-A-Velha,,85939544B78261911608408,MOZ,ADM2,hospitals,TIME,1800,under_5,3056,17.43,2867,16.35
Nacala-A-Velha,,85939544B78261911608408,MOZ,ADM2,hospitals,TIME,1800,women_childbearing,4452,17.39,4182,16.33
Nacala-A-Velha,,85939544B78261911608408,MOZ,ADM2,hospitals,TIME,2400,adults,25117,24.99,7631,7.59
Nacala-A-Velha,,85939544B78261911608408,MOZ,ADM2,hospitals,TIME,2400,elderly,1579,25.11,477,7.59
Nacala-A-Velha,,85939544B78261911608408,MOZ,ADM2,hospitals,TIME,2400,school_age,14086,24.99,4279,7.59
Nacala-A-Velha,,85939544B78261911608408,MOZ,ADM2,hospitals,TIME,2400,total,26904,25.0,8171,7.59
Nacala-A-Velha,,85939544B78261911608408,MOZ,ADM2,hospitals,TIME,2400,under_5,4387,25.02,1331,7.59
Nacala-A-Velha,,85939544B78261911608408,MOZ,ADM2,hospitals,TIME,2400,women_childbearing,6397,24.98,1945,7.6
Nacala-A-Velha,,85939544B78261911608408,MOZ,ADM2,hospitals,TIME,3000,adults,29502,29.36,4385,4.36
Nacala-A-Velha,,85939544B78261911608408,MOZ,ADM2,hospitals,TIME,3000,elderly,1853,29.47,274,4.36
Nacala-A-Velha,,85939544B78261911608408,MOZ,ADM2,hospitals,TIME,3000,school_age,16545,29.36,2459,4.36
Nacala-A-Velha,,85939544B78261911608408,MOZ,ADM2,hospitals,TIME,3000,total,31600,29.36,4696,4.36
Nacala-A-Velha,,85939544B78261911608408,MOZ,ADM2,hospitals,TIME,3000,under_5,5152,29.39,765,4.36
Nacala-A-Velha,,85939544B78261911608408,MOZ,ADM2,hospitals,TIME,3000,women_childbearing,7515,29.35,1118,4.37
Nacala-A-Velha,,85939544B78261911608408,MOZ,ADM2,hospitals,TIME,3600,adults,32590,32.43,3088,3.07
Nacala-A-Velha,,85939544B78261911608408,MOZ,ADM2,hospitals,TIME,3600,elderly,2046,32.54,193,3.07
Nacala-A-Velha,,85939544B78261911608408,MOZ,ADM2,hospitals,TIME,3600,school_age,18277,32.43,1732,3.07
Nacala-A-Velha,,85939544B78261911608408,MOZ,ADM2,hospitals,TIME,3600,total,34906,32.44,3306,3.07
Nacala-A-Velha,,85939544B78261911608408,MOZ,ADM2,hospitals,TIME,3600,under_5,5690,32.45,538,3.07
Nacala-A-Velha,,85939544B78261911608408,MOZ,ADM2,hospitals,TIME,3600,women_childbearing,8302,32.42,787,3.07
Nacala-A-Velha,,85939544B78261911608408,MOZ,ADM2,hospitals,TIME,4200,adults,37548,37.36,4958,4.93
Nacala-A-Velha,,85939544B78261911608408,MOZ,ADM2,hospitals,TIME,4200,elderly,2356,37.47,310,4.93
Nacala-A-Velha,,85939544B78261911608408,MOZ,ADM2,hospitals,TIME,4200,school_age,21057,37.36,2780,4.93
Nacala-A-Velha,,85939544B78261911608408,MOZ,ADM2,hospitals,TIME,4200,total,40215,37.37,5309,4.93
Nacala-A-Velha,,85939544B78261911608408,MOZ,ADM2,hospitals,TIME,4200,under_5,6555,37.39,865,4.93
Nacala-A-Velha,,85939544B78261911608408,MOZ,ADM2,hospitals,TIME,4200,women_childbearing,9566,37.36,1264,4.94
Nacala-A-Velha,,85939544B78261911608408,MOZ,ADM2,hospitals,TIME,4800,adults,42486,42.28,4938,4.91
Nacala-A-Velha,,85939544B78261911608408,MOZ,ADM2,hospitals,TIME,4800,elderly,2665,42.38,309,4.91
Nacala-A-Velha,,85939544B78261911608408,MOZ,ADM2,hospitals,TIME,4800,school_age,23825,42.28,2768,4.91
Nacala-A-Velha,,85939544B78261911608408,MOZ,ADM2,hospitals,TIME,4800,total,45502,42.28,5287,4.91
Nacala-A-Velha,,85939544B78261911608408,MOZ,ADM2,hospitals,TIME,4800,under_5,7416,42.3,861,4.91
Nacala-A-Velha,,85939544B78261911608408,MOZ,ADM2,hospitals,TIME,4800,women_childbearing,10824,42.27,1258,4.91
Nacala-A-Velha,,85939544B78261911608408,MOZ,ADM2,hospitals,TIME,5400,adults,47815,47.58,5329,5.3
Nacala-A-Velha,,85939544B78261911608408,MOZ,ADM2,hospitals,TIME,5400,elderly,2997,47.66,332,5.28
Nacala-A-Velha,,85939544B78261911608408,MOZ,ADM2,hospitals,TIME,5400,school_age,26814,47.58,2989,5.3
Nacala-A-Velha,,85939544B78261911608408,MOZ,ADM2,hospitals,TIME,5400,total,51208,47.59,5706,5.3
Nacala-A-Velha,,85939544B78261911608408,MOZ,ADM2,hospitals,TIME,5400,under_5,8346,47.6,930,5.3
Nacala-A-Velha,,85939544B78261911608408,MOZ,ADM2,hospitals,TIME,5400,women_childbearing,12182,47.57,1358,5.3
Nacala-A-Velha,,85939544B78261911608408,MOZ,ADM2,hospitals,TIME,6000,adults,55357,55.08,7542,7.5
Nacala-A-Velha,,85939544B78261911608408,MOZ,ADM2,hospitals,TIME,6000,elderly,3469,55.17,472,7.51
Nacala-A-Velha,,85939544B78261911608408,MOZ,ADM2,hospitals,TIME,6000,school_age,31043,55.08,4229,7.5
Nacala-A-Velha,,85939544B78261911608408,MOZ,ADM2,hospitals,TIME,6000,total,59283,55.09,8075,7.5
Nacala-A-Velha,,85939544B78261911608408,MOZ,ADM2,hospitals,TIME,6000,under_5,9661,55.1,1315,7.5
Nacala-A-Velha,,85939544B78261911608408,MOZ,ADM2,hospitals,TIME,6000,women_childbearing,14104,55.08,1922,7.51
Nacaroa,,85939544B80156310814638,MOZ,ADM2,hospitals,TIME,2400,adults,0,0.0,0,0.0
Nacaroa,,85939544B80156310814638,MOZ,ADM2,hospitals,TIME,2400,elderly,0,0.0,0,0.0
Nacaroa,,85939544B80156310814638,MOZ,ADM2,hospitals,TIME,2400,school_age,0,0.0,0,0.0
Nacaroa,,85939544B80156310814638,MOZ,ADM2,hospitals,TIME,2400,total,0,0.0,0,0.0
Nacaroa,,85939544B80156310814638,MOZ,ADM2,hospitals,TIME,2400,under_5,0,0.0,0,0.0
Nacaroa,,85939544B80156310814638,MOZ,ADM2,hospitals,TIME,2400,women_childbearing,0,0.0,0,0.0
Nacaroa,,85939544B80156310814638,MOZ,ADM2,hospitals,TIME,3000,adults,0,0.0,0,0.0
Nacaroa,,85939544B80156310814638,MOZ,ADM2,hospitals,TIME,3000,elderly,0,0.0,0,0.0
Nacaroa,,85939544B80156310814638,MOZ,ADM2,hospitals,TIME,3000,school_age,0,0.0,0,0.0
Nacaroa,,85939544B80156310814638,MOZ,ADM2,hospitals,TIME,3000,total,0,0.0,0,0.0
Nacaroa,,85939544B80156310814638,MOZ,ADM2,hospitals,TIME,3000,under_5,0,0.0,0,0.0
Nacaroa,,85939544B80156310814638,MOZ,ADM2,hospitals,TIME,3000,women_childbearing,0,0.0,0,0.0
Nacaroa,,85939544B80156310814638,MOZ,ADM2,hospitals,TIME,3600,adults,0,0.0,0,0.0
Nacaroa,,85939544B80156310814638,MOZ,ADM2,hospitals,TIME,3600,elderly,0,0.0,0,0.0
Nacaroa,,85939544B80156310814638,MOZ,ADM2,hospitals,TIME,3600,school_age,0,0.0,0,0.0
Nacaroa,,85939544B80156310814638,MOZ,ADM2,hospitals,TIME,3600,total,0,0.0,0,0.0
Nacaroa,,85939544B80156310814638,MOZ,ADM2,hospitals,TIME,3600,under_5,0,0.0,0,0.0
Nacaroa,,85939544B80156310814638,MOZ,ADM2,hospitals,TIME,3600,women_childbearing,0,0.0,0,0.0
Nacaroa,,85939544B80156310814638,MOZ,ADM2,hospitals,TIME,4200,adults,179,0.12,179,0.12
Nacaroa,,85939544B80156310814638,MOZ,ADM2,hospitals,TIME,4200,elderly,6,0.11,6,0.11
Nacaroa,,85939544B80156310814638,MOZ,ADM2,hospitals,TIME,4200,school_age,105,0.12,105,0.12
Nacaroa,,85939544B80156310814638,MOZ,ADM2,hospitals,TIME,4200,total,187,0.12,187,0.12
Nacaroa,,85939544B80156310814638,MOZ,ADM2,hospitals,TIME,4200,under_5,32,0.12,32,0.12
Nacaroa,,85939544B80156310814638,MOZ,ADM2,hospitals,TIME,4200,women_childbearing,44,0.12,44,0.12
Nacaroa,,85939544B80156310814638,MOZ,ADM2,hospitals,TIME,4800,adults,1661,1.15,1482,1.03
Nacaroa,,85939544B80156310814638,MOZ,ADM2,hospitals,TIME,4800,elderly,63,1.15,57,1.04
Nacaroa,,85939544B80156310814638,MOZ,ADM2,hospitals,TIME,4800,school_age,972,1.15,867,1.03
Nacaroa,,85939544B80156310814638,MOZ,ADM2,hospitals,TIME,4800,total,1737,1.15,1550,1.03
Nacaroa,,85939544B80156310814638,MOZ,ADM2,hospitals,TIME,4800,under_5,302,1.15,270,1.03
Nacaroa,,85939544B80156310814638,MOZ,ADM2,hospitals,TIME,4800,women_childbearing,410,1.15,366,1.03
Nacaroa,,85939544B80156310814638,MOZ,ADM2,hospitals,TIME,5400,adults,10878,7.54,9217,6.39
Nacaroa,,85939544B80156310814638,MOZ,ADM2,hospitals,TIME,5400,elderly,413,7.53,350,6.38
Nacaroa,,85939544B80156310814638,MOZ,ADM2,hospitals,TIME,5400,school_age,6365,7.54,5393,6.39
Nacaroa,,85939544B80156310814638,MOZ,ADM2,hospitals,TIME,5400,total,11379,7.54,9642,6.39
Nacaroa,,85939544B80156310814638,MOZ,ADM2,hospitals,TIME,5400,under_5,1979,7.53,1677,6.38
Nacaroa,,85939544B80156310814638,MOZ,ADM2,hospitals,TIME,5400,women_childbearing,2690,7.54,2280,6.39
Nacaroa,,85939544B80156310814638,MOZ,ADM2,hospitals,TIME,6000,adults,19628,13.6,8750,6.06
Nacaroa,,85939544B80156310814638,MOZ,ADM2,hospitals,TIME,6000,elderly,746,13.6,333,6.07
Nacaroa,,85939544B80156310814638,MOZ,ADM2,hospitals,TIME,6000,school_age,11484,13.6,5119,6.06
Nacaroa,,85939544B80156310814638,MOZ,ADM2,hospitals,TIME,6000,total,20532,13.6,9153,6.06
Nacaroa,,85939544B80156310814638,MOZ,ADM2,hospitals,TIME,6000,under_5,3572,13.6,1593,6.06
Nacaroa,,85939544B80156310814638,MOZ,ADM2,hospitals,TIME,6000,women_childbearing,4855,13.6,2165,6.06
Namaacha,,85939544B88728478280907,MOZ,ADM2,hospitals,TIME,1800,adults,5578,9.78,5578,9.78
Namaacha,,85939544B88728478280907,MOZ,ADM2,hospitals,TIME,1800,elderly,316,9.75,316,9.75
Namaacha,,85939544B88728478280907,MOZ,ADM2,hospitals,TIME,1800,school_age,2930,9.78,2930,9.78
Namaacha,,85939544B88728478280907,MOZ,ADM2,hospitals,TIME,1800,total,5941,9.78,5941,9.78
Namaacha,,85939544B88728478280907,MOZ,ADM2,hospitals,TIME,1800,under_5,745,9.78,745,9.78
Namaacha,,85939544B88728478280907,MOZ,ADM2,hospitals,TIME,1800,women_childbearing,1486,9.78,1486,9.78
Namaacha,,85939544B88728478280907,MOZ,ADM2,hospitals,TIME,2400,adults,10105,17.71,4527,7.94
Namaacha,,85939544B88728478280907,MOZ,ADM2,hospitals,TIME,2400,elderly,574,17.72,258,7.96
Namaacha,,85939544B88728478280907,MOZ,ADM2,hospitals,TIME,2400,school_age,5308,17.72,2378,7.94
Namaacha,,85939544B88728478280907,MOZ,ADM2,hospitals,TIME,2400,total,10762,17.71,4821,7.94
Namaacha,,85939544B88728478280907,MOZ,ADM2,hospitals,TIME,2400,under_5,1349,17.71,604,7.93
Namaacha,,85939544B88728478280907,MOZ,ADM2,hospitals,TIME,2400,women_childbearing,2692,17.71,1206,7.93
Namaacha,,85939544B88728478280907,MOZ,ADM2,hospitals,TIME,3000,adults,15415,27.02,5310,9.31
Namaacha,,85939544B88728478280907,MOZ,ADM2,hospitals,TIME,3000,elderly,875,27.01,301,9.29
Namaacha,,85939544B88728478280907,MOZ,ADM2,hospitals,TIME,3000,school_age,8097,27.02,2789,9.31
Namaacha,,85939544B88728478280907,MOZ,ADM2,hospitals,TIME,3000,total,16417,27.02,5655,9.31
Namaacha,,85939544B88728478280907,MOZ,ADM2,hospitals,TIME,3000,under_5,2059,27.02,710,9.32
Namaacha,,85939544B88728478280907,MOZ,ADM2,hospitals,TIME,3000,women_childbearing,4107,27.02,1415,9.31
Namaacha,,85939544B88728478280907,MOZ,ADM2,hospitals,TIME,3600,adults,39933,70.01,24518,42.98
Namaacha,,85939544B88728478280907,MOZ,ADM2,hospitals,TIME,3600,elderly,2268,70.0,1393,42.99
Namaacha,,85939544B88728478280907,MOZ,ADM2,hospitals,TIME,3600,school_age,20976,70.01,12879,42.98
Namaacha,,85939544B88728478280907,MOZ,ADM2,hospitals,TIME,3600,total,42529,70.01,26112,42.98
Namaacha,,85939544B88728478280907,MOZ,ADM2,hospitals,TIME,3600,under_5,5333,70.0,3274,42.97
Namaacha,,85939544B88728478280907,MOZ,ADM2,hospitals,TIME,3600,women_childbearing,10641,70.01,6534,42.99
Namaacha,,85939544B88728478280907,MOZ,ADM2,hospitals,TIME,4200,adults,45747,80.2,5814,10.19
Namaacha,,85939544B88728478280907,MOZ,ADM2,hospitals,TIME,4200,elderly,2598,80.19,330,10.19
Namaacha,,85939544B88728478280907,MOZ,ADM2,hospitals,TIME,4200,school_age,24029,80.2,3053,10.19
Namaacha,,85939544B88728478280907,MOZ,ADM2,hospitals,TIME,4200,total,48720,80.2,6191,10.19
Namaacha,,85939544B88728478280907,MOZ,ADM2,hospitals,TIME,4200,under_5,6110,80.19,777,10.2
Namaacha,,85939544B88728478280907,MOZ,ADM2,hospitals,TIME,4200,women_childbearing,12190,80.2,1549,10.19
Namaacha,,85939544B88728478280907,MOZ,ADM2,hospitals,TIME,4800,adults,49215,86.28,3468,6.08
Namaacha,,85939544B88728478280907,MOZ,ADM2,hospitals,TIME,4800,elderly,2795,86.27,197,6.08
Namaacha,,85939544B88728478280907,MOZ,ADM2,hospitals,TIME,4800,school_age,25851,86.28,1822,6.08
Namaacha,,85939544B88728478280907,MOZ,ADM2,hospitals,TIME,4800,total,52414,86.28,3694,6.08
Namaacha,,85939544B88728478280907,MOZ,ADM2,hospitals,TIME,4800,under_5,6573,86.27,463,6.08
Namaacha,,85939544B88728478280907,MOZ,ADM2,hospitals,TIME,4800,women_childbearing,13114,86.28,924,6.08
Namaacha,,85939544B88728478280907,MOZ,ADM2,hospitals,TIME,5400,adults,51443,90.18,2228,3.91
Namaacha,,85939544B88728478280907,MOZ,ADM2,hospitals,TIME,5400,elderly,2922,90.19,127,3.92
Namaacha,,85939544B88728478280907,MOZ,ADM2,hospitals,TIME,5400,school_age,27022,90.18,1171,3.91
Namaacha,,85939544B88728478280907,MOZ,ADM2,hospitals,TIME,5400,total,54787,90.18,2373,3.91
Namaacha,,85939544B88728478280907,MOZ,ADM2,hospitals,TIME,5400,under_5,6871,90.18,298,3.91
Namaacha,,85939544B88728478280907,MOZ,ADM2,hospitals,TIME,5400,women_childbearing,13708,90.18,594,3.91
Namaacha,,85939544B88728478280907,MOZ,ADM2,hospitals,TIME,6000,adults,51608,90.47,165,0.29
Namaacha,,85939544B88728478280907,MOZ,ADM2,hospitals,TIME,6000,elderly,2931,90.46,9,0.28
Namaacha,,85939544B88728478280907,MOZ,ADM2,hospitals,TIME,6000,school_age,27108,90.47,86,0.29
Namaacha,,85939544B88728478280907,MOZ,ADM2,hospitals,TIME,6000,total,54963,90.47,176,0.29
Namaacha,,85939544B88728478280907,MOZ,ADM2,hospitals,TIME,6000,under_5,6893,90.47,22,0.29
Namaacha,,85939544B88728478280907,MOZ,ADM2,hospitals,TIME,6000,women_childbearing,13752,90.47,44,0.29
Namacurra,,85939544B74893021327700,MOZ,ADM2,hospitals,TIME,600,adults,30656,13.96,30656,13.96
Namacurra,,85939544B74893021327700,MOZ,ADM2,hospitals,TIME,600,elderly,1256,13.96,1256,13.96
Namacurra,,85939544B74893021327700,MOZ,ADM2,hospitals,TIME,600,school_age,18072,13.96,18072,13.96
Namacurra,,85939544B74893021327700,MOZ,ADM2,hospitals,TIME,600,total,32160,13.96,32160,13.96
Namacurra,,85939544B74893021327700,MOZ,ADM2,hospitals,TIME,600,under_5,5348,13.96,5348,13.96
Namacurra,,85939544B74893021327700,MOZ,ADM2,hospitals,TIME,600,women_childbearing,8339,13.96,8339,13.96
Namacurra,,85939544B74893021327700,MOZ,ADM2,hospitals,TIME,1200,adults,40755,18.56,10099,4.6
Namacurra,,85939544B74893021327700,MOZ,ADM2,hospitals,TIME,1200,elderly,1670,18.56,414,4.6
Namacurra,,85939544B74893021327700,MOZ,ADM2,hospitals,TIME,1200,school_age,24026,18.56,5954,4.6
Namacurra,,85939544B74893021327700,MOZ,ADM2,hospitals,TIME,1200,total,42755,18.56,10595,4.6
Namacurra,,85939544B74893021327700,MOZ,ADM2,hospitals,TIME,1200,under_5,7110,18.56,1762,4.6
Namacurra,,85939544B74893021327700,MOZ,ADM2,hospitals,TIME,1200,women_childbearing,11086,18.56,2747,4.6
Namacurra,,85939544B74893021327700,MOZ,ADM2,hospitals,TIME,1800,adults,47605,21.68,6850,3.12
Namacurra,,85939544B74893021327700,MOZ,ADM2,hospitals,TIME,1800,elderly,1951,21.68,281,3.12
Namacurra,,85939544B74893021327700,MOZ,ADM2,hospitals,TIME,1800,school_age,28065,21.68,4039,3.12
Namacurra,,85939544B74893021327700,MOZ,ADM2,hospitals,TIME,1800,total,49941,21.68,7186,3.12
Namacurra,,85939544B74893021327700,MOZ,ADM2,hospitals,TIME,1800,under_5,8305,21.68,1195,3.12
Namacurra,,85939544B74893021327700,MOZ,ADM2,hospitals,TIME,1800,women_childbearing,12949,21.68,1863,3.12
Namacurra,,85939544B74893021327700,MOZ,ADM2,hospitals,TIME,2400,adults,53409,24.32,5804,2.64
Namacurra,,85939544B74893021327700,MOZ,ADM2,hospitals,TIME,2400,elderly,2188,24.32,237,2.63
Namacurra,,85939544B74893021327700,MOZ,ADM2,hospitals,TIME,2400,school_age,31486,24.32,3421,2.64
Namacurra,,85939544B74893021327700,MOZ,ADM2,hospitals,TIME,2400,total,56030,24.32,6089,2.64
Namacurra,,85939544B74893021327700,MOZ,ADM2,hospitals,TIME,2400,under_5,9317,24.32,1012,2.64
Namacurra,,85939544B74893021327700,MOZ,ADM2,hospitals,TIME,2400,women_childbearing,14528,24.32,1579,2.64
Namacurra,,85939544B74893021327700,MOZ,ADM2,hospitals,TIME,3000,adults,61224,27.88,7815,3.56
Namacurra,,85939544B74893021327700,MOZ,ADM2,hospitals,TIME,3000,elderly,2509,27.88,321,3.57
Namacurra,,85939544B74893021327700,MOZ,ADM2,hospitals,TIME,3000,school_age,36093,27.88,4607,3.56
Namacurra,,85939544B74893021327700,MOZ,ADM2,hospitals,TIME,3000,total,64228,27.88,8198,3.56
Namacurra,,85939544B74893021327700,MOZ,ADM2,hospitals,TIME,3000,under_5,10681,27.88,1364,3.56
Namacurra,,85939544B74893021327700,MOZ,ADM2,hospitals,TIME,3000,women_childbearing,16654,27.88,2126,3.56
Namacurra,,85939544B74893021327700,MOZ,ADM2,hospitals,TIME,3600,adults,73837,33.63,12613,5.74
Namacurra,,85939544B74893021327700,MOZ,ADM2,hospitals,TIME,3600,elderly,3026,33.63,517,5.75
Namacurra,,85939544B74893021327700,MOZ,ADM2,hospitals,TIME,3600,school_age,43529,33.63,7436,5.74
Namacurra,,85939544B74893021327700,MOZ,ADM2,hospitals,TIME,3600,total,77460,33.63,13232,5.74
Namacurra,,85939544B74893021327700,MOZ,ADM2,hospitals,TIME,3600,under_5,12881,33.63,2200,5.74
Namacurra,,85939544B74893021327700,MOZ,ADM2,hospitals,TIME,3600,women_childbearing,20085,33.63,3431,5.74
Namacurra,,85939544B74893021327700,MOZ,ADM2,hospitals,TIME,4200,adults,78216,35.62,4379,1.99
Namacurra,,85939544B74893021327700,MOZ,ADM2,hospitals,TIME,4200,elderly,3205,35.62,179,1.99
Namacurra,,85939544B74893021327700,MOZ,ADM2,hospitals,TIME,4200,school_age,46110,35.62,2581,1.99
Namacurra,,85939544B74893021327700,MOZ,ADM2,hospitals,TIME,4200,total,82053,35.62,4593,1.99
Namacurra,,85939544B74893021327700,MOZ,ADM2,hospitals,TIME,4200,under_5,13645,35.62,764,1.99
Namacurra,,85939544B74893021327700,MOZ,ADM2,hospitals,TIME,4200,women_childbearing,21276,35.62,1191,1.99
Namacurra,,85939544B74893021327700,MOZ,ADM2,hospitals,TIME,4800,adults,83770,38.15,5554,2.53
Namacurra,,85939544B74893021327700,MOZ,ADM2,hospitals,TIME,4800,elderly,3433,38.15,228,2.53
Namacurra,,85939544B74893021327700,MOZ,ADM2,hospitals,TIME,4800,school_age,49385,38.15,3275,2.53
Namacurra,,85939544B74893021327700,MOZ,ADM2,hospitals,TIME,4800,total,87880,38.15,5827,2.53
Namacurra,,85939544B74893021327700,MOZ,ADM2,hospitals,TIME,4800,under_5,14614,38.15,969,2.53
Namacurra,,85939544B74893021327700,MOZ,ADM2,hospitals,TIME,4800,women_childbearing,22787,38.15,1511,2.53
Namacurra,,85939544B74893021327700,MOZ,ADM2,hospitals,TIME,5400,adults,86385,39.34,2615,1.19
Namacurra,,85939544B74893021327700,MOZ,ADM2,hospitals,TIME,5400,elderly,3540,39.34,107,1.19
Namacurra,,85939544B74893021327700,MOZ,ADM2,hospitals,TIME,5400,school_age,50926,39.34,1541,1.19
Namacurra,,85939544B74893021327700,MOZ,ADM2,hospitals,TIME,5400,total,90623,39.34,2743,1.19
Namacurra,,85939544B74893021327700,MOZ,ADM2,hospitals,TIME,5400,under_5,15070,39.34,456,1.19
Namacurra,,85939544B74893021327700,MOZ,ADM2,hospitals,TIME,5400,women_childbearing,23498,39.34,711,1.19
Namacurra,,85939544B74893021327700,MOZ,ADM2,hospitals,TIME,6000,adults,88463,40.29,2078,0.95
Namacurra,,85939544B74893021327700,MOZ,ADM2,hospitals,TIME,6000,elderly,3625,40.29,85,0.94
Namacurra,,85939544B74893021327700,MOZ,ADM2,hospitals,TIME,6000,school_age,52152,40.29,1226,0.95
Namacurra,,85939544B74893021327700,MOZ,ADM2,hospitals,TIME,6000,total,92804,40.29,2181,0.95
Namacurra,,85939544B74893021327700,MOZ,ADM2,hospitals,TIME,6000,under_5,15433,40.29,363,0.95
Namacurra,,85939544B74893021327700,MOZ,ADM2,hospitals,TIME,6000,women_childbearing,24063,40.29,565,0.95
Namarroi,,85939544B64189871111735,MOZ,ADM2,hospitals,TIME,5400,adults,301,0.17,301,0.17
Namarroi,,85939544B64189871111735,MOZ,ADM2,hospitals,TIME,5400,elderly,10,0.16,10,0.16
Namarroi,,85939544B64189871111735,MOZ,ADM2,hospitals,TIME,5400,school_age,179,0.17,179,0.17
Namarroi,,85939544B64189871111735,MOZ,ADM2,hospitals,TIME,5400,total,313,0.17,313,0.17
Namarroi,,85939544B64189871111735,MOZ,ADM2,hospitals,TIME,5400,under_5,61,0.17,61,0.17
Namarroi,,85939544B64189871111735,MOZ,ADM2,hospitals,TIME,5400,women_childbearing,77,0.17,77,0.17
Namarroi,,85939544B64189871111735,MOZ,ADM2,hospitals,TIME,6000,adults,1389,0.77,1088,0.61
Namarroi,,85939544B64189871111735,MOZ,ADM2,hospitals,TIME,6000,elderly,47,0.76,37,0.6
Namarroi,,85939544B64189871111735,MOZ,ADM2,hospitals,TIME,6000,school_age,828,0.78,649,0.61
Namarroi,,85939544B64189871111735,MOZ,ADM2,hospitals,TIME,6000,total,1448,0.77,1135,0.61
Namarroi,,85939544B64189871111735,MOZ,ADM2,hospitals,TIME,6000,under_5,284,0.78,223,0.61
Namarroi,,85939544B64189871111735,MOZ,ADM2,hospitals,TIME,6000,women_childbearing,356,0.77,279,0.61
Nampula,MZ-N,27363107B75878915981920,MOZ,ADM1,hospitals,TIME,600,adults,980387,16.85,980387,16.85
Nampula,MZ-N,27363107B75878915981920,MOZ,ADM1,hospitals,TIME,600,elderly,27165,11.42,27165,11.42
Nampula,MZ-N,27363107B75878915981920,MOZ,ADM1,hospitals,TIME,600,school_age,557477,16.53,557477,16.53
Nampula,MZ-N,27363107B75878915981920,MOZ,ADM1,hospitals,TIME,600,total,1015377,16.64,1015377,16.64
Nampula,MZ-N,27363107B75878915981920,MOZ,ADM1,hospitals,TIME,600,under_5,147935,14.26,147935,14.26
Nampula,MZ-N,27363107B75878915981920,MOZ,ADM1,hospitals,TIME,600,women_childbearing,249147,17.28,249147,17.28
Nampula,MZ-N,27363107B75878915981920,MOZ,ADM1,hospitals,TIME,1200,adults,1151873,19.8,171486,2.95
Nampula,MZ-N,27363107B75878915981920,MOZ,ADM1,hospitals,TIME,1200,elderly,32692,13.74,5527,2.32
Nampula,MZ-N,27363107B75878915981920,MOZ,ADM1,hospitals,TIME,1200,school_age,655440,19.43,97963,2.9
Nampula,MZ-N,27363107B75878915981920,MOZ,ADM1,hospitals,TIME,1200,total,1193765,19.56,178388,2.92
Nampula,MZ-N,27363107B75878915981920,MOZ,ADM1,hospitals,TIME,1200,under_5,174819,16.85,26884,2.59
Nampula,MZ-N,27363107B75878915981920,MOZ,ADM1,hospitals,TIME,1200,women_childbearing,292412,20.28,43265,3.0
Nampula,MZ-N,27363107B75878915981920,MOZ,ADM1,hospitals,TIME,1800,adults,1234519,21.22,82646,1.42
Nampula,MZ-N,27363107B75878915981920,MOZ,ADM1,hospitals,TIME,1800,elderly,36748,15.44,4056,1.7
Nampula,MZ-N,27363107B75878915981920,MOZ,ADM1,hospitals,TIME,1800,school_age,702850,20.84,47410,1.41
Nampula,MZ-N,27363107B75878915981920,MOZ,ADM1,hospitals,TIME,1800,total,1281141,21.0,87376,1.43
Nampula,MZ-N,27363107B75878915981920,MOZ,ADM1,hospitals,TIME,1800,under_5,189400,18.26,14581,1.41
Nampula,MZ-N,27363107B75878915981920,MOZ,ADM1,hospitals,TIME,1800,women_childbearing,313003,21.7,20591,1.43
Nampula,MZ-N,27363107B75878915981920,MOZ,ADM1,hospitals,TIME,2400,adults,1346084,23.14,111565,1.92
Nampula,MZ-N,27363107B75878915981920,MOZ,ADM1,hospitals,TIME,2400,elderly,41726,17.54,4978,2.09
Nampula,MZ-N,27363107B75878915981920,MOZ,ADM1,hospitals,TIME,2400,school_age,766599,22.73,63749,1.89
Nampula,MZ-N,27363107B75878915981920,MOZ,ADM1,hospitals,TIME,2400,total,1398588,22.92,117447,1.92
Nampula,MZ-N,27363107B75878915981920,MOZ,ADM1,hospitals,TIME,2400,under_5,209144,20.16,19744,1.9
Nampula,MZ-N,27363107B75878915981920,MOZ,ADM1,hospitals,TIME,2400,women_childbearing,341102,23.65,28099,1.95
Nampula,MZ-N,27363107B75878915981920,MOZ,ADM1,hospitals,TIME,3000,adults,1483483,25.5,137399,2.36
Nampula,MZ-N,27363107B75878915981920,MOZ,ADM1,hospitals,TIME,3000,elderly,47945,20.15,6219,2.61
Nampula,MZ-N,27363107B75878915981920,MOZ,ADM1,hospitals,TIME,3000,school_age,845030,25.06,78431,2.33
Nampula,MZ-N,27363107B75878915981920,MOZ,ADM1,hospitals,TIME,3000,total,1543321,25.29,144733,2.37
Nampula,MZ-N,27363107B75878915981920,MOZ,ADM1,hospitals,TIME,3000,under_5,234211,22.58,25067,2.42
Nampula,MZ-N,27363107B75878915981920,MOZ,ADM1,hospitals,TIME,3000,women_childbearing,375591,26.04,34489,2.39
Nampula,MZ-N,27363107B75878915981920,MOZ,ADM1,hospitals,TIME,3600,adults,1639502,28.19,156019,2.68
Nampula,MZ-N,27363107B75878915981920,MOZ,ADM1,hospitals,TIME,3600,elderly,54775,23.02,6830,2.87
Nampula,MZ-N,27363107B75878915981920,MOZ,ADM1,hospitals,TIME,3600,school_age,934849,27.72,89819,2.66
Nampula,MZ-N,27363107B75878915981920,MOZ,ADM1,hospitals,TIME,3600,total,1707435,27.98,164114,2.69
Nampula,MZ-N,27363107B75878915981920,MOZ,ADM1,hospitals,TIME,3600,under_5,262825,25.33,28614,2.76
Nampula,MZ-N,27363107B75878915981920,MOZ,ADM1,hospitals,TIME,3600,women_childbearing,414394,28.73,38803,2.69
Nampula,MZ-N,27363107B75878915981920,MOZ,ADM1,hospitals,TIME,4200,adults,1877014,32.27,237512,4.08
Nampula,MZ-N,27363107B75878915981920,MOZ,ADM1,hospitals,TIME,4200,elderly,65063,27.34,10288,4.32
Nampula,MZ-N,27363107B75878915981920,MOZ,ADM1,hospitals,TIME,4200,school_age,1072937,31.81,138088,4.09
Nampula,MZ-N,27363107B75878915981920,MOZ,ADM1,hospitals,TIME,4200,total,1957159,32.08,249724,4.09
Nampula,MZ-N,27363107B75878915981920,MOZ,ADM1,hospitals,TIME,4200,under_5,306131,29.51,43306,4.17
Nampula,MZ-N,27363107B75878915981920,MOZ,ADM1,hospitals,TIME,4200,women_childbearing,473162,32.81,58768,4.08
Nampula,MZ-N,27363107B75878915981920,MOZ,ADM1,hospitals,TIME,4800,adults,2090383,35.94,213369,3.67
Nampula,MZ-N,27363107B75878915981920,MOZ,ADM1,hospitals,TIME,4800,elderly,74420,31.27,9357,3.93
Nampula,MZ-N,27363107B75878915981920,MOZ,ADM1,hospitals,TIME,4800,school_age,1197125,35.5,124188,3.68
Nampula,MZ-N,27363107B75878915981920,MOZ,ADM1,hospitals,TIME,4800,total,2181615,35.75,224456,3.68
Nampula,MZ-N,27363107B75878915981920,MOZ,ADM1,hospitals,TIME,4800,under_5,345220,33.28,39089,3.77
Nampula,MZ-N,27363107B75878915981920,MOZ,ADM1,hospitals,TIME,4800,women_childbearing,525749,36.46,52587,3.65
Nampula,MZ-N,27363107B75878915981920,MOZ,ADM1,hospitals,TIME,5400,adults,2300110,39.54,209727,3.61
Nampula,MZ-N,27363107B75878915981920,MOZ,ADM1,hospitals,TIME,5400,elderly,83467,35.08,9047,3.8
Nampula,MZ-N,27363107B75878915981920,MOZ,ADM1,hospitals,TIME,5400,school_age,1319266,39.12,122141,3.62
Nampula,MZ-N,27363107B75878915981920,MOZ,ADM1,hospitals,TIME,5400,total,2402089,39.37,220474,3.61
Nampula,MZ-N,27363107B75878915981920,MOZ,ADM1,hospitals,TIME,5400,under_5,383354,36.95,38134,3.68
Nampula,MZ-N,27363107B75878915981920,MOZ,ADM1,hospitals,TIME,5400,women_childbearing,577481,40.04,51732,3.59
Nampula,MZ-N,27363107B75878915981920,MOZ,ADM1,hospitals,TIME,6000,adults,2551856,43.87,251746,4.33
Nampula,MZ-N,27363107B75878915981920,MOZ,ADM1,hospitals,TIME,6000,elderly,94496,39.71,11029,4.63
Nampula,MZ-N,27363107B75878915981920,MOZ,ADM1,hospitals,TIME,6000,school_age,1464408,43.42,145142,4.3
Nampula,MZ-N,27363107B75878915981920,MOZ,ADM1,hospitals,TIME,6000,total,2666904,43.71,264815,4.34
Nampula,MZ-N,27363107B75878915981920,MOZ,ADM1,hospitals,TIME,6000,under_5,428683,41.32,45329,4.37
Nampula,MZ-N,27363107B75878915981920,MOZ,ADM1,hospitals,TIME,6000,women_childbearing,640026,44.38,62545,4.34
Namuno,,85939544B68242516881190,MOZ,ADM2,hospitals,TIME,2400,adults,3038,1.25,3038,1.25
Namuno,,85939544B68242516881190,MOZ,ADM2,hospitals,TIME,2400,elderly,120,1.24,120,1.24
Namuno,,85939544B68242516881190,MOZ,ADM2,hospitals,TIME,2400,school_age,1710,1.25,1710,1.25
Namuno,,85939544B68242516881190,MOZ,ADM2,hospitals,TIME,2400,total,3184,1.25,3184,1.25
Namuno,,85939544B68242516881190,MOZ,ADM2,hospitals,TIME,2400,under_5,589,1.25,589,1.25
Namuno,,85939544B68242516881190,MOZ,ADM2,hospitals,TIME,2400,women_childbearing,785,1.25,785,1.25
Namuno,,85939544B68242516881190,MOZ,ADM2,hospitals,TIME,3000,adults,13185,5.42,10147,4.17
Namuno,,85939544B68242516881190,MOZ,ADM2,hospitals,TIME,3000,elderly,523,5.41,403,4.17
Namuno,,85939544B68242516881190,MOZ,ADM2,hospitals,TIME,3000,school_age,7423,5.42,5713,4.17
Namuno,,85939544B68242516881190,MOZ,ADM2,hospitals,TIME,3000,total,13815,5.42,10631,4.17
Namuno,,85939544B68242516881190,MOZ,ADM2,hospitals,TIME,3000,under_5,2556,5.42,1967,4.17
Namuno,,85939544B68242516881190,MOZ,ADM2,hospitals,TIME,3000,women_childbearing,3408,5.42,2623,4.17
Namuno,,85939544B68242516881190,MOZ,ADM2,hospitals,TIME,3600,adults,27986,11.5,14801,6.08
Namuno,,85939544B68242516881190,MOZ,ADM2,hospitals,TIME,3600,elderly,1111,11.5,588,6.09
Namuno,,85939544B68242516881190,MOZ,ADM2,hospitals,TIME,3600,school_age,15757,11.5,8334,6.08
Namuno,,85939544B68242516881190,MOZ,ADM2,hospitals,TIME,3600,total,29324,11.5,15509,6.08
Namuno,,85939544B68242516881190,MOZ,ADM2,hospitals,TIME,3600,under_5,5425,11.5,2869,6.08
Namuno,,85939544B68242516881190,MOZ,ADM2,hospitals,TIME,3600,women_childbearing,7234,11.5,3826,6.08
Namuno,,85939544B68242516881190,MOZ,ADM2,hospitals,TIME,4200,adults,50184,20.63,22198,9.12
Namuno,,85939544B68242516881190,MOZ,ADM2,hospitals,TIME,4200,elderly,1993,20.63,882,9.13
Namuno,,85939544B68242516881190,MOZ,ADM2,hospitals,TIME,4200,school_age,28255,20.63,12498,9.12
Namuno,,85939544B68242516881190,MOZ,ADM2,hospitals,TIME,4200,total,52582,20.63,23258,9.12
Namuno,,85939544B68242516881190,MOZ,ADM2,hospitals,TIME,4200,under_5,9729,20.63,4304,9.13
Namuno,,85939544B68242516881190,MOZ,ADM2,hospitals,TIME,4200,women_childbearing,12973,20.63,5739,9.13
Namuno,,85939544B68242516881190,MOZ,ADM2,hospitals,TIME,4800,adults,62292,25.61,12108,4.98
Namuno,,85939544B68242516881190,MOZ,ADM2,hospitals,TIME,4800,elderly,2474,25.61,481,4.98
Namuno,,85939544B68242516881190,MOZ,ADM2,hospitals,TIME,4800,school_age,35072,25.61,6817,4.98
Namuno,,85939544B68242516881190,MOZ,ADM2,hospitals,TIME,4800,total,65270,25.61,12688,4.98
Namuno,,85939544B68242516881190,MOZ,ADM2,hospitals,TIME,4800,under_5,12076,25.61,2347,4.98
Namuno,,85939544B68242516881190,MOZ,ADM2,hospitals,TIME,4800,women_childbearing,16103,25.61,3130,4.98
Namuno,,85939544B68242516881190,MOZ,ADM2,hospitals,TIME,5400,adults,79091,32.51,16799,6.91
Namuno,,85939544B68242516881190,MOZ,ADM2,hospitals,TIME,5400,elderly,3141,32.51,667,6.9
Namuno,,85939544B68242516881190,MOZ,ADM2,hospitals,TIME,5400,school_age,44530,32.51,9458,6.91
Namuno,,85939544B68242516881190,MOZ,ADM2,hospitals,TIME,5400,total,82870,32.51,17600,6.9
Namuno,,85939544B68242516881190,MOZ,ADM2,hospitals,TIME,5400,under_5,15333,32.51,3257,6.91
Namuno,,85939544B68242516881190,MOZ,ADM2,hospitals,TIME,5400,women_childbearing,20446,32.51,4343,6.91
Namuno,,85939544B68242516881190,MOZ,ADM2,hospitals,TIME,6000,adults,99427,40.87,20336,8.36
Namuno,,85939544B68242516881190,MOZ,ADM2,hospitals,TIME,6000,elderly,3948,40.86,807,8.35
Namuno,,85939544B68242516881190,MOZ,ADM2,hospitals,TIME,6000,school_age,55980,40.87,11450,8.36
Namuno,,85939544B68242516881190,MOZ,ADM2,hospitals,TIME,6000,total,104179,40.87,21309,8.36
Namuno,,85939544B68242516881190,MOZ,ADM2,hospitals,TIME,6000,under_5,19276,40.87,3943,8.36
Namuno,,85939544B68242516881190,MOZ,ADM2,hospitals,TIME,6000,women_childbearing,25703,40.87,5257,8.36
Nangade,,85939544B17838134976629,MOZ,ADM2,hospitals,TIME,3000,adults,855,1.03,855,1.03
Nangade,,85939544B17838134976629,MOZ,ADM2,hospitals,TIME,3000,elderly,68,1.03,68,1.03
Nangade,,85939544B17838134976629,MOZ,ADM2,hospitals,TIME,3000,school_age,456,1.04,456,1.04
Nangade,,85939544B17838134976629,MOZ,ADM2,hospitals,TIME,3000,total,931,1.03,931,1.03
Nangade,,85939544B17838134976629,MOZ,ADM2,hospitals,TIME,3000,under_5,128,1.03,128,1.03
Nangade,,85939544B17838134976629,MOZ,ADM2,hospitals,TIME,3000,women_childbearing,232,1.02,232,1.02
Nangade,,85939544B17838134976629,MOZ,ADM2,hospitals,TIME,3600,adults,2972,3.58,2117,2.55
Nangade,,85939544B17838134976629,MOZ,ADM2,hospitals,TIME,3600,elderly,237,3.58,169,2.55
Nangade,,85939544B17838134976629,MOZ,ADM2,hospitals,TIME,3600,school_age,1580,3.59,1124,2.55
Nangade,,85939544B17838134976629,MOZ,ADM2,hospitals,TIME,3600,total,3234,3.58,2303,2.55
Nangade,,85939544B17838134976629,MOZ,ADM2,hospitals,TIME,3600,under_5,446,3.58,318,2.56
Nangade,,85939544B17838134976629,MOZ,ADM2,hospitals,TIME,3600,women_childbearing,812,3.57,580,2.55
Nangade,,85939544B17838134976629,MOZ,ADM2,hospitals,TIME,4200,adults,8654,10.44,5682,6.85
Nangade,,85939544B17838134976629,MOZ,ADM2,hospitals,TIME,4200,elderly,690,10.43,453,6.85
Nangade,,85939544B17838134976629,MOZ,ADM2,hospitals,TIME,4200,school_age,4595,10.44,3015,6.85
Nangade,,85939544B17838134976629,MOZ,ADM2,hospitals,TIME,4200,total,9417,10.44,6183,6.85
Nangade,,85939544B17838134976629,MOZ,ADM2,hospitals,TIME,4200,under_5,1299,10.44,853,6.86
Nangade,,85939544B17838134976629,MOZ,ADM2,hospitals,TIME,4200,women_childbearing,2369,10.43,1557,6.85
Nangade,,85939544B17838134976629,MOZ,ADM2,hospitals,TIME,4800,adults,19178,23.13,10524,12.69
Nangade,,85939544B17838134976629,MOZ,ADM2,hospitals,TIME,4800,elderly,1531,23.14,841,12.71
Nangade,,85939544B17838134976629,MOZ,ADM2,hospitals,TIME,4800,school_age,10181,23.14,5586,12.7
Nangade,,85939544B17838134976629,MOZ,ADM2,hospitals,TIME,4800,total,20870,23.13,11453,12.7
Nangade,,85939544B17838134976629,MOZ,ADM2,hospitals,TIME,4800,under_5,2878,23.13,1579,12.69
Nangade,,85939544B17838134976629,MOZ,ADM2,hospitals,TIME,4800,women_childbearing,5252,23.12,2883,12.69
Nangade,,85939544B17838134976629,MOZ,ADM2,hospitals,TIME,5400,adults,24576,29.64,5398,6.51
Nangade,,85939544B17838134976629,MOZ,ADM2,hospitals,TIME,5400,elderly,1961,29.64,430,6.5
Nangade,,85939544B17838134976629,MOZ,ADM2,hospitals,TIME,5400,school_age,13046,29.65,2865,6.51
Nangade,,85939544B17838134976629,MOZ,ADM2,hospitals,TIME,5400,total,26743,29.64,5873,6.51
Nangade,,85939544B17838134976629,MOZ,ADM2,hospitals,TIME,5400,under_5,3688,29.64,810,6.51
Nangade,,85939544B17838134976629,MOZ,ADM2,hospitals,TIME,5400,women_childbearing,6731,29.62,1479,6.51
Nangade,,85939544B17838134976629,MOZ,ADM2,hospitals,TIME,6000,adults,30032,36.23,5456,6.58
Nangade,,85939544B17838134976629,MOZ,ADM2,hospitals,TIME,6000,elderly,2396,36.22,435,6.57
Nangade,,85939544B17838134976629,MOZ,ADM2,hospitals,TIME,6000,school_age,15941,36.23,2895,6.58
Nangade,,85939544B17838134976629,MOZ,ADM2,hospitals,TIME,6000,total,32680,36.23,5937,6.58
Nangade,,85939544B17838134976629,MOZ,ADM2,hospitals,TIME,6000,under_5,4507,36.23,819,6.58
Nangade,,85939544B17838134976629,MOZ,ADM2,hospitals,TIME,6000,women_childbearing,8227,36.21,1496,6.58
Nhamatanda,,85939544B48412147332355,MOZ,ADM2,hospitals,TIME,600,adults,46576,13.5,46576,13.5
Nhamatanda,,85939544B48412147332355,MOZ,ADM2,hospitals,TIME,600,elderly,2515,13.5,2515,13.5
Nhamatanda,,85939544B48412147332355,MOZ,ADM2,hospitals,TIME,600,school_age,28158,13.5,28158,13.5
Nhamatanda,,85939544B48412147332355,MOZ,ADM2,hospitals,TIME,600,total,49473,13.5,49473,13.5
Nhamatanda,,85939544B48412147332355,MOZ,ADM2,hospitals,TIME,600,under_5,7717,13.5,7717,13.5
Nhamatanda,,85939544B48412147332355,MOZ,ADM2,hospitals,TIME,600,women_childbearing,11267,13.5,11267,13.5
Nhamatanda,,85939544B48412147332355,MOZ,ADM2,hospitals,TIME,1200,adults,68585,19.88,22009,6.38
Nhamatanda,,85939544B48412147332355,MOZ,ADM2,hospitals,TIME,1200,elderly,3704,19.88,1189,6.38
Nhamatanda,,85939544B48412147332355,MOZ,ADM2,hospitals,TIME,1200,school_age,41464,19.88,13306,6.38
Nhamatanda,,85939544B48412147332355,MOZ,ADM2,hospitals,TIME,1200,total,72851,19.88,23378,6.38
Nhamatanda,,85939544B48412147332355,MOZ,ADM2,hospitals,TIME,1200,under_5,11365,19.88,3648,6.38
Nhamatanda,,85939544B48412147332355,MOZ,ADM2,hospitals,TIME,1200,women_childbearing,16592,19.88,5325,6.38
Nhamatanda,,85939544B48412147332355,MOZ,ADM2,hospitals,TIME,1800,adults,99501,28.85,30916,8.96
Nhamatanda,,85939544B48412147332355,MOZ,ADM2,hospitals,TIME,1800,elderly,5374,28.85,1670,8.96
Nhamatanda,,85939544B48412147332355,MOZ,ADM2,hospitals,TIME,1800,school_age,60155,28.85,18691,8.96
Nhamatanda,,85939544B48412147332355,MOZ,ADM2,hospitals,TIME,1800,total,105690,28.85,32839,8.96
Nhamatanda,,85939544B48412147332355,MOZ,ADM2,hospitals,TIME,1800,under_5,16487,28.85,5122,8.96
Nhamatanda,,85939544B48412147332355,MOZ,ADM2,hospitals,TIME,1800,women_childbearing,24071,28.84,7479,8.96
Nhamatanda,,85939544B48412147332355,MOZ,ADM2,hospitals,TIME,2400,adults,112926,32.74,13425,3.89
Nhamatanda,,85939544B48412147332355,MOZ,ADM2,hospitals,TIME,2400,elderly,6099,32.74,725,3.89
Nhamatanda,,85939544B48412147332355,MOZ,ADM2,hospitals,TIME,2400,school_age,68270,32.74,8115,3.89
Nhamatanda,,85939544B48412147332355,MOZ,ADM2,hospitals,TIME,2400,total,119950,32.74,14260,3.89
Nhamatanda,,85939544B48412147332355,MOZ,ADM2,hospitals,TIME,2400,under_5,18711,32.74,2224,3.89
Nhamatanda,,85939544B48412147332355,MOZ,ADM2,hospitals,TIME,2400,women_childbearing,27319,32.74,3248,3.89
Nhamatanda,,85939544B48412147332355,MOZ,ADM2,hospitals,TIME,3000,adults,123371,35.77,10445,3.03
Nhamatanda,,85939544B48412147332355,MOZ,ADM2,hospitals,TIME,3000,elderly,6663,35.76,564,3.03
Nhamatanda,,85939544B48412147332355,MOZ,ADM2,hospitals,TIME,3000,school_age,74585,35.77,6315,3.03
Nhamatanda,,85939544B48412147332355,MOZ,ADM2,hospitals,TIME,3000,total,131045,35.77,11095,3.03
Nhamatanda,,85939544B48412147332355,MOZ,ADM2,hospitals,TIME,3000,under_5,20442,35.76,1731,3.03
Nhamatanda,,85939544B48412147332355,MOZ,ADM2,hospitals,TIME,3000,women_childbearing,29846,35.76,2527,3.03
Nhamatanda,,85939544B48412147332355,MOZ,ADM2,hospitals,TIME,3600,adults,155958,45.21,32587,9.45
Nhamatanda,,85939544B48412147332355,MOZ,ADM2,hospitals,TIME,3600,elderly,8423,45.21,1760,9.45
Nhamatanda,,85939544B48412147332355,MOZ,ADM2,hospitals,TIME,3600,school_age,94286,45.21,19701,9.45
Nhamatanda,,85939544B48412147332355,MOZ,ADM2,hospitals,TIME,3600,total,165658,45.21,34613,9.45
Nhamatanda,,85939544B48412147332355,MOZ,ADM2,hospitals,TIME,3600,under_5,25842,45.21,5400,9.45
Nhamatanda,,85939544B48412147332355,MOZ,ADM2,hospitals,TIME,3600,women_childbearing,37729,45.21,7883,9.45
Nhamatanda,,85939544B48412147332355,MOZ,ADM2,hospitals,TIME,4200,adults,181317,52.56,25359,7.35
Nhamatanda,,85939544B48412147332355,MOZ,ADM2,hospitals,TIME,4200,elderly,9793,52.57,1370,7.35
Nhamatanda,,85939544B48412147332355,MOZ,ADM2,hospitals,TIME,4200,school_age,109617,52.56,15331,7.35
Nhamatanda,,85939544B48412147332355,MOZ,ADM2,hospitals,TIME,4200,total,192595,52.56,26937,7.35
Nhamatanda,,85939544B48412147332355,MOZ,ADM2,hospitals,TIME,4200,under_5,30044,52.56,4202,7.35
Nhamatanda,,85939544B48412147332355,MOZ,ADM2,hospitals,TIME,4200,women_childbearing,43864,52.56,6135,7.35
Nhamatanda,,85939544B48412147332355,MOZ,ADM2,hospitals,TIME,4800,adults,201855,58.52,20538,5.95
Nhamatanda,,85939544B48412147332355,MOZ,ADM2,hospitals,TIME,4800,elderly,10902,58.52,1109,5.95
Nhamatanda,,85939544B48412147332355,MOZ,ADM2,hospitals,TIME,4800,school_age,122035,58.52,12418,5.95
Nhamatanda,,85939544B48412147332355,MOZ,ADM2,hospitals,TIME,4800,total,214410,58.52,21815,5.95
Nhamatanda,,85939544B48412147332355,MOZ,ADM2,hospitals,TIME,4800,under_5,33447,58.52,3403,5.95
Nhamatanda,,85939544B48412147332355,MOZ,ADM2,hospitals,TIME,4800,women_childbearing,48833,58.52,4969,5.95
Nhamatanda,,85939544B48412147332355,MOZ,ADM2,hospitals,TIME,5400,adults,226726,65.73,24871,7.21
Nhamatanda,,85939544B48412147332355,MOZ,ADM2,hospitals,TIME,5400,elderly,12245,65.73,1343,7.21
Nhamatanda,,85939544B48412147332355,MOZ,ADM2,hospitals,TIME,5400,school_age,137071,65.73,15036,7.21
Nhamatanda,,85939544B48412147332355,MOZ,ADM2,hospitals,TIME,5400,total,240828,65.73,26418,7.21
Nhamatanda,,85939544B48412147332355,MOZ,ADM2,hospitals,TIME,5400,under_5,37568,65.73,4121,7.21
Nhamatanda,,85939544B48412147332355,MOZ,ADM2,hospitals,TIME,5400,women_childbearing,54851,65.73,6018,7.21
Nhamatanda,,85939544B48412147332355,MOZ,ADM2,hospitals,TIME,6000,adults,251237,72.83,24511,7.11
Nhamatanda,,85939544B48412147332355,MOZ,ADM2,hospitals,TIME,6000,elderly,13569,72.83,1324,7.11
Nhamatanda,,85939544B48412147332355,MOZ,ADM2,hospitals,TIME,6000,school_age,151889,72.83,14818,7.11
Nhamatanda,,85939544B48412147332355,MOZ,ADM2,hospitals,TIME,6000,total,266863,72.83,26035,7.11
Nhamatanda,,85939544B48412147332355,MOZ,ADM2,hospitals,TIME,6000,under_5,41630,72.83,4062,7.11
Nhamatanda,,85939544B48412147332355,MOZ,ADM2,hospitals,TIME,6000,women_childbearing,60781,72.83,5930,7.11
Niassa,MZ-A,27363107B36451567951769,MOZ,ADM1,hospitals,TIME,600,adults,72219,3.41,72219,3.41
Niassa,MZ-A,27363107B36451567951769,MOZ,ADM1,hospitals,TIME,600,elderly,2585,3.2,2585,3.2
Niassa,MZ-A,27363107B36451567951769,MOZ,ADM1,hospitals,TIME,600,school_age,42803,3.34,42803,3.34
Niassa,MZ-A,27363107B36451567951769,MOZ,ADM1,hospitals,TIME,600,total,75385,3.4,75385,3.4
Niassa,MZ-A,27363107B36451567951769,MOZ,ADM1,hospitals,TIME,600,under_5,13985,3.26,13985,3.26
Niassa,MZ-A,27363107B36451567951769,MOZ,ADM1,hospitals,TIME,600,women_childbearing,17382,3.43,17382,3.43
Niassa,MZ-A,27363107B36451567951769,MOZ,ADM1,hospitals,TIME,1200,adults,83508,3.95,11289,0.53
Niassa,MZ-A,27363107B36451567951769,MOZ,ADM1,hospitals,TIME,1200,elderly,2993,3.71,408,0.51
Niassa,MZ-A,27363107B36451567951769,MOZ,ADM1,hospitals,TIME,1200,school_age,49498,3.87,6695,0.52
Niassa,MZ-A,27363107B36451567951769,MOZ,ADM1,hospitals,TIME,1200,total,87174,3.94,11789,0.53
Niassa,MZ-A,27363107B36451567951769,MOZ,ADM1,hospitals,TIME,1200,under_5,16178,3.77,2193,0.51
Niassa,MZ-A,27363107B36451567951769,MOZ,ADM1,hospitals,TIME,1200,women_childbearing,20098,3.97,2716,0.54
Niassa,MZ-A,27363107B36451567951769,MOZ,ADM1,hospitals,TIME,1800,adults,104565,4.94,21057,0.99
Niassa,MZ-A,27363107B36451567951769,MOZ,ADM1,hospitals,TIME,1800,elderly,3748,4.64,755,0.93
Niassa,MZ-A,27363107B36451567951769,MOZ,ADM1,hospitals,TIME,1800,school_age,61980,4.84,12482,0.97
Niassa,MZ-A,27363107B36451567951769,MOZ,ADM1,hospitals,TIME,1800,total,109155,4.93,21981,0.99
Niassa,MZ-A,27363107B36451567951769,MOZ,ADM1,hospitals,TIME,1800,under_5,20258,4.72,4080,0.95
Niassa,MZ-A,27363107B36451567951769,MOZ,ADM1,hospitals,TIME,1800,women_childbearing,25166,4.97,5068,1.0
Niassa,MZ-A,27363107B36451567951769,MOZ,ADM1,hospitals,TIME,2400,adults,140179,6.62,35614,1.68
Niassa,MZ-A,27363107B36451567951769,MOZ,ADM1,hospitals,TIME,2400,elderly,5004,6.19,1256,1.55
Niassa,MZ-A,27363107B36451567951769,MOZ,ADM1,hospitals,TIME,2400,school_age,83107,6.49,21127,1.65
Niassa,MZ-A,27363107B36451567951769,MOZ,ADM1,hospitals,TIME,2400,total,146311,6.61,37156,1.68
Niassa,MZ-A,27363107B36451567951769,MOZ,ADM1,hospitals,TIME,2400,under_5,27171,6.33,6913,1.61
Niassa,MZ-A,27363107B36451567951769,MOZ,ADM1,hospitals,TIME,2400,women_childbearing,33730,6.66,8564,1.69
Niassa,MZ-A,27363107B36451567951769,MOZ,ADM1,hospitals,TIME,3000,adults,157400,7.44,17221,0.81
Niassa,MZ-A,27363107B36451567951769,MOZ,ADM1,hospitals,TIME,3000,elderly,5621,6.96,617,0.76
Niassa,MZ-A,27363107B36451567951769,MOZ,ADM1,hospitals,TIME,3000,school_age,93344,7.29,10237,0.8
Niassa,MZ-A,27363107B36451567951769,MOZ,ADM1,hospitals,TIME,3000,total,164287,7.42,17976,0.81
Niassa,MZ-A,27363107B36451567951769,MOZ,ADM1,hospitals,TIME,3000,under_5,30546,7.11,3375,0.79
Niassa,MZ-A,27363107B36451567951769,MOZ,ADM1,hospitals,TIME,3000,women_childbearing,37865,7.48,4135,0.82
Niassa,MZ-A,27363107B36451567951769,MOZ,ADM1,hospitals,TIME,3600,adults,173344,8.19,15944,0.75
Niassa,MZ-A,27363107B36451567951769,MOZ,ADM1,hospitals,TIME,3600,elderly,6190,7.66,569,0.7
Niassa,MZ-A,27363107B36451567951769,MOZ,ADM1,hospitals,TIME,3600,school_age,102839,8.03,9495,0.74
Niassa,MZ-A,27363107B36451567951769,MOZ,ADM1,hospitals,TIME,3600,total,180929,8.17,16642,0.75
Niassa,MZ-A,27363107B36451567951769,MOZ,ADM1,hospitals,TIME,3600,under_5,33699,7.85,3153,0.73
Niassa,MZ-A,27363107B36451567951769,MOZ,ADM1,hospitals,TIME,3600,women_childbearing,41691,8.23,3826,0.76
Niassa,MZ-A,27363107B36451567951769,MOZ,ADM1,hospitals,TIME,4200,adults,256936,12.14,83592,3.95
Niassa,MZ-A,27363107B36451567951769,MOZ,ADM1,hospitals,TIME,4200,elderly,9065,11.22,2875,3.56
Niassa,MZ-A,27363107B36451567951769,MOZ,ADM1,hospitals,TIME,4200,school_age,152364,11.9,49525,3.87
Niassa,MZ-A,27363107B36451567951769,MOZ,ADM1,hospitals,TIME,4200,total,268067,12.11,87138,3.94
Niassa,MZ-A,27363107B36451567951769,MOZ,ADM1,hospitals,TIME,4200,under_5,49821,11.6,16122,3.75
Niassa,MZ-A,27363107B36451567951769,MOZ,ADM1,hospitals,TIME,4200,women_childbearing,61821,12.21,20130,3.98
Niassa,MZ-A,27363107B36451567951769,MOZ,ADM1,hospitals,TIME,4800,adults,284337,13.43,27401,1.29
Niassa,MZ-A,27363107B36451567951769,MOZ,ADM1,hospitals,TIME,4800,elderly,10009,12.39,944,1.17
Niassa,MZ-A,27363107B36451567951769,MOZ,ADM1,hospitals,TIME,4800,school_age,168732,13.18,16368,1.28
Niassa,MZ-A,27363107B36451567951769,MOZ,ADM1,hospitals,TIME,4800,total,296632,13.4,28565,1.29
Niassa,MZ-A,27363107B36451567951769,MOZ,ADM1,hospitals,TIME,4800,under_5,55286,12.87,5465,1.27
Niassa,MZ-A,27363107B36451567951769,MOZ,ADM1,hospitals,TIME,4800,women_childbearing,68373,13.5,6552,1.29
Niassa,MZ-A,27363107B36451567951769,MOZ,ADM1,hospitals,TIME,5400,adults,295193,13.95,10856,0.51
Niassa,MZ-A,27363107B36451567951769,MOZ,ADM1,hospitals,TIME,5400,elderly,10404,12.88,395,0.49
Niassa,MZ-A,27363107B36451567951769,MOZ,ADM1,hospitals,TIME,5400,school_age,175311,13.69,6579,0.51
Niassa,MZ-A,27363107B36451567951769,MOZ,ADM1,hospitals,TIME,5400,total,307970,13.91,11338,0.51
Niassa,MZ-A,27363107B36451567951769,MOZ,ADM1,hospitals,TIME,5400,under_5,57602,13.41,2316,0.54
Niassa,MZ-A,27363107B36451567951769,MOZ,ADM1,hospitals,TIME,5400,women_childbearing,70942,14.01,2569,0.51
Niassa,MZ-A,27363107B36451567951769,MOZ,ADM1,hospitals,TIME,6000,adults,320283,15.13,25090,1.19
Niassa,MZ-A,27363107B36451567951769,MOZ,ADM1,hospitals,TIME,6000,elderly,11267,13.95,863,1.07
Niassa,MZ-A,27363107B36451567951769,MOZ,ADM1,hospitals,TIME,6000,school_age,190555,14.88,15244,1.19
Niassa,MZ-A,27363107B36451567951769,MOZ,ADM1,hospitals,TIME,6000,total,334125,15.09,26155,1.18
Niassa,MZ-A,27363107B36451567951769,MOZ,ADM1,hospitals,TIME,6000,under_5,62947,14.66,5345,1.24
Niassa,MZ-A,27363107B36451567951769,MOZ,ADM1,hospitals,TIME,6000,women_childbearing,76857,15.18,5915,1.17
Nicoadala,,85939544B24973508625893,MOZ,ADM2,hospitals,TIME,600,adults,1773,1.02,1773,1.02
Nicoadala,,85939544B24973508625893,MOZ,ADM2,hospitals,TIME,600,elderly,80,1.01,80,1.01
Nicoadala,,85939544B24973508625893,MOZ,ADM2,hospitals,TIME,600,school_age,1029,1.02,1029,1.02
Nicoadala,,85939544B24973508625893,MOZ,ADM2,hospitals,TIME,600,total,1869,1.02,1869,1.02
Nicoadala,,85939544B24973508625893,MOZ,ADM2,hospitals,TIME,600,under_5,294,1.02,294,1.02
Nicoadala,,85939544B24973508625893,MOZ,ADM2,hospitals,TIME,600,women_childbearing,461,1.02,461,1.02
Nicoadala,,85939544B24973508625893,MOZ,ADM2,hospitals,TIME,1200,adults,5359,3.09,3586,2.07
Nicoadala,,85939544B24973508625893,MOZ,ADM2,hospitals,TIME,1200,elderly,245,3.09,165,2.08
Nicoadala,,85939544B24973508625893,MOZ,ADM2,hospitals,TIME,1200,school_age,3110,3.09,2081,2.07
Nicoadala,,85939544B24973508625893,MOZ,ADM2,hospitals,TIME,1200,total,5647,3.09,3778,2.07
Nicoadala,,85939544B24973508625893,MOZ,ADM2,hospitals,TIME,1200,under_5,892,3.09,598,2.07
Nicoadala,,85939544B24973508625893,MOZ,ADM2,hospitals,TIME,1200,women_childbearing,1395,3.09,934,2.07
Nicoadala,,85939544B24973508625893,MOZ,ADM2,hospitals,TIME,1800,adults,45037,25.94,39678,22.86
Nicoadala,,85939544B24973508625893,MOZ,ADM2,hospitals,TIME,1800,elderly,2060,25.95,1815,22.86
Nicoadala,,85939544B24973508625893,MOZ,ADM2,hospitals,TIME,1800,school_age,26142,25.94,23032,22.86
Nicoadala,,85939544B24973508625893,MOZ,ADM2,hospitals,TIME,1800,total,47463,25.94,41816,22.86
Nicoadala,,85939544B24973508625893,MOZ,ADM2,hospitals,TIME,1800,under_5,7499,25.95,6607,22.86
Nicoadala,,85939544B24973508625893,MOZ,ADM2,hospitals,TIME,1800,women_childbearing,11725,25.94,10330,22.86
Nicoadala,,85939544B24973508625893,MOZ,ADM2,hospitals,TIME,2400,adults,73482,42.33,28445,16.39
Nicoadala,,85939544B24973508625893,MOZ,ADM2,hospitals,TIME,2400,elderly,3362,42.35,1302,16.4
Nicoadala,,85939544B24973508625893,MOZ,ADM2,hospitals,TIME,2400,school_age,42654,42.33,16512,16.39
Nicoadala,,85939544B24973508625893,MOZ,ADM2,hospitals,TIME,2400,total,77441,42.33,29978,16.39
Nicoadala,,85939544B24973508625893,MOZ,ADM2,hospitals,TIME,2400,under_5,12237,42.34,4738,16.39
Nicoadala,,85939544B24973508625893,MOZ,ADM2,hospitals,TIME,2400,women_childbearing,19131,42.33,7406,16.39
Nicoadala,,85939544B24973508625893,MOZ,ADM2,hospitals,TIME,3000,adults,80799,46.54,7317,4.21
Nicoadala,,85939544B24973508625893,MOZ,ADM2,hospitals,TIME,3000,elderly,3697,46.57,335,4.22
Nicoadala,,85939544B24973508625893,MOZ,ADM2,hospitals,TIME,3000,school_age,46901,46.55,4247,4.21
Nicoadala,,85939544B24973508625893,MOZ,ADM2,hospitals,TIME,3000,total,85153,46.55,7712,4.22
Nicoadala,,85939544B24973508625893,MOZ,ADM2,hospitals,TIME,3000,under_5,13455,46.55,1218,4.21
Nicoadala,,85939544B24973508625893,MOZ,ADM2,hospitals,TIME,3000,women_childbearing,21036,46.54,1905,4.22
Nicoadala,,85939544B24973508625893,MOZ,ADM2,hospitals,TIME,3600,adults,88529,51.0,7730,4.45
Nicoadala,,85939544B24973508625893,MOZ,ADM2,hospitals,TIME,3600,elderly,4051,51.03,354,4.46
Nicoadala,,85939544B24973508625893,MOZ,ADM2,hospitals,TIME,3600,school_age,51388,51.0,4487,4.45
Nicoadala,,85939544B24973508625893,MOZ,ADM2,hospitals,TIME,3600,total,93300,51.0,8147,4.45
Nicoadala,,85939544B24973508625893,MOZ,ADM2,hospitals,TIME,3600,under_5,14742,51.01,1287,4.45
Nicoadala,,85939544B24973508625893,MOZ,ADM2,hospitals,TIME,3600,women_childbearing,23048,51.0,2012,4.45
Nicoadala,,85939544B24973508625893,MOZ,ADM2,hospitals,TIME,4200,adults,93428,53.82,4899,2.82
Nicoadala,,85939544B24973508625893,MOZ,ADM2,hospitals,TIME,4200,elderly,4275,53.85,224,2.82
Nicoadala,,85939544B24973508625893,MOZ,ADM2,hospitals,TIME,4200,school_age,54232,53.82,2844,2.82
Nicoadala,,85939544B24973508625893,MOZ,ADM2,hospitals,TIME,4200,total,98462,53.82,5162,2.82
Nicoadala,,85939544B24973508625893,MOZ,ADM2,hospitals,TIME,4200,under_5,15559,53.83,817,2.83
Nicoadala,,85939544B24973508625893,MOZ,ADM2,hospitals,TIME,4200,women_childbearing,24323,53.82,1275,2.82
Nicoadala,,85939544B24973508625893,MOZ,ADM2,hospitals,TIME,4800,adults,95166,54.82,1738,1.0
Nicoadala,,85939544B24973508625893,MOZ,ADM2,hospitals,TIME,4800,elderly,4354,54.84,79,1.0
Nicoadala,,85939544B24973508625893,MOZ,ADM2,hospitals,TIME,4800,school_age,55242,54.82,1010,1.0
Nicoadala,,85939544B24973508625893,MOZ,ADM2,hospitals,TIME,4800,total,100293,54.82,1831,1.0
Nicoadala,,85939544B24973508625893,MOZ,ADM2,hospitals,TIME,4800,under_5,15850,54.84,291,1.01
Nicoadala,,85939544B24973508625893,MOZ,ADM2,hospitals,TIME,4800,women_childbearing,24775,54.82,452,1.0
Nicoadala,,85939544B24973508625893,MOZ,ADM2,hospitals,TIME,5400,adults,96519,55.6,1353,0.78
Nicoadala,,85939544B24973508625893,MOZ,ADM2,hospitals,TIME,5400,elderly,4416,55.62,62,0.78
Nicoadala,,85939544B24973508625893,MOZ,ADM2,hospitals,TIME,5400,school_age,56027,55.6,785,0.78
Nicoadala,,85939544B24973508625893,MOZ,ADM2,hospitals,TIME,5400,total,101720,55.6,1427,0.78
Nicoadala,,85939544B24973508625893,MOZ,ADM2,hospitals,TIME,5400,under_5,16075,55.62,225,0.78
Nicoadala,,85939544B24973508625893,MOZ,ADM2,hospitals,TIME,5400,women_childbearing,25128,55.6,353,0.78
Nicoadala,,85939544B24973508625893,MOZ,ADM2,hospitals,TIME,6000,adults,98237,56.59,1718,0.99
Nicoadala,,85939544B24973508625893,MOZ,ADM2,hospitals,TIME,6000,elderly,4495,56.62,79,1.0
Nicoadala,,85939544B24973508625893,MOZ,ADM2,hospitals,TIME,6000,school_age,57024,56.59,997,0.99
Nicoadala,,85939544B24973508625893,MOZ,ADM2,hospitals,TIME,6000,total,103530,56.59,1810,0.99
Nicoadala,,85939544B24973508625893,MOZ,ADM2,hospitals,TIME,6000,under_5,16361,56.61,286,0.99
Nicoadala,,85939544B24973508625893,MOZ,ADM2,hospitals,TIME,6000,women_childbearing,25575,56.59,447,0.99
Palma,,85939544B28801965730987,MOZ,ADM2,hospitals,TIME,600,adults,23373,42.96,23373,42.96
Palma,,85939544B28801965730987,MOZ,ADM2,hospitals,TIME,600,elderly,1395,42.94,1395,42.94
Palma,,85939544B28801965730987,MOZ,ADM2,hospitals,TIME,600,school_age,11729,42.96,11729,42.96
Palma,,85939544B28801965730987,MOZ,ADM2,hospitals,TIME,600,total,24961,42.96,24961,42.96
Palma,,85939544B28801965730987,MOZ,ADM2,hospitals,TIME,600,under_5,3505,42.96,3505,42.96
Palma,,85939544B28801965730987,MOZ,ADM2,hospitals,TIME,600,women_childbearing,6499,42.96,6499,42.96
Palma,,85939544B28801965730987,MOZ,ADM2,hospitals,TIME,1200,adults,26296,48.33,2923,5.37
Palma,,85939544B28801965730987,MOZ,ADM2,hospitals,TIME,1200,elderly,1570,48.32,175,5.39
Palma,,85939544B28801965730987,MOZ,ADM2,hospitals,TIME,1200,school_age,13196,48.33,1467,5.37
Palma,,85939544B28801965730987,MOZ,ADM2,hospitals,TIME,1200,total,28082,48.33,3121,5.37
Palma,,85939544B28801965730987,MOZ,ADM2,hospitals,TIME,1200,under_5,3943,48.33,438,5.37
Palma,,85939544B28801965730987,MOZ,ADM2,hospitals,TIME,1200,women_childbearing,7312,48.33,813,5.37
Palma,,85939544B28801965730987,MOZ,ADM2,hospitals,TIME,1800,adults,29056,53.41,2760,5.07
Palma,,85939544B28801965730987,MOZ,ADM2,hospitals,TIME,1800,elderly,1735,53.4,165,5.08
Palma,,85939544B28801965730987,MOZ,ADM2,hospitals,TIME,1800,school_age,14581,53.4,1385,5.07
Palma,,85939544B28801965730987,MOZ,ADM2,hospitals,TIME,1800,total,31031,53.41,2949,5.08
Palma,,85939544B28801965730987,MOZ,ADM2,hospitals,TIME,1800,under_5,4357,53.41,414,5.07
Palma,,85939544B28801965730987,MOZ,ADM2,hospitals,TIME,1800,women_childbearing,8079,53.4,767,5.07
Palma,,85939544B28801965730987,MOZ,ADM2,hospitals,TIME,2400,adults,30931,56.85,1875,3.45
Palma,,85939544B28801965730987,MOZ,ADM2,hospitals,TIME,2400,elderly,1847,56.85,112,3.45
Palma,,85939544B28801965730987,MOZ,ADM2,hospitals,TIME,2400,school_age,15522,56.85,941,3.45
Palma,,85939544B28801965730987,MOZ,ADM2,hospitals,TIME,2400,total,33032,56.85,2001,3.44
Palma,,85939544B28801965730987,MOZ,ADM2,hospitals,TIME,2400,under_5,4638,56.85,281,3.44
Palma,,85939544B28801965730987,MOZ,ADM2,hospitals,TIME,2400,women_childbearing,8600,56.85,521,3.44
Palma,,85939544B28801965730987,MOZ,ADM2,hospitals,TIME,3000,adults,33667,61.88,2736,5.03
Palma,,85939544B28801965730987,MOZ,ADM2,hospitals,TIME,3000,elderly,2010,61.87,163,5.02
Palma,,85939544B28801965730987,MOZ,ADM2,hospitals,TIME,3000,school_age,16895,61.88,1373,5.03
Palma,,85939544B28801965730987,MOZ,ADM2,hospitals,TIME,3000,total,35955,61.88,2923,5.03
Palma,,85939544B28801965730987,MOZ,ADM2,hospitals,TIME,3000,under_5,5048,61.88,410,5.03
Palma,,85939544B28801965730987,MOZ,ADM2,hospitals,TIME,3000,women_childbearing,9361,61.88,761,5.03
Palma,,85939544B28801965730987,MOZ,ADM2,hospitals,TIME,3600,adults,37008,68.02,3341,6.14
Palma,,85939544B28801965730987,MOZ,ADM2,hospitals,TIME,3600,elderly,2210,68.02,200,6.16
Palma,,85939544B28801965730987,MOZ,ADM2,hospitals,TIME,3600,school_age,18572,68.02,1677,6.14
Palma,,85939544B28801965730987,MOZ,ADM2,hospitals,TIME,3600,total,39523,68.02,3568,6.14
Palma,,85939544B28801965730987,MOZ,ADM2,hospitals,TIME,3600,under_5,5549,68.02,501,6.14
Palma,,85939544B28801965730987,MOZ,ADM2,hospitals,TIME,3600,women_childbearing,10290,68.02,929,6.14
Palma,,85939544B28801965730987,MOZ,ADM2,hospitals,TIME,4200,adults,38141,70.1,1133,2.08
Palma,,85939544B28801965730987,MOZ,ADM2,hospitals,TIME,4200,elderly,2277,70.08,67,2.06
Palma,,85939544B28801965730987,MOZ,ADM2,hospitals,TIME,4200,school_age,19140,70.1,568,2.08
Palma,,85939544B28801965730987,MOZ,ADM2,hospitals,TIME,4200,total,40732,70.1,1209,2.08
Palma,,85939544B28801965730987,MOZ,ADM2,hospitals,TIME,4200,under_5,5719,70.1,170,2.08
Palma,,85939544B28801965730987,MOZ,ADM2,hospitals,TIME,4200,women_childbearing,10605,70.1,315,2.08
Palma,,85939544B28801965730987,MOZ,ADM2,hospitals,TIME,4800,adults,38906,71.51,765,1.41
Palma,,85939544B28801965730987,MOZ,ADM2,hospitals,TIME,4800,elderly,2323,71.5,46,1.42
Palma,,85939544B28801965730987,MOZ,ADM2,hospitals,TIME,4800,school_age,19525,71.51,385,1.41
Palma,,85939544B28801965730987,MOZ,ADM2,hospitals,TIME,4800,total,41550,71.51,818,1.41
Palma,,85939544B28801965730987,MOZ,ADM2,hospitals,TIME,4800,under_5,5834,71.51,115,1.41
Palma,,85939544B28801965730987,MOZ,ADM2,hospitals,TIME,4800,women_childbearing,10818,71.51,213,1.41
Palma,,85939544B28801965730987,MOZ,ADM2,hospitals,TIME,5400,adults,39497,72.6,591,1.09
Palma,,85939544B28801965730987,MOZ,ADM2,hospitals,TIME,5400,elderly,2358,72.58,35,1.08
Palma,,85939544B28801965730987,MOZ,ADM2,hospitals,TIME,5400,school_age,19821,72.6,296,1.08
Palma,,85939544B28801965730987,MOZ,ADM2,hospitals,TIME,5400,total,42181,72.6,631,1.09
Palma,,85939544B28801965730987,MOZ,ADM2,hospitals,TIME,5400,under_5,5923,72.6,89,1.09
Palma,,85939544B28801965730987,MOZ,ADM2,hospitals,TIME,5400,women_childbearing,10983,72.6,165,1.09
Palma,,85939544B28801965730987,MOZ,ADM2,hospitals,TIME,6000,adults,39790,73.14,293,0.54
Palma,,85939544B28801965730987,MOZ,ADM2,hospitals,TIME,6000,elderly,2376,73.13,18,0.55
Palma,,85939544B28801965730987,MOZ,ADM2,hospitals,TIME,6000,school_age,19968,73.13,147,0.54
Palma,,85939544B28801965730987,MOZ,ADM2,hospitals,TIME,6000,total,42494,73.14,313,0.54
Palma,,85939544B28801965730987,MOZ,ADM2,hospitals,TIME,6000,under_5,5966,73.13,43,0.53
Palma,,85939544B28801965730987,MOZ,ADM2,hospitals,TIME,6000,women_childbearing,11064,73.14,81,0.54
Panda,,85939544B74614871029564,MOZ,ADM2,hospitals,TIME,1200,adults,14,0.03,14,0.03
Panda,,85939544B74614871029564,MOZ,ADM2,hospitals,TIME,1200,elderly,1,0.02,1,0.02
Panda,,85939544B74614871029564,MOZ,ADM2,hospitals,TIME,1200,school_age,9,0.03,9,0.03
Panda,,85939544B74614871029564,MOZ,ADM2,hospitals,TIME,1200,total,16,0.03,16,0.03
Panda,,85939544B74614871029564,MOZ,ADM2,hospitals,TIME,1200,under_5,2,0.03,2,0.03
Panda,,85939544B74614871029564,MOZ,ADM2,hospitals,TIME,1200,women_childbearing,3,0.03,3,0.03
Panda,,85939544B74614871029564,MOZ,ADM2,hospitals,TIME,1800,adults,165,0.36,151,0.33
Panda,,85939544B74614871029564,MOZ,ADM2,hospitals,TIME,1800,elderly,18,0.36,17,0.34
Panda,,85939544B74614871029564,MOZ,ADM2,hospitals,TIME,1800,school_age,99,0.36,90,0.33
Panda,,85939544B74614871029564,MOZ,ADM2,hospitals,TIME,1800,total,184,0.36,168,0.33
Panda,,85939544B74614871029564,MOZ,ADM2,hospitals,TIME,1800,under_5,27,0.35,25,0.33
Panda,,85939544B74614871029564,MOZ,ADM2,hospitals,TIME,1800,women_childbearing,43,0.36,40,0.33
Panda,,85939544B74614871029564,MOZ,ADM2,hospitals,TIME,2400,adults,330,0.72,165,0.36
Panda,,85939544B74614871029564,MOZ,ADM2,hospitals,TIME,2400,elderly,36,0.72,18,0.36
Panda,,85939544B74614871029564,MOZ,ADM2,hospitals,TIME,2400,school_age,198,0.72,99,0.36
Panda,,85939544B74614871029564,MOZ,ADM2,hospitals,TIME,2400,total,369,0.72,185,0.36
Panda,,85939544B74614871029564,MOZ,ADM2,hospitals,TIME,2400,under_5,55,0.72,28,0.36
Panda,,85939544B74614871029564,MOZ,ADM2,hospitals,TIME,2400,women_childbearing,86,0.72,43,0.36
Panda,,85939544B74614871029564,MOZ,ADM2,hospitals,TIME,3000,adults,2396,5.24,2066,4.51
Panda,,85939544B74614871029564,MOZ,ADM2,hospitals,TIME,3000,elderly,262,5.22,226,4.51
Panda,,85939544B74614871029564,MOZ,ADM2,hospitals,TIME,3000,school_age,1440,5.23,1242,4.51
Panda,,85939544B74614871029564,MOZ,ADM2,hospitals,TIME,3000,total,2680,5.24,2311,4.52
Panda,,85939544B74614871029564,MOZ,ADM2,hospitals,TIME,3000,under_5,402,5.23,347,4.52
Panda,,85939544B74614871029564,MOZ,ADM2,hospitals,TIME,3000,women_childbearing,627,5.23,541,4.51
Panda,,85939544B74614871029564,MOZ,ADM2,hospitals,TIME,3600,adults,7012,15.32,4616,10.09
Panda,,85939544B74614871029564,MOZ,ADM2,hospitals,TIME,3600,elderly,769,15.33,507,10.11
Panda,,85939544B74614871029564,MOZ,ADM2,hospitals,TIME,3600,school_age,4214,15.32,2774,10.08
Panda,,85939544B74614871029564,MOZ,ADM2,hospitals,TIME,3600,total,7842,15.32,5162,10.09
Panda,,85939544B74614871029564,MOZ,ADM2,hospitals,TIME,3600,under_5,1177,15.32,775,10.09
Panda,,85939544B74614871029564,MOZ,ADM2,hospitals,TIME,3600,women_childbearing,1836,15.32,1209,10.09
Panda,,85939544B74614871029564,MOZ,ADM2,hospitals,TIME,4200,adults,10275,22.45,3263,7.13
Panda,,85939544B74614871029564,MOZ,ADM2,hospitals,TIME,4200,elderly,1126,22.45,357,7.12
Panda,,85939544B74614871029564,MOZ,ADM2,hospitals,TIME,4200,school_age,6176,22.45,1962,7.13
Panda,,85939544B74614871029564,MOZ,ADM2,hospitals,TIME,4200,total,11491,22.45,3649,7.13
Panda,,85939544B74614871029564,MOZ,ADM2,hospitals,TIME,4200,under_5,1725,22.45,548,7.13
Panda,,85939544B74614871029564,MOZ,ADM2,hospitals,TIME,4200,women_childbearing,2691,22.45,855,7.13
Panda,,85939544B74614871029564,MOZ,ADM2,hospitals,TIME,4800,adults,12096,26.43,1821,3.98
Panda,,85939544B74614871029564,MOZ,ADM2,hospitals,TIME,4800,elderly,1326,26.44,200,3.99
Panda,,85939544B74614871029564,MOZ,ADM2,hospitals,TIME,4800,school_age,7271,26.43,1095,3.98
Panda,,85939544B74614871029564,MOZ,ADM2,hospitals,TIME,4800,total,13526,26.43,2035,3.98
Panda,,85939544B74614871029564,MOZ,ADM2,hospitals,TIME,4800,under_5,2031,26.43,306,3.98
Panda,,85939544B74614871029564,MOZ,ADM2,hospitals,TIME,4800,women_childbearing,3168,26.43,477,3.98
Panda,,85939544B74614871029564,MOZ,ADM2,hospitals,TIME,5400,adults,13016,28.44,920,2.01
Panda,,85939544B74614871029564,MOZ,ADM2,hospitals,TIME,5400,elderly,1427,28.45,101,2.01
Panda,,85939544B74614871029564,MOZ,ADM2,hospitals,TIME,5400,school_age,7824,28.44,553,2.01
Panda,,85939544B74614871029564,MOZ,ADM2,hospitals,TIME,5400,total,14555,28.44,1029,2.01
Panda,,85939544B74614871029564,MOZ,ADM2,hospitals,TIME,5400,under_5,2185,28.44,154,2.0
Panda,,85939544B74614871029564,MOZ,ADM2,hospitals,TIME,5400,women_childbearing,3409,28.44,241,2.01
Panda,,85939544B74614871029564,MOZ,ADM2,hospitals,TIME,6000,adults,19323,42.22,6307,13.78
Panda,,85939544B74614871029564,MOZ,ADM2,hospitals,TIME,6000,elderly,2118,42.23,691,13.78
Panda,,85939544B74614871029564,MOZ,ADM2,hospitals,TIME,6000,school_age,11614,42.22,3790,13.78
Panda,,85939544B74614871029564,MOZ,ADM2,hospitals,TIME,6000,total,21608,42.22,7053,13.78
Panda,,85939544B74614871029564,MOZ,ADM2,hospitals,TIME,6000,under_5,3244,42.22,1059,13.78
Panda,,85939544B74614871029564,MOZ,ADM2,hospitals,TIME,6000,women_childbearing,5060,42.22,1651,13.77
Pebane,,85939544B33364168787730,MOZ,ADM2,hospitals,TIME,2400,adults,0,0.0,0,0.0
Pebane,,85939544B33364168787730,MOZ,ADM2,hospitals,TIME,2400,elderly,0,0.0,0,0.0
Pebane,,85939544B33364168787730,MOZ,ADM2,hospitals,TIME,2400,school_age,0,0.0,0,0.0
Pebane,,85939544B33364168787730,MOZ,ADM2,hospitals,TIME,2400,total,0,0.0,0,0.0
Pebane,,85939544B33364168787730,MOZ,ADM2,hospitals,TIME,2400,under_5,0,0.0,0,0.0
Pebane,,85939544B33364168787730,MOZ,ADM2,hospitals,TIME,2400,women_childbearing,0,0.0,0,0.0
Pebane,,85939544B33364168787730,MOZ,ADM2,hospitals,TIME,3000,adults,0,0.0,0,0.0
Pebane,,85939544B33364168787730,MOZ,ADM2,hospitals,TIME,3000,elderly,0,0.0,0,0.0
Pebane,,85939544B33364168787730,MOZ,ADM2,hospitals,TIME,3000,school_age,0,0.0,0,0.0
Pebane,,85939544B33364168787730,MOZ,ADM2,hospitals,TIME,3000,total,0,0.0,0,0.0
Pebane,,85939544B33364168787730,MOZ,ADM2,hospitals,TIME,3000,under_5,0,0.0,0,0.0
Pebane,,85939544B33364168787730,MOZ,ADM2,hospitals,TIME,3000,women_childbearing,0,0.0,0,0.0
Pebane,,85939544B33364168787730,MOZ,ADM2,hospitals,TIME,3600,adults,0,0.0,0,0.0
Pebane,,85939544B33364168787730,MOZ,ADM2,hospitals,TIME,3600,elderly,0,0.0,0,0.0
Pebane,,85939544B33364168787730,MOZ,ADM2,hospitals,TIME,3600,school_age,0,0.0,0,0.0
Pebane,,85939544B33364168787730,MOZ,ADM2,hospitals,TIME,3600,total,0,0.0,0,0.0
Pebane,,85939544B33364168787730,MOZ,ADM2,hospitals,TIME,3600,under_5,0,0.0,0,0.0
Pebane,,85939544B33364168787730,MOZ,ADM2,hospitals,TIME,3600,women_childbearing,0,0.0,0,0.0
Pebane,,85939544B33364168787730,MOZ,ADM2,hospitals,TIME,4200,adults,0,0.0,0,0.0
Pebane,,85939544B33364168787730,MOZ,ADM2,hospitals,TIME,4200,elderly,0,0.0,0,0.0
Pebane,,85939544B33364168787730,MOZ,ADM2,hospitals,TIME,4200,school_age,0,0.0,0,0.0
Pebane,,85939544B33364168787730,MOZ,ADM2,hospitals,TIME,4200,total,0,0.0,0,0.0
Pebane,,85939544B33364168787730,MOZ,ADM2,hospitals,TIME,4200,under_5,0,0.0,0,0.0
Pebane,,85939544B33364168787730,MOZ,ADM2,hospitals,TIME,4200,women_childbearing,0,0.0,0,0.0
Pebane,,85939544B33364168787730,MOZ,ADM2,hospitals,TIME,4800,adults,0,0.0,0,0.0
Pebane,,85939544B33364168787730,MOZ,ADM2,hospitals,TIME,4800,elderly,0,0.0,0,0.0
Pebane,,85939544B33364168787730,MOZ,ADM2,hospitals,TIME,4800,school_age,0,0.0,0,0.0
Pebane,,85939544B33364168787730,MOZ,ADM2,hospitals,TIME,4800,total,0,0.0,0,0.0
Pebane,,85939544B33364168787730,MOZ,ADM2,hospitals,TIME,4800,under_5,0,0.0,0,0.0
Pebane,,85939544B33364168787730,MOZ,ADM2,hospitals,TIME,4800,women_childbearing,0,0.0,0,0.0
Pebane,,85939544B33364168787730,MOZ,ADM2,hospitals,TIME,5400,adults,0,0.0,0,0.0
Pebane,,85939544B33364168787730,MOZ,ADM2,hospitals,TIME,5400,elderly,0,0.0,0,0.0
Pebane,,85939544B33364168787730,MOZ,ADM2,hospitals,TIME,5400,school_age,0,0.0,0,0.0
Pebane,,85939544B33364168787730,MOZ,ADM2,hospitals,TIME,5400,total,0,0.0,0,0.0
Pebane,,85939544B33364168787730,MOZ,ADM2,hospitals,TIME,5400,under_5,0,0.0,0,0.0
Pebane,,85939544B33364168787730,MOZ,ADM2,hospitals,TIME,5400,women_childbearing,0,0.0,0,0.0
Pebane,,85939544B33364168787730,MOZ,ADM2,hospitals,TIME,6000,adults,0,0.0,0,0.0
Pebane,,85939544B33364168787730,MOZ,ADM2,hospitals,TIME,6000,elderly,0,0.0,0,0.0
Pebane,,85939544B33364168787730,MOZ,ADM2,hospitals,TIME,6000,school_age,0,0.0,0,0.0
Pebane,,85939544B33364168787730,MOZ,ADM2,hospitals,TIME,6000,total,0,0.0,0,0.0
Pebane,,85939544B33364168787730,MOZ,ADM2,hospitals,TIME,6000,under_5,0,0.0,0,0.0
Pebane,,85939544B33364168787730,MOZ,ADM2,hospitals,TIME,6000,women_childbearing,0,0.0,0,0.0
Quissanga,,85939544B35031207172791,MOZ,ADM2,hospitals,TIME,600,adults,1898,4.87,1898,4.87
Quissanga,,85939544B35031207172791,MOZ,ADM2,hospitals,TIME,600,elderly,119,4.84,119,4.84
Quissanga,,85939544B35031207172791,MOZ,ADM2,hospitals,TIME,600,school_age,1066,4.87,1066,4.87
Quissanga,,85939544B35031207172791,MOZ,ADM2,hospitals,TIME,600,total,2033,4.87,2033,4.87
Quissanga,,85939544B35031207172791,MOZ,ADM2,hospitals,TIME,600,under_5,328,4.86,328,4.86
Quissanga,,85939544B35031207172791,MOZ,ADM2,hospitals,TIME,600,women_childbearing,492,4.86,492,4.86
Quissanga,,85939544B35031207172791,MOZ,ADM2,hospitals,TIME,1200,adults,3777,9.68,1879,4.82
Quissanga,,85939544B35031207172791,MOZ,ADM2,hospitals,TIME,1200,elderly,238,9.67,119,4.84
Quissanga,,85939544B35031207172791,MOZ,ADM2,hospitals,TIME,1200,school_age,2122,9.68,1056,4.82
Quissanga,,85939544B35031207172791,MOZ,ADM2,hospitals,TIME,1200,total,4046,9.68,2013,4.82
Quissanga,,85939544B35031207172791,MOZ,ADM2,hospitals,TIME,1200,under_5,654,9.68,326,4.83
Quissanga,,85939544B35031207172791,MOZ,ADM2,hospitals,TIME,1200,women_childbearing,980,9.68,488,4.82
Quissanga,,85939544B35031207172791,MOZ,ADM2,hospitals,TIME,1800,adults,5469,14.02,1692,4.34
Quissanga,,85939544B35031207172791,MOZ,ADM2,hospitals,TIME,1800,elderly,345,14.02,107,4.35
Quissanga,,85939544B35031207172791,MOZ,ADM2,hospitals,TIME,1800,school_age,3072,14.02,950,4.34
Quissanga,,85939544B35031207172791,MOZ,ADM2,hospitals,TIME,1800,total,5859,14.02,1813,4.34
Quissanga,,85939544B35031207172791,MOZ,ADM2,hospitals,TIME,1800,under_5,946,14.01,292,4.32
Quissanga,,85939544B35031207172791,MOZ,ADM2,hospitals,TIME,1800,women_childbearing,1419,14.02,439,4.34
Quissanga,,85939544B35031207172791,MOZ,ADM2,hospitals,TIME,2400,adults,10605,27.19,5136,13.17
Quissanga,,85939544B35031207172791,MOZ,ADM2,hospitals,TIME,2400,elderly,669,27.2,324,13.17
Quissanga,,85939544B35031207172791,MOZ,ADM2,hospitals,TIME,2400,school_age,5958,27.19,2886,13.17
Quissanga,,85939544B35031207172791,MOZ,ADM2,hospitals,TIME,2400,total,11362,27.19,5503,13.17
Quissanga,,85939544B35031207172791,MOZ,ADM2,hospitals,TIME,2400,under_5,1836,27.19,890,13.18
Quissanga,,85939544B35031207172791,MOZ,ADM2,hospitals,TIME,2400,women_childbearing,2751,27.19,1332,13.16
Quissanga,,85939544B35031207172791,MOZ,ADM2,hospitals,TIME,3000,adults,13714,35.16,3109,7.97
Quissanga,,85939544B35031207172791,MOZ,ADM2,hospitals,TIME,3000,elderly,865,35.16,196,7.97
Quissanga,,85939544B35031207172791,MOZ,ADM2,hospitals,TIME,3000,school_age,7704,35.16,1746,7.97
Quissanga,,85939544B35031207172791,MOZ,ADM2,hospitals,TIME,3000,total,14692,35.16,3330,7.97
Quissanga,,85939544B35031207172791,MOZ,ADM2,hospitals,TIME,3000,under_5,2374,35.15,538,7.97
Quissanga,,85939544B35031207172791,MOZ,ADM2,hospitals,TIME,3000,women_childbearing,3558,35.16,807,7.98
Quissanga,,85939544B35031207172791,MOZ,ADM2,hospitals,TIME,3600,adults,19794,50.75,6080,15.59
Quissanga,,85939544B35031207172791,MOZ,ADM2,hospitals,TIME,3600,elderly,1248,50.73,383,15.57
Quissanga,,85939544B35031207172791,MOZ,ADM2,hospitals,TIME,3600,school_age,11120,50.75,3416,15.59
Quissanga,,85939544B35031207172791,MOZ,ADM2,hospitals,TIME,3600,total,21207,50.75,6515,15.59
Quissanga,,85939544B35031207172791,MOZ,ADM2,hospitals,TIME,3600,under_5,3427,50.75,1053,15.59
Quissanga,,85939544B35031207172791,MOZ,ADM2,hospitals,TIME,3600,women_childbearing,5136,50.76,1578,15.59
Quissanga,,85939544B35031207172791,MOZ,ADM2,hospitals,TIME,4200,adults,23423,60.06,3629,9.3
Quissanga,,85939544B35031207172791,MOZ,ADM2,hospitals,TIME,4200,elderly,1477,60.04,229,9.31
Quissanga,,85939544B35031207172791,MOZ,ADM2,hospitals,TIME,4200,school_age,13159,60.06,2039,9.31
Quissanga,,85939544B35031207172791,MOZ,ADM2,hospitals,TIME,4200,total,25094,60.06,3887,9.3
Quissanga,,85939544B35031207172791,MOZ,ADM2,hospitals,TIME,4200,under_5,4055,60.05,628,9.3
Quissanga,,85939544B35031207172791,MOZ,ADM2,hospitals,TIME,4200,women_childbearing,6077,60.06,941,9.3
Quissanga,,85939544B35031207172791,MOZ,ADM2,hospitals,TIME,4800,adults,24651,63.2,1228,3.15
Quissanga,,85939544B35031207172791,MOZ,ADM2,hospitals,TIME,4800,elderly,1555,63.21,78,3.17
Quissanga,,85939544B35031207172791,MOZ,ADM2,hospitals,TIME,4800,school_age,13848,63.2,689,3.14
Quissanga,,85939544B35031207172791,MOZ,ADM2,hospitals,TIME,4800,total,26409,63.2,1315,3.15
Quissanga,,85939544B35031207172791,MOZ,ADM2,hospitals,TIME,4800,under_5,4268,63.2,213,3.15
Quissanga,,85939544B35031207172791,MOZ,ADM2,hospitals,TIME,4800,women_childbearing,6396,63.21,319,3.15
Quissanga,,85939544B35031207172791,MOZ,ADM2,hospitals,TIME,5400,adults,25664,65.8,1013,2.6
Quissanga,,85939544B35031207172791,MOZ,ADM2,hospitals,TIME,5400,elderly,1619,65.81,64,2.6
Quissanga,,85939544B35031207172791,MOZ,ADM2,hospitals,TIME,5400,school_age,14418,65.8,570,2.6
Quissanga,,85939544B35031207172791,MOZ,ADM2,hospitals,TIME,5400,total,27495,65.8,1086,2.6
Quissanga,,85939544B35031207172791,MOZ,ADM2,hospitals,TIME,5400,under_5,4443,65.79,175,2.59
Quissanga,,85939544B35031207172791,MOZ,ADM2,hospitals,TIME,5400,women_childbearing,6659,65.81,263,2.6
Quissanga,,85939544B35031207172791,MOZ,ADM2,hospitals,TIME,6000,adults,27113,69.52,1449,3.72
Quissanga,,85939544B35031207172791,MOZ,ADM2,hospitals,TIME,6000,elderly,1710,69.51,91,3.7
Quissanga,,85939544B35031207172791,MOZ,ADM2,hospitals,TIME,6000,school_age,15232,69.52,814,3.72
Quissanga,,85939544B35031207172791,MOZ,ADM2,hospitals,TIME,6000,total,29048,69.52,1553,3.72
Quissanga,,85939544B35031207172791,MOZ,ADM2,hospitals,TIME,6000,under_5,4694,69.51,251,3.72
Quissanga,,85939544B35031207172791,MOZ,ADM2,hospitals,TIME,6000,women_childbearing,7035,69.52,376,3.72
Rapale,,85939544B86182788788384,MOZ,ADM2,hospitals,TIME,600,adults,2030,0.56,2030,0.56
Rapale,,85939544B86182788788384,MOZ,ADM2,hospitals,TIME,600,elderly,91,0.55,91,0.55
Rapale,,85939544B86182788788384,MOZ,ADM2,hospitals,TIME,600,school_age,1178,0.56,1178,0.56
Rapale,,85939544B86182788788384,MOZ,ADM2,hospitals,TIME,600,total,2138,0.56,2138,0.56
Rapale,,85939544B86182788788384,MOZ,ADM2,hospitals,TIME,600,under_5,358,0.56,358,0.56
Rapale,,85939544B86182788788384,MOZ,ADM2,hospitals,TIME,600,women_childbearing,497,0.56,497,0.56
Rapale,,85939544B86182788788384,MOZ,ADM2,hospitals,TIME,1200,adults,37759,10.42,35729,9.86
Rapale,,85939544B86182788788384,MOZ,ADM2,hospitals,TIME,1200,elderly,1707,10.41,1616,9.85
Rapale,,85939544B86182788788384,MOZ,ADM2,hospitals,TIME,1200,school_age,21912,10.42,20734,9.86
Rapale,,85939544B86182788788384,MOZ,ADM2,hospitals,TIME,1200,total,39773,10.42,37635,9.86
Rapale,,85939544B86182788788384,MOZ,ADM2,hospitals,TIME,1200,under_5,6673,10.41,6315,9.85
Rapale,,85939544B86182788788384,MOZ,ADM2,hospitals,TIME,1200,women_childbearing,9260,10.42,8763,9.86
Rapale,,85939544B86182788788384,MOZ,ADM2,hospitals,TIME,1800,adults,77035,21.25,39276,10.84
Rapale,,85939544B86182788788384,MOZ,ADM2,hospitals,TIME,1800,elderly,3485,21.24,1778,10.84
Rapale,,85939544B86182788788384,MOZ,ADM2,hospitals,TIME,1800,school_age,44705,21.25,22793,10.84
Rapale,,85939544B86182788788384,MOZ,ADM2,hospitals,TIME,1800,total,81145,21.25,41372,10.84
Rapale,,85939544B86182788788384,MOZ,ADM2,hospitals,TIME,1800,under_5,13618,21.25,6945,10.84
Rapale,,85939544B86182788788384,MOZ,ADM2,hospitals,TIME,1800,women_childbearing,18891,21.25,9631,10.84
Rapale,,85939544B86182788788384,MOZ,ADM2,hospitals,TIME,2400,adults,96336,26.58,19301,5.32
Rapale,,85939544B86182788788384,MOZ,ADM2,hospitals,TIME,2400,elderly,4358,26.57,873,5.32
Rapale,,85939544B86182788788384,MOZ,ADM2,hospitals,TIME,2400,school_age,55907,26.58,11202,5.33
Rapale,,85939544B86182788788384,MOZ,ADM2,hospitals,TIME,2400,total,101477,26.58,20332,5.33
Rapale,,85939544B86182788788384,MOZ,ADM2,hospitals,TIME,2400,under_5,17030,26.57,3412,5.32
Rapale,,85939544B86182788788384,MOZ,ADM2,hospitals,TIME,2400,women_childbearing,23624,26.58,4733,5.32
Rapale,,85939544B86182788788384,MOZ,ADM2,hospitals,TIME,3000,adults,112401,31.01,16065,4.43
Rapale,,85939544B86182788788384,MOZ,ADM2,hospitals,TIME,3000,elderly,5086,31.0,728,4.44
Rapale,,85939544B86182788788384,MOZ,ADM2,hospitals,TIME,3000,school_age,65230,31.01,9323,4.43
Rapale,,85939544B86182788788384,MOZ,ADM2,hospitals,TIME,3000,total,118400,31.01,16923,4.43
Rapale,,85939544B86182788788384,MOZ,ADM2,hospitals,TIME,3000,under_5,19871,31.01,2841,4.43
Rapale,,85939544B86182788788384,MOZ,ADM2,hospitals,TIME,3000,women_childbearing,27564,31.01,3940,4.43
Rapale,,85939544B86182788788384,MOZ,ADM2,hospitals,TIME,3600,adults,126716,34.96,14315,3.95
Rapale,,85939544B86182788788384,MOZ,ADM2,hospitals,TIME,3600,elderly,5734,34.95,648,3.95
Rapale,,85939544B86182788788384,MOZ,ADM2,hospitals,TIME,3600,school_age,73537,34.96,8307,3.95
Rapale,,85939544B86182788788384,MOZ,ADM2,hospitals,TIME,3600,total,133479,34.96,15079,3.95
Rapale,,85939544B86182788788384,MOZ,ADM2,hospitals,TIME,3600,under_5,22402,34.95,2531,3.95
Rapale,,85939544B86182788788384,MOZ,ADM2,hospitals,TIME,3600,women_childbearing,31074,34.96,3510,3.95
Rapale,,85939544B86182788788384,MOZ,ADM2,hospitals,TIME,4200,adults,135413,37.36,8697,2.4
Rapale,,85939544B86182788788384,MOZ,ADM2,hospitals,TIME,4200,elderly,6127,37.35,393,2.4
Rapale,,85939544B86182788788384,MOZ,ADM2,hospitals,TIME,4200,school_age,78584,37.36,5047,2.4
Rapale,,85939544B86182788788384,MOZ,ADM2,hospitals,TIME,4200,total,142640,37.36,9161,2.4
Rapale,,85939544B86182788788384,MOZ,ADM2,hospitals,TIME,4200,under_5,23940,37.35,1538,2.4
Rapale,,85939544B86182788788384,MOZ,ADM2,hospitals,TIME,4200,women_childbearing,33207,37.36,2133,2.4
Rapale,,85939544B86182788788384,MOZ,ADM2,hospitals,TIME,4800,adults,149098,41.13,13685,3.78
Rapale,,85939544B86182788788384,MOZ,ADM2,hospitals,TIME,4800,elderly,6746,41.12,619,3.77
Rapale,,85939544B86182788788384,MOZ,ADM2,hospitals,TIME,4800,school_age,86526,41.13,7942,3.78
Rapale,,85939544B86182788788384,MOZ,ADM2,hospitals,TIME,4800,total,157055,41.13,14415,3.78
Rapale,,85939544B86182788788384,MOZ,ADM2,hospitals,TIME,4800,under_5,26359,41.13,2419,3.77
Rapale,,85939544B86182788788384,MOZ,ADM2,hospitals,TIME,4800,women_childbearing,36563,41.13,3356,3.78
Rapale,,85939544B86182788788384,MOZ,ADM2,hospitals,TIME,5400,adults,153229,42.27,4131,1.14
Rapale,,85939544B86182788788384,MOZ,ADM2,hospitals,TIME,5400,elderly,6933,42.26,187,1.14
Rapale,,85939544B86182788788384,MOZ,ADM2,hospitals,TIME,5400,school_age,88923,42.27,2397,1.14
Rapale,,85939544B86182788788384,MOZ,ADM2,hospitals,TIME,5400,total,161406,42.27,4351,1.14
Rapale,,85939544B86182788788384,MOZ,ADM2,hospitals,TIME,5400,under_5,27089,42.27,730,1.14
Rapale,,85939544B86182788788384,MOZ,ADM2,hospitals,TIME,5400,women_childbearing,37576,42.27,1013,1.14
Rapale,,85939544B86182788788384,MOZ,ADM2,hospitals,TIME,6000,adults,157962,43.58,4733,1.31
Rapale,,85939544B86182788788384,MOZ,ADM2,hospitals,TIME,6000,elderly,7147,43.57,214,1.3
Rapale,,85939544B86182788788384,MOZ,ADM2,hospitals,TIME,6000,school_age,91670,43.58,2747,1.31
Rapale,,85939544B86182788788384,MOZ,ADM2,hospitals,TIME,6000,total,166392,43.58,4986,1.31
Rapale,,85939544B86182788788384,MOZ,ADM2,hospitals,TIME,6000,under_5,27926,43.57,837,1.31
Rapale,,85939544B86182788788384,MOZ,ADM2,hospitals,TIME,6000,women_childbearing,38736,43.58,1160,1.31
Ribaue,,85939544B68369930448432,MOZ,ADM2,hospitals,TIME,3600,adults,25,0.01,25,0.01
Ribaue,,85939544B68369930448432,MOZ,ADM2,hospitals,TIME,3600,elderly,0,0.0,0,0.0
Ribaue,,85939544B68369930448432,MOZ,ADM2,hospitals,TIME,3600,school_age,16,0.01,16,0.01
Ribaue,,85939544B68369930448432,MOZ,ADM2,hospitals,TIME,3600,total,27,0.01,27,0.01
Ribaue,,85939544B68369930448432,MOZ,ADM2,hospitals,TIME,3600,under_5,5,0.01,5,0.01
Ribaue,,85939544B68369930448432,MOZ,ADM2,hospitals,TIME,3600,women_childbearing,5,0.01,5,0.01
Ribaue,,85939544B68369930448432,MOZ,ADM2,hospitals,TIME,4200,adults,1940,0.66,1915,0.65
Ribaue,,85939544B68369930448432,MOZ,ADM2,hospitals,TIME,4200,elderly,71,0.65,71,0.65
Ribaue,,85939544B68369930448432,MOZ,ADM2,hospitals,TIME,4200,school_age,1206,0.66,1190,0.65
Ribaue,,85939544B68369930448432,MOZ,ADM2,hospitals,TIME,4200,total,2027,0.66,2000,0.65
Ribaue,,85939544B68369930448432,MOZ,ADM2,hospitals,TIME,4200,under_5,383,0.66,378,0.65
Ribaue,,85939544B68369930448432,MOZ,ADM2,hospitals,TIME,4200,women_childbearing,445,0.66,440,0.65
Ribaue,,85939544B68369930448432,MOZ,ADM2,hospitals,TIME,4800,adults,6441,2.18,4501,1.53
Ribaue,,85939544B68369930448432,MOZ,ADM2,hospitals,TIME,4800,elderly,237,2.18,166,1.53
Ribaue,,85939544B68369930448432,MOZ,ADM2,hospitals,TIME,4800,school_age,4004,2.18,2798,1.53
Ribaue,,85939544B68369930448432,MOZ,ADM2,hospitals,TIME,4800,total,6730,2.18,4703,1.53
Ribaue,,85939544B68369930448432,MOZ,ADM2,hospitals,TIME,4800,under_5,1273,2.18,890,1.53
Ribaue,,85939544B68369930448432,MOZ,ADM2,hospitals,TIME,4800,women_childbearing,1477,2.18,1032,1.52
Ribaue,,85939544B68369930448432,MOZ,ADM2,hospitals,TIME,5400,adults,8173,2.77,1732,0.59
Ribaue,,85939544B68369930448432,MOZ,ADM2,hospitals,TIME,5400,elderly,300,2.76,63,0.58
Ribaue,,85939544B68369930448432,MOZ,ADM2,hospitals,TIME,5400,school_age,5081,2.77,1077,0.59
Ribaue,,85939544B68369930448432,MOZ,ADM2,hospitals,TIME,5400,total,8539,2.77,1809,0.59
Ribaue,,85939544B68369930448432,MOZ,ADM2,hospitals,TIME,5400,under_5,1616,2.77,343,0.59
Ribaue,,85939544B68369930448432,MOZ,ADM2,hospitals,TIME,5400,women_childbearing,1875,2.77,398,0.59
Ribaue,,85939544B68369930448432,MOZ,ADM2,hospitals,TIME,6000,adults,14179,4.81,6006,2.04
Ribaue,,85939544B68369930448432,MOZ,ADM2,hospitals,TIME,6000,elderly,522,4.81,222,2.04
Ribaue,,85939544B68369930448432,MOZ,ADM2,hospitals,TIME,6000,school_age,8815,4.81,3734,2.04
Ribaue,,85939544B68369930448432,MOZ,ADM2,hospitals,TIME,6000,total,14815,4.81,6276,2.04
Ribaue,,85939544B68369930448432,MOZ,ADM2,hospitals,TIME,6000,under_5,2803,4.81,1187,2.04
Ribaue,,85939544B68369930448432,MOZ,ADM2,hospitals,TIME,6000,women_childbearing,3252,4.81,1377,2.03
Sofala,MZ-S,27363107B69852241850831,MOZ,ADM1,hospitals,TIME,600,adults,491237,21.77,491237,21.77
Sofala,MZ-S,27363107B69852241850831,MOZ,ADM1,hospitals,TIME,600,elderly,17019,17.76,17019,17.76
Sofala,MZ-S,27363107B69852241850831,MOZ,ADM1,hospitals,TIME,600,school_age,265104,19.76,265104,19.76
Sofala,MZ-S,27363107B69852241850831,MOZ,ADM1,hospitals,TIME,600,total,512203,21.61,512203,21.61
Sofala,MZ-S,27363107B69852241850831,MOZ,ADM1,hospitals,TIME,600,under_5,59842,15.71,59842,15.71
Sofala,MZ-S,27363107B69852241850831,MOZ,ADM1,hospitals,TIME,600,women_childbearing,131211,23.25,131211,23.25
Sofala,MZ-S,27363107B69852241850831,MOZ,ADM1,hospitals,TIME,1200,adults,587651,26.04,96414,4.27
Sofala,MZ-S,27363107B69852241850831,MOZ,ADM1,hospitals,TIME,1200,elderly,21088,22.01,4069,4.25
Sofala,MZ-S,27363107B69852241850831,MOZ,ADM1,hospitals,TIME,1200,school_age,320036,23.85,54932,4.09
Sofala,MZ-S,27363107B69852241850831,MOZ,ADM1,hospitals,TIME,1200,total,613467,25.88,101264,4.27
Sofala,MZ-S,27363107B69852241850831,MOZ,ADM1,hospitals,TIME,1200,under_5,73444,19.28,13602,3.57
Sofala,MZ-S,27363107B69852241850831,MOZ,ADM1,hospitals,TIME,1200,women_childbearing,155534,27.56,24323,4.31
Sofala,MZ-S,27363107B69852241850831,MOZ,ADM1,hospitals,TIME,1800,adults,678802,30.08,91151,4.04
Sofala,MZ-S,27363107B69852241850831,MOZ,ADM1,hospitals,TIME,1800,elderly,25204,26.31,4116,4.3
Sofala,MZ-S,27363107B69852241850831,MOZ,ADM1,hospitals,TIME,1800,school_age,372876,27.79,52840,3.94
Sofala,MZ-S,27363107B69852241850831,MOZ,ADM1,hospitals,TIME,1800,total,709474,29.93,96007,4.05
Sofala,MZ-S,27363107B69852241850831,MOZ,ADM1,hospitals,TIME,1800,under_5,86922,22.82,13478,3.54
Sofala,MZ-S,27363107B69852241850831,MOZ,ADM1,hospitals,TIME,1800,women_childbearing,178342,31.61,22808,4.04
Sofala,MZ-S,27363107B69852241850831,MOZ,ADM1,hospitals,TIME,2400,adults,735173,32.58,56371,2.5
Sofala,MZ-S,27363107B69852241850831,MOZ,ADM1,hospitals,TIME,2400,elderly,27749,28.96,2545,2.66
Sofala,MZ-S,27363107B69852241850831,MOZ,ADM1,hospitals,TIME,2400,school_age,405626,30.23,32750,2.44
Sofala,MZ-S,27363107B69852241850831,MOZ,ADM1,hospitals,TIME,2400,total,768848,32.44,59374,2.5
Sofala,MZ-S,27363107B69852241850831,MOZ,ADM1,hospitals,TIME,2400,under_5,95291,25.02,8369,2.2
Sofala,MZ-S,27363107B69852241850831,MOZ,ADM1,hospitals,TIME,2400,women_childbearing,192529,34.12,14187,2.51
Sofala,MZ-S,27363107B69852241850831,MOZ,ADM1,hospitals,TIME,3000,adults,759562,33.66,24389,1.08
Sofala,MZ-S,27363107B69852241850831,MOZ,ADM1,hospitals,TIME,3000,elderly,28961,30.23,1212,1.27
Sofala,MZ-S,27363107B69852241850831,MOZ,ADM1,hospitals,TIME,3000,school_age,420140,31.31,14514,1.08
Sofala,MZ-S,27363107B69852241850831,MOZ,ADM1,hospitals,TIME,3000,total,794647,33.52,25799,1.09
Sofala,MZ-S,27363107B69852241850831,MOZ,ADM1,hospitals,TIME,3000,under_5,99161,26.03,3870,1.02
Sofala,MZ-S,27363107B69852241850831,MOZ,ADM1,hospitals,TIME,3000,women_childbearing,198658,35.21,6129,1.09
Sofala,MZ-S,27363107B69852241850831,MOZ,ADM1,hospitals,TIME,3600,adults,803827,35.63,44265,1.96
Sofala,MZ-S,27363107B69852241850831,MOZ,ADM1,hospitals,TIME,3600,elderly,31252,32.62,2291,2.39
Sofala,MZ-S,27363107B69852241850831,MOZ,ADM1,hospitals,TIME,3600,school_age,446664,33.29,26524,1.98
Sofala,MZ-S,27363107B69852241850831,MOZ,ADM1,hospitals,TIME,3600,total,841565,35.5,46918,1.98
Sofala,MZ-S,27363107B69852241850831,MOZ,ADM1,hospitals,TIME,3600,under_5,106351,27.92,7190,1.89
Sofala,MZ-S,27363107B69852241850831,MOZ,ADM1,hospitals,TIME,3600,women_childbearing,209562,37.14,10904,1.93
Sofala,MZ-S,27363107B69852241850831,MOZ,ADM1,hospitals,TIME,4200,adults,845859,37.49,42032,1.86
Sofala,MZ-S,27363107B69852241850831,MOZ,ADM1,hospitals,TIME,4200,elderly,33397,34.86,2145,2.24
Sofala,MZ-S,27363107B69852241850831,MOZ,ADM1,hospitals,TIME,4200,school_age,471757,35.16,25093,1.87
Sofala,MZ-S,27363107B69852241850831,MOZ,ADM1,hospitals,TIME,4200,total,886085,37.38,44520,1.88
Sofala,MZ-S,27363107B69852241850831,MOZ,ADM1,hospitals,TIME,4200,under_5,113115,29.7,6764,1.78
Sofala,MZ-S,27363107B69852241850831,MOZ,ADM1,hospitals,TIME,4200,women_childbearing,219991,38.99,10429,1.85
Sofala,MZ-S,27363107B69852241850831,MOZ,ADM1,hospitals,TIME,4800,adults,886148,39.27,40289,1.79
Sofala,MZ-S,27363107B69852241850831,MOZ,ADM1,hospitals,TIME,4800,elderly,35385,36.94,1988,2.08
Sofala,MZ-S,27363107B69852241850831,MOZ,ADM1,hospitals,TIME,4800,school_age,495976,36.97,24219,1.81
Sofala,MZ-S,27363107B69852241850831,MOZ,ADM1,hospitals,TIME,4800,total,928690,39.18,42605,1.8
Sofala,MZ-S,27363107B69852241850831,MOZ,ADM1,hospitals,TIME,4800,under_5,119795,31.45,6680,1.75
Sofala,MZ-S,27363107B69852241850831,MOZ,ADM1,hospitals,TIME,4800,women_childbearing,229953,40.75,9962,1.77
Sofala,MZ-S,27363107B69852241850831,MOZ,ADM1,hospitals,TIME,5400,adults,980799,43.47,94651,4.19
Sofala,MZ-S,27363107B69852241850831,MOZ,ADM1,hospitals,TIME,5400,elderly,39989,41.74,4604,4.81
Sofala,MZ-S,27363107B69852241850831,MOZ,ADM1,hospitals,TIME,5400,school_age,554118,41.3,58142,4.33
Sofala,MZ-S,27363107B69852241850831,MOZ,ADM1,hospitals,TIME,5400,total,1028717,43.4,100027,4.22
Sofala,MZ-S,27363107B69852241850831,MOZ,ADM1,hospitals,TIME,5400,under_5,136870,35.93,17075,4.48
Sofala,MZ-S,27363107B69852241850831,MOZ,ADM1,hospitals,TIME,5400,women_childbearing,253120,44.86,23167,4.11
Sofala,MZ-S,27363107B69852241850831,MOZ,ADM1,hospitals,TIME,6000,adults,1063785,47.15,82986,3.68
Sofala,MZ-S,27363107B69852241850831,MOZ,ADM1,hospitals,TIME,6000,elderly,43931,45.86,3942,4.11
Sofala,MZ-S,27363107B69852241850831,MOZ,ADM1,hospitals,TIME,6000,school_age,605063,45.1,50945,3.8
Sofala,MZ-S,27363107B69852241850831,MOZ,ADM1,hospitals,TIME,6000,total,1116320,47.09,87603,3.7
Sofala,MZ-S,27363107B69852241850831,MOZ,ADM1,hospitals,TIME,6000,under_5,152121,39.94,15251,4.0
Sofala,MZ-S,27363107B69852241850831,MOZ,ADM1,hospitals,TIME,6000,women_childbearing,273559,48.48,20439,3.62
Sussundenga,,85939544B81104327117882,MOZ,ADM2,hospitals,TIME,600,adults,4120,2.14,4120,2.14
Sussundenga,,85939544B81104327117882,MOZ,ADM2,hospitals,TIME,600,elderly,184,2.13,184,2.13
Sussundenga,,85939544B81104327117882,MOZ,ADM2,hospitals,TIME,600,school_age,2537,2.14,2537,2.14
Sussundenga,,85939544B81104327117882,MOZ,ADM2,hospitals,TIME,600,total,4338,2.14,4338,2.14
Sussundenga,,85939544B81104327117882,MOZ,ADM2,hospitals,TIME,600,under_5,770,2.14,770,2.14
Sussundenga,,85939544B81104327117882,MOZ,ADM2,hospitals,TIME,600,women_childbearing,1047,2.14,1047,2.14
Sussundenga,,85939544B81104327117882,MOZ,ADM2,hospitals,TIME,1200,adults,6289,3.26,2169,1.13
Sussundenga,,85939544B81104327117882,MOZ,ADM2,hospitals,TIME,1200,elderly,281,3.26,97,1.12
Sussundenga,,85939544B81104327117882,MOZ,ADM2,hospitals,TIME,1200,school_age,3873,3.26,1336,1.13
Sussundenga,,85939544B81104327117882,MOZ,ADM2,hospitals,TIME,1200,total,6622,3.27,2284,1.13
Sussundenga,,85939544B81104327117882,MOZ,ADM2,hospitals,TIME,1200,under_5,1175,3.26,405,1.12
Sussundenga,,85939544B81104327117882,MOZ,ADM2,hospitals,TIME,1200,women_childbearing,1598,3.26,551,1.13
Sussundenga,,85939544B81104327117882,MOZ,ADM2,hospitals,TIME,1800,adults,10407,5.4,4118,2.14
Sussundenga,,85939544B81104327117882,MOZ,ADM2,hospitals,TIME,1800,elderly,465,5.39,184,2.13
Sussundenga,,85939544B81104327117882,MOZ,ADM2,hospitals,TIME,1800,school_age,6408,5.4,2535,2.14
Sussundenga,,85939544B81104327117882,MOZ,ADM2,hospitals,TIME,1800,total,10957,5.4,4335,2.14
Sussundenga,,85939544B81104327117882,MOZ,ADM2,hospitals,TIME,1800,under_5,1945,5.4,770,2.14
Sussundenga,,85939544B81104327117882,MOZ,ADM2,hospitals,TIME,1800,women_childbearing,2644,5.4,1046,2.14
Sussundenga,,85939544B81104327117882,MOZ,ADM2,hospitals,TIME,2400,adults,18723,9.72,8316,4.32
Sussundenga,,85939544B81104327117882,MOZ,ADM2,hospitals,TIME,2400,elderly,838,9.72,373,4.33
Sussundenga,,85939544B81104327117882,MOZ,ADM2,hospitals,TIME,2400,school_age,11530,9.72,5122,4.32
Sussundenga,,85939544B81104327117882,MOZ,ADM2,hospitals,TIME,2400,total,19714,9.72,8757,4.32
Sussundenga,,85939544B81104327117882,MOZ,ADM2,hospitals,TIME,2400,under_5,3499,9.72,1554,4.32
Sussundenga,,85939544B81104327117882,MOZ,ADM2,hospitals,TIME,2400,women_childbearing,4758,9.72,2114,4.32
Sussundenga,,85939544B81104327117882,MOZ,ADM2,hospitals,TIME,3000,adults,32945,17.1,14222,7.38
Sussundenga,,85939544B81104327117882,MOZ,ADM2,hospitals,TIME,3000,elderly,1474,17.09,636,7.38
Sussundenga,,85939544B81104327117882,MOZ,ADM2,hospitals,TIME,3000,school_age,20288,17.1,8758,7.38
Sussundenga,,85939544B81104327117882,MOZ,ADM2,hospitals,TIME,3000,total,34688,17.1,14974,7.38
Sussundenga,,85939544B81104327117882,MOZ,ADM2,hospitals,TIME,3000,under_5,6157,17.1,2658,7.38
Sussundenga,,85939544B81104327117882,MOZ,ADM2,hospitals,TIME,3000,women_childbearing,8371,17.1,3613,7.38
Sussundenga,,85939544B81104327117882,MOZ,ADM2,hospitals,TIME,3600,adults,44176,22.93,11231,5.83
Sussundenga,,85939544B81104327117882,MOZ,ADM2,hospitals,TIME,3600,elderly,1977,22.93,503,5.83
Sussundenga,,85939544B81104327117882,MOZ,ADM2,hospitals,TIME,3600,school_age,27205,22.93,6917,5.83
Sussundenga,,85939544B81104327117882,MOZ,ADM2,hospitals,TIME,3600,total,46512,22.93,11824,5.83
Sussundenga,,85939544B81104327117882,MOZ,ADM2,hospitals,TIME,3600,under_5,8256,22.93,2099,5.83
Sussundenga,,85939544B81104327117882,MOZ,ADM2,hospitals,TIME,3600,women_childbearing,11225,22.93,2854,5.83
Sussundenga,,85939544B81104327117882,MOZ,ADM2,hospitals,TIME,4200,adults,59319,30.8,15143,7.86
Sussundenga,,85939544B81104327117882,MOZ,ADM2,hospitals,TIME,4200,elderly,2655,30.79,678,7.86
Sussundenga,,85939544B81104327117882,MOZ,ADM2,hospitals,TIME,4200,school_age,36530,30.8,9325,7.86
Sussundenga,,85939544B81104327117882,MOZ,ADM2,hospitals,TIME,4200,total,62456,30.8,15944,7.86
Sussundenga,,85939544B81104327117882,MOZ,ADM2,hospitals,TIME,4200,under_5,11087,30.8,2831,7.86
Sussundenga,,85939544B81104327117882,MOZ,ADM2,hospitals,TIME,4200,women_childbearing,15073,30.79,3848,7.86
Sussundenga,,85939544B81104327117882,MOZ,ADM2,hospitals,TIME,4800,adults,71096,36.91,11777,6.11
Sussundenga,,85939544B81104327117882,MOZ,ADM2,hospitals,TIME,4800,elderly,3182,36.9,527,6.11
Sussundenga,,85939544B81104327117882,MOZ,ADM2,hospitals,TIME,4800,school_age,43783,36.91,7253,6.11
Sussundenga,,85939544B81104327117882,MOZ,ADM2,hospitals,TIME,4800,total,74856,36.91,12400,6.11
Sussundenga,,85939544B81104327117882,MOZ,ADM2,hospitals,TIME,4800,under_5,13288,36.91,2201,6.11
Sussundenga,,85939544B81104327117882,MOZ,ADM2,hospitals,TIME,4800,women_childbearing,18066,36.91,2993,6.11
Sussundenga,,85939544B81104327117882,MOZ,ADM2,hospitals,TIME,5400,adults,75979,39.44,4883,2.53
Sussundenga,,85939544B81104327117882,MOZ,ADM2,hospitals,TIME,5400,elderly,3401,39.44,219,2.54
Sussundenga,,85939544B81104327117882,MOZ,ADM2,hospitals,TIME,5400,school_age,46790,39.44,3007,2.53
Sussundenga,,85939544B81104327117882,MOZ,ADM2,hospitals,TIME,5400,total,79997,39.44,5141,2.53
Sussundenga,,85939544B81104327117882,MOZ,ADM2,hospitals,TIME,5400,under_5,14200,39.44,912,2.53
Sussundenga,,85939544B81104327117882,MOZ,ADM2,hospitals,TIME,5400,women_childbearing,19307,39.44,1241,2.54
Sussundenga,,85939544B81104327117882,MOZ,ADM2,hospitals,TIME,6000,adults,80926,42.01,4947,2.57
Sussundenga,,85939544B81104327117882,MOZ,ADM2,hospitals,TIME,6000,elderly,3623,42.02,222,2.57
Sussundenga,,85939544B81104327117882,MOZ,ADM2,hospitals,TIME,6000,school_age,49836,42.01,3046,2.57
Sussundenga,,85939544B81104327117882,MOZ,ADM2,hospitals,TIME,6000,total,85206,42.01,5209,2.57
Sussundenga,,85939544B81104327117882,MOZ,ADM2,hospitals,TIME,6000,under_5,15125,42.01,925,2.57
Sussundenga,,85939544B81104327117882,MOZ,ADM2,hospitals,TIME,6000,women_childbearing,20564,42.01,1257,2.57
Tete,MZ-T,27363107B76405592745796,MOZ,ADM1,hospitals,TIME,600,adults,324703,9.59,324703,9.59
Tete,MZ-T,27363107B76405592745796,MOZ,ADM1,hospitals,TIME,600,elderly,11403,8.01,11403,8.01
Tete,MZ-T,27363107B76405592745796,MOZ,ADM1,hospitals,TIME,600,school_age,190789,9.27,190789,9.27
Tete,MZ-T,27363107B76405592745796,MOZ,ADM1,hospitals,TIME,600,total,338717,9.52,338717,9.52
Tete,MZ-T,27363107B76405592745796,MOZ,ADM1,hospitals,TIME,600,under_5,51038,8.18,51038,8.18
Tete,MZ-T,27363107B76405592745796,MOZ,ADM1,hospitals,TIME,600,women_childbearing,81675,10.0,81675,10.0
Tete,MZ-T,27363107B76405592745796,MOZ,ADM1,hospitals,TIME,1200,adults,443156,13.08,118453,3.5
Tete,MZ-T,27363107B76405592745796,MOZ,ADM1,hospitals,TIME,1200,elderly,15636,10.98,4233,2.97
Tete,MZ-T,27363107B76405592745796,MOZ,ADM1,hospitals,TIME,1200,school_age,260191,12.64,69402,3.37
Tete,MZ-T,27363107B76405592745796,MOZ,ADM1,hospitals,TIME,1200,total,462355,13.0,123638,3.48
Tete,MZ-T,27363107B76405592745796,MOZ,ADM1,hospitals,TIME,1200,under_5,69731,11.18,18693,3.0
Tete,MZ-T,27363107B76405592745796,MOZ,ADM1,hospitals,TIME,1200,women_childbearing,111599,13.66,29924,3.66
Tete,MZ-T,27363107B76405592745796,MOZ,ADM1,hospitals,TIME,1800,adults,516377,15.25,73221,2.16
Tete,MZ-T,27363107B76405592745796,MOZ,ADM1,hospitals,TIME,1800,elderly,18991,13.33,3355,2.36
Tete,MZ-T,27363107B76405592745796,MOZ,ADM1,hospitals,TIME,1800,school_age,304466,14.79,44275,2.15
Tete,MZ-T,27363107B76405592745796,MOZ,ADM1,hospitals,TIME,1800,total,539526,15.17,77171,2.17
Tete,MZ-T,27363107B76405592745796,MOZ,ADM1,hospitals,TIME,1800,under_5,82826,13.28,13095,2.1
Tete,MZ-T,27363107B76405592745796,MOZ,ADM1,hospitals,TIME,1800,women_childbearing,129426,15.84,17827,2.18
Tete,MZ-T,27363107B76405592745796,MOZ,ADM1,hospitals,TIME,2400,adults,627084,18.51,110707,3.27
Tete,MZ-T,27363107B76405592745796,MOZ,ADM1,hospitals,TIME,2400,elderly,24015,16.86,5024,3.53
Tete,MZ-T,27363107B76405592745796,MOZ,ADM1,hospitals,TIME,2400,school_age,371169,18.03,66703,3.24
Tete,MZ-T,27363107B76405592745796,MOZ,ADM1,hospitals,TIME,2400,total,656156,18.45,116630,3.28
Tete,MZ-T,27363107B76405592745796,MOZ,ADM1,hospitals,TIME,2400,under_5,102597,16.45,19771,3.17
Tete,MZ-T,27363107B76405592745796,MOZ,ADM1,hospitals,TIME,2400,women_childbearing,156425,19.15,26999,3.3
Tete,MZ-T,27363107B76405592745796,MOZ,ADM1,hospitals,TIME,3000,adults,746383,22.04,119299,3.52
Tete,MZ-T,27363107B76405592745796,MOZ,ADM1,hospitals,TIME,3000,elderly,29501,20.71,5486,3.85
Tete,MZ-T,27363107B76405592745796,MOZ,ADM1,hospitals,TIME,3000,school_age,443612,21.55,72443,3.52
Tete,MZ-T,27363107B76405592745796,MOZ,ADM1,hospitals,TIME,3000,total,781909,21.98,125753,3.54
Tete,MZ-T,27363107B76405592745796,MOZ,ADM1,hospitals,TIME,3000,under_5,124018,19.89,21421,3.44
Tete,MZ-T,27363107B76405592745796,MOZ,ADM1,hospitals,TIME,3000,women_childbearing,185303,22.68,28878,3.53
Tete,MZ-T,27363107B76405592745796,MOZ,ADM1,hospitals,TIME,3600,adults,896740,26.48,150357,4.44
Tete,MZ-T,27363107B76405592745796,MOZ,ADM1,hospitals,TIME,3600,elderly,36399,25.56,6898,4.84
Tete,MZ-T,27363107B76405592745796,MOZ,ADM1,hospitals,TIME,3600,school_age,534982,25.99,91370,4.44
Tete,MZ-T,27363107B76405592745796,MOZ,ADM1,hospitals,TIME,3600,total,940386,26.44,158477,4.46
Tete,MZ-T,27363107B76405592745796,MOZ,ADM1,hospitals,TIME,3600,under_5,151170,24.24,27152,4.35
Tete,MZ-T,27363107B76405592745796,MOZ,ADM1,hospitals,TIME,3600,women_childbearing,221732,27.14,36429,4.46
Tete,MZ-T,27363107B76405592745796,MOZ,ADM1,hospitals,TIME,4200,adults,1007940,29.76,111200,3.28
Tete,MZ-T,27363107B76405592745796,MOZ,ADM1,hospitals,TIME,4200,elderly,41416,29.08,5017,3.52
Tete,MZ-T,27363107B76405592745796,MOZ,ADM1,hospitals,TIME,4200,school_age,603181,29.3,68199,3.31
Tete,MZ-T,27363107B76405592745796,MOZ,ADM1,hospitals,TIME,4200,total,1057506,29.73,117120,3.29
Tete,MZ-T,27363107B76405592745796,MOZ,ADM1,hospitals,TIME,4200,under_5,171674,27.53,20504,3.29
Tete,MZ-T,27363107B76405592745796,MOZ,ADM1,hospitals,TIME,4200,women_childbearing,248432,30.41,26700,3.27
Tete,MZ-T,27363107B76405592745796,MOZ,ADM1,hospitals,TIME,4800,adults,1119085,33.04,111145,3.28
Tete,MZ-T,27363107B76405592745796,MOZ,ADM1,hospitals,TIME,4800,elderly,46344,32.54,4928,3.46
Tete,MZ-T,27363107B76405592745796,MOZ,ADM1,hospitals,TIME,4800,school_age,671118,32.6,67937,3.3
Tete,MZ-T,27363107B76405592745796,MOZ,ADM1,hospitals,TIME,4800,total,1174480,33.02,116974,3.29
Tete,MZ-T,27363107B76405592745796,MOZ,ADM1,hospitals,TIME,4800,under_5,191658,30.74,19984,3.2
Tete,MZ-T,27363107B76405592745796,MOZ,ADM1,hospitals,TIME,4800,women_childbearing,275233,33.69,26801,3.28
Tete,MZ-T,27363107B76405592745796,MOZ,ADM1,hospitals,TIME,5400,adults,1255897,37.08,136812,4.04
Tete,MZ-T,27363107B76405592745796,MOZ,ADM1,hospitals,TIME,5400,elderly,52332,36.74,5988,4.2
Tete,MZ-T,27363107B76405592745796,MOZ,ADM1,hospitals,TIME,5400,school_age,754699,36.66,83581,4.06
Tete,MZ-T,27363107B76405592745796,MOZ,ADM1,hospitals,TIME,5400,total,1318389,37.07,143909,4.05
Tete,MZ-T,27363107B76405592745796,MOZ,ADM1,hospitals,TIME,5400,under_5,216468,34.72,24810,3.98
Tete,MZ-T,27363107B76405592745796,MOZ,ADM1,hospitals,TIME,5400,women_childbearing,308164,37.72,32931,4.03
Tete,MZ-T,27363107B76405592745796,MOZ,ADM1,hospitals,TIME,6000,adults,1358900,40.12,103003,3.04
Tete,MZ-T,27363107B76405592745796,MOZ,ADM1,hospitals,TIME,6000,elderly,56908,39.96,4576,3.21
Tete,MZ-T,27363107B76405592745796,MOZ,ADM1,hospitals,TIME,6000,school_age,817526,39.71,62827,3.05
Tete,MZ-T,27363107B76405592745796,MOZ,ADM1,hospitals,TIME,6000,total,1426804,40.11,108415,3.05
Tete,MZ-T,27363107B76405592745796,MOZ,ADM1,hospitals,TIME,6000,under_5,235233,37.72,18765,3.01
Tete,MZ-T,27363107B76405592745796,MOZ,ADM1,hospitals,TIME,6000,women_childbearing,332973,40.75,24809,3.04
Tsangano,,85939544B8789366603018,MOZ,ADM2,hospitals,TIME,600,adults,1599,0.53,1599,0.53
Tsangano,,85939544B8789366603018,MOZ,ADM2,hospitals,TIME,600,elderly,66,0.53,66,0.53
Tsangano,,85939544B8789366603018,MOZ,ADM2,hospitals,TIME,600,school_age,972,0.53,972,0.53
Tsangano,,85939544B8789366603018,MOZ,ADM2,hospitals,TIME,600,total,1679,0.53,1679,0.53
Tsangano,,85939544B8789366603018,MOZ,ADM2,hospitals,TIME,600,under_5,297,0.53,297,0.53
Tsangano,,85939544B8789366603018,MOZ,ADM2,hospitals,TIME,600,women_childbearing,383,0.53,383,0.53
Tsangano,,85939544B8789366603018,MOZ,ADM2,hospitals,TIME,1200,adults,16096,5.35,14497,4.82
Tsangano,,85939544B8789366603018,MOZ,ADM2,hospitals,TIME,1200,elderly,668,5.35,602,4.82
Tsangano,,85939544B8789366603018,MOZ,ADM2,hospitals,TIME,1200,school_age,9786,5.35,8814,4.82
Tsangano,,85939544B8789366603018,MOZ,ADM2,hospitals,TIME,1200,total,16894,5.35,15215,4.82
Tsangano,,85939544B8789366603018,MOZ,ADM2,hospitals,TIME,1200,under_5,2990,5.35,2693,4.82
Tsangano,,85939544B8789366603018,MOZ,ADM2,hospitals,TIME,1200,women_childbearing,3853,5.35,3470,4.82
Tsangano,,85939544B8789366603018,MOZ,ADM2,hospitals,TIME,1800,adults,39954,13.28,23858,7.93
Tsangano,,85939544B8789366603018,MOZ,ADM2,hospitals,TIME,1800,elderly,1659,13.28,991,7.93
Tsangano,,85939544B8789366603018,MOZ,ADM2,hospitals,TIME,1800,school_age,24293,13.28,14507,7.93
Tsangano,,85939544B8789366603018,MOZ,ADM2,hospitals,TIME,1800,total,41937,13.28,25043,7.93
Tsangano,,85939544B8789366603018,MOZ,ADM2,hospitals,TIME,1800,under_5,7422,13.28,4432,7.93
Tsangano,,85939544B8789366603018,MOZ,ADM2,hospitals,TIME,1800,women_childbearing,9566,13.28,5713,7.93
Tsangano,,85939544B8789366603018,MOZ,ADM2,hospitals,TIME,2400,adults,72480,24.1,32526,10.81
Tsangano,,85939544B8789366603018,MOZ,ADM2,hospitals,TIME,2400,elderly,3011,24.1,1352,10.82
Tsangano,,85939544B8789366603018,MOZ,ADM2,hospitals,TIME,2400,school_age,44070,24.09,19777,10.81
Tsangano,,85939544B8789366603018,MOZ,ADM2,hospitals,TIME,2400,total,76077,24.1,34140,10.81
Tsangano,,85939544B8789366603018,MOZ,ADM2,hospitals,TIME,2400,under_5,13465,24.1,6043,10.81
Tsangano,,85939544B8789366603018,MOZ,ADM2,hospitals,TIME,2400,women_childbearing,17354,24.1,7788,10.81
Tsangano,,85939544B8789366603018,MOZ,ADM2,hospitals,TIME,3000,adults,103102,34.28,30622,10.18
Tsangano,,85939544B8789366603018,MOZ,ADM2,hospitals,TIME,3000,elderly,4283,34.27,1272,10.18
Tsangano,,85939544B8789366603018,MOZ,ADM2,hospitals,TIME,3000,school_age,62690,34.27,18620,10.18
Tsangano,,85939544B8789366603018,MOZ,ADM2,hospitals,TIME,3000,total,108220,34.28,32143,10.18
Tsangano,,85939544B8789366603018,MOZ,ADM2,hospitals,TIME,3000,under_5,19155,34.28,5690,10.18
Tsangano,,85939544B8789366603018,MOZ,ADM2,hospitals,TIME,3000,women_childbearing,24686,34.28,7332,10.18
Tsangano,,85939544B8789366603018,MOZ,ADM2,hospitals,TIME,3600,adults,152226,50.61,49124,16.33
Tsangano,,85939544B8789366603018,MOZ,ADM2,hospitals,TIME,3600,elderly,6323,50.6,2040,16.33
Tsangano,,85939544B8789366603018,MOZ,ADM2,hospitals,TIME,3600,school_age,92559,50.6,29869,16.33
Tsangano,,85939544B8789366603018,MOZ,ADM2,hospitals,TIME,3600,total,159781,50.61,51561,16.33
Tsangano,,85939544B8789366603018,MOZ,ADM2,hospitals,TIME,3600,under_5,28281,50.61,9126,16.33
Tsangano,,85939544B8789366603018,MOZ,ADM2,hospitals,TIME,3600,women_childbearing,36447,50.61,11761,16.33
Tsangano,,85939544B8789366603018,MOZ,ADM2,hospitals,TIME,4200,adults,194695,64.72,42469,14.12
Tsangano,,85939544B8789366603018,MOZ,ADM2,hospitals,TIME,4200,elderly,8087,64.72,1764,14.12
Tsangano,,85939544B8789366603018,MOZ,ADM2,hospitals,TIME,4200,school_age,118382,64.72,25823,14.12
Tsangano,,85939544B8789366603018,MOZ,ADM2,hospitals,TIME,4200,total,204357,64.72,44576,14.12
Tsangano,,85939544B8789366603018,MOZ,ADM2,hospitals,TIME,4200,under_5,36171,64.73,7890,14.12
Tsangano,,85939544B8789366603018,MOZ,ADM2,hospitals,TIME,4200,women_childbearing,46615,64.72,10168,14.12
Tsangano,,85939544B8789366603018,MOZ,ADM2,hospitals,TIME,4800,adults,222991,74.13,28296,9.41
Tsangano,,85939544B8789366603018,MOZ,ADM2,hospitals,TIME,4800,elderly,9263,74.13,1176,9.41
Tsangano,,85939544B8789366603018,MOZ,ADM2,hospitals,TIME,4800,school_age,135587,74.13,17205,9.41
Tsangano,,85939544B8789366603018,MOZ,ADM2,hospitals,TIME,4800,total,234058,74.13,29701,9.41
Tsangano,,85939544B8789366603018,MOZ,ADM2,hospitals,TIME,4800,under_5,41428,74.14,5257,9.41
Tsangano,,85939544B8789366603018,MOZ,ADM2,hospitals,TIME,4800,women_childbearing,53390,74.13,6775,9.41
Tsangano,,85939544B8789366603018,MOZ,ADM2,hospitals,TIME,5400,adults,247476,82.27,24485,8.14
Tsangano,,85939544B8789366603018,MOZ,ADM2,hospitals,TIME,5400,elderly,10280,82.27,1017,8.14
Tsangano,,85939544B8789366603018,MOZ,ADM2,hospitals,TIME,5400,school_age,150475,82.27,14888,8.14
Tsangano,,85939544B8789366603018,MOZ,ADM2,hospitals,TIME,5400,total,259758,82.27,25700,8.14
Tsangano,,85939544B8789366603018,MOZ,ADM2,hospitals,TIME,5400,under_5,45977,82.28,4549,8.14
Tsangano,,85939544B8789366603018,MOZ,ADM2,hospitals,TIME,5400,women_childbearing,59253,82.27,5863,8.14
Tsangano,,85939544B8789366603018,MOZ,ADM2,hospitals,TIME,6000,adults,258729,86.01,11253,3.74
Tsangano,,85939544B8789366603018,MOZ,ADM2,hospitals,TIME,6000,elderly,10747,86.0,467,3.74
Tsangano,,85939544B8789366603018,MOZ,ADM2,hospitals,TIME,6000,school_age,157319,86.01,6844,3.74
Tsangano,,85939544B8789366603018,MOZ,ADM2,hospitals,TIME,6000,total,271570,86.01,11812,3.74
Tsangano,,85939544B8789366603018,MOZ,ADM2,hospitals,TIME,6000,under_5,48067,86.02,2090,3.74
Tsangano,,85939544B8789366603018,MOZ,ADM2,hospitals,TIME,6000,women_childbearing,61947,86.01,2694,3.74
Vanduzi,,85939544B72355494669336,MOZ,ADM2,hospitals,TIME,600,adults,38144,24.5,38144,24.5
Vanduzi,,85939544B72355494669336,MOZ,ADM2,hospitals,TIME,600,elderly,1549,24.36,1549,24.36
Vanduzi,,85939544B72355494669336,MOZ,ADM2,hospitals,TIME,600,school_age,23084,24.48,23084,24.48
Vanduzi,,85939544B72355494669336,MOZ,ADM2,hospitals,TIME,600,total,40002,24.5,40002,24.5
Vanduzi,,85939544B72355494669336,MOZ,ADM2,hospitals,TIME,600,under_5,6450,24.46,6450,24.46
Vanduzi,,85939544B72355494669336,MOZ,ADM2,hospitals,TIME,600,women_childbearing,9255,24.55,9255,24.55
Vanduzi,,85939544B72355494669336,MOZ,ADM2,hospitals,TIME,1200,adults,51230,32.91,13086,8.41
Vanduzi,,85939544B72355494669336,MOZ,ADM2,hospitals,TIME,1200,elderly,2086,32.8,537,8.44
Vanduzi,,85939544B72355494669336,MOZ,ADM2,hospitals,TIME,1200,school_age,31018,32.89,7934,8.41
Vanduzi,,85939544B72355494669336,MOZ,ADM2,hospitals,TIME,1200,total,53730,32.9,13728,8.41
Vanduzi,,85939544B72355494669336,MOZ,ADM2,hospitals,TIME,1200,under_5,8669,32.88,2219,8.42
Vanduzi,,85939544B72355494669336,MOZ,ADM2,hospitals,TIME,1200,women_childbearing,12419,32.94,3164,8.39
Vanduzi,,85939544B72355494669336,MOZ,ADM2,hospitals,TIME,1800,adults,59194,38.02,7964,5.12
Vanduzi,,85939544B72355494669336,MOZ,ADM2,hospitals,TIME,1800,elderly,2414,37.96,328,5.16
Vanduzi,,85939544B72355494669336,MOZ,ADM2,hospitals,TIME,1800,school_age,35851,38.02,4833,5.12
Vanduzi,,85939544B72355494669336,MOZ,ADM2,hospitals,TIME,1800,total,62087,38.02,8357,5.12
Vanduzi,,85939544B72355494669336,MOZ,ADM2,hospitals,TIME,1800,under_5,10021,38.0,1352,5.13
Vanduzi,,85939544B72355494669336,MOZ,ADM2,hospitals,TIME,1800,women_childbearing,14342,38.04,1923,5.1
Vanduzi,,85939544B72355494669336,MOZ,ADM2,hospitals,TIME,2400,adults,64915,41.7,5721,3.67
Vanduzi,,85939544B72355494669336,MOZ,ADM2,hospitals,TIME,2400,elderly,2643,41.56,229,3.6
Vanduzi,,85939544B72355494669336,MOZ,ADM2,hospitals,TIME,2400,school_age,39303,41.68,3452,3.66
Vanduzi,,85939544B72355494669336,MOZ,ADM2,hospitals,TIME,2400,total,68084,41.69,5997,3.67
Vanduzi,,85939544B72355494669336,MOZ,ADM2,hospitals,TIME,2400,under_5,10986,41.66,965,3.66
Vanduzi,,85939544B72355494669336,MOZ,ADM2,hospitals,TIME,2400,women_childbearing,15737,41.74,1395,3.7
Vanduzi,,85939544B72355494669336,MOZ,ADM2,hospitals,TIME,3000,adults,75934,48.78,11019,7.08
Vanduzi,,85939544B72355494669336,MOZ,ADM2,hospitals,TIME,3000,elderly,3076,48.37,433,6.81
Vanduzi,,85939544B72355494669336,MOZ,ADM2,hospitals,TIME,3000,school_age,45923,48.7,6620,7.02
Vanduzi,,85939544B72355494669336,MOZ,ADM2,hospitals,TIME,3000,total,79625,48.76,11541,7.07
Vanduzi,,85939544B72355494669336,MOZ,ADM2,hospitals,TIME,3000,under_5,12835,48.68,1849,7.01
Vanduzi,,85939544B72355494669336,MOZ,ADM2,hospitals,TIME,3000,women_childbearing,18449,48.93,2712,7.19
Vanduzi,,85939544B72355494669336,MOZ,ADM2,hospitals,TIME,3600,adults,77318,49.67,1384,0.89
Vanduzi,,85939544B72355494669336,MOZ,ADM2,hospitals,TIME,3600,elderly,3132,49.25,56,0.88
Vanduzi,,85939544B72355494669336,MOZ,ADM2,hospitals,TIME,3600,school_age,46759,49.58,836,0.89
Vanduzi,,85939544B72355494669336,MOZ,ADM2,hospitals,TIME,3600,total,81075,49.65,1450,0.89
Vanduzi,,85939544B72355494669336,MOZ,ADM2,hospitals,TIME,3600,under_5,13068,49.56,233,0.88
Vanduzi,,85939544B72355494669336,MOZ,ADM2,hospitals,TIME,3600,women_childbearing,18786,49.82,337,0.89
Vanduzi,,85939544B72355494669336,MOZ,ADM2,hospitals,TIME,4200,adults,78774,50.6,1456,0.94
Vanduzi,,85939544B72355494669336,MOZ,ADM2,hospitals,TIME,4200,elderly,3192,50.2,60,0.94
Vanduzi,,85939544B72355494669336,MOZ,ADM2,hospitals,TIME,4200,school_age,47641,50.52,882,0.94
Vanduzi,,85939544B72355494669336,MOZ,ADM2,hospitals,TIME,4200,total,82602,50.58,1527,0.94
Vanduzi,,85939544B72355494669336,MOZ,ADM2,hospitals,TIME,4200,under_5,13315,50.5,247,0.94
Vanduzi,,85939544B72355494669336,MOZ,ADM2,hospitals,TIME,4200,women_childbearing,19138,50.76,352,0.93
Vanduzi,,85939544B72355494669336,MOZ,ADM2,hospitals,TIME,4800,adults,79358,50.98,584,0.38
Vanduzi,,85939544B72355494669336,MOZ,ADM2,hospitals,TIME,4800,elderly,3216,50.57,24,0.38
Vanduzi,,85939544B72355494669336,MOZ,ADM2,hospitals,TIME,4800,school_age,47995,50.89,354,0.38
Vanduzi,,85939544B72355494669336,MOZ,ADM2,hospitals,TIME,4800,total,83215,50.96,613,0.38
Vanduzi,,85939544B72355494669336,MOZ,ADM2,hospitals,TIME,4800,under_5,13414,50.87,99,0.38
Vanduzi,,85939544B72355494669336,MOZ,ADM2,hospitals,TIME,4800,women_childbearing,19280,51.13,142,0.38
Vanduzi,,85939544B72355494669336,MOZ,ADM2,hospitals,TIME,5400,adults,80184,51.51,826,0.53
Vanduzi,,85939544B72355494669336,MOZ,ADM2,hospitals,TIME,5400,elderly,3249,51.09,33,0.52
Vanduzi,,85939544B72355494669336,MOZ,ADM2,hospitals,TIME,5400,school_age,48496,51.42,501,0.53
Vanduzi,,85939544B72355494669336,MOZ,ADM2,hospitals,TIME,5400,total,84082,51.49,867,0.53
Vanduzi,,85939544B72355494669336,MOZ,ADM2,hospitals,TIME,5400,under_5,13554,51.4,140,0.53
Vanduzi,,85939544B72355494669336,MOZ,ADM2,hospitals,TIME,5400,women_childbearing,19480,51.66,200,0.53
Vanduzi,,85939544B72355494669336,MOZ,ADM2,hospitals,TIME,6000,adults,81138,52.12,954,0.61
Vanduzi,,85939544B72355494669336,MOZ,ADM2,hospitals,TIME,6000,elderly,3289,51.72,40,0.63
Vanduzi,,85939544B72355494669336,MOZ,ADM2,hospitals,TIME,6000,school_age,49076,52.04,580,0.62
Vanduzi,,85939544B72355494669336,MOZ,ADM2,hospitals,TIME,6000,total,85083,52.1,1001,0.61
Vanduzi,,85939544B72355494669336,MOZ,ADM2,hospitals,TIME,6000,under_5,13716,52.02,162,0.61
Vanduzi,,85939544B72355494669336,MOZ,ADM2,hospitals,TIME,6000,women_childbearing,19709,52.27,229,0.61
Vilankulo,,85939544B70195584825603,MOZ,ADM2,hospitals,TIME,600,adults,60483,37.64,60483,37.64
Vilankulo,,85939544B70195584825603,MOZ,ADM2,hospitals,TIME,600,elderly,4777,37.64,4777,37.64
Vilankulo,,85939544B70195584825603,MOZ,ADM2,hospitals,TIME,600,school_age,34566,37.64,34566,37.64
Vilankulo,,85939544B70195584825603,MOZ,ADM2,hospitals,TIME,600,total,65768,37.64,65768,37.64
Vilankulo,,85939544B70195584825603,MOZ,ADM2,hospitals,TIME,600,under_5,8934,37.64,8934,37.64
Vilankulo,,85939544B70195584825603,MOZ,ADM2,hospitals,TIME,600,women_childbearing,17102,37.64,17102,37.64
Vilankulo,,85939544B70195584825603,MOZ,ADM2,hospitals,TIME,1200,adults,68480,42.62,7997,4.98
Vilankulo,,85939544B70195584825603,MOZ,ADM2,hospitals,TIME,1200,elderly,5408,42.61,631,4.97
Vilankulo,,85939544B70195584825603,MOZ,ADM2,hospitals,TIME,1200,school_age,39136,42.62,4570,4.98
Vilankulo,,85939544B70195584825603,MOZ,ADM2,hospitals,TIME,1200,total,74462,42.62,8694,4.98
Vilankulo,,85939544B70195584825603,MOZ,ADM2,hospitals,TIME,1200,under_5,10115,42.61,1181,4.98
Vilankulo,,85939544B70195584825603,MOZ,ADM2,hospitals,TIME,1200,women_childbearing,19363,42.62,2261,4.98
Vilankulo,,85939544B70195584825603,MOZ,ADM2,hospitals,TIME,1800,adults,73246,45.58,4766,2.97
Vilankulo,,85939544B70195584825603,MOZ,ADM2,hospitals,TIME,1800,elderly,5785,45.58,377,2.97
Vilankulo,,85939544B70195584825603,MOZ,ADM2,hospitals,TIME,1800,school_age,41859,45.58,2723,2.97
Vilankulo,,85939544B70195584825603,MOZ,ADM2,hospitals,TIME,1800,total,79645,45.58,5183,2.97
Vilankulo,,85939544B70195584825603,MOZ,ADM2,hospitals,TIME,1800,under_5,10819,45.58,704,2.97
Vilankulo,,85939544B70195584825603,MOZ,ADM2,hospitals,TIME,1800,women_childbearing,20710,45.58,1347,2.96
Vilankulo,,85939544B70195584825603,MOZ,ADM2,hospitals,TIME,2400,adults,81309,50.6,8063,5.02
Vilankulo,,85939544B70195584825603,MOZ,ADM2,hospitals,TIME,2400,elderly,6422,50.6,637,5.02
Vilankulo,,85939544B70195584825603,MOZ,ADM2,hospitals,TIME,2400,school_age,46468,50.6,4609,5.02
Vilankulo,,85939544B70195584825603,MOZ,ADM2,hospitals,TIME,2400,total,88412,50.6,8767,5.02
Vilankulo,,85939544B70195584825603,MOZ,ADM2,hospitals,TIME,2400,under_5,12010,50.6,1191,5.02
Vilankulo,,85939544B70195584825603,MOZ,ADM2,hospitals,TIME,2400,women_childbearing,22990,50.6,2280,5.02
Vilankulo,,85939544B70195584825603,MOZ,ADM2,hospitals,TIME,3000,adults,85209,53.03,3900,2.43
Vilankulo,,85939544B70195584825603,MOZ,ADM2,hospitals,TIME,3000,elderly,6730,53.03,308,2.43
Vilankulo,,85939544B70195584825603,MOZ,ADM2,hospitals,TIME,3000,school_age,48696,53.03,2228,2.43
Vilankulo,,85939544B70195584825603,MOZ,ADM2,hospitals,TIME,3000,total,92653,53.03,4241,2.43
Vilankulo,,85939544B70195584825603,MOZ,ADM2,hospitals,TIME,3000,under_5,12587,53.03,577,2.43
Vilankulo,,85939544B70195584825603,MOZ,ADM2,hospitals,TIME,3000,women_childbearing,24093,53.03,1103,2.43
Vilankulo,,85939544B70195584825603,MOZ,ADM2,hospitals,TIME,3600,adults,88549,55.11,3340,2.08
Vilankulo,,85939544B70195584825603,MOZ,ADM2,hospitals,TIME,3600,elderly,6994,55.11,264,2.08
Vilankulo,,85939544B70195584825603,MOZ,ADM2,hospitals,TIME,3600,school_age,50606,55.11,1910,2.08
Vilankulo,,85939544B70195584825603,MOZ,ADM2,hospitals,TIME,3600,total,96286,55.11,3633,2.08
Vilankulo,,85939544B70195584825603,MOZ,ADM2,hospitals,TIME,3600,under_5,13080,55.11,493,2.08
Vilankulo,,85939544B70195584825603,MOZ,ADM2,hospitals,TIME,3600,women_childbearing,25038,55.11,945,2.08
Vilankulo,,85939544B70195584825603,MOZ,ADM2,hospitals,TIME,4200,adults,92722,57.71,4173,2.6
Vilankulo,,85939544B70195584825603,MOZ,ADM2,hospitals,TIME,4200,elderly,7323,57.7,329,2.59
Vilankulo,,85939544B70195584825603,MOZ,ADM2,hospitals,TIME,4200,school_age,52990,57.71,2384,2.6
Vilankulo,,85939544B70195584825603,MOZ,ADM2,hospitals,TIME,4200,total,100822,57.71,4536,2.6
Vilankulo,,85939544B70195584825603,MOZ,ADM2,hospitals,TIME,4200,under_5,13696,57.7,616,2.6
Vilankulo,,85939544B70195584825603,MOZ,ADM2,hospitals,TIME,4200,women_childbearing,26217,57.7,1179,2.59
Vilankulo,,85939544B70195584825603,MOZ,ADM2,hospitals,TIME,4800,adults,97191,60.49,4469,2.78
Vilankulo,,85939544B70195584825603,MOZ,ADM2,hospitals,TIME,4800,elderly,7676,60.48,353,2.78
Vilankulo,,85939544B70195584825603,MOZ,ADM2,hospitals,TIME,4800,school_age,55544,60.49,2554,2.78
Vilankulo,,85939544B70195584825603,MOZ,ADM2,hospitals,TIME,4800,total,105682,60.49,4860,2.78
Vilankulo,,85939544B70195584825603,MOZ,ADM2,hospitals,TIME,4800,under_5,14357,60.49,661,2.78
Vilankulo,,85939544B70195584825603,MOZ,ADM2,hospitals,TIME,4800,women_childbearing,27481,60.49,1264,2.78
Vilankulo,,85939544B70195584825603,MOZ,ADM2,hospitals,TIME,5400,adults,105601,65.72,8410,5.23
Vilankulo,,85939544B70195584825603,MOZ,ADM2,hospitals,TIME,5400,elderly,8340,65.72,664,5.23
Vilankulo,,85939544B70195584825603,MOZ,ADM2,hospitals,TIME,5400,school_age,60350,65.72,4806,5.23
Vilankulo,,85939544B70195584825603,MOZ,ADM2,hospitals,TIME,5400,total,114827,65.72,9145,5.23
Vilankulo,,85939544B70195584825603,MOZ,ADM2,hospitals,TIME,5400,under_5,15599,65.72,1242,5.23
Vilankulo,,85939544B70195584825603,MOZ,ADM2,hospitals,TIME,5400,women_childbearing,29859,65.72,2378,5.23
Vilankulo,,85939544B70195584825603,MOZ,ADM2,hospitals,TIME,6000,adults,108133,67.3,2532,1.58
Vilankulo,,85939544B70195584825603,MOZ,ADM2,hospitals,TIME,6000,elderly,8540,67.29,200,1.58
Vilankulo,,85939544B70195584825603,MOZ,ADM2,hospitals,TIME,6000,school_age,61797,67.3,1447,1.58
Vilankulo,,85939544B70195584825603,MOZ,ADM2,hospitals,TIME,6000,total,117580,67.3,2753,1.58
Vilankulo,,85939544B70195584825603,MOZ,ADM2,hospitals,TIME,6000,under_5,15973,67.29,374,1.58
Vilankulo,,85939544B70195584825603,MOZ,ADM2,hospitals,TIME,6000,women_childbearing,30575,67.3,716,1.58
Zambézia,MZ-Q,27363107B53339704098913,MOZ,ADM1,hospitals,TIME,600,adults,504047,9.09,504047,9.09
Zambézia,MZ-Q,27363107B53339704098913,MOZ,ADM1,hospitals,TIME,600,elderly,16479,7.95,16479,7.95
Zambézia,MZ-Q,27363107B53339704098913,MOZ,ADM1,hospitals,TIME,600,school_age,291838,8.86,291838,8.86
Zambézia,MZ-Q,27363107B53339704098913,MOZ,ADM1,hospitals,TIME,600,total,524569,9.05,524569,9.05
Zambézia,MZ-Q,27363107B53339704098913,MOZ,ADM1,hospitals,TIME,600,under_5,82856,7.76,82856,7.76
Zambézia,MZ-Q,27363107B53339704098913,MOZ,ADM1,hospitals,TIME,600,women_childbearing,128543,9.31,128543,9.31
Zambézia,MZ-Q,27363107B53339704098913,MOZ,ADM1,hospitals,TIME,1200,adults,720998,13.01,216951,3.91
Zambézia,MZ-Q,27363107B53339704098913,MOZ,ADM1,hospitals,TIME,1200,elderly,24582,11.85,8103,3.91
Zambézia,MZ-Q,27363107B53339704098913,MOZ,ADM1,hospitals,TIME,1200,school_age,420572,12.77,128734,3.91
Zambézia,MZ-Q,27363107B53339704098913,MOZ,ADM1,hospitals,TIME,1200,total,751370,12.96,226801,3.91
Zambézia,MZ-Q,27363107B53339704098913,MOZ,ADM1,hospitals,TIME,1200,under_5,125599,11.77,42743,4.01
Zambézia,MZ-Q,27363107B53339704098913,MOZ,ADM1,hospitals,TIME,1200,women_childbearing,182060,13.19,53517,3.88
Zambézia,MZ-Q,27363107B53339704098913,MOZ,ADM1,hospitals,TIME,1800,adults,925279,16.69,204281,3.69
Zambézia,MZ-Q,27363107B53339704098913,MOZ,ADM1,hospitals,TIME,1800,elderly,32843,15.84,8261,3.98
Zambézia,MZ-Q,27363107B53339704098913,MOZ,ADM1,hospitals,TIME,1800,school_age,541195,16.43,120623,3.66
Zambézia,MZ-Q,27363107B53339704098913,MOZ,ADM1,hospitals,TIME,1800,total,965563,16.66,214193,3.7
Zambézia,MZ-Q,27363107B53339704098913,MOZ,ADM1,hospitals,TIME,1800,under_5,165693,15.53,40094,3.76
Zambézia,MZ-Q,27363107B53339704098913,MOZ,ADM1,hospitals,TIME,1800,women_childbearing,232925,16.88,50865,3.69
Zambézia,MZ-Q,27363107B53339704098913,MOZ,ADM1,hospitals,TIME,2400,adults,1131276,20.41,205997,3.72
Zambézia,MZ-Q,27363107B53339704098913,MOZ,ADM1,hospitals,TIME,2400,elderly,40981,19.76,8138,3.92
Zambézia,MZ-Q,27363107B53339704098913,MOZ,ADM1,hospitals,TIME,2400,school_age,663132,20.13,121937,3.7
Zambézia,MZ-Q,27363107B53339704098913,MOZ,ADM1,hospitals,TIME,2400,total,1181361,20.38,215798,3.72
Zambézia,MZ-Q,27363107B53339704098913,MOZ,ADM1,hospitals,TIME,2400,under_5,205821,19.29,40128,3.76
Zambézia,MZ-Q,27363107B53339704098913,MOZ,ADM1,hospitals,TIME,2400,women_childbearing,284105,20.59,51180,3.71
Zambézia,MZ-Q,27363107B53339704098913,MOZ,ADM1,hospitals,TIME,3000,adults,1323857,23.88,192581,3.47
Zambézia,MZ-Q,27363107B53339704098913,MOZ,ADM1,hospitals,TIME,3000,elderly,48440,23.36,7459,3.6
Zambézia,MZ-Q,27363107B53339704098913,MOZ,ADM1,hospitals,TIME,3000,school_age,777526,23.6,114394,3.47
Zambézia,MZ-Q,27363107B53339704098913,MOZ,ADM1,hospitals,TIME,3000,total,1382955,23.86,201594,3.48
Zambézia,MZ-Q,27363107B53339704098913,MOZ,ADM1,hospitals,TIME,3000,under_5,244472,22.91,38651,3.62
Zambézia,MZ-Q,27363107B53339704098913,MOZ,ADM1,hospitals,TIME,3000,women_childbearing,331569,24.03,47464,3.44
Zambézia,MZ-Q,27363107B53339704098913,MOZ,ADM1,hospitals,TIME,3600,adults,1556875,28.09,233018,4.2
Zambézia,MZ-Q,27363107B53339704098913,MOZ,ADM1,hospitals,TIME,3600,elderly,57156,27.56,8716,4.2
Zambézia,MZ-Q,27363107B53339704098913,MOZ,ADM1,hospitals,TIME,3600,school_age,916358,27.81,138832,4.21
Zambézia,MZ-Q,27363107B53339704098913,MOZ,ADM1,hospitals,TIME,3600,total,1626566,28.07,243611,4.2
Zambézia,MZ-Q,27363107B53339704098913,MOZ,ADM1,hospitals,TIME,3600,under_5,290402,27.21,45930,4.3
Zambézia,MZ-Q,27363107B53339704098913,MOZ,ADM1,hospitals,TIME,3600,women_childbearing,389006,28.19,57437,4.16
Zambézia,MZ-Q,27363107B53339704098913,MOZ,ADM1,hospitals,TIME,4200,adults,1862622,33.6,305747,5.52
Zambézia,MZ-Q,27363107B53339704098913,MOZ,ADM1,hospitals,TIME,4200,elderly,68045,32.81,10889,5.25
Zambézia,MZ-Q,27363107B53339704098913,MOZ,ADM1,hospitals,TIME,4200,school_age,1098436,33.34,182078,5.53
Zambézia,MZ-Q,27363107B53339704098913,MOZ,ADM1,hospitals,TIME,4200,total,1945661,33.57,319095,5.51
Zambézia,MZ-Q,27363107B53339704098913,MOZ,ADM1,hospitals,TIME,4200,under_5,351067,32.9,60665,5.68
Zambézia,MZ-Q,27363107B53339704098913,MOZ,ADM1,hospitals,TIME,4200,women_childbearing,463855,33.61,74849,5.42
Zambézia,MZ-Q,27363107B53339704098913,MOZ,ADM1,hospitals,TIME,4800,adults,2062405,37.21,199783,3.6
Zambézia,MZ-Q,27363107B53339704098913,MOZ,ADM1,hospitals,TIME,4800,elderly,75135,36.23,7090,3.42
Zambézia,MZ-Q,27363107B53339704098913,MOZ,ADM1,hospitals,TIME,4800,school_age,1218092,36.97,119656,3.63
Zambézia,MZ-Q,27363107B53339704098913,MOZ,ADM1,hospitals,TIME,4800,total,2154141,37.17,208480,3.6
Zambézia,MZ-Q,27363107B53339704098913,MOZ,ADM1,hospitals,TIME,4800,under_5,390638,36.61,39571,3.71
Zambézia,MZ-Q,27363107B53339704098913,MOZ,ADM1,hospitals,TIME,4800,women_childbearing,512649,37.15,48794,3.54
Zambézia,MZ-Q,27363107B53339704098913,MOZ,ADM1,hospitals,TIME,5400,adults,2218721,40.02,156316,2.82
Zambézia,MZ-Q,27363107B53339704098913,MOZ,ADM1,hospitals,TIME,5400,elderly,80786,38.96,5651,2.73
Zambézia,MZ-Q,27363107B53339704098913,MOZ,ADM1,hospitals,TIME,5400,school_age,1312032,39.82,93940,2.85
Zambézia,MZ-Q,27363107B53339704098913,MOZ,ADM1,hospitals,TIME,5400,total,2317366,39.99,163225,2.82
Zambézia,MZ-Q,27363107B53339704098913,MOZ,ADM1,hospitals,TIME,5400,under_5,421655,39.51,31017,2.91
Zambézia,MZ-Q,27363107B53339704098913,MOZ,ADM1,hospitals,TIME,5400,women_childbearing,550837,39.92,38188,2.77
Zambézia,MZ-Q,27363107B53339704098913,MOZ,ADM1,hospitals,TIME,6000,adults,2378992,42.92,160271,2.89
Zambézia,MZ-Q,27363107B53339704098913,MOZ,ADM1,hospitals,TIME,6000,elderly,86624,41.77,5838,2.82
Zambézia,MZ-Q,27363107B53339704098913,MOZ,ADM1,hospitals,TIME,6000,school_age,1407916,42.73,95884,2.91
Zambézia,MZ-Q,27363107B53339704098913,MOZ,ADM1,hospitals,TIME,6000,total,2484765,42.87,167399,2.89
Zambézia,MZ-Q,27363107B53339704098913,MOZ,ADM1,hospitals,TIME,6000,under_5,453737,42.52,32082,3.01
Zambézia,MZ-Q,27363107B53339704098913,MOZ,ADM1,hospitals,TIME,6000,women_childbearing,590092,42.76,39255,2.84
Zavala,,85939544B42929876675904,MOZ,ADM2,hospitals,TIME,600,adults,8613,5.91,8613,5.91
Zavala,,85939544B42929876675904,MOZ,ADM2,hospitals,TIME,600,elderly,764,5.9,764,5.9
Zavala,,85939544B42929876675904,MOZ,ADM2,hospitals,TIME,600,school_age,5461,5.91,5461,5.91
Zavala,,85939544B42929876675904,MOZ,ADM2,hospitals,TIME,600,total,9450,5.91,9450,5.91
Zavala,,85939544B42929876675904,MOZ,ADM2,hospitals,TIME,600,under_5,1442,5.91,1442,5.91
Zavala,,85939544B42929876675904,MOZ,ADM2,hospitals,TIME,600,women_childbearing,2267,5.9,2267,5.9
Zavala,,85939544B42929876675904,MOZ,ADM2,hospitals,TIME,1200,adults,11552,7.92,2939,2.02
Zavala,,85939544B42929876675904,MOZ,ADM2,hospitals,TIME,1200,elderly,1025,7.91,261,2.02
Zavala,,85939544B42929876675904,MOZ,ADM2,hospitals,TIME,1200,school_age,7324,7.92,1863,2.01
Zavala,,85939544B42929876675904,MOZ,ADM2,hospitals,TIME,1200,total,12675,7.92,3225,2.02
Zavala,,85939544B42929876675904,MOZ,ADM2,hospitals,TIME,1200,under_5,1934,7.92,492,2.01
Zavala,,85939544B42929876675904,MOZ,ADM2,hospitals,TIME,1200,women_childbearing,3041,7.92,774,2.02
Zavala,,85939544B42929876675904,MOZ,ADM2,hospitals,TIME,1800,adults,14056,9.64,2504,1.72
Zavala,,85939544B42929876675904,MOZ,ADM2,hospitals,TIME,1800,elderly,1247,9.63,222,1.71
Zavala,,85939544B42929876675904,MOZ,ADM2,hospitals,TIME,1800,school_age,8912,9.64,1588,1.72
Zavala,,85939544B42929876675904,MOZ,ADM2,hospitals,TIME,1800,total,15423,9.64,2748,1.72
Zavala,,85939544B42929876675904,MOZ,ADM2,hospitals,TIME,1800,under_5,2354,9.64,420,1.72
Zavala,,85939544B42929876675904,MOZ,ADM2,hospitals,TIME,1800,women_childbearing,3700,9.64,659,1.72
Zavala,,85939544B42929876675904,MOZ,ADM2,hospitals,TIME,2400,adults,24282,16.65,10226,7.01
Zavala,,85939544B42929876675904,MOZ,ADM2,hospitals,TIME,2400,elderly,2155,16.64,908,7.01
Zavala,,85939544B42929876675904,MOZ,ADM2,hospitals,TIME,2400,school_age,15396,16.65,6484,7.01
Zavala,,85939544B42929876675904,MOZ,ADM2,hospitals,TIME,2400,total,26643,16.65,11220,7.01
Zavala,,85939544B42929876675904,MOZ,ADM2,hospitals,TIME,2400,under_5,4066,16.65,1712,7.01
Zavala,,85939544B42929876675904,MOZ,ADM2,hospitals,TIME,2400,women_childbearing,6392,16.65,2692,7.01
Zavala,,85939544B42929876675904,MOZ,ADM2,hospitals,TIME,3000,adults,27089,18.57,2807,1.92
Zavala,,85939544B42929876675904,MOZ,ADM2,hospitals,TIME,3000,elderly,2404,18.56,249,1.92
Zavala,,85939544B42929876675904,MOZ,ADM2,hospitals,TIME,3000,school_age,17175,18.57,1779,1.92
Zavala,,85939544B42929876675904,MOZ,ADM2,hospitals,TIME,3000,total,29722,18.57,3079,1.92
Zavala,,85939544B42929876675904,MOZ,ADM2,hospitals,TIME,3000,under_5,4536,18.58,470,1.92
Zavala,,85939544B42929876675904,MOZ,ADM2,hospitals,TIME,3000,women_childbearing,7131,18.57,739,1.92
Zavala,,85939544B42929876675904,MOZ,ADM2,hospitals,TIME,3600,adults,28238,19.36,1149,0.79
Zavala,,85939544B42929876675904,MOZ,ADM2,hospitals,TIME,3600,elderly,2506,19.35,102,0.79
Zavala,,85939544B42929876675904,MOZ,ADM2,hospitals,TIME,3600,school_age,17904,19.36,729,0.79
Zavala,,85939544B42929876675904,MOZ,ADM2,hospitals,TIME,3600,total,30983,19.36,1261,0.79
Zavala,,85939544B42929876675904,MOZ,ADM2,hospitals,TIME,3600,under_5,4729,19.37,193,0.79
Zavala,,85939544B42929876675904,MOZ,ADM2,hospitals,TIME,3600,women_childbearing,7433,19.36,302,0.79
Zavala,,85939544B42929876675904,MOZ,ADM2,hospitals,TIME,4200,adults,36826,25.25,8588,5.89
Zavala,,85939544B42929876675904,MOZ,ADM2,hospitals,TIME,4200,elderly,3268,25.23,762,5.88
Zavala,,85939544B42929876675904,MOZ,ADM2,hospitals,TIME,4200,school_age,23349,25.25,5445,5.89
Zavala,,85939544B42929876675904,MOZ,ADM2,hospitals,TIME,4200,total,40405,25.25,9422,5.89
Zavala,,85939544B42929876675904,MOZ,ADM2,hospitals,TIME,4200,under_5,6167,25.25,1438,5.89
Zavala,,85939544B42929876675904,MOZ,ADM2,hospitals,TIME,4200,women_childbearing,9694,25.25,2261,5.89
Zavala,,85939544B42929876675904,MOZ,ADM2,hospitals,TIME,4800,adults,38740,26.56,1914,1.31
Zavala,,85939544B42929876675904,MOZ,ADM2,hospitals,TIME,4800,elderly,3438,26.55,170,1.31
Zavala,,85939544B42929876675904,MOZ,ADM2,hospitals,TIME,4800,school_age,24562,26.56,1213,1.31
Zavala,,85939544B42929876675904,MOZ,ADM2,hospitals,TIME,4800,total,42506,26.56,2101,1.31
Zavala,,85939544B42929876675904,MOZ,ADM2,hospitals,TIME,4800,under_5,6487,26.57,320,1.31
Zavala,,85939544B42929876675904,MOZ,ADM2,hospitals,TIME,4800,women_childbearing,10198,26.56,504,1.31
Zavala,,85939544B42929876675904,MOZ,ADM2,hospitals,TIME,5400,adults,44316,30.39,5576,3.82
Zavala,,85939544B42929876675904,MOZ,ADM2,hospitals,TIME,5400,elderly,3933,30.37,495,3.82
Zavala,,85939544B42929876675904,MOZ,ADM2,hospitals,TIME,5400,school_age,28097,30.39,3535,3.82
Zavala,,85939544B42929876675904,MOZ,ADM2,hospitals,TIME,5400,total,48624,30.38,6118,3.82
Zavala,,85939544B42929876675904,MOZ,ADM2,hospitals,TIME,5400,under_5,7421,30.39,934,3.82
Zavala,,85939544B42929876675904,MOZ,ADM2,hospitals,TIME,5400,women_childbearing,11666,30.39,1468,3.82
Zavala,,85939544B42929876675904,MOZ,ADM2,hospitals,TIME,6000,adults,45704,31.34,1388,0.95
Zavala,,85939544B42929876675904,MOZ,ADM2,hospitals,TIME,6000,elderly,4057,31.33,124,0.96
Zavala,,85939544B42929876675904,MOZ,ADM2,hospitals,TIME,6000,school_age,28977,31.34,880,0.95
Zavala,,85939544B42929876675904,MOZ,ADM2,hospitals,TIME,6000,total,50147,31.34,1523,0.95
Zavala,,85939544B42929876675904,MOZ,ADM2,hospitals,TIME,6000,under_5,7653,31.34,232,0.95
Zavala,,85939544B42929876675904,MOZ,ADM2,hospitals,TIME,6000,women_childbearing,12031,31.34,365,0.95
