name,iso,id,country,admin_level,category,range_type,range,population_type,population,population_share,population_interval,population_interval_share
Alto Molocue,,85939544B55280380491119,MOZ,ADM2,education,DISTANCE,35000,school_age,3,0.0,3,0.0
Alto Molocue,,85939544B55280380491119,MOZ,ADM2,education,DISTANCE,35000,total,6,0.0,6,0.0
Alto Molocue,,85939544B55280380491119,MOZ,ADM2,education,DISTANCE,40000,school_age,88,0.03,85,0.03
Alto Molocue,,85939544B55280380491119,MOZ,ADM2,education,DISTANCE,40000,total,152,0.03,146,0.03
Alto Molocue,,85939544B55280380491119,MOZ,ADM2,education,DISTANCE,45000,school_age,189,0.07,101,0.04
Alto Molocue,,85939544B55280380491119,MOZ,ADM2,education,DISTANCE,45000,total,327,0.07,175,0.04
Alto Molocue,,85939544B55280380491119,MOZ,ADM2,education,DISTANCE,50000,school_age,491,0.19,302,0.11
Alto Molocue,,85939544B55280380491119,MOZ,ADM2,education,DISTANCE,50000,total,847,0.19,520,0.11
Ancuabe,,85939544B12924931865401,MOZ,ADM2,education,DISTANCE,5000,school_age,5036,6.58,5036,6.58
Ancuabe,,85939544B12924931865401,MOZ,ADM2,education,DISTANCE,5000,total,9381,6.59,9381,6.59
Ancuabe,,85939544B12924931865401,MOZ,ADM2,education,DISTANCE,10000,school_age,6868,8.98,1832,2.4
Ancuabe,,85939544B12924931865401,MOZ,ADM2,education,DISTANCE,10000,total,12792,8.98,3411,2.39
Ancuabe,,85939544B12924931865401,MOZ,ADM2,education,DISTANCE,15000,school_age,9312,12.18,2444,3.2
Ancuabe,,85939544B12924931865401,MOZ,ADM2,education,DISTANCE,15000,total,17345,12.18,4553,3.2
Ancuabe,,85939544B12924931865401,MOZ,ADM2,education,DISTANCE,20000,school_age,13628,17.82,4316,5.64
Ancuabe,,85939544B12924931865401,MOZ,ADM2,education,DISTANCE,20000,total,25384,17.82,8039,5.64
Ancuabe,,85939544B12924931865401,MOZ,ADM2,education,DISTANCE,25000,school_age,21629,28.28,8001,10.46
Ancuabe,,85939544B12924931865401,MOZ,ADM2,education,DISTANCE,25000,total,40286,28.28,14902,10.46
Ancuabe,,85939544B12924931865401,MOZ,ADM2,education,DISTANCE,30000,school_age,24673,32.26,3044,3.98
Ancuabe,,85939544B12924931865401,MOZ,ADM2,education,DISTANCE,30000,total,45956,32.26,5670,3.98
Ancuabe,,85939544B12924931865401,MOZ,ADM2,education,DISTANCE,35000,school_age,31155,40.73,6482,8.48
Ancuabe,,85939544B12924931865401,MOZ,ADM2,education,DISTANCE,35000,total,58029,40.73,12073,8.47
Ancuabe,,85939544B12924931865401,MOZ,ADM2,education,DISTANCE,40000,school_age,33877,44.29,2722,3.56
Ancuabe,,85939544B12924931865401,MOZ,ADM2,education,DISTANCE,40000,total,63099,44.29,5070,3.56
Ancuabe,,85939544B12924931865401,MOZ,ADM2,education,DISTANCE,45000,school_age,37873,49.52,3996,5.22
Ancuabe,,85939544B12924931865401,MOZ,ADM2,education,DISTANCE,45000,total,70541,49.52,7442,5.22
Ancuabe,,85939544B12924931865401,MOZ,ADM2,education,DISTANCE,50000,school_age,40834,53.39,2961,3.87
Ancuabe,,85939544B12924931865401,MOZ,ADM2,education,DISTANCE,50000,total,76057,53.39,5516,3.87
Angoche,,85939544B28799715012212,MOZ,ADM2,education,DISTANCE,5000,school_age,17245,8.87,17245,8.87
Angoche,,85939544B28799715012212,MOZ,ADM2,education,DISTANCE,5000,total,32066,8.87,32066,8.87
Angoche,,85939544B28799715012212,MOZ,ADM2,education,DISTANCE,10000,school_age,21335,10.97,4090,2.1
Angoche,,85939544B28799715012212,MOZ,ADM2,education,DISTANCE,10000,total,39670,10.97,7604,2.1
Angoche,,85939544B28799715012212,MOZ,ADM2,education,DISTANCE,15000,school_age,25325,13.02,3990,2.05
Angoche,,85939544B28799715012212,MOZ,ADM2,education,DISTANCE,15000,total,47090,13.02,7420,2.05
Angoche,,85939544B28799715012212,MOZ,ADM2,education,DISTANCE,20000,school_age,31952,16.43,6627,3.41
Angoche,,85939544B28799715012212,MOZ,ADM2,education,DISTANCE,20000,total,59410,16.43,12320,3.41
Angoche,,85939544B28799715012212,MOZ,ADM2,education,DISTANCE,25000,school_age,39012,20.06,7060,3.63
Angoche,,85939544B28799715012212,MOZ,ADM2,education,DISTANCE,25000,total,72538,20.06,13128,3.63
Angoche,,85939544B28799715012212,MOZ,ADM2,education,DISTANCE,30000,school_age,44409,22.84,5397,2.78
Angoche,,85939544B28799715012212,MOZ,ADM2,education,DISTANCE,30000,total,82573,22.84,10035,2.78
Angoche,,85939544B28799715012212,MOZ,ADM2,education,DISTANCE,35000,school_age,50637,26.04,6228,3.2
Angoche,,85939544B28799715012212,MOZ,ADM2,education,DISTANCE,35000,total,94153,26.04,11580,3.2
Angoche,,85939544B28799715012212,MOZ,ADM2,education,DISTANCE,40000,school_age,60149,30.93,9512,4.89
Angoche,,85939544B28799715012212,MOZ,ADM2,education,DISTANCE,40000,total,111838,30.93,17685,4.89
Angoche,,85939544B28799715012212,MOZ,ADM2,education,DISTANCE,45000,school_age,65015,33.44,4866,2.5
Angoche,,85939544B28799715012212,MOZ,ADM2,education,DISTANCE,45000,total,120886,33.44,9048,2.5
Angoche,,85939544B28799715012212,MOZ,ADM2,education,DISTANCE,50000,school_age,66647,34.27,1632,0.84
Angoche,,85939544B28799715012212,MOZ,ADM2,education,DISTANCE,50000,total,123922,34.27,3036,0.84
Angonia,,85939544B12573256040215,MOZ,ADM2,education,DISTANCE,5000,school_age,13558,6.3,13558,6.3
Angonia,,85939544B12573256040215,MOZ,ADM2,education,DISTANCE,5000,total,24309,6.3,24309,6.3
Angonia,,85939544B12573256040215,MOZ,ADM2,education,DISTANCE,10000,school_age,20813,9.68,7255,3.37
Angonia,,85939544B12573256040215,MOZ,ADM2,education,DISTANCE,10000,total,37316,9.68,13007,3.37
Angonia,,85939544B12573256040215,MOZ,ADM2,education,DISTANCE,15000,school_age,33355,15.51,12542,5.83
Angonia,,85939544B12573256040215,MOZ,ADM2,education,DISTANCE,15000,total,59798,15.51,22482,5.83
Angonia,,85939544B12573256040215,MOZ,ADM2,education,DISTANCE,20000,school_age,47072,21.88,13717,6.38
Angonia,,85939544B12573256040215,MOZ,ADM2,education,DISTANCE,20000,total,84391,21.88,24593,6.38
Angonia,,85939544B12573256040215,MOZ,ADM2,education,DISTANCE,25000,school_age,59742,27.77,12670,5.89
Angonia,,85939544B12573256040215,MOZ,ADM2,education,DISTANCE,25000,total,107105,27.77,22714,5.89
Angonia,,85939544B12573256040215,MOZ,ADM2,education,DISTANCE,30000,school_age,76623,35.62,16881,7.85
Angonia,,85939544B12573256040215,MOZ,ADM2,education,DISTANCE,30000,total,137371,35.62,30266,7.85
Angonia,,85939544B12573256040215,MOZ,ADM2,education,DISTANCE,35000,school_age,95968,44.61,19345,8.99
Angonia,,85939544B12573256040215,MOZ,ADM2,education,DISTANCE,35000,total,172054,44.61,34683,8.99
Angonia,,85939544B12573256040215,MOZ,ADM2,education,DISTANCE,40000,school_age,110442,51.34,14474,6.73
Angonia,,85939544B12573256040215,MOZ,ADM2,education,DISTANCE,40000,total,198004,51.34,25950,6.73
Angonia,,85939544B12573256040215,MOZ,ADM2,education,DISTANCE,45000,school_age,118692,55.18,8250,3.84
Angonia,,85939544B12573256040215,MOZ,ADM2,education,DISTANCE,45000,total,212796,55.18,14792,3.84
Angonia,,85939544B12573256040215,MOZ,ADM2,education,DISTANCE,50000,school_age,125018,58.12,6326,2.94
Angonia,,85939544B12573256040215,MOZ,ADM2,education,DISTANCE,50000,total,224137,58.12,11341,2.94
Balama,,85939544B22682737370097,MOZ,ADM2,education,DISTANCE,5000,school_age,11548,12.49,11548,12.49
Balama,,85939544B22682737370097,MOZ,ADM2,education,DISTANCE,5000,total,21161,12.49,21161,12.49
Balama,,85939544B22682737370097,MOZ,ADM2,education,DISTANCE,10000,school_age,21238,22.96,9690,10.48
Balama,,85939544B22682737370097,MOZ,ADM2,education,DISTANCE,10000,total,38919,22.96,17758,10.48
Balama,,85939544B22682737370097,MOZ,ADM2,education,DISTANCE,15000,school_age,28497,30.81,7259,7.85
Balama,,85939544B22682737370097,MOZ,ADM2,education,DISTANCE,15000,total,52222,30.81,13303,7.85
Balama,,85939544B22682737370097,MOZ,ADM2,education,DISTANCE,20000,school_age,36068,39.0,7571,8.19
Balama,,85939544B22682737370097,MOZ,ADM2,education,DISTANCE,20000,total,66094,39.0,13872,8.18
Balama,,85939544B22682737370097,MOZ,ADM2,education,DISTANCE,25000,school_age,43597,47.14,7529,8.14
Balama,,85939544B22682737370097,MOZ,ADM2,education,DISTANCE,25000,total,79891,47.14,13797,8.14
Balama,,85939544B22682737370097,MOZ,ADM2,education,DISTANCE,30000,school_age,54913,59.37,11316,12.23
Balama,,85939544B22682737370097,MOZ,ADM2,education,DISTANCE,30000,total,100628,59.37,20737,12.24
Balama,,85939544B22682737370097,MOZ,ADM2,education,DISTANCE,35000,school_age,65942,71.3,11029,11.92
Balama,,85939544B22682737370097,MOZ,ADM2,education,DISTANCE,35000,total,120839,71.3,20211,11.92
Balama,,85939544B22682737370097,MOZ,ADM2,education,DISTANCE,40000,school_age,68751,74.33,2809,3.04
Balama,,85939544B22682737370097,MOZ,ADM2,education,DISTANCE,40000,total,125985,74.33,5146,3.04
Balama,,85939544B22682737370097,MOZ,ADM2,education,DISTANCE,45000,school_age,69458,75.1,707,0.76
Balama,,85939544B22682737370097,MOZ,ADM2,education,DISTANCE,45000,total,127281,75.1,1296,0.76
Balama,,85939544B22682737370097,MOZ,ADM2,education,DISTANCE,50000,school_age,69759,75.42,301,0.33
Balama,,85939544B22682737370097,MOZ,ADM2,education,DISTANCE,50000,total,127833,75.42,552,0.33
Barue,,85939544B78941967379031,MOZ,ADM2,education,DISTANCE,5000,school_age,43826,25.35,43826,25.35
Barue,,85939544B78941967379031,MOZ,ADM2,education,DISTANCE,5000,total,73765,25.34,73765,25.34
Barue,,85939544B78941967379031,MOZ,ADM2,education,DISTANCE,10000,school_age,46042,26.63,2216,1.28
Barue,,85939544B78941967379031,MOZ,ADM2,education,DISTANCE,10000,total,77496,26.63,3731,1.28
Barue,,85939544B78941967379031,MOZ,ADM2,education,DISTANCE,15000,school_age,54022,31.24,7980,4.61
Barue,,85939544B78941967379031,MOZ,ADM2,education,DISTANCE,15000,total,90928,31.24,13432,4.61
Barue,,85939544B78941967379031,MOZ,ADM2,education,DISTANCE,20000,school_age,58228,33.67,4206,2.43
Barue,,85939544B78941967379031,MOZ,ADM2,education,DISTANCE,20000,total,98007,33.67,7079,2.43
Barue,,85939544B78941967379031,MOZ,ADM2,education,DISTANCE,25000,school_age,59353,34.32,1125,0.65
Barue,,85939544B78941967379031,MOZ,ADM2,education,DISTANCE,25000,total,99899,34.32,1892,0.65
Barue,,85939544B78941967379031,MOZ,ADM2,education,DISTANCE,30000,school_age,60363,34.91,1010,0.58
Barue,,85939544B78941967379031,MOZ,ADM2,education,DISTANCE,30000,total,101601,34.91,1702,0.58
Barue,,85939544B78941967379031,MOZ,ADM2,education,DISTANCE,35000,school_age,67990,39.32,7627,4.41
Barue,,85939544B78941967379031,MOZ,ADM2,education,DISTANCE,35000,total,114437,39.32,12836,4.41
Barue,,85939544B78941967379031,MOZ,ADM2,education,DISTANCE,40000,school_age,69487,40.19,1497,0.87
Barue,,85939544B78941967379031,MOZ,ADM2,education,DISTANCE,40000,total,116957,40.18,2520,0.87
Barue,,85939544B78941967379031,MOZ,ADM2,education,DISTANCE,45000,school_age,73023,42.23,3536,2.04
Barue,,85939544B78941967379031,MOZ,ADM2,education,DISTANCE,45000,total,122909,42.23,5952,2.05
Barue,,85939544B78941967379031,MOZ,ADM2,education,DISTANCE,50000,school_age,73537,42.53,514,0.3
Barue,,85939544B78941967379031,MOZ,ADM2,education,DISTANCE,50000,total,123774,42.53,865,0.3
Bilene,,85939544B43586850524471,MOZ,ADM2,education,DISTANCE,20000,school_age,62,0.09,62,0.09
Bilene,,85939544B43586850524471,MOZ,ADM2,education,DISTANCE,20000,total,118,0.09,118,0.09
Bilene,,85939544B43586850524471,MOZ,ADM2,education,DISTANCE,25000,school_age,620,0.92,558,0.83
Bilene,,85939544B43586850524471,MOZ,ADM2,education,DISTANCE,25000,total,1173,0.92,1055,0.83
Bilene,,85939544B43586850524471,MOZ,ADM2,education,DISTANCE,30000,school_age,647,0.96,27,0.04
Bilene,,85939544B43586850524471,MOZ,ADM2,education,DISTANCE,30000,total,1224,0.96,51,0.04
Bilene,,85939544B43586850524471,MOZ,ADM2,education,DISTANCE,35000,school_age,803,1.2,156,0.23
Bilene,,85939544B43586850524471,MOZ,ADM2,education,DISTANCE,35000,total,1519,1.2,295,0.23
Bilene,,85939544B43586850524471,MOZ,ADM2,education,DISTANCE,40000,school_age,877,1.31,74,0.11
Bilene,,85939544B43586850524471,MOZ,ADM2,education,DISTANCE,40000,total,1659,1.31,140,0.11
Bilene,,85939544B43586850524471,MOZ,ADM2,education,DISTANCE,45000,school_age,3004,4.47,2127,3.17
Bilene,,85939544B43586850524471,MOZ,ADM2,education,DISTANCE,45000,total,5680,4.47,4021,3.17
Bilene,,85939544B43586850524471,MOZ,ADM2,education,DISTANCE,50000,school_age,8415,12.53,5411,8.06
Bilene,,85939544B43586850524471,MOZ,ADM2,education,DISTANCE,50000,total,15913,12.54,10233,8.06
Boane,,85939544B68927430168058,MOZ,ADM2,education,DISTANCE,5000,school_age,36285,58.51,36285,58.51
Boane,,85939544B68927430168058,MOZ,ADM2,education,DISTANCE,5000,total,72643,58.51,72643,58.51
Boane,,85939544B68927430168058,MOZ,ADM2,education,DISTANCE,10000,school_age,53921,86.96,17636,28.44
Boane,,85939544B68927430168058,MOZ,ADM2,education,DISTANCE,10000,total,107950,86.95,35307,28.44
Boane,,85939544B68927430168058,MOZ,ADM2,education,DISTANCE,15000,school_age,57750,93.13,3829,6.17
Boane,,85939544B68927430168058,MOZ,ADM2,education,DISTANCE,15000,total,115615,93.13,7665,6.17
Boane,,85939544B68927430168058,MOZ,ADM2,education,DISTANCE,20000,school_age,59842,96.5,2092,3.37
Boane,,85939544B68927430168058,MOZ,ADM2,education,DISTANCE,20000,total,119804,96.5,4189,3.37
Boane,,85939544B68927430168058,MOZ,ADM2,education,DISTANCE,25000,school_age,60225,97.12,383,0.62
Boane,,85939544B68927430168058,MOZ,ADM2,education,DISTANCE,25000,total,120570,97.12,766,0.62
Boane,,85939544B68927430168058,MOZ,ADM2,education,DISTANCE,30000,school_age,60636,97.78,411,0.66
Boane,,85939544B68927430168058,MOZ,ADM2,education,DISTANCE,30000,total,121395,97.78,825,0.66
Boane,,85939544B68927430168058,MOZ,ADM2,education,DISTANCE,35000,school_age,61285,98.83,649,1.05
Boane,,85939544B68927430168058,MOZ,ADM2,education,DISTANCE,35000,total,122696,98.83,1301,1.05
Boane,,85939544B68927430168058,MOZ,ADM2,education,DISTANCE,40000,school_age,61400,99.02,115,0.19
Boane,,85939544B68927430168058,MOZ,ADM2,education,DISTANCE,40000,total,122925,99.01,229,0.18
Boane,,85939544B68927430168058,MOZ,ADM2,education,DISTANCE,45000,school_age,61873,99.78,473,0.76
Boane,,85939544B68927430168058,MOZ,ADM2,education,DISTANCE,45000,total,123873,99.78,948,0.76
Boane,,85939544B68927430168058,MOZ,ADM2,education,DISTANCE,50000,school_age,62010,100.0,137,0.22
Boane,,85939544B68927430168058,MOZ,ADM2,education,DISTANCE,50000,total,124148,100.0,275,0.22
Buzi,,85939544B98429522964184,MOZ,ADM2,education,DISTANCE,5000,school_age,9142,9.0,9142,9.0
Buzi,,85939544B98429522964184,MOZ,ADM2,education,DISTANCE,5000,total,15998,9.0,15998,9.0
Buzi,,85939544B98429522964184,MOZ,ADM2,education,DISTANCE,10000,school_age,20440,20.13,11298,11.13
Buzi,,85939544B98429522964184,MOZ,ADM2,education,DISTANCE,10000,total,35769,20.13,19771,11.13
Buzi,,85939544B98429522964184,MOZ,ADM2,education,DISTANCE,15000,school_age,35043,34.52,14603,14.38
Buzi,,85939544B98429522964184,MOZ,ADM2,education,DISTANCE,15000,total,61322,34.52,25553,14.38
Buzi,,85939544B98429522964184,MOZ,ADM2,education,DISTANCE,20000,school_age,45470,44.79,10427,10.27
Buzi,,85939544B98429522964184,MOZ,ADM2,education,DISTANCE,20000,total,79570,44.79,18248,10.27
Buzi,,85939544B98429522964184,MOZ,ADM2,education,DISTANCE,25000,school_age,52274,51.49,6804,6.7
Buzi,,85939544B98429522964184,MOZ,ADM2,education,DISTANCE,25000,total,91475,51.49,11905,6.7
Buzi,,85939544B98429522964184,MOZ,ADM2,education,DISTANCE,30000,school_age,57694,56.83,5420,5.34
Buzi,,85939544B98429522964184,MOZ,ADM2,education,DISTANCE,30000,total,100960,56.83,9485,5.34
Buzi,,85939544B98429522964184,MOZ,ADM2,education,DISTANCE,35000,school_age,62943,62.0,5249,5.17
Buzi,,85939544B98429522964184,MOZ,ADM2,education,DISTANCE,35000,total,110145,62.0,9185,5.17
Buzi,,85939544B98429522964184,MOZ,ADM2,education,DISTANCE,40000,school_age,69067,68.03,6124,6.03
Buzi,,85939544B98429522964184,MOZ,ADM2,education,DISTANCE,40000,total,120863,68.03,10718,6.03
Buzi,,85939544B98429522964184,MOZ,ADM2,education,DISTANCE,45000,school_age,74592,73.47,5525,5.44
Buzi,,85939544B98429522964184,MOZ,ADM2,education,DISTANCE,45000,total,130531,73.47,9668,5.44
Buzi,,85939544B98429522964184,MOZ,ADM2,education,DISTANCE,50000,school_age,78609,77.43,4017,3.96
Buzi,,85939544B98429522964184,MOZ,ADM2,education,DISTANCE,50000,total,137561,77.43,7030,3.96
Cabo Delgado,MZ-P,27363107B79734749620930,MOZ,ADM1,education,DISTANCE,5000,school_age,321498,27.55,321498,27.55
Cabo Delgado,MZ-P,27363107B79734749620930,MOZ,ADM1,education,DISTANCE,5000,total,613829,27.43,613829,27.43
Cabo Delgado,MZ-P,27363107B79734749620930,MOZ,ADM1,education,DISTANCE,10000,school_age,368308,31.56,46810,4.01
Cabo Delgado,MZ-P,27363107B79734749620930,MOZ,ADM1,education,DISTANCE,10000,total,702814,31.4,88985,3.98
Cabo Delgado,MZ-P,27363107B79734749620930,MOZ,ADM1,education,DISTANCE,15000,school_age,423518,36.29,55210,4.73
Cabo Delgado,MZ-P,27363107B79734749620930,MOZ,ADM1,education,DISTANCE,15000,total,809045,36.15,106231,4.75
Cabo Delgado,MZ-P,27363107B79734749620930,MOZ,ADM1,education,DISTANCE,20000,school_age,475052,40.7,51534,4.42
Cabo Delgado,MZ-P,27363107B79734749620930,MOZ,ADM1,education,DISTANCE,20000,total,909689,40.64,100644,4.5
Cabo Delgado,MZ-P,27363107B79734749620930,MOZ,ADM1,education,DISTANCE,25000,school_age,522286,44.75,47234,4.05
Cabo Delgado,MZ-P,27363107B79734749620930,MOZ,ADM1,education,DISTANCE,25000,total,1000898,44.72,91209,4.08
Cabo Delgado,MZ-P,27363107B79734749620930,MOZ,ADM1,education,DISTANCE,30000,school_age,581530,49.82,59244,5.08
Cabo Delgado,MZ-P,27363107B79734749620930,MOZ,ADM1,education,DISTANCE,30000,total,1114445,49.79,113547,5.07
Cabo Delgado,MZ-P,27363107B79734749620930,MOZ,ADM1,education,DISTANCE,35000,school_age,624695,53.52,43165,3.7
Cabo Delgado,MZ-P,27363107B79734749620930,MOZ,ADM1,education,DISTANCE,35000,total,1197152,53.49,82707,3.7
Cabo Delgado,MZ-P,27363107B79734749620930,MOZ,ADM1,education,DISTANCE,40000,school_age,672978,57.66,48283,4.14
Cabo Delgado,MZ-P,27363107B79734749620930,MOZ,ADM1,education,DISTANCE,40000,total,1291574,57.71,94422,4.22
Cabo Delgado,MZ-P,27363107B79734749620930,MOZ,ADM1,education,DISTANCE,45000,school_age,706459,60.53,33481,2.87
Cabo Delgado,MZ-P,27363107B79734749620930,MOZ,ADM1,education,DISTANCE,45000,total,1356631,60.61,65057,2.91
Cabo Delgado,MZ-P,27363107B79734749620930,MOZ,ADM1,education,DISTANCE,50000,school_age,734311,62.91,27852,2.39
Cabo Delgado,MZ-P,27363107B79734749620930,MOZ,ADM1,education,DISTANCE,50000,total,1410022,63.0,53391,2.39
Cahora Bassa,,85939544B63348478902842,MOZ,ADM2,education,DISTANCE,5000,school_age,15494,17.85,15494,17.85
Cahora Bassa,,85939544B63348478902842,MOZ,ADM2,education,DISTANCE,5000,total,27355,17.85,27355,17.85
Cahora Bassa,,85939544B63348478902842,MOZ,ADM2,education,DISTANCE,10000,school_age,16187,18.65,693,0.8
Cahora Bassa,,85939544B63348478902842,MOZ,ADM2,education,DISTANCE,10000,total,28578,18.65,1223,0.8
Cahora Bassa,,85939544B63348478902842,MOZ,ADM2,education,DISTANCE,15000,school_age,16461,18.96,274,0.32
Cahora Bassa,,85939544B63348478902842,MOZ,ADM2,education,DISTANCE,15000,total,29061,18.96,483,0.32
Cahora Bassa,,85939544B63348478902842,MOZ,ADM2,education,DISTANCE,20000,school_age,16593,19.11,132,0.15
Cahora Bassa,,85939544B63348478902842,MOZ,ADM2,education,DISTANCE,20000,total,29295,19.11,234,0.15
Cahora Bassa,,85939544B63348478902842,MOZ,ADM2,education,DISTANCE,25000,school_age,25592,29.48,8999,10.37
Cahora Bassa,,85939544B63348478902842,MOZ,ADM2,education,DISTANCE,25000,total,45181,29.48,15886,10.36
Cahora Bassa,,85939544B63348478902842,MOZ,ADM2,education,DISTANCE,30000,school_age,36770,42.35,11178,12.88
Cahora Bassa,,85939544B63348478902842,MOZ,ADM2,education,DISTANCE,30000,total,64916,42.35,19735,12.88
Cahora Bassa,,85939544B63348478902842,MOZ,ADM2,education,DISTANCE,35000,school_age,38430,44.27,1660,1.91
Cahora Bassa,,85939544B63348478902842,MOZ,ADM2,education,DISTANCE,35000,total,67846,44.27,2930,1.91
Cahora Bassa,,85939544B63348478902842,MOZ,ADM2,education,DISTANCE,40000,school_age,38572,44.43,142,0.16
Cahora Bassa,,85939544B63348478902842,MOZ,ADM2,education,DISTANCE,40000,total,68097,44.43,251,0.16
Cahora Bassa,,85939544B63348478902842,MOZ,ADM2,education,DISTANCE,45000,school_age,41026,47.26,2454,2.83
Cahora Bassa,,85939544B63348478902842,MOZ,ADM2,education,DISTANCE,45000,total,72429,47.26,4332,2.83
Cahora Bassa,,85939544B63348478902842,MOZ,ADM2,education,DISTANCE,50000,school_age,41200,47.46,174,0.2
Cahora Bassa,,85939544B63348478902842,MOZ,ADM2,education,DISTANCE,50000,total,72736,47.46,307,0.2
Changara,,85939544B96154885816761,MOZ,ADM2,education,DISTANCE,5000,school_age,0,0.0,0,0.0
Changara,,85939544B96154885816761,MOZ,ADM2,education,DISTANCE,5000,total,0,0.0,0,0.0
Changara,,85939544B96154885816761,MOZ,ADM2,education,DISTANCE,10000,school_age,951,1.16,951,1.16
Changara,,85939544B96154885816761,MOZ,ADM2,education,DISTANCE,10000,total,1591,1.16,1591,1.16
Changara,,85939544B96154885816761,MOZ,ADM2,education,DISTANCE,15000,school_age,3099,3.78,2148,2.62
Changara,,85939544B96154885816761,MOZ,ADM2,education,DISTANCE,15000,total,5186,3.78,3595,2.62
Changara,,85939544B96154885816761,MOZ,ADM2,education,DISTANCE,20000,school_age,13813,16.83,10714,13.05
Changara,,85939544B96154885816761,MOZ,ADM2,education,DISTANCE,20000,total,23114,16.83,17928,13.05
Changara,,85939544B96154885816761,MOZ,ADM2,education,DISTANCE,25000,school_age,16637,20.27,2824,3.44
Changara,,85939544B96154885816761,MOZ,ADM2,education,DISTANCE,25000,total,27838,20.27,4724,3.44
Changara,,85939544B96154885816761,MOZ,ADM2,education,DISTANCE,30000,school_age,18479,22.51,1842,2.24
Changara,,85939544B96154885816761,MOZ,ADM2,education,DISTANCE,30000,total,30922,22.51,3084,2.25
Changara,,85939544B96154885816761,MOZ,ADM2,education,DISTANCE,35000,school_age,23278,28.36,4799,5.85
Changara,,85939544B96154885816761,MOZ,ADM2,education,DISTANCE,35000,total,38952,28.36,8030,5.85
Changara,,85939544B96154885816761,MOZ,ADM2,education,DISTANCE,40000,school_age,28684,34.95,5406,6.59
Changara,,85939544B96154885816761,MOZ,ADM2,education,DISTANCE,40000,total,47997,34.95,9045,6.59
Changara,,85939544B96154885816761,MOZ,ADM2,education,DISTANCE,45000,school_age,31199,38.01,2515,3.06
Changara,,85939544B96154885816761,MOZ,ADM2,education,DISTANCE,45000,total,52206,38.01,4209,3.06
Changara,,85939544B96154885816761,MOZ,ADM2,education,DISTANCE,50000,school_age,32579,39.69,1380,1.68
Changara,,85939544B96154885816761,MOZ,ADM2,education,DISTANCE,50000,total,54515,39.69,2309,1.68
Chibabava,,85939544B25886081823580,MOZ,ADM2,education,DISTANCE,5000,school_age,0,0.0,0,0.0
Chibabava,,85939544B25886081823580,MOZ,ADM2,education,DISTANCE,5000,total,0,0.0,0,0.0
Chibabava,,85939544B25886081823580,MOZ,ADM2,education,DISTANCE,10000,school_age,60,0.06,60,0.06
Chibabava,,85939544B25886081823580,MOZ,ADM2,education,DISTANCE,10000,total,105,0.06,105,0.06
Chibabava,,85939544B25886081823580,MOZ,ADM2,education,DISTANCE,15000,school_age,329,0.34,269,0.28
Chibabava,,85939544B25886081823580,MOZ,ADM2,education,DISTANCE,15000,total,580,0.34,475,0.28
Chibabava,,85939544B25886081823580,MOZ,ADM2,education,DISTANCE,20000,school_age,2135,2.2,1806,1.86
Chibabava,,85939544B25886081823580,MOZ,ADM2,education,DISTANCE,20000,total,3756,2.2,3176,1.86
Chibabava,,85939544B25886081823580,MOZ,ADM2,education,DISTANCE,25000,school_age,4038,4.16,1903,1.96
Chibabava,,85939544B25886081823580,MOZ,ADM2,education,DISTANCE,25000,total,7105,4.16,3349,1.96
Chibabava,,85939544B25886081823580,MOZ,ADM2,education,DISTANCE,30000,school_age,5896,6.08,1858,1.91
Chibabava,,85939544B25886081823580,MOZ,ADM2,education,DISTANCE,30000,total,10373,6.08,3268,1.91
Chibabava,,85939544B25886081823580,MOZ,ADM2,education,DISTANCE,35000,school_age,8148,8.4,2252,2.32
Chibabava,,85939544B25886081823580,MOZ,ADM2,education,DISTANCE,35000,total,14334,8.4,3961,2.32
Chibabava,,85939544B25886081823580,MOZ,ADM2,education,DISTANCE,40000,school_age,15403,15.87,7255,7.48
Chibabava,,85939544B25886081823580,MOZ,ADM2,education,DISTANCE,40000,total,27098,15.87,12764,7.48
Chibabava,,85939544B25886081823580,MOZ,ADM2,education,DISTANCE,45000,school_age,24300,25.04,8897,9.17
Chibabava,,85939544B25886081823580,MOZ,ADM2,education,DISTANCE,45000,total,42749,25.04,15651,9.17
Chibabava,,85939544B25886081823580,MOZ,ADM2,education,DISTANCE,50000,school_age,26300,27.1,2000,2.06
Chibabava,,85939544B25886081823580,MOZ,ADM2,education,DISTANCE,50000,total,46268,27.1,3519,2.06
Chibuto,,85939544B98651386750815,MOZ,ADM2,education,DISTANCE,5000,school_age,9627,7.36,9627,7.36
Chibuto,,85939544B98651386750815,MOZ,ADM2,education,DISTANCE,5000,total,18094,7.36,18094,7.36
Chibuto,,85939544B98651386750815,MOZ,ADM2,education,DISTANCE,10000,school_age,43428,33.21,33801,25.85
Chibuto,,85939544B98651386750815,MOZ,ADM2,education,DISTANCE,10000,total,81626,33.21,63532,25.85
Chibuto,,85939544B98651386750815,MOZ,ADM2,education,DISTANCE,15000,school_age,83792,64.07,40364,30.86
Chibuto,,85939544B98651386750815,MOZ,ADM2,education,DISTANCE,15000,total,157492,64.07,75866,30.87
Chibuto,,85939544B98651386750815,MOZ,ADM2,education,DISTANCE,20000,school_age,87347,66.79,3555,2.72
Chibuto,,85939544B98651386750815,MOZ,ADM2,education,DISTANCE,20000,total,164174,66.79,6682,2.72
Chibuto,,85939544B98651386750815,MOZ,ADM2,education,DISTANCE,25000,school_age,88145,67.4,798,0.61
Chibuto,,85939544B98651386750815,MOZ,ADM2,education,DISTANCE,25000,total,165673,67.4,1499,0.61
Chibuto,,85939544B98651386750815,MOZ,ADM2,education,DISTANCE,30000,school_age,90066,68.87,1921,1.47
Chibuto,,85939544B98651386750815,MOZ,ADM2,education,DISTANCE,30000,total,169282,68.87,3609,1.47
Chibuto,,85939544B98651386750815,MOZ,ADM2,education,DISTANCE,35000,school_age,90845,69.46,779,0.6
Chibuto,,85939544B98651386750815,MOZ,ADM2,education,DISTANCE,35000,total,170747,69.47,1465,0.6
Chibuto,,85939544B98651386750815,MOZ,ADM2,education,DISTANCE,40000,school_age,91301,69.81,456,0.35
Chibuto,,85939544B98651386750815,MOZ,ADM2,education,DISTANCE,40000,total,171603,69.81,856,0.35
Chibuto,,85939544B98651386750815,MOZ,ADM2,education,DISTANCE,45000,school_age,93728,71.67,2427,1.86
Chibuto,,85939544B98651386750815,MOZ,ADM2,education,DISTANCE,45000,total,176165,71.67,4562,1.86
Chibuto,,85939544B98651386750815,MOZ,ADM2,education,DISTANCE,50000,school_age,94321,72.12,593,0.45
Chibuto,,85939544B98651386750815,MOZ,ADM2,education,DISTANCE,50000,total,177280,72.12,1115,0.45
Chifunde,,85939544B38440784035247,MOZ,ADM2,education,DISTANCE,35000,school_age,238,0.16,238,0.16
Chifunde,,85939544B38440784035247,MOZ,ADM2,education,DISTANCE,35000,total,416,0.16,416,0.16
Chifunde,,85939544B38440784035247,MOZ,ADM2,education,DISTANCE,40000,school_age,267,0.18,29,0.02
Chifunde,,85939544B38440784035247,MOZ,ADM2,education,DISTANCE,40000,total,466,0.18,50,0.02
Chifunde,,85939544B38440784035247,MOZ,ADM2,education,DISTANCE,45000,school_age,926,0.62,659,0.44
Chifunde,,85939544B38440784035247,MOZ,ADM2,education,DISTANCE,45000,total,1615,0.62,1149,0.44
Chifunde,,85939544B38440784035247,MOZ,ADM2,education,DISTANCE,50000,school_age,1495,1.0,569,0.38
Chifunde,,85939544B38440784035247,MOZ,ADM2,education,DISTANCE,50000,total,2610,1.0,995,0.38
Chimbonila,,85939544B92418523619922,MOZ,ADM2,education,DISTANCE,5000,school_age,182,0.19,182,0.19
Chimbonila,,85939544B92418523619922,MOZ,ADM2,education,DISTANCE,5000,total,315,0.19,315,0.19
Chimbonila,,85939544B92418523619922,MOZ,ADM2,education,DISTANCE,10000,school_age,1049,1.1,867,0.91
Chimbonila,,85939544B92418523619922,MOZ,ADM2,education,DISTANCE,10000,total,1813,1.1,1498,0.91
Chimbonila,,85939544B92418523619922,MOZ,ADM2,education,DISTANCE,15000,school_age,3988,4.2,2939,3.1
Chimbonila,,85939544B92418523619922,MOZ,ADM2,education,DISTANCE,15000,total,6894,4.2,5081,3.1
Chimbonila,,85939544B92418523619922,MOZ,ADM2,education,DISTANCE,20000,school_age,7700,8.11,3712,3.91
Chimbonila,,85939544B92418523619922,MOZ,ADM2,education,DISTANCE,20000,total,13308,8.11,6414,3.91
Chimbonila,,85939544B92418523619922,MOZ,ADM2,education,DISTANCE,25000,school_age,11278,11.88,3578,3.77
Chimbonila,,85939544B92418523619922,MOZ,ADM2,education,DISTANCE,25000,total,19491,11.88,6183,3.77
Chimbonila,,85939544B92418523619922,MOZ,ADM2,education,DISTANCE,30000,school_age,14818,15.6,3540,3.73
Chimbonila,,85939544B92418523619922,MOZ,ADM2,education,DISTANCE,30000,total,25608,15.61,6117,3.73
Chimbonila,,85939544B92418523619922,MOZ,ADM2,education,DISTANCE,35000,school_age,17719,18.66,2901,3.06
Chimbonila,,85939544B92418523619922,MOZ,ADM2,education,DISTANCE,35000,total,30622,18.66,5014,3.06
Chimbonila,,85939544B92418523619922,MOZ,ADM2,education,DISTANCE,40000,school_age,22362,23.55,4643,4.89
Chimbonila,,85939544B92418523619922,MOZ,ADM2,education,DISTANCE,40000,total,38646,23.55,8024,4.89
Chimbonila,,85939544B92418523619922,MOZ,ADM2,education,DISTANCE,45000,school_age,25935,27.31,3573,3.76
Chimbonila,,85939544B92418523619922,MOZ,ADM2,education,DISTANCE,45000,total,44820,27.31,6174,3.76
Chimbonila,,85939544B92418523619922,MOZ,ADM2,education,DISTANCE,50000,school_age,29850,31.43,3915,4.12
Chimbonila,,85939544B92418523619922,MOZ,ADM2,education,DISTANCE,50000,total,51585,31.43,6765,4.12
Chiure,,85939544B26812417695120,MOZ,ADM2,education,DISTANCE,5000,school_age,32732,22.36,32732,22.36
Chiure,,85939544B26812417695120,MOZ,ADM2,education,DISTANCE,5000,total,61842,22.36,61842,22.36
Chiure,,85939544B26812417695120,MOZ,ADM2,education,DISTANCE,10000,school_age,42232,28.85,9500,6.49
Chiure,,85939544B26812417695120,MOZ,ADM2,education,DISTANCE,10000,total,79792,28.85,17950,6.49
Chiure,,85939544B26812417695120,MOZ,ADM2,education,DISTANCE,15000,school_age,50965,34.81,8733,5.97
Chiure,,85939544B26812417695120,MOZ,ADM2,education,DISTANCE,15000,total,96291,34.81,16499,5.97
Chiure,,85939544B26812417695120,MOZ,ADM2,education,DISTANCE,20000,school_age,58282,39.81,7317,5.0
Chiure,,85939544B26812417695120,MOZ,ADM2,education,DISTANCE,20000,total,110115,39.81,13824,5.0
Chiure,,85939544B26812417695120,MOZ,ADM2,education,DISTANCE,25000,school_age,61836,42.24,3554,2.43
Chiure,,85939544B26812417695120,MOZ,ADM2,education,DISTANCE,25000,total,116831,42.24,6716,2.43
Chiure,,85939544B26812417695120,MOZ,ADM2,education,DISTANCE,30000,school_age,67365,46.02,5529,3.78
Chiure,,85939544B26812417695120,MOZ,ADM2,education,DISTANCE,30000,total,127277,46.02,10446,3.78
Chiure,,85939544B26812417695120,MOZ,ADM2,education,DISTANCE,35000,school_age,71117,48.58,3752,2.56
Chiure,,85939544B26812417695120,MOZ,ADM2,education,DISTANCE,35000,total,134366,48.58,7089,2.56
Chiure,,85939544B26812417695120,MOZ,ADM2,education,DISTANCE,40000,school_age,76286,52.11,5169,3.53
Chiure,,85939544B26812417695120,MOZ,ADM2,education,DISTANCE,40000,total,144131,52.11,9765,3.53
Chiure,,85939544B26812417695120,MOZ,ADM2,education,DISTANCE,45000,school_age,80522,55.0,4236,2.89
Chiure,,85939544B26812417695120,MOZ,ADM2,education,DISTANCE,45000,total,152135,55.0,8004,2.89
Chiure,,85939544B26812417695120,MOZ,ADM2,education,DISTANCE,50000,school_age,83142,56.79,2620,1.79
Chiure,,85939544B26812417695120,MOZ,ADM2,education,DISTANCE,50000,total,157084,56.79,4949,1.79
Chiuta,,85939544B4853369515096,MOZ,ADM2,education,DISTANCE,5000,school_age,4791,6.04,4791,6.04
Chiuta,,85939544B4853369515096,MOZ,ADM2,education,DISTANCE,5000,total,8089,6.04,8089,6.04
Chiuta,,85939544B4853369515096,MOZ,ADM2,education,DISTANCE,10000,school_age,5647,7.12,856,1.08
Chiuta,,85939544B4853369515096,MOZ,ADM2,education,DISTANCE,10000,total,9534,7.12,1445,1.08
Chiuta,,85939544B4853369515096,MOZ,ADM2,education,DISTANCE,15000,school_age,6939,8.75,1292,1.63
Chiuta,,85939544B4853369515096,MOZ,ADM2,education,DISTANCE,15000,total,11716,8.75,2182,1.63
Chiuta,,85939544B4853369515096,MOZ,ADM2,education,DISTANCE,20000,school_age,7531,9.49,592,0.75
Chiuta,,85939544B4853369515096,MOZ,ADM2,education,DISTANCE,20000,total,12715,9.49,999,0.75
Chiuta,,85939544B4853369515096,MOZ,ADM2,education,DISTANCE,25000,school_age,7823,9.86,292,0.37
Chiuta,,85939544B4853369515096,MOZ,ADM2,education,DISTANCE,25000,total,13207,9.86,492,0.37
Chiuta,,85939544B4853369515096,MOZ,ADM2,education,DISTANCE,30000,school_age,8123,10.24,300,0.38
Chiuta,,85939544B4853369515096,MOZ,ADM2,education,DISTANCE,30000,total,13714,10.24,507,0.38
Chiuta,,85939544B4853369515096,MOZ,ADM2,education,DISTANCE,35000,school_age,8459,10.66,336,0.42
Chiuta,,85939544B4853369515096,MOZ,ADM2,education,DISTANCE,35000,total,14281,10.66,567,0.42
Chiuta,,85939544B4853369515096,MOZ,ADM2,education,DISTANCE,40000,school_age,8654,10.91,195,0.25
Chiuta,,85939544B4853369515096,MOZ,ADM2,education,DISTANCE,40000,total,14610,10.91,329,0.25
Chiuta,,85939544B4853369515096,MOZ,ADM2,education,DISTANCE,45000,school_age,9886,12.46,1232,1.55
Chiuta,,85939544B4853369515096,MOZ,ADM2,education,DISTANCE,45000,total,16690,12.46,2080,1.55
Chiuta,,85939544B4853369515096,MOZ,ADM2,education,DISTANCE,50000,school_age,10562,13.31,676,0.85
Chiuta,,85939544B4853369515096,MOZ,ADM2,education,DISTANCE,50000,total,17831,13.31,1141,0.85
Chokwe,,85939544B8547864433088,MOZ,ADM2,education,DISTANCE,5000,school_age,32801,30.21,32801,30.21
Chokwe,,85939544B8547864433088,MOZ,ADM2,education,DISTANCE,5000,total,60160,30.21,60160,30.21
Chokwe,,85939544B8547864433088,MOZ,ADM2,education,DISTANCE,10000,school_age,42886,39.5,10085,9.29
Chokwe,,85939544B8547864433088,MOZ,ADM2,education,DISTANCE,10000,total,78657,39.5,18497,9.29
Chokwe,,85939544B8547864433088,MOZ,ADM2,education,DISTANCE,15000,school_age,47385,43.65,4499,4.14
Chokwe,,85939544B8547864433088,MOZ,ADM2,education,DISTANCE,15000,total,86907,43.65,8250,4.14
Chokwe,,85939544B8547864433088,MOZ,ADM2,education,DISTANCE,20000,school_age,51555,47.49,4170,3.84
Chokwe,,85939544B8547864433088,MOZ,ADM2,education,DISTANCE,20000,total,94556,47.49,7649,3.84
Chokwe,,85939544B8547864433088,MOZ,ADM2,education,DISTANCE,25000,school_age,56262,51.83,4707,4.34
Chokwe,,85939544B8547864433088,MOZ,ADM2,education,DISTANCE,25000,total,103188,51.82,8632,4.34
Chokwe,,85939544B8547864433088,MOZ,ADM2,education,DISTANCE,30000,school_age,63457,58.45,7195,6.63
Chokwe,,85939544B8547864433088,MOZ,ADM2,education,DISTANCE,30000,total,116386,58.45,13198,6.63
Chokwe,,85939544B8547864433088,MOZ,ADM2,education,DISTANCE,35000,school_age,74167,68.32,10710,9.87
Chokwe,,85939544B8547864433088,MOZ,ADM2,education,DISTANCE,35000,total,136028,68.32,19642,9.86
Chokwe,,85939544B8547864433088,MOZ,ADM2,education,DISTANCE,40000,school_age,79685,73.4,5518,5.08
Chokwe,,85939544B8547864433088,MOZ,ADM2,education,DISTANCE,40000,total,146148,73.4,10120,5.08
Chokwe,,85939544B8547864433088,MOZ,ADM2,education,DISTANCE,45000,school_age,80981,74.59,1296,1.19
Chokwe,,85939544B8547864433088,MOZ,ADM2,education,DISTANCE,45000,total,148528,74.59,2380,1.2
Chokwe,,85939544B8547864433088,MOZ,ADM2,education,DISTANCE,50000,school_age,85303,78.58,4322,3.98
Chokwe,,85939544B8547864433088,MOZ,ADM2,education,DISTANCE,50000,total,156455,78.58,7927,3.98
Chongoene,,85939544B23893317259127,MOZ,ADM2,education,DISTANCE,5000,school_age,2141,1.85,2141,1.85
Chongoene,,85939544B23893317259127,MOZ,ADM2,education,DISTANCE,5000,total,3918,1.84,3918,1.84
Chongoene,,85939544B23893317259127,MOZ,ADM2,education,DISTANCE,10000,school_age,23326,20.11,21185,18.27
Chongoene,,85939544B23893317259127,MOZ,ADM2,education,DISTANCE,10000,total,42836,20.12,38918,18.28
Chongoene,,85939544B23893317259127,MOZ,ADM2,education,DISTANCE,15000,school_age,36378,31.37,13052,11.25
Chongoene,,85939544B23893317259127,MOZ,ADM2,education,DISTANCE,15000,total,66807,31.38,23971,11.26
Chongoene,,85939544B23893317259127,MOZ,ADM2,education,DISTANCE,20000,school_age,57388,49.49,21010,18.12
Chongoene,,85939544B23893317259127,MOZ,ADM2,education,DISTANCE,20000,total,105398,49.51,38591,18.13
Chongoene,,85939544B23893317259127,MOZ,ADM2,education,DISTANCE,25000,school_age,74227,64.01,16839,14.52
Chongoene,,85939544B23893317259127,MOZ,ADM2,education,DISTANCE,25000,total,136328,64.03,30930,14.53
Chongoene,,85939544B23893317259127,MOZ,ADM2,education,DISTANCE,30000,school_age,80665,69.56,6438,5.55
Chongoene,,85939544B23893317259127,MOZ,ADM2,education,DISTANCE,30000,total,148134,69.58,11806,5.55
Chongoene,,85939544B23893317259127,MOZ,ADM2,education,DISTANCE,35000,school_age,87337,75.31,6672,5.75
Chongoene,,85939544B23893317259127,MOZ,ADM2,education,DISTANCE,35000,total,160343,75.31,12209,5.73
Chongoene,,85939544B23893317259127,MOZ,ADM2,education,DISTANCE,40000,school_age,87647,75.58,310,0.27
Chongoene,,85939544B23893317259127,MOZ,ADM2,education,DISTANCE,40000,total,160912,75.58,569,0.27
Chongoene,,85939544B23893317259127,MOZ,ADM2,education,DISTANCE,45000,school_age,98128,84.62,10481,9.04
Chongoene,,85939544B23893317259127,MOZ,ADM2,education,DISTANCE,45000,total,180163,84.62,19251,9.04
Chongoene,,85939544B23893317259127,MOZ,ADM2,education,DISTANCE,50000,school_age,102458,88.35,4330,3.73
Chongoene,,85939544B23893317259127,MOZ,ADM2,education,DISTANCE,50000,total,188119,88.36,7956,3.74
Cidade Da Beira,,85939544B78683919401949,MOZ,ADM2,education,DISTANCE,5000,school_age,232335,94.71,232335,94.71
Cidade Da Beira,,85939544B78683919401949,MOZ,ADM2,education,DISTANCE,5000,total,454770,94.71,454770,94.71
Cidade Da Beira,,85939544B78683919401949,MOZ,ADM2,education,DISTANCE,10000,school_age,237418,96.78,5083,2.07
Cidade Da Beira,,85939544B78683919401949,MOZ,ADM2,education,DISTANCE,10000,total,464720,96.78,9950,2.07
Cidade Da Beira,,85939544B78683919401949,MOZ,ADM2,education,DISTANCE,15000,school_age,240128,97.89,2710,1.1
Cidade Da Beira,,85939544B78683919401949,MOZ,ADM2,education,DISTANCE,15000,total,470025,97.89,5305,1.1
Cidade Da Beira,,85939544B78683919401949,MOZ,ADM2,education,DISTANCE,20000,school_age,242793,98.98,2665,1.09
Cidade Da Beira,,85939544B78683919401949,MOZ,ADM2,education,DISTANCE,20000,total,475241,98.98,5216,1.09
Cidade Da Beira,,85939544B78683919401949,MOZ,ADM2,education,DISTANCE,25000,school_age,243502,99.26,709,0.29
Cidade Da Beira,,85939544B78683919401949,MOZ,ADM2,education,DISTANCE,25000,total,476629,99.26,1388,0.29
Cidade Da Beira,,85939544B78683919401949,MOZ,ADM2,education,DISTANCE,30000,school_age,243594,99.3,92,0.04
Cidade Da Beira,,85939544B78683919401949,MOZ,ADM2,education,DISTANCE,30000,total,476809,99.3,180,0.04
Cidade Da Beira,,85939544B78683919401949,MOZ,ADM2,education,DISTANCE,35000,school_age,243693,99.34,99,0.04
Cidade Da Beira,,85939544B78683919401949,MOZ,ADM2,education,DISTANCE,35000,total,477004,99.34,195,0.04
Cidade Da Beira,,85939544B78683919401949,MOZ,ADM2,education,DISTANCE,40000,school_age,243701,99.35,8,0.0
Cidade Da Beira,,85939544B78683919401949,MOZ,ADM2,education,DISTANCE,40000,total,477018,99.35,14,0.0
Cidade Da Beira,,85939544B78683919401949,MOZ,ADM2,education,DISTANCE,45000,school_age,243701,99.35,0,0.0
Cidade Da Beira,,85939544B78683919401949,MOZ,ADM2,education,DISTANCE,45000,total,477018,99.35,0,0.0
Cidade Da Beira,,85939544B78683919401949,MOZ,ADM2,education,DISTANCE,50000,school_age,243758,99.37,57,0.02
Cidade Da Beira,,85939544B78683919401949,MOZ,ADM2,education,DISTANCE,50000,total,477129,99.37,111,0.02
Cidade Da Matola,,85939544B308430160587,MOZ,ADM2,education,DISTANCE,5000,school_age,598069,90.02,598069,90.02
Cidade Da Matola,,85939544B308430160587,MOZ,ADM2,education,DISTANCE,5000,total,1199746,90.02,1199746,90.02
Cidade Da Matola,,85939544B308430160587,MOZ,ADM2,education,DISTANCE,10000,school_age,662883,99.77,64814,9.76
Cidade Da Matola,,85939544B308430160587,MOZ,ADM2,education,DISTANCE,10000,total,1329765,99.77,130019,9.76
Cidade Da Matola,,85939544B308430160587,MOZ,ADM2,education,DISTANCE,15000,school_age,664343,99.99,1460,0.22
Cidade Da Matola,,85939544B308430160587,MOZ,ADM2,education,DISTANCE,15000,total,1332695,99.99,2930,0.22
Cidade Da Matola,,85939544B308430160587,MOZ,ADM2,education,DISTANCE,20000,school_age,664348,99.99,5,0.0
Cidade Da Matola,,85939544B308430160587,MOZ,ADM2,education,DISTANCE,20000,total,1332704,99.99,9,0.0
Cidade Da Matola,,85939544B308430160587,MOZ,ADM2,education,DISTANCE,25000,school_age,664349,99.99,1,0.0
Cidade Da Matola,,85939544B308430160587,MOZ,ADM2,education,DISTANCE,25000,total,1332706,99.99,2,0.0
Cidade Da Matola,,85939544B308430160587,MOZ,ADM2,education,DISTANCE,30000,school_age,664349,99.99,0,0.0
Cidade Da Matola,,85939544B308430160587,MOZ,ADM2,education,DISTANCE,30000,total,1332706,99.99,0,0.0
Cidade Da Matola,,85939544B308430160587,MOZ,ADM2,education,DISTANCE,35000,school_age,664392,100.0,43,0.01
Cidade Da Matola,,85939544B308430160587,MOZ,ADM2,education,DISTANCE,35000,total,1332792,100.0,86,0.01
Cidade Da Matola,,85939544B308430160587,MOZ,ADM2,education,DISTANCE,40000,school_age,664392,100.0,0,0.0
Cidade Da Matola,,85939544B308430160587,MOZ,ADM2,education,DISTANCE,40000,total,1332792,100.0,0,0.0
Cidade Da Matola,,85939544B308430160587,MOZ,ADM2,education,DISTANCE,45000,school_age,664392,100.0,0,0.0
Cidade Da Matola,,85939544B308430160587,MOZ,ADM2,education,DISTANCE,45000,total,1332792,100.0,0,0.0
Cidade Da Matola,,85939544B308430160587,MOZ,ADM2,education,DISTANCE,50000,school_age,664392,100.0,0,0.0
Cidade Da Matola,,85939544B308430160587,MOZ,ADM2,education,DISTANCE,50000,total,1332792,100.0,0,0.0
Cidade De Chimoio,,85939544B35135302322965,MOZ,ADM2,education,DISTANCE,5000,school_age,202507,97.49,202507,97.49
Cidade De Chimoio,,85939544B35135302322965,MOZ,ADM2,education,DISTANCE,5000,total,357751,97.5,357751,97.5
Cidade De Chimoio,,85939544B35135302322965,MOZ,ADM2,education,DISTANCE,10000,school_age,204949,98.67,2442,1.18
Cidade De Chimoio,,85939544B35135302322965,MOZ,ADM2,education,DISTANCE,10000,total,362064,98.67,4313,1.18
Cidade De Chimoio,,85939544B35135302322965,MOZ,ADM2,education,DISTANCE,15000,school_age,205487,98.93,538,0.26
Cidade De Chimoio,,85939544B35135302322965,MOZ,ADM2,education,DISTANCE,15000,total,363014,98.93,950,0.26
Cidade De Chimoio,,85939544B35135302322965,MOZ,ADM2,education,DISTANCE,20000,school_age,205801,99.08,314,0.15
Cidade De Chimoio,,85939544B35135302322965,MOZ,ADM2,education,DISTANCE,20000,total,363569,99.08,555,0.15
Cidade De Chimoio,,85939544B35135302322965,MOZ,ADM2,education,DISTANCE,25000,school_age,205961,99.16,160,0.08
Cidade De Chimoio,,85939544B35135302322965,MOZ,ADM2,education,DISTANCE,25000,total,363851,99.16,282,0.08
Cidade De Chimoio,,85939544B35135302322965,MOZ,ADM2,education,DISTANCE,30000,school_age,205961,99.16,0,0.0
Cidade De Chimoio,,85939544B35135302322965,MOZ,ADM2,education,DISTANCE,30000,total,363851,99.16,0,0.0
Cidade De Chimoio,,85939544B35135302322965,MOZ,ADM2,education,DISTANCE,35000,school_age,205972,99.16,11,0.01
Cidade De Chimoio,,85939544B35135302322965,MOZ,ADM2,education,DISTANCE,35000,total,363871,99.16,20,0.01
Cidade De Chimoio,,85939544B35135302322965,MOZ,ADM2,education,DISTANCE,40000,school_age,206020,99.19,48,0.02
Cidade De Chimoio,,85939544B35135302322965,MOZ,ADM2,education,DISTANCE,40000,total,363956,99.19,85,0.02
Cidade De Chimoio,,85939544B35135302322965,MOZ,ADM2,education,DISTANCE,45000,school_age,206027,99.19,7,0.0
Cidade De Chimoio,,85939544B35135302322965,MOZ,ADM2,education,DISTANCE,45000,total,363968,99.19,12,0.0
Cidade De Chimoio,,85939544B35135302322965,MOZ,ADM2,education,DISTANCE,50000,school_age,206027,99.19,0,0.0
Cidade De Chimoio,,85939544B35135302322965,MOZ,ADM2,education,DISTANCE,50000,total,363968,99.19,0,0.0
Cidade De Inhambane,,85939544B19302565001464,MOZ,ADM2,education,DISTANCE,5000,school_age,26910,60.84,26910,60.84
Cidade De Inhambane,,85939544B19302565001464,MOZ,ADM2,education,DISTANCE,5000,total,51949,60.85,51949,60.85
Cidade De Inhambane,,85939544B19302565001464,MOZ,ADM2,education,DISTANCE,10000,school_age,37556,84.91,10646,24.07
Cidade De Inhambane,,85939544B19302565001464,MOZ,ADM2,education,DISTANCE,10000,total,72492,84.92,20543,24.06
Cidade De Inhambane,,85939544B19302565001464,MOZ,ADM2,education,DISTANCE,15000,school_age,39914,90.24,2358,5.33
Cidade De Inhambane,,85939544B19302565001464,MOZ,ADM2,education,DISTANCE,15000,total,77042,90.25,4550,5.33
Cidade De Inhambane,,85939544B19302565001464,MOZ,ADM2,education,DISTANCE,20000,school_age,40042,90.53,128,0.29
Cidade De Inhambane,,85939544B19302565001464,MOZ,ADM2,education,DISTANCE,20000,total,77290,90.54,248,0.29
Cidade De Inhambane,,85939544B19302565001464,MOZ,ADM2,education,DISTANCE,25000,school_age,40071,90.6,29,0.07
Cidade De Inhambane,,85939544B19302565001464,MOZ,ADM2,education,DISTANCE,25000,total,77347,90.6,57,0.07
Cidade De Inhambane,,85939544B19302565001464,MOZ,ADM2,education,DISTANCE,30000,school_age,40160,90.8,89,0.2
Cidade De Inhambane,,85939544B19302565001464,MOZ,ADM2,education,DISTANCE,30000,total,77518,90.8,171,0.2
Cidade De Inhambane,,85939544B19302565001464,MOZ,ADM2,education,DISTANCE,35000,school_age,40164,90.81,4,0.01
Cidade De Inhambane,,85939544B19302565001464,MOZ,ADM2,education,DISTANCE,35000,total,77525,90.81,7,0.01
Cidade De Inhambane,,85939544B19302565001464,MOZ,ADM2,education,DISTANCE,40000,school_age,40207,90.91,43,0.1
Cidade De Inhambane,,85939544B19302565001464,MOZ,ADM2,education,DISTANCE,40000,total,77608,90.91,83,0.1
Cidade De Inhambane,,85939544B19302565001464,MOZ,ADM2,education,DISTANCE,45000,school_age,40439,91.43,232,0.52
Cidade De Inhambane,,85939544B19302565001464,MOZ,ADM2,education,DISTANCE,45000,total,78055,91.43,447,0.52
Cidade De Inhambane,,85939544B19302565001464,MOZ,ADM2,education,DISTANCE,50000,school_age,40577,91.74,138,0.31
Cidade De Inhambane,,85939544B19302565001464,MOZ,ADM2,education,DISTANCE,50000,total,78322,91.75,267,0.31
Cidade De Lichinga,,85939544B62365198391986,MOZ,ADM2,education,DISTANCE,5000,school_age,123611,77.39,123611,77.39
Cidade De Lichinga,,85939544B62365198391986,MOZ,ADM2,education,DISTANCE,5000,total,213876,77.39,213876,77.39
Cidade De Lichinga,,85939544B62365198391986,MOZ,ADM2,education,DISTANCE,10000,school_age,152161,95.27,28550,17.87
Cidade De Lichinga,,85939544B62365198391986,MOZ,ADM2,education,DISTANCE,10000,total,263274,95.27,49398,17.87
Cidade De Lichinga,,85939544B62365198391986,MOZ,ADM2,education,DISTANCE,15000,school_age,153599,96.17,1438,0.9
Cidade De Lichinga,,85939544B62365198391986,MOZ,ADM2,education,DISTANCE,15000,total,265763,96.17,2489,0.9
Cidade De Lichinga,,85939544B62365198391986,MOZ,ADM2,education,DISTANCE,20000,school_age,153606,96.17,7,0.0
Cidade De Lichinga,,85939544B62365198391986,MOZ,ADM2,education,DISTANCE,20000,total,265774,96.17,11,0.0
Cidade De Lichinga,,85939544B62365198391986,MOZ,ADM2,education,DISTANCE,25000,school_age,153614,96.18,8,0.01
Cidade De Lichinga,,85939544B62365198391986,MOZ,ADM2,education,DISTANCE,25000,total,265789,96.18,15,0.01
Cidade De Lichinga,,85939544B62365198391986,MOZ,ADM2,education,DISTANCE,30000,school_age,153614,96.18,0,0.0
Cidade De Lichinga,,85939544B62365198391986,MOZ,ADM2,education,DISTANCE,30000,total,265789,96.18,0,0.0
Cidade De Lichinga,,85939544B62365198391986,MOZ,ADM2,education,DISTANCE,35000,school_age,153614,96.18,0,0.0
Cidade De Lichinga,,85939544B62365198391986,MOZ,ADM2,education,DISTANCE,35000,total,265789,96.18,0,0.0
Cidade De Lichinga,,85939544B62365198391986,MOZ,ADM2,education,DISTANCE,40000,school_age,153614,96.18,0,0.0
Cidade De Lichinga,,85939544B62365198391986,MOZ,ADM2,education,DISTANCE,40000,total,265789,96.18,0,0.0
Cidade De Lichinga,,85939544B62365198391986,MOZ,ADM2,education,DISTANCE,45000,school_age,153614,96.18,0,0.0
Cidade De Lichinga,,85939544B62365198391986,MOZ,ADM2,education,DISTANCE,45000,total,265789,96.18,0,0.0
Cidade De Lichinga,,85939544B62365198391986,MOZ,ADM2,education,DISTANCE,50000,school_age,153614,96.18,0,0.0
Cidade De Lichinga,,85939544B62365198391986,MOZ,ADM2,education,DISTANCE,50000,total,265789,96.18,0,0.0
Cidade De Maputo,,85939544B59479814848654,MOZ,ADM2,education,DISTANCE,5000,school_age,585149,99.32,585149,99.32
Cidade De Maputo,,85939544B59479814848654,MOZ,ADM2,education,DISTANCE,5000,total,1242247,99.37,1242247,99.37
Cidade De Maputo,,85939544B59479814848654,MOZ,ADM2,education,DISTANCE,10000,school_age,585788,99.43,639,0.11
Cidade De Maputo,,85939544B59479814848654,MOZ,ADM2,education,DISTANCE,10000,total,1243538,99.48,1291,0.1
Cidade De Maputo,,85939544B59479814848654,MOZ,ADM2,education,DISTANCE,15000,school_age,585861,99.44,73,0.01
Cidade De Maputo,,85939544B59479814848654,MOZ,ADM2,education,DISTANCE,15000,total,1243686,99.49,148,0.01
Cidade De Maputo,,85939544B59479814848654,MOZ,ADM2,education,DISTANCE,20000,school_age,585881,99.45,20,0.0
Cidade De Maputo,,85939544B59479814848654,MOZ,ADM2,education,DISTANCE,20000,total,1243726,99.49,40,0.0
Cidade De Maputo,,85939544B59479814848654,MOZ,ADM2,education,DISTANCE,25000,school_age,585885,99.45,4,0.0
Cidade De Maputo,,85939544B59479814848654,MOZ,ADM2,education,DISTANCE,25000,total,1243733,99.49,7,0.0
Cidade De Maputo,,85939544B59479814848654,MOZ,ADM2,education,DISTANCE,30000,school_age,585887,99.45,2,0.0
Cidade De Maputo,,85939544B59479814848654,MOZ,ADM2,education,DISTANCE,30000,total,1243738,99.49,5,0.0
Cidade De Maputo,,85939544B59479814848654,MOZ,ADM2,education,DISTANCE,35000,school_age,585985,99.47,98,0.02
Cidade De Maputo,,85939544B59479814848654,MOZ,ADM2,education,DISTANCE,35000,total,1243936,99.51,198,0.02
Cidade De Maputo,,85939544B59479814848654,MOZ,ADM2,education,DISTANCE,40000,school_age,585985,99.47,0,0.0
Cidade De Maputo,,85939544B59479814848654,MOZ,ADM2,education,DISTANCE,40000,total,1243936,99.51,0,0.0
Cidade De Maputo,,85939544B59479814848654,MOZ,ADM2,education,DISTANCE,45000,school_age,585985,99.47,0,0.0
Cidade De Maputo,,85939544B59479814848654,MOZ,ADM2,education,DISTANCE,45000,total,1243936,99.51,0,0.0
Cidade De Maputo,,85939544B59479814848654,MOZ,ADM2,education,DISTANCE,50000,school_age,585985,99.47,0,0.0
Cidade De Maputo,,85939544B59479814848654,MOZ,ADM2,education,DISTANCE,50000,total,1243936,99.51,0,0.0
Cidade De Nampula,,85939544B70859422468328,MOZ,ADM2,education,DISTANCE,5000,school_age,379016,81.26,379016,81.26
Cidade De Nampula,,85939544B70859422468328,MOZ,ADM2,education,DISTANCE,5000,total,688507,81.26,688507,81.26
Cidade De Nampula,,85939544B70859422468328,MOZ,ADM2,education,DISTANCE,10000,school_age,436671,93.62,57655,12.36
Cidade De Nampula,,85939544B70859422468328,MOZ,ADM2,education,DISTANCE,10000,total,793241,93.62,104734,12.36
Cidade De Nampula,,85939544B70859422468328,MOZ,ADM2,education,DISTANCE,15000,school_age,439077,94.14,2406,0.52
Cidade De Nampula,,85939544B70859422468328,MOZ,ADM2,education,DISTANCE,15000,total,797613,94.14,4372,0.52
Cidade De Nampula,,85939544B70859422468328,MOZ,ADM2,education,DISTANCE,20000,school_age,442662,94.91,3585,0.77
Cidade De Nampula,,85939544B70859422468328,MOZ,ADM2,education,DISTANCE,20000,total,804124,94.91,6511,0.77
Cidade De Nampula,,85939544B70859422468328,MOZ,ADM2,education,DISTANCE,25000,school_age,443117,95.01,455,0.1
Cidade De Nampula,,85939544B70859422468328,MOZ,ADM2,education,DISTANCE,25000,total,804951,95.01,827,0.1
Cidade De Nampula,,85939544B70859422468328,MOZ,ADM2,education,DISTANCE,30000,school_age,443119,95.01,2,0.0
Cidade De Nampula,,85939544B70859422468328,MOZ,ADM2,education,DISTANCE,30000,total,804955,95.01,4,0.0
Cidade De Nampula,,85939544B70859422468328,MOZ,ADM2,education,DISTANCE,35000,school_age,443119,95.01,0,0.0
Cidade De Nampula,,85939544B70859422468328,MOZ,ADM2,education,DISTANCE,35000,total,804955,95.01,0,0.0
Cidade De Nampula,,85939544B70859422468328,MOZ,ADM2,education,DISTANCE,40000,school_age,443119,95.01,0,0.0
Cidade De Nampula,,85939544B70859422468328,MOZ,ADM2,education,DISTANCE,40000,total,804955,95.01,0,0.0
Cidade De Nampula,,85939544B70859422468328,MOZ,ADM2,education,DISTANCE,45000,school_age,443119,95.01,0,0.0
Cidade De Nampula,,85939544B70859422468328,MOZ,ADM2,education,DISTANCE,45000,total,804955,95.01,0,0.0
Cidade De Nampula,,85939544B70859422468328,MOZ,ADM2,education,DISTANCE,50000,school_age,443232,95.03,113,0.02
Cidade De Nampula,,85939544B70859422468328,MOZ,ADM2,education,DISTANCE,50000,total,805160,95.03,205,0.02
Cidade De Pemba,,85939544B58572468312701,MOZ,ADM2,education,DISTANCE,5000,school_age,135215,96.6,135215,96.6
Cidade De Pemba,,85939544B58572468312701,MOZ,ADM2,education,DISTANCE,5000,total,251547,96.6,251547,96.6
Cidade De Pemba,,85939544B58572468312701,MOZ,ADM2,education,DISTANCE,10000,school_age,136643,97.62,1428,1.02
Cidade De Pemba,,85939544B58572468312701,MOZ,ADM2,education,DISTANCE,10000,total,254204,97.62,2657,1.02
Cidade De Pemba,,85939544B58572468312701,MOZ,ADM2,education,DISTANCE,15000,school_age,136665,97.64,22,0.02
Cidade De Pemba,,85939544B58572468312701,MOZ,ADM2,education,DISTANCE,15000,total,254244,97.64,40,0.02
Cidade De Pemba,,85939544B58572468312701,MOZ,ADM2,education,DISTANCE,20000,school_age,136665,97.64,0,0.0
Cidade De Pemba,,85939544B58572468312701,MOZ,ADM2,education,DISTANCE,20000,total,254244,97.64,0,0.0
Cidade De Pemba,,85939544B58572468312701,MOZ,ADM2,education,DISTANCE,25000,school_age,136682,97.65,17,0.01
Cidade De Pemba,,85939544B58572468312701,MOZ,ADM2,education,DISTANCE,25000,total,254276,97.65,32,0.01
Cidade De Pemba,,85939544B58572468312701,MOZ,ADM2,education,DISTANCE,30000,school_age,137510,98.24,828,0.59
Cidade De Pemba,,85939544B58572468312701,MOZ,ADM2,education,DISTANCE,30000,total,255817,98.24,1541,0.59
Cidade De Pemba,,85939544B58572468312701,MOZ,ADM2,education,DISTANCE,35000,school_age,137536,98.26,26,0.02
Cidade De Pemba,,85939544B58572468312701,MOZ,ADM2,education,DISTANCE,35000,total,255864,98.26,47,0.02
Cidade De Pemba,,85939544B58572468312701,MOZ,ADM2,education,DISTANCE,40000,school_age,137543,98.26,7,0.01
Cidade De Pemba,,85939544B58572468312701,MOZ,ADM2,education,DISTANCE,40000,total,255877,98.26,13,0.0
Cidade De Pemba,,85939544B58572468312701,MOZ,ADM2,education,DISTANCE,45000,school_age,137549,98.27,6,0.0
Cidade De Pemba,,85939544B58572468312701,MOZ,ADM2,education,DISTANCE,45000,total,255888,98.27,11,0.0
Cidade De Pemba,,85939544B58572468312701,MOZ,ADM2,education,DISTANCE,50000,school_age,137549,98.27,0,0.0
Cidade De Pemba,,85939544B58572468312701,MOZ,ADM2,education,DISTANCE,50000,total,255889,98.27,1,0.0
Cidade De Quelimane,,85939544B40669081557189,MOZ,ADM2,education,DISTANCE,5000,school_age,126520,87.08,126520,87.08
Cidade De Quelimane,,85939544B40669081557189,MOZ,ADM2,education,DISTANCE,5000,total,234544,87.08,234544,87.08
Cidade De Quelimane,,85939544B40669081557189,MOZ,ADM2,education,DISTANCE,10000,school_age,137268,94.48,10748,7.4
Cidade De Quelimane,,85939544B40669081557189,MOZ,ADM2,education,DISTANCE,10000,total,254469,94.48,19925,7.4
Cidade De Quelimane,,85939544B40669081557189,MOZ,ADM2,education,DISTANCE,15000,school_age,137445,94.6,177,0.12
Cidade De Quelimane,,85939544B40669081557189,MOZ,ADM2,education,DISTANCE,15000,total,254798,94.6,329,0.12
Cidade De Quelimane,,85939544B40669081557189,MOZ,ADM2,education,DISTANCE,20000,school_age,137445,94.6,0,0.0
Cidade De Quelimane,,85939544B40669081557189,MOZ,ADM2,education,DISTANCE,20000,total,254798,94.6,0,0.0
Cidade De Quelimane,,85939544B40669081557189,MOZ,ADM2,education,DISTANCE,25000,school_age,137445,94.6,0,0.0
Cidade De Quelimane,,85939544B40669081557189,MOZ,ADM2,education,DISTANCE,25000,total,254798,94.6,0,0.0
Cidade De Quelimane,,85939544B40669081557189,MOZ,ADM2,education,DISTANCE,30000,school_age,137445,94.6,0,0.0
Cidade De Quelimane,,85939544B40669081557189,MOZ,ADM2,education,DISTANCE,30000,total,254798,94.6,0,0.0
Cidade De Quelimane,,85939544B40669081557189,MOZ,ADM2,education,DISTANCE,35000,school_age,137445,94.6,0,0.0
Cidade De Quelimane,,85939544B40669081557189,MOZ,ADM2,education,DISTANCE,35000,total,254798,94.6,0,0.0
Cidade De Quelimane,,85939544B40669081557189,MOZ,ADM2,education,DISTANCE,40000,school_age,140076,96.41,2631,1.81
Cidade De Quelimane,,85939544B40669081557189,MOZ,ADM2,education,DISTANCE,40000,total,259674,96.41,4876,1.81
Cidade De Quelimane,,85939544B40669081557189,MOZ,ADM2,education,DISTANCE,45000,school_age,140156,96.46,80,0.06
Cidade De Quelimane,,85939544B40669081557189,MOZ,ADM2,education,DISTANCE,45000,total,259823,96.46,149,0.06
Cidade De Quelimane,,85939544B40669081557189,MOZ,ADM2,education,DISTANCE,50000,school_age,140256,96.53,100,0.07
Cidade De Quelimane,,85939544B40669081557189,MOZ,ADM2,education,DISTANCE,50000,total,260009,96.53,186,0.07
Cidade De Tete,,85939544B33116803936279,MOZ,ADM2,education,DISTANCE,5000,school_age,122234,80.5,122234,80.5
Cidade De Tete,,85939544B33116803936279,MOZ,ADM2,education,DISTANCE,5000,total,220873,80.51,220873,80.51
Cidade De Tete,,85939544B33116803936279,MOZ,ADM2,education,DISTANCE,10000,school_age,143023,94.19,20789,13.69
Cidade De Tete,,85939544B33116803936279,MOZ,ADM2,education,DISTANCE,10000,total,258435,94.2,37562,13.69
Cidade De Tete,,85939544B33116803936279,MOZ,ADM2,education,DISTANCE,15000,school_age,146005,96.16,2982,1.96
Cidade De Tete,,85939544B33116803936279,MOZ,ADM2,education,DISTANCE,15000,total,263822,96.16,5387,1.96
Cidade De Tete,,85939544B33116803936279,MOZ,ADM2,education,DISTANCE,20000,school_age,146207,96.29,202,0.13
Cidade De Tete,,85939544B33116803936279,MOZ,ADM2,education,DISTANCE,20000,total,264186,96.29,364,0.13
Cidade De Tete,,85939544B33116803936279,MOZ,ADM2,education,DISTANCE,25000,school_age,146581,96.54,374,0.25
Cidade De Tete,,85939544B33116803936279,MOZ,ADM2,education,DISTANCE,25000,total,264861,96.54,675,0.25
Cidade De Tete,,85939544B33116803936279,MOZ,ADM2,education,DISTANCE,30000,school_age,149328,98.35,2747,1.81
Cidade De Tete,,85939544B33116803936279,MOZ,ADM2,education,DISTANCE,30000,total,269824,98.35,4963,1.81
Cidade De Tete,,85939544B33116803936279,MOZ,ADM2,education,DISTANCE,35000,school_age,149451,98.43,123,0.08
Cidade De Tete,,85939544B33116803936279,MOZ,ADM2,education,DISTANCE,35000,total,270047,98.43,223,0.08
Cidade De Tete,,85939544B33116803936279,MOZ,ADM2,education,DISTANCE,40000,school_age,149451,98.43,0,0.0
Cidade De Tete,,85939544B33116803936279,MOZ,ADM2,education,DISTANCE,40000,total,270047,98.43,0,0.0
Cidade De Tete,,85939544B33116803936279,MOZ,ADM2,education,DISTANCE,45000,school_age,149451,98.43,0,0.0
Cidade De Tete,,85939544B33116803936279,MOZ,ADM2,education,DISTANCE,45000,total,270047,98.43,0,0.0
Cidade De Tete,,85939544B33116803936279,MOZ,ADM2,education,DISTANCE,50000,school_age,149516,98.47,65,0.04
Cidade De Tete,,85939544B33116803936279,MOZ,ADM2,education,DISTANCE,50000,total,270164,98.47,117,0.04
Cidade De Xai-Xai,,85939544B37239521731461,MOZ,ADM2,education,DISTANCE,5000,school_age,65536,84.37,65536,84.37
Cidade De Xai-Xai,,85939544B37239521731461,MOZ,ADM2,education,DISTANCE,5000,total,121762,84.37,121762,84.37
Cidade De Xai-Xai,,85939544B37239521731461,MOZ,ADM2,education,DISTANCE,10000,school_age,74339,95.71,8803,11.33
Cidade De Xai-Xai,,85939544B37239521731461,MOZ,ADM2,education,DISTANCE,10000,total,138117,95.7,16355,11.33
Cidade De Xai-Xai,,85939544B37239521731461,MOZ,ADM2,education,DISTANCE,15000,school_age,75178,96.79,839,1.08
Cidade De Xai-Xai,,85939544B37239521731461,MOZ,ADM2,education,DISTANCE,15000,total,139676,96.78,1559,1.08
Cidade De Xai-Xai,,85939544B37239521731461,MOZ,ADM2,education,DISTANCE,20000,school_age,75178,96.79,0,0.0
Cidade De Xai-Xai,,85939544B37239521731461,MOZ,ADM2,education,DISTANCE,20000,total,139676,96.78,0,0.0
Cidade De Xai-Xai,,85939544B37239521731461,MOZ,ADM2,education,DISTANCE,25000,school_age,75178,96.79,0,0.0
Cidade De Xai-Xai,,85939544B37239521731461,MOZ,ADM2,education,DISTANCE,25000,total,139676,96.78,0,0.0
Cidade De Xai-Xai,,85939544B37239521731461,MOZ,ADM2,education,DISTANCE,30000,school_age,75178,96.79,0,0.0
Cidade De Xai-Xai,,85939544B37239521731461,MOZ,ADM2,education,DISTANCE,30000,total,139676,96.78,0,0.0
Cidade De Xai-Xai,,85939544B37239521731461,MOZ,ADM2,education,DISTANCE,35000,school_age,75179,96.79,1,0.0
Cidade De Xai-Xai,,85939544B37239521731461,MOZ,ADM2,education,DISTANCE,35000,total,139678,96.79,2,0.0
Cidade De Xai-Xai,,85939544B37239521731461,MOZ,ADM2,education,DISTANCE,40000,school_age,75868,97.67,689,0.89
Cidade De Xai-Xai,,85939544B37239521731461,MOZ,ADM2,education,DISTANCE,40000,total,140958,97.67,1280,0.89
Cidade De Xai-Xai,,85939544B37239521731461,MOZ,ADM2,education,DISTANCE,45000,school_age,75886,97.7,18,0.02
Cidade De Xai-Xai,,85939544B37239521731461,MOZ,ADM2,education,DISTANCE,45000,total,140992,97.7,34,0.02
Cidade De Xai-Xai,,85939544B37239521731461,MOZ,ADM2,education,DISTANCE,50000,school_age,75891,97.7,5,0.01
Cidade De Xai-Xai,,85939544B37239521731461,MOZ,ADM2,education,DISTANCE,50000,total,141001,97.7,9,0.01
Cuamba,,85939544B95923837460414,MOZ,ADM2,education,DISTANCE,5000,school_age,36282,20.74,36282,20.74
Cuamba,,85939544B95923837460414,MOZ,ADM2,education,DISTANCE,5000,total,63968,20.74,63968,20.74
Cuamba,,85939544B95923837460414,MOZ,ADM2,education,DISTANCE,10000,school_age,40551,23.18,4269,2.44
Cuamba,,85939544B95923837460414,MOZ,ADM2,education,DISTANCE,10000,total,71496,23.18,7528,2.44
Cuamba,,85939544B95923837460414,MOZ,ADM2,education,DISTANCE,15000,school_age,41382,23.65,831,0.48
Cuamba,,85939544B95923837460414,MOZ,ADM2,education,DISTANCE,15000,total,72962,23.66,1466,0.48
Cuamba,,85939544B95923837460414,MOZ,ADM2,education,DISTANCE,20000,school_age,42947,24.55,1565,0.89
Cuamba,,85939544B95923837460414,MOZ,ADM2,education,DISTANCE,20000,total,75720,24.55,2758,0.89
Cuamba,,85939544B95923837460414,MOZ,ADM2,education,DISTANCE,25000,school_age,44114,25.22,1167,0.67
Cuamba,,85939544B95923837460414,MOZ,ADM2,education,DISTANCE,25000,total,77778,25.22,2058,0.67
Cuamba,,85939544B95923837460414,MOZ,ADM2,education,DISTANCE,30000,school_age,63367,36.22,19253,11.01
Cuamba,,85939544B95923837460414,MOZ,ADM2,education,DISTANCE,30000,total,111722,36.22,33944,11.01
Cuamba,,85939544B95923837460414,MOZ,ADM2,education,DISTANCE,35000,school_age,67528,38.6,4161,2.38
Cuamba,,85939544B95923837460414,MOZ,ADM2,education,DISTANCE,35000,total,119060,38.6,7338,2.38
Cuamba,,85939544B95923837460414,MOZ,ADM2,education,DISTANCE,40000,school_age,71554,40.9,4026,2.3
Cuamba,,85939544B95923837460414,MOZ,ADM2,education,DISTANCE,40000,total,126158,40.9,7098,2.3
Cuamba,,85939544B95923837460414,MOZ,ADM2,education,DISTANCE,45000,school_age,74633,42.66,3079,1.76
Cuamba,,85939544B95923837460414,MOZ,ADM2,education,DISTANCE,45000,total,131585,42.66,5427,1.76
Cuamba,,85939544B95923837460414,MOZ,ADM2,education,DISTANCE,50000,school_age,79291,45.32,4658,2.66
Cuamba,,85939544B95923837460414,MOZ,ADM2,education,DISTANCE,50000,total,139799,45.33,8214,2.66
Derre,,85939544B72257349680566,MOZ,ADM2,education,DISTANCE,30000,school_age,255,0.46,255,0.46
Derre,,85939544B72257349680566,MOZ,ADM2,education,DISTANCE,30000,total,441,0.46,441,0.46
Derre,,85939544B72257349680566,MOZ,ADM2,education,DISTANCE,35000,school_age,1654,2.95,1399,2.5
Derre,,85939544B72257349680566,MOZ,ADM2,education,DISTANCE,35000,total,2858,2.95,2417,2.5
Derre,,85939544B72257349680566,MOZ,ADM2,education,DISTANCE,40000,school_age,3480,6.22,1826,3.26
Derre,,85939544B72257349680566,MOZ,ADM2,education,DISTANCE,40000,total,6015,6.22,3157,3.26
Derre,,85939544B72257349680566,MOZ,ADM2,education,DISTANCE,45000,school_age,5481,9.79,2001,3.57
Derre,,85939544B72257349680566,MOZ,ADM2,education,DISTANCE,45000,total,9474,9.79,3459,3.57
Derre,,85939544B72257349680566,MOZ,ADM2,education,DISTANCE,50000,school_age,8379,14.96,2898,5.18
Derre,,85939544B72257349680566,MOZ,ADM2,education,DISTANCE,50000,total,14482,14.96,5008,5.17
Dondo,,85939544B17350721147016,MOZ,ADM2,education,DISTANCE,5000,school_age,63036,64.09,63036,64.09
Dondo,,85939544B17350721147016,MOZ,ADM2,education,DISTANCE,5000,total,116946,64.09,116946,64.09
Dondo,,85939544B17350721147016,MOZ,ADM2,education,DISTANCE,10000,school_age,78597,79.91,15561,15.82
Dondo,,85939544B17350721147016,MOZ,ADM2,education,DISTANCE,10000,total,145817,79.91,28871,15.82
Dondo,,85939544B17350721147016,MOZ,ADM2,education,DISTANCE,15000,school_age,80336,81.68,1739,1.77
Dondo,,85939544B17350721147016,MOZ,ADM2,education,DISTANCE,15000,total,149043,81.68,3226,1.77
Dondo,,85939544B17350721147016,MOZ,ADM2,education,DISTANCE,20000,school_age,82616,83.99,2280,2.32
Dondo,,85939544B17350721147016,MOZ,ADM2,education,DISTANCE,20000,total,153273,84.0,4230,2.32
Dondo,,85939544B17350721147016,MOZ,ADM2,education,DISTANCE,25000,school_age,86263,87.7,3647,3.71
Dondo,,85939544B17350721147016,MOZ,ADM2,education,DISTANCE,25000,total,160038,87.7,6765,3.71
Dondo,,85939544B17350721147016,MOZ,ADM2,education,DISTANCE,30000,school_age,87554,89.01,1291,1.31
Dondo,,85939544B17350721147016,MOZ,ADM2,education,DISTANCE,30000,total,162432,89.02,2394,1.31
Dondo,,85939544B17350721147016,MOZ,ADM2,education,DISTANCE,35000,school_age,90552,92.06,2998,3.05
Dondo,,85939544B17350721147016,MOZ,ADM2,education,DISTANCE,35000,total,167994,92.06,5562,3.05
Dondo,,85939544B17350721147016,MOZ,ADM2,education,DISTANCE,40000,school_age,91239,92.76,687,0.7
Dondo,,85939544B17350721147016,MOZ,ADM2,education,DISTANCE,40000,total,169267,92.76,1273,0.7
Dondo,,85939544B17350721147016,MOZ,ADM2,education,DISTANCE,45000,school_age,92716,94.26,1477,1.5
Dondo,,85939544B17350721147016,MOZ,ADM2,education,DISTANCE,45000,total,172008,94.26,2741,1.5
Dondo,,85939544B17350721147016,MOZ,ADM2,education,DISTANCE,50000,school_age,93008,94.56,292,0.3
Dondo,,85939544B17350721147016,MOZ,ADM2,education,DISTANCE,50000,total,172550,94.56,542,0.3
Erati,,85939544B1665883546251,MOZ,ADM2,education,DISTANCE,40000,school_age,1324,0.74,1324,0.74
Erati,,85939544B1665883546251,MOZ,ADM2,education,DISTANCE,40000,total,2480,0.74,2480,0.74
Erati,,85939544B1665883546251,MOZ,ADM2,education,DISTANCE,45000,school_age,10165,5.66,8841,4.92
Erati,,85939544B1665883546251,MOZ,ADM2,education,DISTANCE,45000,total,19040,5.66,16560,4.92
Erati,,85939544B1665883546251,MOZ,ADM2,education,DISTANCE,50000,school_age,11637,6.48,1472,0.82
Erati,,85939544B1665883546251,MOZ,ADM2,education,DISTANCE,50000,total,21799,6.48,2759,0.82
Funhalouro,,85939544B45831091528789,MOZ,ADM2,education,DISTANCE,40000,school_age,0,0.0,0,0.0
Funhalouro,,85939544B45831091528789,MOZ,ADM2,education,DISTANCE,40000,total,0,0.0,0,0.0
Funhalouro,,85939544B45831091528789,MOZ,ADM2,education,DISTANCE,45000,school_age,6,0.02,6,0.02
Funhalouro,,85939544B45831091528789,MOZ,ADM2,education,DISTANCE,45000,total,12,0.02,12,0.02
Funhalouro,,85939544B45831091528789,MOZ,ADM2,education,DISTANCE,50000,school_age,19,0.07,13,0.05
Funhalouro,,85939544B45831091528789,MOZ,ADM2,education,DISTANCE,50000,total,37,0.07,25,0.05
Gaza,MZ-G,27363107B41711230736845,MOZ,ADM1,education,DISTANCE,5000,school_age,131164,15.56,131164,15.56
Gaza,MZ-G,27363107B41711230736845,MOZ,ADM1,education,DISTANCE,5000,total,242504,15.59,242504,15.59
Gaza,MZ-G,27363107B41711230736845,MOZ,ADM1,education,DISTANCE,10000,school_age,216988,25.74,85824,10.18
Gaza,MZ-G,27363107B41711230736845,MOZ,ADM1,education,DISTANCE,10000,total,401740,25.83,159236,10.24
Gaza,MZ-G,27363107B41711230736845,MOZ,ADM1,education,DISTANCE,15000,school_age,288818,34.27,71830,8.52
Gaza,MZ-G,27363107B41711230736845,MOZ,ADM1,education,DISTANCE,15000,total,535433,34.42,133693,8.6
Gaza,MZ-G,27363107B41711230736845,MOZ,ADM1,education,DISTANCE,20000,school_age,339882,40.32,51064,6.06
Gaza,MZ-G,27363107B41711230736845,MOZ,ADM1,education,DISTANCE,20000,total,629441,40.47,94008,6.04
Gaza,MZ-G,27363107B41711230736845,MOZ,ADM1,education,DISTANCE,25000,school_age,390543,46.33,50661,6.01
Gaza,MZ-G,27363107B41711230736845,MOZ,ADM1,education,DISTANCE,25000,total,722561,46.46,93120,5.99
Gaza,MZ-G,27363107B41711230736845,MOZ,ADM1,education,DISTANCE,30000,school_age,416324,49.39,25781,3.06
Gaza,MZ-G,27363107B41711230736845,MOZ,ADM1,education,DISTANCE,30000,total,770012,49.51,47451,3.05
Gaza,MZ-G,27363107B41711230736845,MOZ,ADM1,education,DISTANCE,35000,school_age,445936,52.91,29612,3.51
Gaza,MZ-G,27363107B41711230736845,MOZ,ADM1,education,DISTANCE,35000,total,824419,53.0,54407,3.5
Gaza,MZ-G,27363107B41711230736845,MOZ,ADM1,education,DISTANCE,40000,school_age,456872,54.2,10936,1.3
Gaza,MZ-G,27363107B41711230736845,MOZ,ADM1,education,DISTANCE,40000,total,844586,54.3,20167,1.3
Gaza,MZ-G,27363107B41711230736845,MOZ,ADM1,education,DISTANCE,45000,school_age,481673,57.15,24801,2.94
Gaza,MZ-G,27363107B41711230736845,MOZ,ADM1,education,DISTANCE,45000,total,890402,57.25,45816,2.95
Gaza,MZ-G,27363107B41711230736845,MOZ,ADM1,education,DISTANCE,50000,school_age,515878,61.21,34205,4.06
Gaza,MZ-G,27363107B41711230736845,MOZ,ADM1,education,DISTANCE,50000,total,954401,61.36,63999,4.11
Gile,,85939544B5310870224650,MOZ,ADM2,education,DISTANCE,40000,school_age,67,0.04,67,0.04
Gile,,85939544B5310870224650,MOZ,ADM2,education,DISTANCE,40000,total,115,0.04,115,0.04
Gile,,85939544B5310870224650,MOZ,ADM2,education,DISTANCE,45000,school_age,275,0.18,208,0.14
Gile,,85939544B5310870224650,MOZ,ADM2,education,DISTANCE,45000,total,470,0.18,355,0.14
Gile,,85939544B5310870224650,MOZ,ADM2,education,DISTANCE,50000,school_age,947,0.62,672,0.44
Gile,,85939544B5310870224650,MOZ,ADM2,education,DISTANCE,50000,total,1620,0.62,1150,0.44
Gondola,,85939544B20117006553770,MOZ,ADM2,education,DISTANCE,5000,school_age,27655,17.92,27655,17.92
Gondola,,85939544B20117006553770,MOZ,ADM2,education,DISTANCE,5000,total,47162,17.92,47162,17.92
Gondola,,85939544B20117006553770,MOZ,ADM2,education,DISTANCE,10000,school_age,55542,36.0,27887,18.07
Gondola,,85939544B20117006553770,MOZ,ADM2,education,DISTANCE,10000,total,94720,36.0,47558,18.07
Gondola,,85939544B20117006553770,MOZ,ADM2,education,DISTANCE,15000,school_age,65338,42.35,9796,6.35
Gondola,,85939544B20117006553770,MOZ,ADM2,education,DISTANCE,15000,total,111426,42.35,16706,6.35
Gondola,,85939544B20117006553770,MOZ,ADM2,education,DISTANCE,20000,school_age,77088,49.96,11750,7.62
Gondola,,85939544B20117006553770,MOZ,ADM2,education,DISTANCE,20000,total,131463,49.96,20037,7.61
Gondola,,85939544B20117006553770,MOZ,ADM2,education,DISTANCE,25000,school_age,84207,54.57,7119,4.61
Gondola,,85939544B20117006553770,MOZ,ADM2,education,DISTANCE,25000,total,143606,54.57,12143,4.61
Gondola,,85939544B20117006553770,MOZ,ADM2,education,DISTANCE,30000,school_age,89327,57.89,5120,3.32
Gondola,,85939544B20117006553770,MOZ,ADM2,education,DISTANCE,30000,total,152337,57.89,8731,3.32
Gondola,,85939544B20117006553770,MOZ,ADM2,education,DISTANCE,35000,school_age,95096,61.63,5769,3.74
Gondola,,85939544B20117006553770,MOZ,ADM2,education,DISTANCE,35000,total,162177,61.63,9840,3.74
Gondola,,85939544B20117006553770,MOZ,ADM2,education,DISTANCE,40000,school_age,95809,62.09,713,0.46
Gondola,,85939544B20117006553770,MOZ,ADM2,education,DISTANCE,40000,total,163392,62.09,1215,0.46
Gondola,,85939544B20117006553770,MOZ,ADM2,education,DISTANCE,45000,school_age,102147,66.2,6338,4.11
Gondola,,85939544B20117006553770,MOZ,ADM2,education,DISTANCE,45000,total,174200,66.2,10808,4.11
Gondola,,85939544B20117006553770,MOZ,ADM2,education,DISTANCE,50000,school_age,113075,73.28,10928,7.08
Gondola,,85939544B20117006553770,MOZ,ADM2,education,DISTANCE,50000,total,192836,73.28,18636,7.08
Gorongosa,,85939544B94652077383293,MOZ,ADM2,education,DISTANCE,5000,school_age,289,0.24,289,0.24
Gorongosa,,85939544B94652077383293,MOZ,ADM2,education,DISTANCE,5000,total,477,0.24,477,0.24
Gorongosa,,85939544B94652077383293,MOZ,ADM2,education,DISTANCE,10000,school_age,665,0.55,376,0.31
Gorongosa,,85939544B94652077383293,MOZ,ADM2,education,DISTANCE,10000,total,1098,0.55,621,0.31
Gorongosa,,85939544B94652077383293,MOZ,ADM2,education,DISTANCE,15000,school_age,1451,1.19,786,0.64
Gorongosa,,85939544B94652077383293,MOZ,ADM2,education,DISTANCE,15000,total,2396,1.19,1298,0.64
Gorongosa,,85939544B94652077383293,MOZ,ADM2,education,DISTANCE,20000,school_age,2981,2.44,1530,1.25
Gorongosa,,85939544B94652077383293,MOZ,ADM2,education,DISTANCE,20000,total,4922,2.45,2526,1.25
Gorongosa,,85939544B94652077383293,MOZ,ADM2,education,DISTANCE,25000,school_age,6574,5.39,3593,2.95
Gorongosa,,85939544B94652077383293,MOZ,ADM2,education,DISTANCE,25000,total,10853,5.39,5931,2.95
Gorongosa,,85939544B94652077383293,MOZ,ADM2,education,DISTANCE,30000,school_age,19198,15.75,12624,10.35
Gorongosa,,85939544B94652077383293,MOZ,ADM2,education,DISTANCE,30000,total,31692,15.75,20839,10.35
Gorongosa,,85939544B94652077383293,MOZ,ADM2,education,DISTANCE,35000,school_age,25589,20.99,6391,5.24
Gorongosa,,85939544B94652077383293,MOZ,ADM2,education,DISTANCE,35000,total,42242,20.99,10550,5.24
Gorongosa,,85939544B94652077383293,MOZ,ADM2,education,DISTANCE,40000,school_age,28089,23.04,2500,2.05
Gorongosa,,85939544B94652077383293,MOZ,ADM2,education,DISTANCE,40000,total,46369,23.04,4127,2.05
Gorongosa,,85939544B94652077383293,MOZ,ADM2,education,DISTANCE,45000,school_age,32636,26.77,4547,3.73
Gorongosa,,85939544B94652077383293,MOZ,ADM2,education,DISTANCE,45000,total,53875,26.77,7506,3.73
Gorongosa,,85939544B94652077383293,MOZ,ADM2,education,DISTANCE,50000,school_age,39783,32.63,7147,5.86
Gorongosa,,85939544B94652077383293,MOZ,ADM2,education,DISTANCE,50000,total,65673,32.63,11798,5.86
Govuro,,85939544B19130781251351,MOZ,ADM2,education,DISTANCE,25000,school_age,0,0.0,0,0.0
Govuro,,85939544B19130781251351,MOZ,ADM2,education,DISTANCE,25000,total,0,0.0,0,0.0
Govuro,,85939544B19130781251351,MOZ,ADM2,education,DISTANCE,30000,school_age,100,0.41,100,0.41
Govuro,,85939544B19130781251351,MOZ,ADM2,education,DISTANCE,30000,total,183,0.41,183,0.41
Govuro,,85939544B19130781251351,MOZ,ADM2,education,DISTANCE,35000,school_age,212,0.88,112,0.46
Govuro,,85939544B19130781251351,MOZ,ADM2,education,DISTANCE,35000,total,387,0.88,204,0.46
Govuro,,85939544B19130781251351,MOZ,ADM2,education,DISTANCE,40000,school_age,248,1.03,36,0.15
Govuro,,85939544B19130781251351,MOZ,ADM2,education,DISTANCE,40000,total,453,1.03,66,0.15
Govuro,,85939544B19130781251351,MOZ,ADM2,education,DISTANCE,45000,school_age,493,2.04,245,1.01
Govuro,,85939544B19130781251351,MOZ,ADM2,education,DISTANCE,45000,total,900,2.04,447,1.01
Govuro,,85939544B19130781251351,MOZ,ADM2,education,DISTANCE,50000,school_age,804,3.33,311,1.29
Govuro,,85939544B19130781251351,MOZ,ADM2,education,DISTANCE,50000,total,1466,3.32,566,1.28
Guija,,85939544B1211152631593,MOZ,ADM2,education,DISTANCE,5000,school_age,2552,4.28,2552,4.28
Guija,,85939544B1211152631593,MOZ,ADM2,education,DISTANCE,5000,total,4693,4.29,4693,4.29
Guija,,85939544B1211152631593,MOZ,ADM2,education,DISTANCE,10000,school_age,5798,9.73,3246,5.45
Guija,,85939544B1211152631593,MOZ,ADM2,education,DISTANCE,10000,total,10660,9.73,5967,5.45
Guija,,85939544B1211152631593,MOZ,ADM2,education,DISTANCE,15000,school_age,9826,16.5,4028,6.76
Guija,,85939544B1211152631593,MOZ,ADM2,education,DISTANCE,15000,total,18065,16.5,7405,6.76
Guija,,85939544B1211152631593,MOZ,ADM2,education,DISTANCE,20000,school_age,13197,22.15,3371,5.66
Guija,,85939544B1211152631593,MOZ,ADM2,education,DISTANCE,20000,total,24263,22.15,6198,5.66
Guija,,85939544B1211152631593,MOZ,ADM2,education,DISTANCE,25000,school_age,19701,33.07,6504,10.92
Guija,,85939544B1211152631593,MOZ,ADM2,education,DISTANCE,25000,total,36219,33.07,11956,10.92
Guija,,85939544B1211152631593,MOZ,ADM2,education,DISTANCE,30000,school_age,22872,38.4,3171,5.32
Guija,,85939544B1211152631593,MOZ,ADM2,education,DISTANCE,30000,total,42049,38.4,5830,5.32
Guija,,85939544B1211152631593,MOZ,ADM2,education,DISTANCE,35000,school_age,23490,39.43,618,1.04
Guija,,85939544B1211152631593,MOZ,ADM2,education,DISTANCE,35000,total,43186,39.43,1137,1.04
Guija,,85939544B1211152631593,MOZ,ADM2,education,DISTANCE,40000,school_age,24211,40.64,721,1.21
Guija,,85939544B1211152631593,MOZ,ADM2,education,DISTANCE,40000,total,44511,40.64,1325,1.21
Guija,,85939544B1211152631593,MOZ,ADM2,education,DISTANCE,45000,school_age,29669,49.81,5458,9.16
Guija,,85939544B1211152631593,MOZ,ADM2,education,DISTANCE,45000,total,54546,49.81,10035,9.16
Guija,,85939544B1211152631593,MOZ,ADM2,education,DISTANCE,50000,school_age,30328,50.91,659,1.11
Guija,,85939544B1211152631593,MOZ,ADM2,education,DISTANCE,50000,total,55757,50.91,1211,1.11
Guro,,85939544B86319968156717,MOZ,ADM2,education,DISTANCE,45000,school_age,828,1.14,828,1.14
Guro,,85939544B86319968156717,MOZ,ADM2,education,DISTANCE,45000,total,1344,1.14,1344,1.14
Guro,,85939544B86319968156717,MOZ,ADM2,education,DISTANCE,50000,school_age,18253,25.14,17425,24.0
Guro,,85939544B86319968156717,MOZ,ADM2,education,DISTANCE,50000,total,29571,25.14,28227,24.0
Gurue,,85939544B52550879093260,MOZ,ADM2,education,DISTANCE,25000,school_age,7,0.0,7,0.0
Gurue,,85939544B52550879093260,MOZ,ADM2,education,DISTANCE,25000,total,12,0.0,12,0.0
Gurue,,85939544B52550879093260,MOZ,ADM2,education,DISTANCE,30000,school_age,106,0.04,99,0.03
Gurue,,85939544B52550879093260,MOZ,ADM2,education,DISTANCE,30000,total,185,0.04,173,0.03
Gurue,,85939544B52550879093260,MOZ,ADM2,education,DISTANCE,35000,school_age,262,0.09,156,0.05
Gurue,,85939544B52550879093260,MOZ,ADM2,education,DISTANCE,35000,total,458,0.09,273,0.05
Gurue,,85939544B52550879093260,MOZ,ADM2,education,DISTANCE,40000,school_age,439,0.15,177,0.06
Gurue,,85939544B52550879093260,MOZ,ADM2,education,DISTANCE,40000,total,770,0.15,312,0.06
Gurue,,85939544B52550879093260,MOZ,ADM2,education,DISTANCE,45000,school_age,627,0.21,188,0.06
Gurue,,85939544B52550879093260,MOZ,ADM2,education,DISTANCE,45000,total,1098,0.21,328,0.06
Gurue,,85939544B52550879093260,MOZ,ADM2,education,DISTANCE,50000,school_age,1565,0.53,938,0.32
Gurue,,85939544B52550879093260,MOZ,ADM2,education,DISTANCE,50000,total,2741,0.53,1643,0.32
Homoine,,85939544B9969435799517,MOZ,ADM2,education,DISTANCE,10000,school_age,110,0.15,110,0.15
Homoine,,85939544B9969435799517,MOZ,ADM2,education,DISTANCE,10000,total,202,0.15,202,0.15
Homoine,,85939544B9969435799517,MOZ,ADM2,education,DISTANCE,15000,school_age,424,0.59,314,0.44
Homoine,,85939544B9969435799517,MOZ,ADM2,education,DISTANCE,15000,total,778,0.59,576,0.44
Homoine,,85939544B9969435799517,MOZ,ADM2,education,DISTANCE,20000,school_age,3444,4.78,3020,4.19
Homoine,,85939544B9969435799517,MOZ,ADM2,education,DISTANCE,20000,total,6326,4.78,5548,4.2
Homoine,,85939544B9969435799517,MOZ,ADM2,education,DISTANCE,25000,school_age,15939,22.14,12495,17.36
Homoine,,85939544B9969435799517,MOZ,ADM2,education,DISTANCE,25000,total,29274,22.14,22948,17.36
Homoine,,85939544B9969435799517,MOZ,ADM2,education,DISTANCE,30000,school_age,17867,24.82,1928,2.68
Homoine,,85939544B9969435799517,MOZ,ADM2,education,DISTANCE,30000,total,32815,24.82,3541,2.68
Homoine,,85939544B9969435799517,MOZ,ADM2,education,DISTANCE,35000,school_age,19781,27.48,1914,2.66
Homoine,,85939544B9969435799517,MOZ,ADM2,education,DISTANCE,35000,total,36331,27.48,3516,2.66
Homoine,,85939544B9969435799517,MOZ,ADM2,education,DISTANCE,40000,school_age,20771,28.85,990,1.38
Homoine,,85939544B9969435799517,MOZ,ADM2,education,DISTANCE,40000,total,38150,28.85,1819,1.38
Homoine,,85939544B9969435799517,MOZ,ADM2,education,DISTANCE,45000,school_age,21690,30.13,919,1.28
Homoine,,85939544B9969435799517,MOZ,ADM2,education,DISTANCE,45000,total,39837,30.13,1687,1.28
Homoine,,85939544B9969435799517,MOZ,ADM2,education,DISTANCE,50000,school_age,22426,31.15,736,1.02
Homoine,,85939544B9969435799517,MOZ,ADM2,education,DISTANCE,50000,total,41190,31.15,1353,1.02
Ibo,,85939544B72266919853878,MOZ,ADM2,education,DISTANCE,5000,school_age,4577,62.94,4577,62.94
Ibo,,85939544B72266919853878,MOZ,ADM2,education,DISTANCE,5000,total,8685,62.93,8685,62.93
Ibo,,85939544B72266919853878,MOZ,ADM2,education,DISTANCE,10000,school_age,4577,62.94,0,0.0
Ibo,,85939544B72266919853878,MOZ,ADM2,education,DISTANCE,10000,total,8685,62.93,0,0.0
Ibo,,85939544B72266919853878,MOZ,ADM2,education,DISTANCE,15000,school_age,4577,62.94,0,0.0
Ibo,,85939544B72266919853878,MOZ,ADM2,education,DISTANCE,15000,total,8685,62.93,0,0.0
Ibo,,85939544B72266919853878,MOZ,ADM2,education,DISTANCE,20000,school_age,4577,62.94,0,0.0
Ibo,,85939544B72266919853878,MOZ,ADM2,education,DISTANCE,20000,total,8685,62.93,0,0.0
Ibo,,85939544B72266919853878,MOZ,ADM2,education,DISTANCE,25000,school_age,4577,62.94,0,0.0
Ibo,,85939544B72266919853878,MOZ,ADM2,education,DISTANCE,25000,total,8685,62.93,0,0.0
Ibo,,85939544B72266919853878,MOZ,ADM2,education,DISTANCE,30000,school_age,4577,62.94,0,0.0
Ibo,,85939544B72266919853878,MOZ,ADM2,education,DISTANCE,30000,total,8685,62.93,0,0.0
Ibo,,85939544B72266919853878,MOZ,ADM2,education,DISTANCE,35000,school_age,4577,62.94,0,0.0
Ibo,,85939544B72266919853878,MOZ,ADM2,education,DISTANCE,35000,total,8685,62.93,0,0.0
Ibo,,85939544B72266919853878,MOZ,ADM2,education,DISTANCE,40000,school_age,4577,62.94,0,0.0
Ibo,,85939544B72266919853878,MOZ,ADM2,education,DISTANCE,40000,total,8685,62.93,0,0.0
Ibo,,85939544B72266919853878,MOZ,ADM2,education,DISTANCE,45000,school_age,4577,62.94,0,0.0
Ibo,,85939544B72266919853878,MOZ,ADM2,education,DISTANCE,45000,total,8685,62.93,0,0.0
Ibo,,85939544B72266919853878,MOZ,ADM2,education,DISTANCE,50000,school_age,4577,62.94,0,0.0
Ibo,,85939544B72266919853878,MOZ,ADM2,education,DISTANCE,50000,total,8685,62.93,0,0.0
Ilha De Moçambique,,85939544B37446089230364,MOZ,ADM2,education,DISTANCE,35000,school_age,635,1.74,635,1.74
Ilha De Moçambique,,85939544B37446089230364,MOZ,ADM2,education,DISTANCE,35000,total,1211,1.74,1211,1.74
Ilha De Moçambique,,85939544B37446089230364,MOZ,ADM2,education,DISTANCE,40000,school_age,1022,2.8,387,1.06
Ilha De Moçambique,,85939544B37446089230364,MOZ,ADM2,education,DISTANCE,40000,total,1947,2.79,736,1.06
Ilha De Moçambique,,85939544B37446089230364,MOZ,ADM2,education,DISTANCE,45000,school_age,3731,10.2,2709,7.41
Ilha De Moçambique,,85939544B37446089230364,MOZ,ADM2,education,DISTANCE,45000,total,7105,10.2,5158,7.4
Ilha De Moçambique,,85939544B37446089230364,MOZ,ADM2,education,DISTANCE,50000,school_age,7899,21.6,4168,11.4
Ilha De Moçambique,,85939544B37446089230364,MOZ,ADM2,education,DISTANCE,50000,total,15039,21.58,7934,11.39
Inhambane,MZ-I,27363107B61969177237563,MOZ,ADM1,education,DISTANCE,5000,school_age,137363,16.48,137363,16.48
Inhambane,MZ-I,27363107B61969177237563,MOZ,ADM1,education,DISTANCE,5000,total,258644,16.81,258644,16.81
Inhambane,MZ-I,27363107B61969177237563,MOZ,ADM1,education,DISTANCE,10000,school_age,171062,20.53,33699,4.04
Inhambane,MZ-I,27363107B61969177237563,MOZ,ADM1,education,DISTANCE,10000,total,322238,20.94,63594,4.13
Inhambane,MZ-I,27363107B61969177237563,MOZ,ADM1,education,DISTANCE,15000,school_age,186428,22.37,15366,1.84
Inhambane,MZ-I,27363107B61969177237563,MOZ,ADM1,education,DISTANCE,15000,total,350705,22.79,28467,1.85
Inhambane,MZ-I,27363107B61969177237563,MOZ,ADM1,education,DISTANCE,20000,school_age,199976,24.0,13548,1.63
Inhambane,MZ-I,27363107B61969177237563,MOZ,ADM1,education,DISTANCE,20000,total,375536,24.4,24831,1.61
Inhambane,MZ-I,27363107B61969177237563,MOZ,ADM1,education,DISTANCE,25000,school_age,239129,28.7,39153,4.7
Inhambane,MZ-I,27363107B61969177237563,MOZ,ADM1,education,DISTANCE,25000,total,447303,29.07,71767,4.66
Inhambane,MZ-I,27363107B61969177237563,MOZ,ADM1,education,DISTANCE,30000,school_age,256685,30.8,17556,2.11
Inhambane,MZ-I,27363107B61969177237563,MOZ,ADM1,education,DISTANCE,30000,total,479537,31.16,32234,2.09
Inhambane,MZ-I,27363107B61969177237563,MOZ,ADM1,education,DISTANCE,35000,school_age,291727,35.01,35042,4.21
Inhambane,MZ-I,27363107B61969177237563,MOZ,ADM1,education,DISTANCE,35000,total,545039,35.42,65502,4.26
Inhambane,MZ-I,27363107B61969177237563,MOZ,ADM1,education,DISTANCE,40000,school_age,311855,37.42,20128,2.42
Inhambane,MZ-I,27363107B61969177237563,MOZ,ADM1,education,DISTANCE,40000,total,582563,37.86,37524,2.44
Inhambane,MZ-I,27363107B61969177237563,MOZ,ADM1,education,DISTANCE,45000,school_age,339272,40.71,27417,3.29
Inhambane,MZ-I,27363107B61969177237563,MOZ,ADM1,education,DISTANCE,45000,total,632745,41.12,50182,3.26
Inhambane,MZ-I,27363107B61969177237563,MOZ,ADM1,education,DISTANCE,50000,school_age,354136,42.5,14864,1.78
Inhambane,MZ-I,27363107B61969177237563,MOZ,ADM1,education,DISTANCE,50000,total,660299,42.91,27554,1.79
Inharrime,,85939544B69817996790019,MOZ,ADM2,education,DISTANCE,5000,school_age,15338,20.05,15338,20.05
Inharrime,,85939544B69817996790019,MOZ,ADM2,education,DISTANCE,5000,total,27031,20.05,27031,20.05
Inharrime,,85939544B69817996790019,MOZ,ADM2,education,DISTANCE,10000,school_age,17093,22.34,1755,2.29
Inharrime,,85939544B69817996790019,MOZ,ADM2,education,DISTANCE,10000,total,30124,22.34,3093,2.29
Inharrime,,85939544B69817996790019,MOZ,ADM2,education,DISTANCE,15000,school_age,19996,26.14,2903,3.79
Inharrime,,85939544B69817996790019,MOZ,ADM2,education,DISTANCE,15000,total,35240,26.14,5116,3.79
Inharrime,,85939544B69817996790019,MOZ,ADM2,education,DISTANCE,20000,school_age,22686,29.66,2690,3.52
Inharrime,,85939544B69817996790019,MOZ,ADM2,education,DISTANCE,20000,total,39981,29.66,4741,3.52
Inharrime,,85939544B69817996790019,MOZ,ADM2,education,DISTANCE,25000,school_age,26131,34.16,3445,4.5
Inharrime,,85939544B69817996790019,MOZ,ADM2,education,DISTANCE,25000,total,46052,34.16,6071,4.5
Inharrime,,85939544B69817996790019,MOZ,ADM2,education,DISTANCE,30000,school_age,28852,37.72,2721,3.56
Inharrime,,85939544B69817996790019,MOZ,ADM2,education,DISTANCE,30000,total,50848,37.72,4796,3.56
Inharrime,,85939544B69817996790019,MOZ,ADM2,education,DISTANCE,35000,school_age,30224,39.51,1372,1.79
Inharrime,,85939544B69817996790019,MOZ,ADM2,education,DISTANCE,35000,total,53267,39.51,2419,1.79
Inharrime,,85939544B69817996790019,MOZ,ADM2,education,DISTANCE,40000,school_age,32040,41.88,1816,2.37
Inharrime,,85939544B69817996790019,MOZ,ADM2,education,DISTANCE,40000,total,56467,41.88,3200,2.37
Inharrime,,85939544B69817996790019,MOZ,ADM2,education,DISTANCE,45000,school_age,33329,43.57,1289,1.69
Inharrime,,85939544B69817996790019,MOZ,ADM2,education,DISTANCE,45000,total,58739,43.57,2272,1.69
Inharrime,,85939544B69817996790019,MOZ,ADM2,education,DISTANCE,50000,school_age,33810,44.2,481,0.63
Inharrime,,85939544B69817996790019,MOZ,ADM2,education,DISTANCE,50000,total,59586,44.2,847,0.63
Inhassoro,,85939544B58581363474884,MOZ,ADM2,education,DISTANCE,5000,school_age,8715,27.77,8715,27.77
Inhassoro,,85939544B58581363474884,MOZ,ADM2,education,DISTANCE,5000,total,16324,27.77,16324,27.77
Inhassoro,,85939544B58581363474884,MOZ,ADM2,education,DISTANCE,10000,school_age,9433,30.06,718,2.29
Inhassoro,,85939544B58581363474884,MOZ,ADM2,education,DISTANCE,10000,total,17667,30.06,1343,2.28
Inhassoro,,85939544B58581363474884,MOZ,ADM2,education,DISTANCE,15000,school_age,10063,32.07,630,2.01
Inhassoro,,85939544B58581363474884,MOZ,ADM2,education,DISTANCE,15000,total,18849,32.07,1182,2.01
Inhassoro,,85939544B58581363474884,MOZ,ADM2,education,DISTANCE,20000,school_age,10528,33.55,465,1.48
Inhassoro,,85939544B58581363474884,MOZ,ADM2,education,DISTANCE,20000,total,19719,33.55,870,1.48
Inhassoro,,85939544B58581363474884,MOZ,ADM2,education,DISTANCE,25000,school_age,11538,36.77,1010,3.22
Inhassoro,,85939544B58581363474884,MOZ,ADM2,education,DISTANCE,25000,total,21610,36.77,1891,3.22
Inhassoro,,85939544B58581363474884,MOZ,ADM2,education,DISTANCE,30000,school_age,13022,41.5,1484,4.73
Inhassoro,,85939544B58581363474884,MOZ,ADM2,education,DISTANCE,30000,total,24390,41.5,2780,4.73
Inhassoro,,85939544B58581363474884,MOZ,ADM2,education,DISTANCE,35000,school_age,17073,54.41,4051,12.91
Inhassoro,,85939544B58581363474884,MOZ,ADM2,education,DISTANCE,35000,total,31977,54.41,7587,12.91
Inhassoro,,85939544B58581363474884,MOZ,ADM2,education,DISTANCE,40000,school_age,17929,57.13,856,2.73
Inhassoro,,85939544B58581363474884,MOZ,ADM2,education,DISTANCE,40000,total,33581,57.13,1604,2.73
Inhassoro,,85939544B58581363474884,MOZ,ADM2,education,DISTANCE,45000,school_age,18408,58.66,479,1.53
Inhassoro,,85939544B58581363474884,MOZ,ADM2,education,DISTANCE,45000,total,34478,58.66,897,1.53
Inhassoro,,85939544B58581363474884,MOZ,ADM2,education,DISTANCE,50000,school_age,18620,59.34,212,0.68
Inhassoro,,85939544B58581363474884,MOZ,ADM2,education,DISTANCE,50000,total,34874,59.33,396,0.67
Jangamo,,85939544B63223307878319,MOZ,ADM2,education,DISTANCE,5000,school_age,1047,1.67,1047,1.67
Jangamo,,85939544B63223307878319,MOZ,ADM2,education,DISTANCE,5000,total,1901,1.67,1901,1.67
Jangamo,,85939544B63223307878319,MOZ,ADM2,education,DISTANCE,10000,school_age,4043,6.46,2996,4.79
Jangamo,,85939544B63223307878319,MOZ,ADM2,education,DISTANCE,10000,total,7338,6.46,5437,4.79
Jangamo,,85939544B63223307878319,MOZ,ADM2,education,DISTANCE,15000,school_age,6342,10.13,2299,3.67
Jangamo,,85939544B63223307878319,MOZ,ADM2,education,DISTANCE,15000,total,11510,10.13,4172,3.67
Jangamo,,85939544B63223307878319,MOZ,ADM2,education,DISTANCE,20000,school_age,8436,13.48,2094,3.35
Jangamo,,85939544B63223307878319,MOZ,ADM2,education,DISTANCE,20000,total,15310,13.48,3800,3.35
Jangamo,,85939544B63223307878319,MOZ,ADM2,education,DISTANCE,25000,school_age,19141,30.58,10705,17.1
Jangamo,,85939544B63223307878319,MOZ,ADM2,education,DISTANCE,25000,total,34737,30.58,19427,17.1
Jangamo,,85939544B63223307878319,MOZ,ADM2,education,DISTANCE,30000,school_age,22858,36.51,3717,5.94
Jangamo,,85939544B63223307878319,MOZ,ADM2,education,DISTANCE,30000,total,41482,36.52,6745,5.94
Jangamo,,85939544B63223307878319,MOZ,ADM2,education,DISTANCE,35000,school_age,23787,38.0,929,1.48
Jangamo,,85939544B63223307878319,MOZ,ADM2,education,DISTANCE,35000,total,43166,38.0,1684,1.48
Jangamo,,85939544B63223307878319,MOZ,ADM2,education,DISTANCE,40000,school_age,24447,39.05,660,1.05
Jangamo,,85939544B63223307878319,MOZ,ADM2,education,DISTANCE,40000,total,44363,39.05,1197,1.05
Jangamo,,85939544B63223307878319,MOZ,ADM2,education,DISTANCE,45000,school_age,30335,48.46,5888,9.41
Jangamo,,85939544B63223307878319,MOZ,ADM2,education,DISTANCE,45000,total,55049,48.46,10686,9.41
Jangamo,,85939544B63223307878319,MOZ,ADM2,education,DISTANCE,50000,school_age,30743,49.11,408,0.65
Jangamo,,85939544B63223307878319,MOZ,ADM2,education,DISTANCE,50000,total,55789,49.11,740,0.65
Lago,,85939544B52795804394919,MOZ,ADM2,education,DISTANCE,5000,school_age,5880,7.34,5880,7.34
Lago,,85939544B52795804394919,MOZ,ADM2,education,DISTANCE,5000,total,10151,7.34,10151,7.34
Lago,,85939544B52795804394919,MOZ,ADM2,education,DISTANCE,10000,school_age,8624,10.77,2744,3.43
Lago,,85939544B52795804394919,MOZ,ADM2,education,DISTANCE,10000,total,14889,10.77,4738,3.43
Lago,,85939544B52795804394919,MOZ,ADM2,education,DISTANCE,15000,school_age,9787,12.22,1163,1.45
Lago,,85939544B52795804394919,MOZ,ADM2,education,DISTANCE,15000,total,16896,12.22,2007,1.45
Lago,,85939544B52795804394919,MOZ,ADM2,education,DISTANCE,20000,school_age,11211,13.99,1424,1.78
Lago,,85939544B52795804394919,MOZ,ADM2,education,DISTANCE,20000,total,19356,14.0,2460,1.78
Lago,,85939544B52795804394919,MOZ,ADM2,education,DISTANCE,25000,school_age,12948,16.16,1737,2.17
Lago,,85939544B52795804394919,MOZ,ADM2,education,DISTANCE,25000,total,22354,16.16,2998,2.17
Lago,,85939544B52795804394919,MOZ,ADM2,education,DISTANCE,30000,school_age,20431,25.5,7483,9.34
Lago,,85939544B52795804394919,MOZ,ADM2,education,DISTANCE,30000,total,35272,25.5,12918,9.34
Lago,,85939544B52795804394919,MOZ,ADM2,education,DISTANCE,35000,school_age,22207,27.72,1776,2.22
Lago,,85939544B52795804394919,MOZ,ADM2,education,DISTANCE,35000,total,38339,27.72,3067,2.22
Lago,,85939544B52795804394919,MOZ,ADM2,education,DISTANCE,40000,school_age,23151,28.9,944,1.18
Lago,,85939544B52795804394919,MOZ,ADM2,education,DISTANCE,40000,total,39968,28.9,1629,1.18
Lago,,85939544B52795804394919,MOZ,ADM2,education,DISTANCE,45000,school_age,23638,29.51,487,0.61
Lago,,85939544B52795804394919,MOZ,ADM2,education,DISTANCE,45000,total,40809,29.51,841,0.61
Lago,,85939544B52795804394919,MOZ,ADM2,education,DISTANCE,50000,school_age,26289,32.82,2651,3.31
Lago,,85939544B52795804394919,MOZ,ADM2,education,DISTANCE,50000,total,45386,32.82,4577,3.31
Lago Niassa,,85939544B11916103118899,MOZ,ADM2,education,DISTANCE,5000,school_age,260,5.2,260,5.2
Lago Niassa,,85939544B11916103118899,MOZ,ADM2,education,DISTANCE,5000,total,449,5.19,449,5.19
Lago Niassa,,85939544B11916103118899,MOZ,ADM2,education,DISTANCE,10000,school_age,260,5.2,0,0.0
Lago Niassa,,85939544B11916103118899,MOZ,ADM2,education,DISTANCE,10000,total,449,5.19,0,0.0
Lago Niassa,,85939544B11916103118899,MOZ,ADM2,education,DISTANCE,15000,school_age,285,5.7,25,0.5
Lago Niassa,,85939544B11916103118899,MOZ,ADM2,education,DISTANCE,15000,total,492,5.69,43,0.5
Lago Niassa,,85939544B11916103118899,MOZ,ADM2,education,DISTANCE,20000,school_age,328,6.55,43,0.86
Lago Niassa,,85939544B11916103118899,MOZ,ADM2,education,DISTANCE,20000,total,567,6.56,75,0.87
Lago Niassa,,85939544B11916103118899,MOZ,ADM2,education,DISTANCE,25000,school_age,376,7.51,48,0.96
Lago Niassa,,85939544B11916103118899,MOZ,ADM2,education,DISTANCE,25000,total,650,7.52,83,0.96
Lago Niassa,,85939544B11916103118899,MOZ,ADM2,education,DISTANCE,30000,school_age,521,10.41,145,2.9
Lago Niassa,,85939544B11916103118899,MOZ,ADM2,education,DISTANCE,30000,total,900,10.41,250,2.89
Lago Niassa,,85939544B11916103118899,MOZ,ADM2,education,DISTANCE,35000,school_age,521,10.41,0,0.0
Lago Niassa,,85939544B11916103118899,MOZ,ADM2,education,DISTANCE,35000,total,900,10.41,0,0.0
Lago Niassa,,85939544B11916103118899,MOZ,ADM2,education,DISTANCE,40000,school_age,521,10.41,0,0.0
Lago Niassa,,85939544B11916103118899,MOZ,ADM2,education,DISTANCE,40000,total,900,10.41,0,0.0
Lago Niassa,,85939544B11916103118899,MOZ,ADM2,education,DISTANCE,45000,school_age,521,10.41,0,0.0
Lago Niassa,,85939544B11916103118899,MOZ,ADM2,education,DISTANCE,45000,total,900,10.41,0,0.0
Lago Niassa,,85939544B11916103118899,MOZ,ADM2,education,DISTANCE,50000,school_age,521,10.41,0,0.0
Lago Niassa,,85939544B11916103118899,MOZ,ADM2,education,DISTANCE,50000,total,900,10.41,0,0.0
Larde,,85939544B26264863650897,MOZ,ADM2,education,DISTANCE,35000,school_age,343,0.56,343,0.56
Larde,,85939544B26264863650897,MOZ,ADM2,education,DISTANCE,35000,total,618,0.56,618,0.56
Larde,,85939544B26264863650897,MOZ,ADM2,education,DISTANCE,40000,school_age,2742,4.49,2399,3.93
Larde,,85939544B26264863650897,MOZ,ADM2,education,DISTANCE,40000,total,4936,4.49,4318,3.93
Larde,,85939544B26264863650897,MOZ,ADM2,education,DISTANCE,45000,school_age,4659,7.63,1917,3.14
Larde,,85939544B26264863650897,MOZ,ADM2,education,DISTANCE,45000,total,8388,7.63,3452,3.14
Larde,,85939544B26264863650897,MOZ,ADM2,education,DISTANCE,50000,school_age,6084,9.97,1425,2.33
Larde,,85939544B26264863650897,MOZ,ADM2,education,DISTANCE,50000,total,10954,9.97,2566,2.33
Limpopo,,85939544B55875453752427,MOZ,ADM2,education,DISTANCE,5000,school_age,4152,4.27,4152,4.27
Limpopo,,85939544B55875453752427,MOZ,ADM2,education,DISTANCE,5000,total,7631,4.23,7631,4.23
Limpopo,,85939544B55875453752427,MOZ,ADM2,education,DISTANCE,10000,school_age,9459,9.72,5307,5.45
Limpopo,,85939544B55875453752427,MOZ,ADM2,education,DISTANCE,10000,total,17385,9.63,9754,5.4
Limpopo,,85939544B55875453752427,MOZ,ADM2,education,DISTANCE,15000,school_age,17222,17.7,7763,7.98
Limpopo,,85939544B55875453752427,MOZ,ADM2,education,DISTANCE,15000,total,31673,17.55,14288,7.92
Limpopo,,85939544B55875453752427,MOZ,ADM2,education,DISTANCE,20000,school_age,35225,36.19,18003,18.5
Limpopo,,85939544B55875453752427,MOZ,ADM2,education,DISTANCE,20000,total,64810,35.91,33137,18.36
Limpopo,,85939544B55875453752427,MOZ,ADM2,education,DISTANCE,25000,school_age,42906,44.08,7681,7.89
Limpopo,,85939544B55875453752427,MOZ,ADM2,education,DISTANCE,25000,total,79038,43.79,14228,7.88
Limpopo,,85939544B55875453752427,MOZ,ADM2,education,DISTANCE,30000,school_age,48327,49.65,5421,5.57
Limpopo,,85939544B55875453752427,MOZ,ADM2,education,DISTANCE,30000,total,89056,49.34,10018,5.55
Limpopo,,85939544B55875453752427,MOZ,ADM2,education,DISTANCE,35000,school_age,52193,53.63,3866,3.97
Limpopo,,85939544B55875453752427,MOZ,ADM2,education,DISTANCE,35000,total,96276,53.34,7220,4.0
Limpopo,,85939544B55875453752427,MOZ,ADM2,education,DISTANCE,40000,school_age,54168,55.66,1975,2.03
Limpopo,,85939544B55875453752427,MOZ,ADM2,education,DISTANCE,40000,total,99969,55.39,3693,2.05
Limpopo,,85939544B55875453752427,MOZ,ADM2,education,DISTANCE,45000,school_age,56295,57.84,2127,2.19
Limpopo,,85939544B55875453752427,MOZ,ADM2,education,DISTANCE,45000,total,103947,57.59,3978,2.2
Limpopo,,85939544B55875453752427,MOZ,ADM2,education,DISTANCE,50000,school_age,74733,76.79,18438,18.94
Limpopo,,85939544B55875453752427,MOZ,ADM2,education,DISTANCE,50000,total,138678,76.84,34731,19.24
Liúpo,,85939544B62807674730552,MOZ,ADM2,education,DISTANCE,40000,school_age,174,0.18,174,0.18
Liúpo,,85939544B62807674730552,MOZ,ADM2,education,DISTANCE,40000,total,335,0.18,335,0.18
Liúpo,,85939544B62807674730552,MOZ,ADM2,education,DISTANCE,45000,school_age,15165,15.6,14991,15.42
Liúpo,,85939544B62807674730552,MOZ,ADM2,education,DISTANCE,45000,total,29172,15.6,28837,15.42
Liúpo,,85939544B62807674730552,MOZ,ADM2,education,DISTANCE,50000,school_age,15655,16.1,490,0.5
Liúpo,,85939544B62807674730552,MOZ,ADM2,education,DISTANCE,50000,total,30115,16.1,943,0.5
Luabo,,85939544B83504353793512,MOZ,ADM2,education,DISTANCE,25000,school_age,79,0.44,79,0.44
Luabo,,85939544B83504353793512,MOZ,ADM2,education,DISTANCE,25000,total,142,0.44,142,0.44
Luabo,,85939544B83504353793512,MOZ,ADM2,education,DISTANCE,30000,school_age,483,2.68,404,2.24
Luabo,,85939544B83504353793512,MOZ,ADM2,education,DISTANCE,30000,total,869,2.68,727,2.24
Luabo,,85939544B83504353793512,MOZ,ADM2,education,DISTANCE,35000,school_age,675,3.75,192,1.07
Luabo,,85939544B83504353793512,MOZ,ADM2,education,DISTANCE,35000,total,1215,3.75,346,1.07
Luabo,,85939544B83504353793512,MOZ,ADM2,education,DISTANCE,40000,school_age,2555,14.18,1880,10.43
Luabo,,85939544B83504353793512,MOZ,ADM2,education,DISTANCE,40000,total,4598,14.18,3383,10.43
Luabo,,85939544B83504353793512,MOZ,ADM2,education,DISTANCE,45000,school_age,3045,16.9,490,2.72
Luabo,,85939544B83504353793512,MOZ,ADM2,education,DISTANCE,45000,total,5478,16.9,880,2.71
Luabo,,85939544B83504353793512,MOZ,ADM2,education,DISTANCE,50000,school_age,3513,19.49,468,2.6
Luabo,,85939544B83504353793512,MOZ,ADM2,education,DISTANCE,50000,total,6320,19.49,842,2.6
Lugela,,85939544B172449318268,MOZ,ADM2,education,DISTANCE,5000,school_age,780,0.74,780,0.74
Lugela,,85939544B172449318268,MOZ,ADM2,education,DISTANCE,5000,total,1384,0.74,1384,0.74
Lugela,,85939544B172449318268,MOZ,ADM2,education,DISTANCE,10000,school_age,963,0.91,183,0.17
Lugela,,85939544B172449318268,MOZ,ADM2,education,DISTANCE,10000,total,1710,0.91,326,0.17
Lugela,,85939544B172449318268,MOZ,ADM2,education,DISTANCE,15000,school_age,1300,1.23,337,0.32
Lugela,,85939544B172449318268,MOZ,ADM2,education,DISTANCE,15000,total,2308,1.23,598,0.32
Lugela,,85939544B172449318268,MOZ,ADM2,education,DISTANCE,20000,school_age,1549,1.47,249,0.24
Lugela,,85939544B172449318268,MOZ,ADM2,education,DISTANCE,20000,total,2751,1.47,443,0.24
Lugela,,85939544B172449318268,MOZ,ADM2,education,DISTANCE,25000,school_age,3008,2.85,1459,1.38
Lugela,,85939544B172449318268,MOZ,ADM2,education,DISTANCE,25000,total,5342,2.85,2591,1.38
Lugela,,85939544B172449318268,MOZ,ADM2,education,DISTANCE,30000,school_age,3478,3.3,470,0.45
Lugela,,85939544B172449318268,MOZ,ADM2,education,DISTANCE,30000,total,6177,3.3,835,0.45
Lugela,,85939544B172449318268,MOZ,ADM2,education,DISTANCE,35000,school_age,3740,3.55,262,0.25
Lugela,,85939544B172449318268,MOZ,ADM2,education,DISTANCE,35000,total,6642,3.55,465,0.25
Lugela,,85939544B172449318268,MOZ,ADM2,education,DISTANCE,40000,school_age,4020,3.81,280,0.27
Lugela,,85939544B172449318268,MOZ,ADM2,education,DISTANCE,40000,total,7140,3.81,498,0.27
Lugela,,85939544B172449318268,MOZ,ADM2,education,DISTANCE,45000,school_age,4585,4.35,565,0.54
Lugela,,85939544B172449318268,MOZ,ADM2,education,DISTANCE,45000,total,8143,4.35,1003,0.54
Lugela,,85939544B172449318268,MOZ,ADM2,education,DISTANCE,50000,school_age,5369,5.09,784,0.74
Lugela,,85939544B172449318268,MOZ,ADM2,education,DISTANCE,50000,total,9537,5.09,1394,0.74
Macanga,,85939544B71238690131788,MOZ,ADM2,education,DISTANCE,5000,school_age,8075,3.91,8075,3.91
Macanga,,85939544B71238690131788,MOZ,ADM2,education,DISTANCE,5000,total,13859,3.91,13859,3.91
Macanga,,85939544B71238690131788,MOZ,ADM2,education,DISTANCE,10000,school_age,10803,5.23,2728,1.32
Macanga,,85939544B71238690131788,MOZ,ADM2,education,DISTANCE,10000,total,18541,5.23,4682,1.32
Macanga,,85939544B71238690131788,MOZ,ADM2,education,DISTANCE,15000,school_age,13634,6.6,2831,1.37
Macanga,,85939544B71238690131788,MOZ,ADM2,education,DISTANCE,15000,total,23399,6.6,4858,1.37
Macanga,,85939544B71238690131788,MOZ,ADM2,education,DISTANCE,20000,school_age,17716,8.58,4082,1.98
Macanga,,85939544B71238690131788,MOZ,ADM2,education,DISTANCE,20000,total,30406,8.58,7007,1.98
Macanga,,85939544B71238690131788,MOZ,ADM2,education,DISTANCE,25000,school_age,28667,13.88,10951,5.3
Macanga,,85939544B71238690131788,MOZ,ADM2,education,DISTANCE,25000,total,49199,13.88,18793,5.3
Macanga,,85939544B71238690131788,MOZ,ADM2,education,DISTANCE,30000,school_age,35537,17.2,6870,3.33
Macanga,,85939544B71238690131788,MOZ,ADM2,education,DISTANCE,30000,total,60991,17.2,11792,3.33
Macanga,,85939544B71238690131788,MOZ,ADM2,education,DISTANCE,35000,school_age,50773,24.58,15236,7.38
Macanga,,85939544B71238690131788,MOZ,ADM2,education,DISTANCE,35000,total,87138,24.58,26147,7.38
Macanga,,85939544B71238690131788,MOZ,ADM2,education,DISTANCE,40000,school_age,72444,35.07,21671,10.49
Macanga,,85939544B71238690131788,MOZ,ADM2,education,DISTANCE,40000,total,124332,35.07,37194,10.49
Macanga,,85939544B71238690131788,MOZ,ADM2,education,DISTANCE,45000,school_age,90295,43.71,17851,8.64
Macanga,,85939544B71238690131788,MOZ,ADM2,education,DISTANCE,45000,total,154968,43.71,30636,8.64
Macanga,,85939544B71238690131788,MOZ,ADM2,education,DISTANCE,50000,school_age,100599,48.7,10304,4.99
Macanga,,85939544B71238690131788,MOZ,ADM2,education,DISTANCE,50000,total,172654,48.7,17686,4.99
Macate,,85939544B829507062217,MOZ,ADM2,education,DISTANCE,5000,school_age,176,0.3,176,0.3
Macate,,85939544B829507062217,MOZ,ADM2,education,DISTANCE,5000,total,300,0.3,300,0.3
Macate,,85939544B829507062217,MOZ,ADM2,education,DISTANCE,10000,school_age,977,1.66,801,1.36
Macate,,85939544B829507062217,MOZ,ADM2,education,DISTANCE,10000,total,1666,1.66,1366,1.36
Macate,,85939544B829507062217,MOZ,ADM2,education,DISTANCE,15000,school_age,1713,2.91,736,1.25
Macate,,85939544B829507062217,MOZ,ADM2,education,DISTANCE,15000,total,2921,2.91,1255,1.25
Macate,,85939544B829507062217,MOZ,ADM2,education,DISTANCE,20000,school_age,2779,4.72,1066,1.81
Macate,,85939544B829507062217,MOZ,ADM2,education,DISTANCE,20000,total,4739,4.72,1818,1.81
Macate,,85939544B829507062217,MOZ,ADM2,education,DISTANCE,25000,school_age,3399,5.77,620,1.05
Macate,,85939544B829507062217,MOZ,ADM2,education,DISTANCE,25000,total,5796,5.77,1057,1.05
Macate,,85939544B829507062217,MOZ,ADM2,education,DISTANCE,30000,school_age,4374,7.43,975,1.66
Macate,,85939544B829507062217,MOZ,ADM2,education,DISTANCE,30000,total,7459,7.43,1663,1.66
Macate,,85939544B829507062217,MOZ,ADM2,education,DISTANCE,35000,school_age,5791,9.83,1417,2.41
Macate,,85939544B829507062217,MOZ,ADM2,education,DISTANCE,35000,total,9876,9.83,2417,2.41
Macate,,85939544B829507062217,MOZ,ADM2,education,DISTANCE,40000,school_age,6389,10.85,598,1.02
Macate,,85939544B829507062217,MOZ,ADM2,education,DISTANCE,40000,total,10896,10.85,1020,1.02
Macate,,85939544B829507062217,MOZ,ADM2,education,DISTANCE,45000,school_age,6898,11.71,509,0.86
Macate,,85939544B829507062217,MOZ,ADM2,education,DISTANCE,45000,total,11765,11.71,869,0.87
Macate,,85939544B829507062217,MOZ,ADM2,education,DISTANCE,50000,school_age,7300,12.39,402,0.68
Macate,,85939544B829507062217,MOZ,ADM2,education,DISTANCE,50000,total,12450,12.39,685,0.68
Macomia,,85939544B2345621089228,MOZ,ADM2,education,DISTANCE,5000,school_age,20712,43.46,20712,43.46
Macomia,,85939544B2345621089228,MOZ,ADM2,education,DISTANCE,5000,total,41291,43.46,41291,43.46
Macomia,,85939544B2345621089228,MOZ,ADM2,education,DISTANCE,10000,school_age,23016,48.29,2304,4.83
Macomia,,85939544B2345621089228,MOZ,ADM2,education,DISTANCE,10000,total,45884,48.29,4593,4.83
Macomia,,85939544B2345621089228,MOZ,ADM2,education,DISTANCE,15000,school_age,23878,50.1,862,1.81
Macomia,,85939544B2345621089228,MOZ,ADM2,education,DISTANCE,15000,total,47603,50.1,1719,1.81
Macomia,,85939544B2345621089228,MOZ,ADM2,education,DISTANCE,20000,school_age,26372,55.34,2494,5.23
Macomia,,85939544B2345621089228,MOZ,ADM2,education,DISTANCE,20000,total,52574,55.34,4971,5.23
Macomia,,85939544B2345621089228,MOZ,ADM2,education,DISTANCE,25000,school_age,26710,56.05,338,0.71
Macomia,,85939544B2345621089228,MOZ,ADM2,education,DISTANCE,25000,total,53248,56.05,674,0.71
Macomia,,85939544B2345621089228,MOZ,ADM2,education,DISTANCE,30000,school_age,28015,58.78,1305,2.74
Macomia,,85939544B2345621089228,MOZ,ADM2,education,DISTANCE,30000,total,55851,58.78,2603,2.74
Macomia,,85939544B2345621089228,MOZ,ADM2,education,DISTANCE,35000,school_age,28346,59.48,331,0.69
Macomia,,85939544B2345621089228,MOZ,ADM2,education,DISTANCE,35000,total,56510,59.48,659,0.69
Macomia,,85939544B2345621089228,MOZ,ADM2,education,DISTANCE,40000,school_age,30079,63.11,1733,3.64
Macomia,,85939544B2345621089228,MOZ,ADM2,education,DISTANCE,40000,total,59965,63.12,3455,3.64
Macomia,,85939544B2345621089228,MOZ,ADM2,education,DISTANCE,45000,school_age,31112,65.28,1033,2.17
Macomia,,85939544B2345621089228,MOZ,ADM2,education,DISTANCE,45000,total,62024,65.28,2059,2.17
Macomia,,85939544B2345621089228,MOZ,ADM2,education,DISTANCE,50000,school_age,32549,68.3,1437,3.02
Macomia,,85939544B2345621089228,MOZ,ADM2,education,DISTANCE,50000,total,64888,68.3,2864,3.01
Macossa,,85939544B71036498933536,MOZ,ADM2,education,DISTANCE,25000,school_age,72,0.17,72,0.17
Macossa,,85939544B71036498933536,MOZ,ADM2,education,DISTANCE,25000,total,117,0.18,117,0.18
Macossa,,85939544B71036498933536,MOZ,ADM2,education,DISTANCE,30000,school_age,605,1.46,533,1.29
Macossa,,85939544B71036498933536,MOZ,ADM2,education,DISTANCE,30000,total,974,1.47,857,1.29
Macossa,,85939544B71036498933536,MOZ,ADM2,education,DISTANCE,35000,school_age,4274,10.34,3669,8.88
Macossa,,85939544B71036498933536,MOZ,ADM2,education,DISTANCE,35000,total,6871,10.34,5897,8.88
Macossa,,85939544B71036498933536,MOZ,ADM2,education,DISTANCE,40000,school_age,5295,12.81,1021,2.47
Macossa,,85939544B71036498933536,MOZ,ADM2,education,DISTANCE,40000,total,8512,12.81,1641,2.47
Macossa,,85939544B71036498933536,MOZ,ADM2,education,DISTANCE,45000,school_age,6869,16.62,1574,3.81
Macossa,,85939544B71036498933536,MOZ,ADM2,education,DISTANCE,45000,total,11042,16.62,2530,3.81
Macossa,,85939544B71036498933536,MOZ,ADM2,education,DISTANCE,50000,school_age,7174,17.36,305,0.74
Macossa,,85939544B71036498933536,MOZ,ADM2,education,DISTANCE,50000,total,11531,17.36,489,0.74
Maganja Da Costa,,85939544B26352047498043,MOZ,ADM2,education,DISTANCE,35000,school_age,188,0.16,188,0.16
Maganja Da Costa,,85939544B26352047498043,MOZ,ADM2,education,DISTANCE,35000,total,331,0.15,331,0.15
Maganja Da Costa,,85939544B26352047498043,MOZ,ADM2,education,DISTANCE,40000,school_age,684,0.56,496,0.41
Maganja Da Costa,,85939544B26352047498043,MOZ,ADM2,education,DISTANCE,40000,total,1205,0.56,874,0.41
Maganja Da Costa,,85939544B26352047498043,MOZ,ADM2,education,DISTANCE,45000,school_age,1336,1.1,652,0.54
Maganja Da Costa,,85939544B26352047498043,MOZ,ADM2,education,DISTANCE,45000,total,2355,1.1,1150,0.54
Maganja Da Costa,,85939544B26352047498043,MOZ,ADM2,education,DISTANCE,50000,school_age,2709,2.23,1373,1.13
Maganja Da Costa,,85939544B26352047498043,MOZ,ADM2,education,DISTANCE,50000,total,4773,2.23,2418,1.13
Magude,,85939544B12261721998883,MOZ,ADM2,education,DISTANCE,30000,school_age,0,0.0,0,0.0
Magude,,85939544B12261721998883,MOZ,ADM2,education,DISTANCE,30000,total,0,0.0,0,0.0
Magude,,85939544B12261721998883,MOZ,ADM2,education,DISTANCE,35000,school_age,1947,5.01,1947,5.01
Magude,,85939544B12261721998883,MOZ,ADM2,education,DISTANCE,35000,total,3771,5.01,3771,5.01
Magude,,85939544B12261721998883,MOZ,ADM2,education,DISTANCE,40000,school_age,2015,5.18,68,0.17
Magude,,85939544B12261721998883,MOZ,ADM2,education,DISTANCE,40000,total,3904,5.18,133,0.18
Magude,,85939544B12261721998883,MOZ,ADM2,education,DISTANCE,45000,school_age,2090,5.37,75,0.19
Magude,,85939544B12261721998883,MOZ,ADM2,education,DISTANCE,45000,total,4049,5.37,145,0.19
Magude,,85939544B12261721998883,MOZ,ADM2,education,DISTANCE,50000,school_age,2458,6.32,368,0.95
Magude,,85939544B12261721998883,MOZ,ADM2,education,DISTANCE,50000,total,4762,6.32,713,0.95
Malema,,85939544B80247740523844,MOZ,ADM2,education,DISTANCE,5000,school_age,10586,8.04,10586,8.04
Malema,,85939544B80247740523844,MOZ,ADM2,education,DISTANCE,5000,total,18652,8.04,18652,8.04
Malema,,85939544B80247740523844,MOZ,ADM2,education,DISTANCE,10000,school_age,11021,8.37,435,0.33
Malema,,85939544B80247740523844,MOZ,ADM2,education,DISTANCE,10000,total,19419,8.37,767,0.33
Malema,,85939544B80247740523844,MOZ,ADM2,education,DISTANCE,15000,school_age,11752,8.92,731,0.56
Malema,,85939544B80247740523844,MOZ,ADM2,education,DISTANCE,15000,total,20707,8.92,1288,0.56
Malema,,85939544B80247740523844,MOZ,ADM2,education,DISTANCE,20000,school_age,12471,9.47,719,0.55
Malema,,85939544B80247740523844,MOZ,ADM2,education,DISTANCE,20000,total,21974,9.47,1267,0.55
Malema,,85939544B80247740523844,MOZ,ADM2,education,DISTANCE,25000,school_age,18671,14.18,6200,4.71
Malema,,85939544B80247740523844,MOZ,ADM2,education,DISTANCE,25000,total,32896,14.18,10922,4.71
Malema,,85939544B80247740523844,MOZ,ADM2,education,DISTANCE,30000,school_age,21687,16.47,3016,2.29
Malema,,85939544B80247740523844,MOZ,ADM2,education,DISTANCE,30000,total,38211,16.47,5315,2.29
Malema,,85939544B80247740523844,MOZ,ADM2,education,DISTANCE,35000,school_age,27872,21.16,6185,4.7
Malema,,85939544B80247740523844,MOZ,ADM2,education,DISTANCE,35000,total,49107,21.17,10896,4.7
Malema,,85939544B80247740523844,MOZ,ADM2,education,DISTANCE,40000,school_age,39204,29.77,11332,8.6
Malema,,85939544B80247740523844,MOZ,ADM2,education,DISTANCE,40000,total,69072,29.77,19965,8.61
Malema,,85939544B80247740523844,MOZ,ADM2,education,DISTANCE,45000,school_age,40769,30.96,1565,1.19
Malema,,85939544B80247740523844,MOZ,ADM2,education,DISTANCE,45000,total,71830,30.96,2758,1.19
Malema,,85939544B80247740523844,MOZ,ADM2,education,DISTANCE,50000,school_age,41760,31.71,991,0.75
Malema,,85939544B80247740523844,MOZ,ADM2,education,DISTANCE,50000,total,73576,31.71,1746,0.75
Mandimba,,85939544B48761792497071,MOZ,ADM2,education,DISTANCE,5000,school_age,17624,12.67,17624,12.67
Mandimba,,85939544B48761792497071,MOZ,ADM2,education,DISTANCE,5000,total,31060,12.67,31060,12.67
Mandimba,,85939544B48761792497071,MOZ,ADM2,education,DISTANCE,10000,school_age,19758,14.2,2134,1.53
Mandimba,,85939544B48761792497071,MOZ,ADM2,education,DISTANCE,10000,total,34822,14.2,3762,1.53
Mandimba,,85939544B48761792497071,MOZ,ADM2,education,DISTANCE,15000,school_age,21442,15.41,1684,1.21
Mandimba,,85939544B48761792497071,MOZ,ADM2,education,DISTANCE,15000,total,37789,15.41,2967,1.21
Mandimba,,85939544B48761792497071,MOZ,ADM2,education,DISTANCE,20000,school_age,23036,16.56,1594,1.15
Mandimba,,85939544B48761792497071,MOZ,ADM2,education,DISTANCE,20000,total,40597,16.56,2808,1.15
Mandimba,,85939544B48761792497071,MOZ,ADM2,education,DISTANCE,25000,school_age,24554,17.65,1518,1.09
Mandimba,,85939544B48761792497071,MOZ,ADM2,education,DISTANCE,25000,total,43273,17.65,2676,1.09
Mandimba,,85939544B48761792497071,MOZ,ADM2,education,DISTANCE,30000,school_age,28826,20.72,4272,3.07
Mandimba,,85939544B48761792497071,MOZ,ADM2,education,DISTANCE,30000,total,50802,20.72,7529,3.07
Mandimba,,85939544B48761792497071,MOZ,ADM2,education,DISTANCE,35000,school_age,32380,23.28,3554,2.55
Mandimba,,85939544B48761792497071,MOZ,ADM2,education,DISTANCE,35000,total,57065,23.28,6263,2.55
Mandimba,,85939544B48761792497071,MOZ,ADM2,education,DISTANCE,40000,school_age,33998,24.44,1618,1.16
Mandimba,,85939544B48761792497071,MOZ,ADM2,education,DISTANCE,40000,total,59917,24.44,2852,1.16
Mandimba,,85939544B48761792497071,MOZ,ADM2,education,DISTANCE,45000,school_age,36771,26.43,2773,1.99
Mandimba,,85939544B48761792497071,MOZ,ADM2,education,DISTANCE,45000,total,64804,26.43,4887,1.99
Mandimba,,85939544B48761792497071,MOZ,ADM2,education,DISTANCE,50000,school_age,38024,27.33,1253,0.9
Mandimba,,85939544B48761792497071,MOZ,ADM2,education,DISTANCE,50000,total,67012,27.33,2208,0.9
Mandlakaze,,85939544B24219595709494,MOZ,ADM2,education,DISTANCE,5000,school_age,14351,18.57,14351,18.57
Mandlakaze,,85939544B24219595709494,MOZ,ADM2,education,DISTANCE,5000,total,26243,18.57,26243,18.57
Mandlakaze,,85939544B24219595709494,MOZ,ADM2,education,DISTANCE,10000,school_age,17740,22.95,3389,4.39
Mandlakaze,,85939544B24219595709494,MOZ,ADM2,education,DISTANCE,10000,total,32440,22.96,6197,4.39
Mandlakaze,,85939544B24219595709494,MOZ,ADM2,education,DISTANCE,15000,school_age,18883,24.43,1143,1.48
Mandlakaze,,85939544B24219595709494,MOZ,ADM2,education,DISTANCE,15000,total,34529,24.43,2089,1.48
Mandlakaze,,85939544B24219595709494,MOZ,ADM2,education,DISTANCE,20000,school_age,19775,25.59,892,1.15
Mandlakaze,,85939544B24219595709494,MOZ,ADM2,education,DISTANCE,20000,total,36161,25.59,1632,1.15
Mandlakaze,,85939544B24219595709494,MOZ,ADM2,education,DISTANCE,25000,school_age,33348,43.15,13573,17.56
Mandlakaze,,85939544B24219595709494,MOZ,ADM2,education,DISTANCE,25000,total,60981,43.15,24820,17.56
Mandlakaze,,85939544B24219595709494,MOZ,ADM2,education,DISTANCE,30000,school_age,34998,45.29,1650,2.14
Mandlakaze,,85939544B24219595709494,MOZ,ADM2,education,DISTANCE,30000,total,63999,45.29,3018,2.14
Mandlakaze,,85939544B24219595709494,MOZ,ADM2,education,DISTANCE,35000,school_age,41649,53.89,6651,8.61
Mandlakaze,,85939544B24219595709494,MOZ,ADM2,education,DISTANCE,35000,total,76161,53.89,12162,8.61
Mandlakaze,,85939544B24219595709494,MOZ,ADM2,education,DISTANCE,40000,school_age,42843,55.44,1194,1.54
Mandlakaze,,85939544B24219595709494,MOZ,ADM2,education,DISTANCE,40000,total,78343,55.44,2182,1.54
Mandlakaze,,85939544B24219595709494,MOZ,ADM2,education,DISTANCE,45000,school_age,43386,56.14,543,0.7
Mandlakaze,,85939544B24219595709494,MOZ,ADM2,education,DISTANCE,45000,total,79335,56.14,992,0.7
Mandlakaze,,85939544B24219595709494,MOZ,ADM2,education,DISTANCE,50000,school_age,43803,56.68,417,0.54
Mandlakaze,,85939544B24219595709494,MOZ,ADM2,education,DISTANCE,50000,total,80098,56.68,763,0.54
Manhiça,,85939544B91620585279817,MOZ,ADM2,education,DISTANCE,20000,school_age,1145,1.05,1145,1.05
Manhiça,,85939544B91620585279817,MOZ,ADM2,education,DISTANCE,20000,total,2197,1.06,2197,1.06
Manhiça,,85939544B91620585279817,MOZ,ADM2,education,DISTANCE,25000,school_age,2244,2.07,1099,1.01
Manhiça,,85939544B91620585279817,MOZ,ADM2,education,DISTANCE,25000,total,4296,2.07,2099,1.01
Manhiça,,85939544B91620585279817,MOZ,ADM2,education,DISTANCE,30000,school_age,3489,3.21,1245,1.15
Manhiça,,85939544B91620585279817,MOZ,ADM2,education,DISTANCE,30000,total,6675,3.22,2379,1.15
Manhiça,,85939544B91620585279817,MOZ,ADM2,education,DISTANCE,35000,school_age,4432,4.08,943,0.87
Manhiça,,85939544B91620585279817,MOZ,ADM2,education,DISTANCE,35000,total,8476,4.08,1801,0.87
Manhiça,,85939544B91620585279817,MOZ,ADM2,education,DISTANCE,40000,school_age,11225,10.33,6793,6.25
Manhiça,,85939544B91620585279817,MOZ,ADM2,education,DISTANCE,40000,total,21452,10.34,12976,6.25
Manhiça,,85939544B91620585279817,MOZ,ADM2,education,DISTANCE,45000,school_age,30207,27.81,18982,17.47
Manhiça,,85939544B91620585279817,MOZ,ADM2,education,DISTANCE,45000,total,57715,27.81,36263,17.47
Manhiça,,85939544B91620585279817,MOZ,ADM2,education,DISTANCE,50000,school_age,51320,47.25,21113,19.44
Manhiça,,85939544B91620585279817,MOZ,ADM2,education,DISTANCE,50000,total,98045,47.25,40330,19.43
Manica,,85939544B32725727804377,MOZ,ADM2,education,DISTANCE,20000,school_age,31,0.02,31,0.02
Manica,,85939544B32725727804377,MOZ,ADM2,education,DISTANCE,20000,total,54,0.02,54,0.02
Manica,,85939544B32725727804377,MOZ,ADM2,education,DISTANCE,25000,school_age,40,0.03,9,0.01
Manica,,85939544B32725727804377,MOZ,ADM2,education,DISTANCE,25000,total,70,0.03,16,0.01
Manica,,85939544B32725727804377,MOZ,ADM2,education,DISTANCE,30000,school_age,532,0.39,492,0.36
Manica,,85939544B32725727804377,MOZ,ADM2,education,DISTANCE,30000,total,929,0.39,859,0.36
Manica,,85939544B32725727804377,MOZ,ADM2,education,DISTANCE,35000,school_age,640,0.47,108,0.08
Manica,,85939544B32725727804377,MOZ,ADM2,education,DISTANCE,35000,total,1119,0.47,190,0.08
Manica,,85939544B32725727804377,MOZ,ADM2,education,DISTANCE,40000,school_age,7979,5.83,7339,5.36
Manica,,85939544B32725727804377,MOZ,ADM2,education,DISTANCE,40000,total,13937,5.83,12818,5.36
Manica,,85939544B32725727804377,MOZ,ADM2,education,DISTANCE,45000,school_age,10050,7.35,2071,1.51
Manica,,85939544B32725727804377,MOZ,ADM2,education,DISTANCE,45000,total,17553,7.35,3616,1.51
Manica,,85939544B32725727804377,MOZ,ADM2,education,DISTANCE,50000,school_age,10711,7.83,661,0.48
Manica,,85939544B32725727804377,MOZ,ADM2,education,DISTANCE,50000,total,18708,7.83,1155,0.48
Manica,MZ-B,27363107B35306436132920,MOZ,ADM1,education,DISTANCE,5000,school_age,293292,21.06,293292,21.06
Manica,MZ-B,27363107B35306436132920,MOZ,ADM1,education,DISTANCE,5000,total,511653,21.3,511653,21.3
Manica,MZ-B,27363107B35306436132920,MOZ,ADM1,education,DISTANCE,10000,school_age,331880,23.83,38588,2.77
Manica,MZ-B,27363107B35306436132920,MOZ,ADM1,education,DISTANCE,10000,total,577623,24.05,65970,2.75
Manica,MZ-B,27363107B35306436132920,MOZ,ADM1,education,DISTANCE,15000,school_age,357709,25.69,25829,1.85
Manica,MZ-B,27363107B35306436132920,MOZ,ADM1,education,DISTANCE,15000,total,621637,25.88,44014,1.83
Manica,MZ-B,27363107B35306436132920,MOZ,ADM1,education,DISTANCE,20000,school_age,381143,27.37,23434,1.68
Manica,MZ-B,27363107B35306436132920,MOZ,ADM1,education,DISTANCE,20000,total,661696,27.55,40059,1.67
Manica,MZ-B,27363107B35306436132920,MOZ,ADM1,education,DISTANCE,25000,school_age,410957,29.51,29814,2.14
Manica,MZ-B,27363107B35306436132920,MOZ,ADM1,education,DISTANCE,25000,total,713208,29.69,51512,2.14
Manica,MZ-B,27363107B35306436132920,MOZ,ADM1,education,DISTANCE,30000,school_age,424716,30.5,13759,0.99
Manica,MZ-B,27363107B35306436132920,MOZ,ADM1,education,DISTANCE,30000,total,736804,30.67,23596,0.98
Manica,MZ-B,27363107B35306436132920,MOZ,ADM1,education,DISTANCE,35000,school_age,446585,32.07,21869,1.57
Manica,MZ-B,27363107B35306436132920,MOZ,ADM1,education,DISTANCE,35000,total,773652,32.21,36848,1.53
Manica,MZ-B,27363107B35306436132920,MOZ,ADM1,education,DISTANCE,40000,school_age,466144,33.47,19559,1.4
Manica,MZ-B,27363107B35306436132920,MOZ,ADM1,education,DISTANCE,40000,total,807267,33.61,33615,1.4
Manica,MZ-B,27363107B35306436132920,MOZ,ADM1,education,DISTANCE,45000,school_age,486062,34.9,19918,1.43
Manica,MZ-B,27363107B35306436132920,MOZ,ADM1,education,DISTANCE,45000,total,841179,35.02,33912,1.41
Manica,MZ-B,27363107B35306436132920,MOZ,ADM1,education,DISTANCE,50000,school_age,521496,37.45,35434,2.54
Manica,MZ-B,27363107B35306436132920,MOZ,ADM1,education,DISTANCE,50000,total,900193,37.48,59014,2.46
Maputo,MZ-L,27363107B47421408423272,MOZ,ADM1,education,DISTANCE,5000,school_age,1327903,78.73,1327903,78.73
Maputo,MZ-L,27363107B47421408423272,MOZ,ADM1,education,DISTANCE,5000,total,2731383,79.39,2731383,79.39
Maputo,MZ-L,27363107B47421408423272,MOZ,ADM1,education,DISTANCE,10000,school_age,1433876,85.01,105973,6.28
Maputo,MZ-L,27363107B47421408423272,MOZ,ADM1,education,DISTANCE,10000,total,2943735,85.56,212352,6.17
Maputo,MZ-L,27363107B47421408423272,MOZ,ADM1,education,DISTANCE,15000,school_age,1454954,86.26,21078,1.25
Maputo,MZ-L,27363107B47421408423272,MOZ,ADM1,education,DISTANCE,15000,total,2986356,86.8,42621,1.24
Maputo,MZ-L,27363107B47421408423272,MOZ,ADM1,education,DISTANCE,20000,school_age,1471314,87.23,16360,0.97
Maputo,MZ-L,27363107B47421408423272,MOZ,ADM1,education,DISTANCE,20000,total,3019211,87.75,32855,0.95
Maputo,MZ-L,27363107B47421408423272,MOZ,ADM1,education,DISTANCE,25000,school_age,1477097,87.57,5783,0.34
Maputo,MZ-L,27363107B47421408423272,MOZ,ADM1,education,DISTANCE,25000,total,3030842,88.09,11631,0.34
Maputo,MZ-L,27363107B47421408423272,MOZ,ADM1,education,DISTANCE,30000,school_age,1481550,87.84,4453,0.26
Maputo,MZ-L,27363107B47421408423272,MOZ,ADM1,education,DISTANCE,30000,total,3039730,88.35,8888,0.26
Maputo,MZ-L,27363107B47421408423272,MOZ,ADM1,education,DISTANCE,35000,school_age,1489761,88.32,8211,0.49
Maputo,MZ-L,27363107B47421408423272,MOZ,ADM1,education,DISTANCE,35000,total,3056130,88.83,16400,0.48
Maputo,MZ-L,27363107B47421408423272,MOZ,ADM1,education,DISTANCE,40000,school_age,1505593,89.26,15832,0.94
Maputo,MZ-L,27363107B47421408423272,MOZ,ADM1,education,DISTANCE,40000,total,3087644,89.74,31514,0.92
Maputo,MZ-L,27363107B47421408423272,MOZ,ADM1,education,DISTANCE,45000,school_age,1528299,90.61,22706,1.35
Maputo,MZ-L,27363107B47421408423272,MOZ,ADM1,education,DISTANCE,45000,total,3131477,91.02,43833,1.27
Maputo,MZ-L,27363107B47421408423272,MOZ,ADM1,education,DISTANCE,50000,school_age,1552902,92.07,24603,1.46
Maputo,MZ-L,27363107B47421408423272,MOZ,ADM1,education,DISTANCE,50000,total,3178873,92.39,47396,1.38
Maquival,,85939544B65123265698186,MOZ,ADM2,education,DISTANCE,10000,school_age,1223,1.97,1223,1.97
Maquival,,85939544B65123265698186,MOZ,ADM2,education,DISTANCE,10000,total,2222,1.98,2222,1.98
Maquival,,85939544B65123265698186,MOZ,ADM2,education,DISTANCE,15000,school_age,5308,8.57,4085,6.59
Maquival,,85939544B65123265698186,MOZ,ADM2,education,DISTANCE,15000,total,9639,8.57,7417,6.59
Maquival,,85939544B65123265698186,MOZ,ADM2,education,DISTANCE,20000,school_age,9617,15.53,4309,6.96
Maquival,,85939544B65123265698186,MOZ,ADM2,education,DISTANCE,20000,total,17463,15.53,7824,6.96
Maquival,,85939544B65123265698186,MOZ,ADM2,education,DISTANCE,25000,school_age,17299,27.93,7682,12.4
Maquival,,85939544B65123265698186,MOZ,ADM2,education,DISTANCE,25000,total,31411,27.93,13948,12.4
Maquival,,85939544B65123265698186,MOZ,ADM2,education,DISTANCE,30000,school_age,21191,34.21,3892,6.28
Maquival,,85939544B65123265698186,MOZ,ADM2,education,DISTANCE,30000,total,38477,34.21,7066,6.28
Maquival,,85939544B65123265698186,MOZ,ADM2,education,DISTANCE,35000,school_age,22995,37.12,1804,2.91
Maquival,,85939544B65123265698186,MOZ,ADM2,education,DISTANCE,35000,total,41751,37.12,3274,2.91
Maquival,,85939544B65123265698186,MOZ,ADM2,education,DISTANCE,40000,school_age,34088,55.03,11093,17.91
Maquival,,85939544B65123265698186,MOZ,ADM2,education,DISTANCE,40000,total,61892,55.03,20141,17.91
Maquival,,85939544B65123265698186,MOZ,ADM2,education,DISTANCE,45000,school_age,34884,56.32,796,1.29
Maquival,,85939544B65123265698186,MOZ,ADM2,education,DISTANCE,45000,total,63337,56.32,1445,1.28
Maquival,,85939544B65123265698186,MOZ,ADM2,education,DISTANCE,50000,school_age,35413,57.17,529,0.85
Maquival,,85939544B65123265698186,MOZ,ADM2,education,DISTANCE,50000,total,64298,57.17,961,0.85
Marara,,85939544B55684561557182,MOZ,ADM2,education,DISTANCE,5000,school_age,456,0.88,456,0.88
Marara,,85939544B55684561557182,MOZ,ADM2,education,DISTANCE,5000,total,763,0.88,763,0.88
Marara,,85939544B55684561557182,MOZ,ADM2,education,DISTANCE,10000,school_age,1268,2.45,812,1.57
Marara,,85939544B55684561557182,MOZ,ADM2,education,DISTANCE,10000,total,2123,2.46,1360,1.57
Marara,,85939544B55684561557182,MOZ,ADM2,education,DISTANCE,15000,school_age,2501,4.84,1233,2.39
Marara,,85939544B55684561557182,MOZ,ADM2,education,DISTANCE,15000,total,4185,4.84,2062,2.39
Marara,,85939544B55684561557182,MOZ,ADM2,education,DISTANCE,20000,school_age,4254,8.23,1753,3.39
Marara,,85939544B55684561557182,MOZ,ADM2,education,DISTANCE,20000,total,7118,8.23,2933,3.39
Marara,,85939544B55684561557182,MOZ,ADM2,education,DISTANCE,25000,school_age,6442,12.47,2188,4.24
Marara,,85939544B55684561557182,MOZ,ADM2,education,DISTANCE,25000,total,10779,12.47,3661,4.23
Marara,,85939544B55684561557182,MOZ,ADM2,education,DISTANCE,30000,school_age,7546,14.61,1104,2.14
Marara,,85939544B55684561557182,MOZ,ADM2,education,DISTANCE,30000,total,12631,14.61,1852,2.14
Marara,,85939544B55684561557182,MOZ,ADM2,education,DISTANCE,35000,school_age,9978,19.31,2432,4.71
Marara,,85939544B55684561557182,MOZ,ADM2,education,DISTANCE,35000,total,16700,19.32,4069,4.71
Marara,,85939544B55684561557182,MOZ,ADM2,education,DISTANCE,40000,school_age,12125,23.47,2147,4.16
Marara,,85939544B55684561557182,MOZ,ADM2,education,DISTANCE,40000,total,20292,23.47,3592,4.15
Marara,,85939544B55684561557182,MOZ,ADM2,education,DISTANCE,45000,school_age,14064,27.22,1939,3.75
Marara,,85939544B55684561557182,MOZ,ADM2,education,DISTANCE,45000,total,23538,27.23,3246,3.75
Marara,,85939544B55684561557182,MOZ,ADM2,education,DISTANCE,50000,school_age,18537,35.88,4473,8.66
Marara,,85939544B55684561557182,MOZ,ADM2,education,DISTANCE,50000,total,31022,35.88,7484,8.66
Maravia,,85939544B82621359487865,MOZ,ADM2,education,DISTANCE,30000,school_age,0,0.0,0,0.0
Maravia,,85939544B82621359487865,MOZ,ADM2,education,DISTANCE,30000,total,0,0.0,0,0.0
Maravia,,85939544B82621359487865,MOZ,ADM2,education,DISTANCE,35000,school_age,0,0.0,0,0.0
Maravia,,85939544B82621359487865,MOZ,ADM2,education,DISTANCE,35000,total,0,0.0,0,0.0
Maravia,,85939544B82621359487865,MOZ,ADM2,education,DISTANCE,40000,school_age,0,0.0,0,0.0
Maravia,,85939544B82621359487865,MOZ,ADM2,education,DISTANCE,40000,total,0,0.0,0,0.0
Maravia,,85939544B82621359487865,MOZ,ADM2,education,DISTANCE,45000,school_age,0,0.0,0,0.0
Maravia,,85939544B82621359487865,MOZ,ADM2,education,DISTANCE,45000,total,0,0.0,0,0.0
Maravia,,85939544B82621359487865,MOZ,ADM2,education,DISTANCE,50000,school_age,0,0.0,0,0.0
Maravia,,85939544B82621359487865,MOZ,ADM2,education,DISTANCE,50000,total,0,0.0,0,0.0
Marracuene,,85939544B2591372162698,MOZ,ADM2,education,DISTANCE,5000,school_age,91656,70.76,91656,70.76
Marracuene,,85939544B2591372162698,MOZ,ADM2,education,DISTANCE,5000,total,182210,70.77,182210,70.77
Marracuene,,85939544B2591372162698,MOZ,ADM2,education,DISTANCE,10000,school_age,110812,85.55,19156,14.79
Marracuene,,85939544B2591372162698,MOZ,ADM2,education,DISTANCE,10000,total,220279,85.56,38069,14.79
Marracuene,,85939544B2591372162698,MOZ,ADM2,education,DISTANCE,15000,school_age,117366,90.61,6554,5.06
Marracuene,,85939544B2591372162698,MOZ,ADM2,education,DISTANCE,15000,total,233305,90.62,13026,5.06
Marracuene,,85939544B2591372162698,MOZ,ADM2,education,DISTANCE,20000,school_age,124636,96.23,7270,5.61
Marracuene,,85939544B2591372162698,MOZ,ADM2,education,DISTANCE,20000,total,247754,96.23,14449,5.61
Marracuene,,85939544B2591372162698,MOZ,ADM2,education,DISTANCE,25000,school_age,125554,96.94,918,0.71
Marracuene,,85939544B2591372162698,MOZ,ADM2,education,DISTANCE,25000,total,249577,96.94,1823,0.71
Marracuene,,85939544B2591372162698,MOZ,ADM2,education,DISTANCE,30000,school_age,125776,97.11,222,0.17
Marracuene,,85939544B2591372162698,MOZ,ADM2,education,DISTANCE,30000,total,250018,97.11,441,0.17
Marracuene,,85939544B2591372162698,MOZ,ADM2,education,DISTANCE,35000,school_age,126301,97.51,525,0.41
Marracuene,,85939544B2591372162698,MOZ,ADM2,education,DISTANCE,35000,total,251063,97.51,1045,0.41
Marracuene,,85939544B2591372162698,MOZ,ADM2,education,DISTANCE,40000,school_age,127030,98.08,729,0.56
Marracuene,,85939544B2591372162698,MOZ,ADM2,education,DISTANCE,40000,total,252511,98.08,1448,0.56
Marracuene,,85939544B2591372162698,MOZ,ADM2,education,DISTANCE,45000,school_age,127224,98.23,194,0.15
Marracuene,,85939544B2591372162698,MOZ,ADM2,education,DISTANCE,45000,total,252896,98.23,385,0.15
Marracuene,,85939544B2591372162698,MOZ,ADM2,education,DISTANCE,50000,school_age,127313,98.29,89,0.07
Marracuene,,85939544B2591372162698,MOZ,ADM2,education,DISTANCE,50000,total,253073,98.29,177,0.07
Marromeu,,85939544B84282844658581,MOZ,ADM2,education,DISTANCE,40000,school_age,8,0.01,8,0.01
Marromeu,,85939544B84282844658581,MOZ,ADM2,education,DISTANCE,40000,total,14,0.01,14,0.01
Marromeu,,85939544B84282844658581,MOZ,ADM2,education,DISTANCE,45000,school_age,8,0.01,0,0.0
Marromeu,,85939544B84282844658581,MOZ,ADM2,education,DISTANCE,45000,total,14,0.01,0,0.0
Marromeu,,85939544B84282844658581,MOZ,ADM2,education,DISTANCE,50000,school_age,8,0.01,0,0.0
Marromeu,,85939544B84282844658581,MOZ,ADM2,education,DISTANCE,50000,total,14,0.01,0,0.0
Marrupa,,85939544B26738067837562,MOZ,ADM2,education,DISTANCE,5000,school_age,7433,16.18,7433,16.18
Marrupa,,85939544B26738067837562,MOZ,ADM2,education,DISTANCE,5000,total,13029,16.18,13029,16.18
Marrupa,,85939544B26738067837562,MOZ,ADM2,education,DISTANCE,10000,school_age,8149,17.74,716,1.56
Marrupa,,85939544B26738067837562,MOZ,ADM2,education,DISTANCE,10000,total,14284,17.74,1255,1.56
Marrupa,,85939544B26738067837562,MOZ,ADM2,education,DISTANCE,15000,school_age,10019,21.81,1870,4.07
Marrupa,,85939544B26738067837562,MOZ,ADM2,education,DISTANCE,15000,total,17562,21.81,3278,4.07
Marrupa,,85939544B26738067837562,MOZ,ADM2,education,DISTANCE,20000,school_age,11084,24.13,1065,2.32
Marrupa,,85939544B26738067837562,MOZ,ADM2,education,DISTANCE,20000,total,19428,24.13,1866,2.32
Marrupa,,85939544B26738067837562,MOZ,ADM2,education,DISTANCE,25000,school_age,12095,26.33,1011,2.2
Marrupa,,85939544B26738067837562,MOZ,ADM2,education,DISTANCE,25000,total,21201,26.33,1773,2.2
Marrupa,,85939544B26738067837562,MOZ,ADM2,education,DISTANCE,30000,school_age,12305,26.79,210,0.46
Marrupa,,85939544B26738067837562,MOZ,ADM2,education,DISTANCE,30000,total,21569,26.79,368,0.46
Marrupa,,85939544B26738067837562,MOZ,ADM2,education,DISTANCE,35000,school_age,12572,27.37,267,0.58
Marrupa,,85939544B26738067837562,MOZ,ADM2,education,DISTANCE,35000,total,22037,27.37,468,0.58
Marrupa,,85939544B26738067837562,MOZ,ADM2,education,DISTANCE,40000,school_age,13344,29.05,772,1.68
Marrupa,,85939544B26738067837562,MOZ,ADM2,education,DISTANCE,40000,total,23389,29.05,1352,1.68
Marrupa,,85939544B26738067837562,MOZ,ADM2,education,DISTANCE,45000,school_age,13613,29.63,269,0.59
Marrupa,,85939544B26738067837562,MOZ,ADM2,education,DISTANCE,45000,total,23862,29.64,473,0.59
Marrupa,,85939544B26738067837562,MOZ,ADM2,education,DISTANCE,50000,school_age,13737,29.9,124,0.27
Marrupa,,85939544B26738067837562,MOZ,ADM2,education,DISTANCE,50000,total,24078,29.9,216,0.27
Massinga,,85939544B96403406066950,MOZ,ADM2,education,DISTANCE,5000,school_age,178,0.17,178,0.17
Massinga,,85939544B96403406066950,MOZ,ADM2,education,DISTANCE,5000,total,336,0.17,336,0.17
Massinga,,85939544B96403406066950,MOZ,ADM2,education,DISTANCE,10000,school_age,288,0.28,110,0.11
Massinga,,85939544B96403406066950,MOZ,ADM2,education,DISTANCE,10000,total,545,0.28,209,0.11
Massinga,,85939544B96403406066950,MOZ,ADM2,education,DISTANCE,15000,school_age,381,0.37,93,0.09
Massinga,,85939544B96403406066950,MOZ,ADM2,education,DISTANCE,15000,total,719,0.37,174,0.09
Massinga,,85939544B96403406066950,MOZ,ADM2,education,DISTANCE,20000,school_age,610,0.59,229,0.22
Massinga,,85939544B96403406066950,MOZ,ADM2,education,DISTANCE,20000,total,1152,0.59,433,0.22
Massinga,,85939544B96403406066950,MOZ,ADM2,education,DISTANCE,25000,school_age,1293,1.26,683,0.67
Massinga,,85939544B96403406066950,MOZ,ADM2,education,DISTANCE,25000,total,2442,1.26,1290,0.67
Massinga,,85939544B96403406066950,MOZ,ADM2,education,DISTANCE,30000,school_age,5359,5.22,4066,3.96
Massinga,,85939544B96403406066950,MOZ,ADM2,education,DISTANCE,30000,total,10118,5.22,7676,3.96
Massinga,,85939544B96403406066950,MOZ,ADM2,education,DISTANCE,35000,school_age,28918,28.19,23559,22.97
Massinga,,85939544B96403406066950,MOZ,ADM2,education,DISTANCE,35000,total,54598,28.19,44480,22.97
Massinga,,85939544B96403406066950,MOZ,ADM2,education,DISTANCE,40000,school_age,40034,39.03,11116,10.84
Massinga,,85939544B96403406066950,MOZ,ADM2,education,DISTANCE,40000,total,75584,39.03,20986,10.84
Massinga,,85939544B96403406066950,MOZ,ADM2,education,DISTANCE,45000,school_age,46750,45.57,6716,6.55
Massinga,,85939544B96403406066950,MOZ,ADM2,education,DISTANCE,45000,total,88263,45.57,12679,6.55
Massinga,,85939544B96403406066950,MOZ,ADM2,education,DISTANCE,50000,school_age,51730,50.43,4980,4.85
Massinga,,85939544B96403406066950,MOZ,ADM2,education,DISTANCE,50000,total,97664,50.43,9401,4.85
Matutuine,,85939544B97303459234614,MOZ,ADM2,education,DISTANCE,5000,school_age,1359,6.43,1359,6.43
Matutuine,,85939544B97303459234614,MOZ,ADM2,education,DISTANCE,5000,total,2784,6.43,2784,6.43
Matutuine,,85939544B97303459234614,MOZ,ADM2,education,DISTANCE,10000,school_age,1694,8.01,335,1.58
Matutuine,,85939544B97303459234614,MOZ,ADM2,education,DISTANCE,10000,total,3471,8.01,687,1.59
Matutuine,,85939544B97303459234614,MOZ,ADM2,education,DISTANCE,15000,school_age,1824,8.62,130,0.61
Matutuine,,85939544B97303459234614,MOZ,ADM2,education,DISTANCE,15000,total,3737,8.63,266,0.61
Matutuine,,85939544B97303459234614,MOZ,ADM2,education,DISTANCE,20000,school_age,1873,8.86,49,0.23
Matutuine,,85939544B97303459234614,MOZ,ADM2,education,DISTANCE,20000,total,3836,8.85,99,0.23
Matutuine,,85939544B97303459234614,MOZ,ADM2,education,DISTANCE,25000,school_age,1959,9.26,86,0.41
Matutuine,,85939544B97303459234614,MOZ,ADM2,education,DISTANCE,25000,total,4012,9.26,176,0.41
Matutuine,,85939544B97303459234614,MOZ,ADM2,education,DISTANCE,30000,school_age,2010,9.5,51,0.24
Matutuine,,85939544B97303459234614,MOZ,ADM2,education,DISTANCE,30000,total,4117,9.5,105,0.24
Matutuine,,85939544B97303459234614,MOZ,ADM2,education,DISTANCE,35000,school_age,2416,11.42,406,1.92
Matutuine,,85939544B97303459234614,MOZ,ADM2,education,DISTANCE,35000,total,4948,11.42,831,1.92
Matutuine,,85939544B97303459234614,MOZ,ADM2,education,DISTANCE,40000,school_age,4535,21.44,2119,10.02
Matutuine,,85939544B97303459234614,MOZ,ADM2,education,DISTANCE,40000,total,9289,21.44,4341,10.02
Matutuine,,85939544B97303459234614,MOZ,ADM2,education,DISTANCE,45000,school_age,5302,25.07,767,3.63
Matutuine,,85939544B97303459234614,MOZ,ADM2,education,DISTANCE,45000,total,10859,25.07,1570,3.62
Matutuine,,85939544B97303459234614,MOZ,ADM2,education,DISTANCE,50000,school_age,5912,27.95,610,2.88
Matutuine,,85939544B97303459234614,MOZ,ADM2,education,DISTANCE,50000,total,12110,27.95,1251,2.89
Maua,,85939544B33000714085001,MOZ,ADM2,education,DISTANCE,30000,school_age,5,0.01,5,0.01
Maua,,85939544B33000714085001,MOZ,ADM2,education,DISTANCE,30000,total,10,0.01,10,0.01
Maua,,85939544B33000714085001,MOZ,ADM2,education,DISTANCE,35000,school_age,165,0.42,160,0.41
Maua,,85939544B33000714085001,MOZ,ADM2,education,DISTANCE,35000,total,290,0.42,280,0.41
Maua,,85939544B33000714085001,MOZ,ADM2,education,DISTANCE,40000,school_age,170,0.43,5,0.01
Maua,,85939544B33000714085001,MOZ,ADM2,education,DISTANCE,40000,total,299,0.43,9,0.01
Maua,,85939544B33000714085001,MOZ,ADM2,education,DISTANCE,45000,school_age,170,0.43,0,0.0
Maua,,85939544B33000714085001,MOZ,ADM2,education,DISTANCE,45000,total,299,0.43,0,0.0
Maua,,85939544B33000714085001,MOZ,ADM2,education,DISTANCE,50000,school_age,172,0.44,2,0.01
Maua,,85939544B33000714085001,MOZ,ADM2,education,DISTANCE,50000,total,302,0.44,3,0.0
Maxixe,,85939544B37735984540105,MOZ,ADM2,education,DISTANCE,5000,school_age,47000,66.89,47000,66.89
Maxixe,,85939544B37735984540105,MOZ,ADM2,education,DISTANCE,5000,total,88658,66.9,88658,66.9
Maxixe,,85939544B37735984540105,MOZ,ADM2,education,DISTANCE,10000,school_age,58843,83.75,11843,16.86
Maxixe,,85939544B37735984540105,MOZ,ADM2,education,DISTANCE,10000,total,110998,83.75,22340,16.86
Maxixe,,85939544B37735984540105,MOZ,ADM2,education,DISTANCE,15000,school_age,61942,88.16,3099,4.41
Maxixe,,85939544B37735984540105,MOZ,ADM2,education,DISTANCE,15000,total,116843,88.16,5845,4.41
Maxixe,,85939544B37735984540105,MOZ,ADM2,education,DISTANCE,20000,school_age,63110,89.82,1168,1.66
Maxixe,,85939544B37735984540105,MOZ,ADM2,education,DISTANCE,20000,total,119047,89.82,2204,1.66
Maxixe,,85939544B37735984540105,MOZ,ADM2,education,DISTANCE,25000,school_age,63433,90.28,323,0.46
Maxixe,,85939544B37735984540105,MOZ,ADM2,education,DISTANCE,25000,total,119655,90.28,608,0.46
Maxixe,,85939544B37735984540105,MOZ,ADM2,education,DISTANCE,30000,school_age,64048,91.16,615,0.88
Maxixe,,85939544B37735984540105,MOZ,ADM2,education,DISTANCE,30000,total,120815,91.16,1160,0.88
Maxixe,,85939544B37735984540105,MOZ,ADM2,education,DISTANCE,35000,school_age,64293,91.5,245,0.35
Maxixe,,85939544B37735984540105,MOZ,ADM2,education,DISTANCE,35000,total,121277,91.51,462,0.35
Maxixe,,85939544B37735984540105,MOZ,ADM2,education,DISTANCE,40000,school_age,64296,91.51,3,0.0
Maxixe,,85939544B37735984540105,MOZ,ADM2,education,DISTANCE,40000,total,121282,91.51,5,0.0
Maxixe,,85939544B37735984540105,MOZ,ADM2,education,DISTANCE,45000,school_age,64322,91.55,26,0.04
Maxixe,,85939544B37735984540105,MOZ,ADM2,education,DISTANCE,45000,total,121332,91.55,50,0.04
Maxixe,,85939544B37735984540105,MOZ,ADM2,education,DISTANCE,50000,school_age,64381,91.63,59,0.08
Maxixe,,85939544B37735984540105,MOZ,ADM2,education,DISTANCE,50000,total,121444,91.63,112,0.08
Mecanhelas,,85939544B26392807278532,MOZ,ADM2,education,DISTANCE,5000,school_age,30633,11.72,30633,11.72
Mecanhelas,,85939544B26392807278532,MOZ,ADM2,education,DISTANCE,5000,total,51921,11.72,51921,11.72
Mecanhelas,,85939544B26392807278532,MOZ,ADM2,education,DISTANCE,10000,school_age,43625,16.69,12992,4.97
Mecanhelas,,85939544B26392807278532,MOZ,ADM2,education,DISTANCE,10000,total,73941,16.69,22020,4.97
Mecanhelas,,85939544B26392807278532,MOZ,ADM2,education,DISTANCE,15000,school_age,54342,20.79,10717,4.1
Mecanhelas,,85939544B26392807278532,MOZ,ADM2,education,DISTANCE,15000,total,92104,20.79,18163,4.1
Mecanhelas,,85939544B26392807278532,MOZ,ADM2,education,DISTANCE,20000,school_age,74821,28.62,20479,7.83
Mecanhelas,,85939544B26392807278532,MOZ,ADM2,education,DISTANCE,20000,total,126815,28.62,34711,7.83
Mecanhelas,,85939544B26392807278532,MOZ,ADM2,education,DISTANCE,25000,school_age,87701,33.55,12880,4.93
Mecanhelas,,85939544B26392807278532,MOZ,ADM2,education,DISTANCE,25000,total,148645,33.55,21830,4.93
Mecanhelas,,85939544B26392807278532,MOZ,ADM2,education,DISTANCE,30000,school_age,98051,37.51,10350,3.96
Mecanhelas,,85939544B26392807278532,MOZ,ADM2,education,DISTANCE,30000,total,166191,37.51,17546,3.96
Mecanhelas,,85939544B26392807278532,MOZ,ADM2,education,DISTANCE,35000,school_age,110787,42.38,12736,4.87
Mecanhelas,,85939544B26392807278532,MOZ,ADM2,education,DISTANCE,35000,total,187787,42.38,21596,4.87
Mecanhelas,,85939544B26392807278532,MOZ,ADM2,education,DISTANCE,40000,school_age,115924,44.34,5137,1.97
Mecanhelas,,85939544B26392807278532,MOZ,ADM2,education,DISTANCE,40000,total,196495,44.35,8708,1.97
Mecanhelas,,85939544B26392807278532,MOZ,ADM2,education,DISTANCE,45000,school_age,122871,47.0,6947,2.66
Mecanhelas,,85939544B26392807278532,MOZ,ADM2,education,DISTANCE,45000,total,208269,47.0,11774,2.66
Mecanhelas,,85939544B26392807278532,MOZ,ADM2,education,DISTANCE,50000,school_age,126194,48.27,3323,1.27
Mecanhelas,,85939544B26392807278532,MOZ,ADM2,education,DISTANCE,50000,total,213901,48.27,5632,1.27
Meconta,,85939544B84793619782311,MOZ,ADM2,education,DISTANCE,5000,school_age,2530,2.13,2530,2.13
Meconta,,85939544B84793619782311,MOZ,ADM2,education,DISTANCE,5000,total,4570,2.13,4570,2.13
Meconta,,85939544B84793619782311,MOZ,ADM2,education,DISTANCE,10000,school_age,2972,2.5,442,0.37
Meconta,,85939544B84793619782311,MOZ,ADM2,education,DISTANCE,10000,total,5368,2.5,798,0.37
Meconta,,85939544B84793619782311,MOZ,ADM2,education,DISTANCE,15000,school_age,4505,3.8,1533,1.29
Meconta,,85939544B84793619782311,MOZ,ADM2,education,DISTANCE,15000,total,8138,3.8,2770,1.29
Meconta,,85939544B84793619782311,MOZ,ADM2,education,DISTANCE,20000,school_age,7756,6.54,3251,2.74
Meconta,,85939544B84793619782311,MOZ,ADM2,education,DISTANCE,20000,total,14012,6.54,5874,2.74
Meconta,,85939544B84793619782311,MOZ,ADM2,education,DISTANCE,25000,school_age,10619,8.95,2863,2.41
Meconta,,85939544B84793619782311,MOZ,ADM2,education,DISTANCE,25000,total,19184,8.95,5172,2.41
Meconta,,85939544B84793619782311,MOZ,ADM2,education,DISTANCE,30000,school_age,12925,10.89,2306,1.94
Meconta,,85939544B84793619782311,MOZ,ADM2,education,DISTANCE,30000,total,23350,10.89,4166,1.94
Meconta,,85939544B84793619782311,MOZ,ADM2,education,DISTANCE,35000,school_age,22291,18.78,9366,7.89
Meconta,,85939544B84793619782311,MOZ,ADM2,education,DISTANCE,35000,total,40270,18.78,16920,7.89
Meconta,,85939544B84793619782311,MOZ,ADM2,education,DISTANCE,40000,school_age,53315,44.93,31024,26.14
Meconta,,85939544B84793619782311,MOZ,ADM2,education,DISTANCE,40000,total,96314,44.93,56044,26.14
Meconta,,85939544B84793619782311,MOZ,ADM2,education,DISTANCE,45000,school_age,56519,47.63,3204,2.7
Meconta,,85939544B84793619782311,MOZ,ADM2,education,DISTANCE,45000,total,102101,47.63,5787,2.7
Meconta,,85939544B84793619782311,MOZ,ADM2,education,DISTANCE,50000,school_age,58825,49.57,2306,1.94
Meconta,,85939544B84793619782311,MOZ,ADM2,education,DISTANCE,50000,total,106267,49.57,4166,1.94
Mecuburi,,85939544B36345946298130,MOZ,ADM2,education,DISTANCE,45000,school_age,0,0.0,0,0.0
Mecuburi,,85939544B36345946298130,MOZ,ADM2,education,DISTANCE,45000,total,0,0.0,0,0.0
Mecuburi,,85939544B36345946298130,MOZ,ADM2,education,DISTANCE,50000,school_age,264,0.2,264,0.2
Mecuburi,,85939544B36345946298130,MOZ,ADM2,education,DISTANCE,50000,total,461,0.2,461,0.2
Mecufi,,85939544B73793826279493,MOZ,ADM2,education,DISTANCE,5000,school_age,1810,5.58,1810,5.58
Mecufi,,85939544B73793826279493,MOZ,ADM2,education,DISTANCE,5000,total,3286,5.58,3286,5.58
Mecufi,,85939544B73793826279493,MOZ,ADM2,education,DISTANCE,10000,school_age,3490,10.75,1680,5.17
Mecufi,,85939544B73793826279493,MOZ,ADM2,education,DISTANCE,10000,total,6334,10.75,3048,5.17
Mecufi,,85939544B73793826279493,MOZ,ADM2,education,DISTANCE,15000,school_age,4263,13.13,773,2.38
Mecufi,,85939544B73793826279493,MOZ,ADM2,education,DISTANCE,15000,total,7737,13.13,1403,2.38
Mecufi,,85939544B73793826279493,MOZ,ADM2,education,DISTANCE,20000,school_age,7367,22.69,3104,9.56
Mecufi,,85939544B73793826279493,MOZ,ADM2,education,DISTANCE,20000,total,13370,22.69,5633,9.56
Mecufi,,85939544B73793826279493,MOZ,ADM2,education,DISTANCE,25000,school_age,10391,32.01,3024,9.31
Mecufi,,85939544B73793826279493,MOZ,ADM2,education,DISTANCE,25000,total,18859,32.01,5489,9.32
Mecufi,,85939544B73793826279493,MOZ,ADM2,education,DISTANCE,30000,school_age,17448,53.75,7057,21.74
Mecufi,,85939544B73793826279493,MOZ,ADM2,education,DISTANCE,30000,total,31667,53.74,12808,21.74
Mecufi,,85939544B73793826279493,MOZ,ADM2,education,DISTANCE,35000,school_age,17640,54.34,192,0.59
Mecufi,,85939544B73793826279493,MOZ,ADM2,education,DISTANCE,35000,total,32016,54.34,349,0.59
Mecufi,,85939544B73793826279493,MOZ,ADM2,education,DISTANCE,40000,school_age,19801,60.99,2161,6.66
Mecufi,,85939544B73793826279493,MOZ,ADM2,education,DISTANCE,40000,total,35937,60.99,3921,6.65
Mecufi,,85939544B73793826279493,MOZ,ADM2,education,DISTANCE,45000,school_age,20349,62.68,548,1.69
Mecufi,,85939544B73793826279493,MOZ,ADM2,education,DISTANCE,45000,total,36931,62.68,994,1.69
Mecufi,,85939544B73793826279493,MOZ,ADM2,education,DISTANCE,50000,school_age,20413,62.88,64,0.2
Mecufi,,85939544B73793826279493,MOZ,ADM2,education,DISTANCE,50000,total,37047,62.88,116,0.2
Meluco,,85939544B29216683074298,MOZ,ADM2,education,DISTANCE,15000,school_age,12,0.09,12,0.09
Meluco,,85939544B29216683074298,MOZ,ADM2,education,DISTANCE,15000,total,23,0.09,23,0.09
Meluco,,85939544B29216683074298,MOZ,ADM2,education,DISTANCE,20000,school_age,54,0.39,42,0.3
Meluco,,85939544B29216683074298,MOZ,ADM2,education,DISTANCE,20000,total,102,0.39,79,0.31
Meluco,,85939544B29216683074298,MOZ,ADM2,education,DISTANCE,25000,school_age,138,1.0,84,0.61
Meluco,,85939544B29216683074298,MOZ,ADM2,education,DISTANCE,25000,total,257,0.99,155,0.6
Meluco,,85939544B29216683074298,MOZ,ADM2,education,DISTANCE,30000,school_age,1430,10.33,1292,9.33
Meluco,,85939544B29216683074298,MOZ,ADM2,education,DISTANCE,30000,total,2671,10.33,2414,9.34
Meluco,,85939544B29216683074298,MOZ,ADM2,education,DISTANCE,35000,school_age,1623,11.72,193,1.39
Meluco,,85939544B29216683074298,MOZ,ADM2,education,DISTANCE,35000,total,3031,11.72,360,1.39
Meluco,,85939544B29216683074298,MOZ,ADM2,education,DISTANCE,40000,school_age,2303,16.63,680,4.91
Meluco,,85939544B29216683074298,MOZ,ADM2,education,DISTANCE,40000,total,4300,16.63,1269,4.91
Meluco,,85939544B29216683074298,MOZ,ADM2,education,DISTANCE,45000,school_age,2600,18.78,297,2.14
Meluco,,85939544B29216683074298,MOZ,ADM2,education,DISTANCE,45000,total,4855,18.78,555,2.15
Meluco,,85939544B29216683074298,MOZ,ADM2,education,DISTANCE,50000,school_age,3297,23.81,697,5.03
Meluco,,85939544B29216683074298,MOZ,ADM2,education,DISTANCE,50000,total,6156,23.81,1301,5.03
Memba,,85939544B76219123027909,MOZ,ADM2,education,DISTANCE,20000,school_age,31,0.02,31,0.02
Memba,,85939544B76219123027909,MOZ,ADM2,education,DISTANCE,20000,total,56,0.02,56,0.02
Memba,,85939544B76219123027909,MOZ,ADM2,education,DISTANCE,25000,school_age,616,0.31,585,0.29
Memba,,85939544B76219123027909,MOZ,ADM2,education,DISTANCE,25000,total,1104,0.31,1048,0.29
Memba,,85939544B76219123027909,MOZ,ADM2,education,DISTANCE,30000,school_age,1016,0.51,400,0.2
Memba,,85939544B76219123027909,MOZ,ADM2,education,DISTANCE,30000,total,1818,0.51,714,0.2
Memba,,85939544B76219123027909,MOZ,ADM2,education,DISTANCE,35000,school_age,1714,0.86,698,0.35
Memba,,85939544B76219123027909,MOZ,ADM2,education,DISTANCE,35000,total,3069,0.86,1251,0.35
Memba,,85939544B76219123027909,MOZ,ADM2,education,DISTANCE,40000,school_age,7696,3.88,5982,3.01
Memba,,85939544B76219123027909,MOZ,ADM2,education,DISTANCE,40000,total,13774,3.88,10705,3.01
Memba,,85939544B76219123027909,MOZ,ADM2,education,DISTANCE,45000,school_age,9974,5.02,2278,1.15
Memba,,85939544B76219123027909,MOZ,ADM2,education,DISTANCE,45000,total,17851,5.02,4077,1.15
Memba,,85939544B76219123027909,MOZ,ADM2,education,DISTANCE,50000,school_age,14077,7.09,4103,2.07
Memba,,85939544B76219123027909,MOZ,ADM2,education,DISTANCE,50000,total,25194,7.09,7343,2.07
Metarica,,85939544B27352268742856,MOZ,ADM2,education,DISTANCE,5000,school_age,5457,19.48,5457,19.48
Metarica,,85939544B27352268742856,MOZ,ADM2,education,DISTANCE,5000,total,9403,19.48,9403,19.48
Metarica,,85939544B27352268742856,MOZ,ADM2,education,DISTANCE,10000,school_age,6082,21.71,625,2.23
Metarica,,85939544B27352268742856,MOZ,ADM2,education,DISTANCE,10000,total,10480,21.71,1077,2.23
Metarica,,85939544B27352268742856,MOZ,ADM2,education,DISTANCE,15000,school_age,7195,25.68,1113,3.97
Metarica,,85939544B27352268742856,MOZ,ADM2,education,DISTANCE,15000,total,12397,25.68,1917,3.97
Metarica,,85939544B27352268742856,MOZ,ADM2,education,DISTANCE,20000,school_age,7889,28.16,694,2.48
Metarica,,85939544B27352268742856,MOZ,ADM2,education,DISTANCE,20000,total,13592,28.16,1195,2.48
Metarica,,85939544B27352268742856,MOZ,ADM2,education,DISTANCE,25000,school_age,8372,29.88,483,1.72
Metarica,,85939544B27352268742856,MOZ,ADM2,education,DISTANCE,25000,total,14425,29.88,833,1.73
Metarica,,85939544B27352268742856,MOZ,ADM2,education,DISTANCE,30000,school_age,8609,30.73,237,0.85
Metarica,,85939544B27352268742856,MOZ,ADM2,education,DISTANCE,30000,total,14832,30.73,407,0.84
Metarica,,85939544B27352268742856,MOZ,ADM2,education,DISTANCE,35000,school_age,8690,31.02,81,0.29
Metarica,,85939544B27352268742856,MOZ,ADM2,education,DISTANCE,35000,total,14972,31.02,140,0.29
Metarica,,85939544B27352268742856,MOZ,ADM2,education,DISTANCE,40000,school_age,8744,31.21,54,0.19
Metarica,,85939544B27352268742856,MOZ,ADM2,education,DISTANCE,40000,total,15066,31.21,94,0.19
Metarica,,85939544B27352268742856,MOZ,ADM2,education,DISTANCE,45000,school_age,10080,35.98,1336,4.77
Metarica,,85939544B27352268742856,MOZ,ADM2,education,DISTANCE,45000,total,17367,35.98,2301,4.77
Metarica,,85939544B27352268742856,MOZ,ADM2,education,DISTANCE,50000,school_age,10421,37.2,341,1.22
Metarica,,85939544B27352268742856,MOZ,ADM2,education,DISTANCE,50000,total,17955,37.2,588,1.22
Metuge,,85939544B43724113746926,MOZ,ADM2,education,DISTANCE,5000,school_age,10778,19.1,10778,19.1
Metuge,,85939544B43724113746926,MOZ,ADM2,education,DISTANCE,5000,total,20588,19.1,20588,19.1
Metuge,,85939544B43724113746926,MOZ,ADM2,education,DISTANCE,10000,school_age,21489,38.09,10711,18.98
Metuge,,85939544B43724113746926,MOZ,ADM2,education,DISTANCE,10000,total,41047,38.09,20459,18.98
Metuge,,85939544B43724113746926,MOZ,ADM2,education,DISTANCE,15000,school_age,42369,75.09,20880,37.01
Metuge,,85939544B43724113746926,MOZ,ADM2,education,DISTANCE,15000,total,80932,75.1,39885,37.01
Metuge,,85939544B43724113746926,MOZ,ADM2,education,DISTANCE,20000,school_age,43201,76.57,832,1.47
Metuge,,85939544B43724113746926,MOZ,ADM2,education,DISTANCE,20000,total,82519,76.57,1587,1.47
Metuge,,85939544B43724113746926,MOZ,ADM2,education,DISTANCE,25000,school_age,44177,78.3,976,1.73
Metuge,,85939544B43724113746926,MOZ,ADM2,education,DISTANCE,25000,total,84385,78.3,1866,1.73
Metuge,,85939544B43724113746926,MOZ,ADM2,education,DISTANCE,30000,school_age,45800,81.18,1623,2.88
Metuge,,85939544B43724113746926,MOZ,ADM2,education,DISTANCE,30000,total,87484,81.18,3099,2.88
Metuge,,85939544B43724113746926,MOZ,ADM2,education,DISTANCE,35000,school_age,46250,81.97,450,0.8
Metuge,,85939544B43724113746926,MOZ,ADM2,education,DISTANCE,35000,total,88345,81.98,861,0.8
Metuge,,85939544B43724113746926,MOZ,ADM2,education,DISTANCE,40000,school_age,46701,82.77,451,0.8
Metuge,,85939544B43724113746926,MOZ,ADM2,education,DISTANCE,40000,total,89205,82.77,860,0.8
Metuge,,85939544B43724113746926,MOZ,ADM2,education,DISTANCE,45000,school_age,47404,84.02,703,1.25
Metuge,,85939544B43724113746926,MOZ,ADM2,education,DISTANCE,45000,total,90549,84.02,1344,1.25
Metuge,,85939544B43724113746926,MOZ,ADM2,education,DISTANCE,50000,school_age,47437,84.08,33,0.06
Metuge,,85939544B43724113746926,MOZ,ADM2,education,DISTANCE,50000,total,90612,84.08,63,0.06
Milange,,85939544B24654814708458,MOZ,ADM2,education,DISTANCE,5000,school_age,76633,17.71,76633,17.71
Milange,,85939544B24654814708458,MOZ,ADM2,education,DISTANCE,5000,total,136338,17.71,136338,17.71
Milange,,85939544B24654814708458,MOZ,ADM2,education,DISTANCE,10000,school_age,138598,32.03,61965,14.32
Milange,,85939544B24654814708458,MOZ,ADM2,education,DISTANCE,10000,total,246578,32.03,110240,14.32
Milange,,85939544B24654814708458,MOZ,ADM2,education,DISTANCE,15000,school_age,184596,42.66,45998,10.63
Milange,,85939544B24654814708458,MOZ,ADM2,education,DISTANCE,15000,total,328413,42.66,81835,10.63
Milange,,85939544B24654814708458,MOZ,ADM2,education,DISTANCE,20000,school_age,225890,52.2,41294,9.54
Milange,,85939544B24654814708458,MOZ,ADM2,education,DISTANCE,20000,total,401879,52.2,73466,9.54
Milange,,85939544B24654814708458,MOZ,ADM2,education,DISTANCE,25000,school_age,257026,59.39,31136,7.19
Milange,,85939544B24654814708458,MOZ,ADM2,education,DISTANCE,25000,total,457271,59.39,55392,7.19
Milange,,85939544B24654814708458,MOZ,ADM2,education,DISTANCE,30000,school_age,279611,64.61,22585,5.22
Milange,,85939544B24654814708458,MOZ,ADM2,education,DISTANCE,30000,total,497450,64.61,40179,5.22
Milange,,85939544B24654814708458,MOZ,ADM2,education,DISTANCE,35000,school_age,308673,71.33,29062,6.72
Milange,,85939544B24654814708458,MOZ,ADM2,education,DISTANCE,35000,total,549153,71.33,51703,6.72
Milange,,85939544B24654814708458,MOZ,ADM2,education,DISTANCE,40000,school_age,323741,74.81,15068,3.48
Milange,,85939544B24654814708458,MOZ,ADM2,education,DISTANCE,40000,total,575960,74.81,26807,3.48
Milange,,85939544B24654814708458,MOZ,ADM2,education,DISTANCE,45000,school_age,333033,76.96,9292,2.15
Milange,,85939544B24654814708458,MOZ,ADM2,education,DISTANCE,45000,total,592492,76.96,16532,2.15
Milange,,85939544B24654814708458,MOZ,ADM2,education,DISTANCE,50000,school_age,345661,79.87,12628,2.92
Milange,,85939544B24654814708458,MOZ,ADM2,education,DISTANCE,50000,total,614957,79.87,22465,2.92
Moamba,,85939544B51879158696861,MOZ,ADM2,education,DISTANCE,5000,school_age,7084,17.06,7084,17.06
Moamba,,85939544B51879158696861,MOZ,ADM2,education,DISTANCE,5000,total,14698,17.06,14698,17.06
Moamba,,85939544B51879158696861,MOZ,ADM2,education,DISTANCE,10000,school_age,9511,22.9,2427,5.84
Moamba,,85939544B51879158696861,MOZ,ADM2,education,DISTANCE,10000,total,19718,22.89,5020,5.83
Moamba,,85939544B51879158696861,MOZ,ADM2,education,DISTANCE,15000,school_age,15393,37.06,5882,14.16
Moamba,,85939544B51879158696861,MOZ,ADM2,education,DISTANCE,15000,total,31918,37.05,12200,14.16
Moamba,,85939544B51879158696861,MOZ,ADM2,education,DISTANCE,20000,school_age,18686,44.99,3293,7.93
Moamba,,85939544B51879158696861,MOZ,ADM2,education,DISTANCE,20000,total,38748,44.97,6830,7.93
Moamba,,85939544B51879158696861,MOZ,ADM2,education,DISTANCE,25000,school_age,20358,49.01,1672,4.03
Moamba,,85939544B51879158696861,MOZ,ADM2,education,DISTANCE,25000,total,42218,49.0,3470,4.03
Moamba,,85939544B51879158696861,MOZ,ADM2,education,DISTANCE,30000,school_age,21106,50.81,748,1.8
Moamba,,85939544B51879158696861,MOZ,ADM2,education,DISTANCE,30000,total,43770,50.8,1552,1.8
Moamba,,85939544B51879158696861,MOZ,ADM2,education,DISTANCE,35000,school_age,22496,54.16,1390,3.35
Moamba,,85939544B51879158696861,MOZ,ADM2,education,DISTANCE,35000,total,46654,54.15,2884,3.35
Moamba,,85939544B51879158696861,MOZ,ADM2,education,DISTANCE,40000,school_age,26840,64.62,4344,10.46
Moamba,,85939544B51879158696861,MOZ,ADM2,education,DISTANCE,40000,total,55666,64.61,9012,10.46
Moamba,,85939544B51879158696861,MOZ,ADM2,education,DISTANCE,45000,school_age,27551,66.33,711,1.71
Moamba,,85939544B51879158696861,MOZ,ADM2,education,DISTANCE,45000,total,57140,66.32,1474,1.71
Moamba,,85939544B51879158696861,MOZ,ADM2,education,DISTANCE,50000,school_age,27888,67.14,337,0.81
Moamba,,85939544B51879158696861,MOZ,ADM2,education,DISTANCE,50000,total,57841,67.14,701,0.81
Moatize,,85939544B94790467869630,MOZ,ADM2,education,DISTANCE,5000,school_age,8384,2.52,8384,2.52
Moatize,,85939544B94790467869630,MOZ,ADM2,education,DISTANCE,5000,total,14320,2.52,14320,2.52
Moatize,,85939544B94790467869630,MOZ,ADM2,education,DISTANCE,10000,school_age,19984,6.0,11600,3.48
Moatize,,85939544B94790467869630,MOZ,ADM2,education,DISTANCE,10000,total,34134,6.0,19814,3.48
Moatize,,85939544B94790467869630,MOZ,ADM2,education,DISTANCE,15000,school_age,52893,15.87,32909,9.88
Moatize,,85939544B94790467869630,MOZ,ADM2,education,DISTANCE,15000,total,90342,15.88,56208,9.88
Moatize,,85939544B94790467869630,MOZ,ADM2,education,DISTANCE,20000,school_age,74188,22.27,21295,6.39
Moatize,,85939544B94790467869630,MOZ,ADM2,education,DISTANCE,20000,total,126714,22.27,36372,6.39
Moatize,,85939544B94790467869630,MOZ,ADM2,education,DISTANCE,25000,school_age,82229,24.68,8041,2.41
Moatize,,85939544B94790467869630,MOZ,ADM2,education,DISTANCE,25000,total,140446,24.68,13732,2.41
Moatize,,85939544B94790467869630,MOZ,ADM2,education,DISTANCE,30000,school_age,91103,27.34,8874,2.66
Moatize,,85939544B94790467869630,MOZ,ADM2,education,DISTANCE,30000,total,155603,27.34,15157,2.66
Moatize,,85939544B94790467869630,MOZ,ADM2,education,DISTANCE,35000,school_age,100658,30.21,9555,2.87
Moatize,,85939544B94790467869630,MOZ,ADM2,education,DISTANCE,35000,total,171923,30.21,16320,2.87
Moatize,,85939544B94790467869630,MOZ,ADM2,education,DISTANCE,40000,school_age,124204,37.28,23546,7.07
Moatize,,85939544B94790467869630,MOZ,ADM2,education,DISTANCE,40000,total,212137,37.28,40214,7.07
Moatize,,85939544B94790467869630,MOZ,ADM2,education,DISTANCE,45000,school_age,133438,40.05,9234,2.77
Moatize,,85939544B94790467869630,MOZ,ADM2,education,DISTANCE,45000,total,227909,40.05,15772,2.77
Moatize,,85939544B94790467869630,MOZ,ADM2,education,DISTANCE,50000,school_age,140873,42.28,7435,2.23
Moatize,,85939544B94790467869630,MOZ,ADM2,education,DISTANCE,50000,total,240607,42.28,12698,2.23
Mocimboa Da Praia,,85939544B54758933622764,MOZ,ADM2,education,DISTANCE,5000,school_age,27387,47.69,27387,47.69
Mocimboa Da Praia,,85939544B54758933622764,MOZ,ADM2,education,DISTANCE,5000,total,55824,47.69,55824,47.69
Mocimboa Da Praia,,85939544B54758933622764,MOZ,ADM2,education,DISTANCE,10000,school_age,29052,50.58,1665,2.9
Mocimboa Da Praia,,85939544B54758933622764,MOZ,ADM2,education,DISTANCE,10000,total,59217,50.58,3393,2.9
Mocimboa Da Praia,,85939544B54758933622764,MOZ,ADM2,education,DISTANCE,15000,school_age,31192,54.31,2140,3.73
Mocimboa Da Praia,,85939544B54758933622764,MOZ,ADM2,education,DISTANCE,15000,total,63580,54.31,4363,3.73
Mocimboa Da Praia,,85939544B54758933622764,MOZ,ADM2,education,DISTANCE,20000,school_age,34292,59.71,3100,5.4
Mocimboa Da Praia,,85939544B54758933622764,MOZ,ADM2,education,DISTANCE,20000,total,69899,59.71,6319,5.4
Mocimboa Da Praia,,85939544B54758933622764,MOZ,ADM2,education,DISTANCE,25000,school_age,36688,63.88,2396,4.17
Mocimboa Da Praia,,85939544B54758933622764,MOZ,ADM2,education,DISTANCE,25000,total,74782,63.88,4883,4.17
Mocimboa Da Praia,,85939544B54758933622764,MOZ,ADM2,education,DISTANCE,30000,school_age,38333,66.74,1645,2.86
Mocimboa Da Praia,,85939544B54758933622764,MOZ,ADM2,education,DISTANCE,30000,total,78135,66.74,3353,2.86
Mocimboa Da Praia,,85939544B54758933622764,MOZ,ADM2,education,DISTANCE,35000,school_age,41261,71.84,2928,5.1
Mocimboa Da Praia,,85939544B54758933622764,MOZ,ADM2,education,DISTANCE,35000,total,84103,71.84,5968,5.1
Mocimboa Da Praia,,85939544B54758933622764,MOZ,ADM2,education,DISTANCE,40000,school_age,43614,75.94,2353,4.1
Mocimboa Da Praia,,85939544B54758933622764,MOZ,ADM2,education,DISTANCE,40000,total,88899,75.94,4796,4.1
Mocimboa Da Praia,,85939544B54758933622764,MOZ,ADM2,education,DISTANCE,45000,school_age,49606,86.37,5992,10.43
Mocimboa Da Praia,,85939544B54758933622764,MOZ,ADM2,education,DISTANCE,45000,total,101114,86.37,12215,10.43
Mocimboa Da Praia,,85939544B54758933622764,MOZ,ADM2,education,DISTANCE,50000,school_age,49870,86.83,264,0.46
Mocimboa Da Praia,,85939544B54758933622764,MOZ,ADM2,education,DISTANCE,50000,total,101652,86.83,538,0.46
Mocuba,,85939544B358257057392,MOZ,ADM2,education,DISTANCE,5000,school_age,56037,20.49,56037,20.49
Mocuba,,85939544B358257057392,MOZ,ADM2,education,DISTANCE,5000,total,96680,20.49,96680,20.49
Mocuba,,85939544B358257057392,MOZ,ADM2,education,DISTANCE,10000,school_age,66519,24.33,10482,3.83
Mocuba,,85939544B358257057392,MOZ,ADM2,education,DISTANCE,10000,total,114765,24.33,18085,3.83
Mocuba,,85939544B358257057392,MOZ,ADM2,education,DISTANCE,15000,school_age,73527,26.89,7008,2.56
Mocuba,,85939544B358257057392,MOZ,ADM2,education,DISTANCE,15000,total,126856,26.89,12091,2.56
Mocuba,,85939544B358257057392,MOZ,ADM2,education,DISTANCE,20000,school_age,78627,28.75,5100,1.87
Mocuba,,85939544B358257057392,MOZ,ADM2,education,DISTANCE,20000,total,135655,28.75,8799,1.87
Mocuba,,85939544B358257057392,MOZ,ADM2,education,DISTANCE,25000,school_age,87353,31.94,8726,3.19
Mocuba,,85939544B358257057392,MOZ,ADM2,education,DISTANCE,25000,total,150713,31.94,15058,3.19
Mocuba,,85939544B358257057392,MOZ,ADM2,education,DISTANCE,30000,school_age,99483,36.38,12130,4.44
Mocuba,,85939544B358257057392,MOZ,ADM2,education,DISTANCE,30000,total,171642,36.38,20929,4.44
Mocuba,,85939544B358257057392,MOZ,ADM2,education,DISTANCE,35000,school_age,107661,39.37,8178,2.99
Mocuba,,85939544B358257057392,MOZ,ADM2,education,DISTANCE,35000,total,185751,39.37,14109,2.99
Mocuba,,85939544B358257057392,MOZ,ADM2,education,DISTANCE,40000,school_age,118173,43.21,10512,3.84
Mocuba,,85939544B358257057392,MOZ,ADM2,education,DISTANCE,40000,total,203888,43.22,18137,3.84
Mocuba,,85939544B358257057392,MOZ,ADM2,education,DISTANCE,45000,school_age,127901,46.77,9728,3.56
Mocuba,,85939544B358257057392,MOZ,ADM2,education,DISTANCE,45000,total,220671,46.77,16783,3.56
Mocuba,,85939544B358257057392,MOZ,ADM2,education,DISTANCE,50000,school_age,135719,49.63,7818,2.86
Mocuba,,85939544B358257057392,MOZ,ADM2,education,DISTANCE,50000,total,234159,49.63,13488,2.86
Mocubela,,85939544B38416709222197,MOZ,ADM2,education,DISTANCE,30000,school_age,91,0.11,91,0.11
Mocubela,,85939544B38416709222197,MOZ,ADM2,education,DISTANCE,30000,total,161,0.11,161,0.11
Mocubela,,85939544B38416709222197,MOZ,ADM2,education,DISTANCE,35000,school_age,298,0.36,207,0.25
Mocubela,,85939544B38416709222197,MOZ,ADM2,education,DISTANCE,35000,total,525,0.36,364,0.25
Mocubela,,85939544B38416709222197,MOZ,ADM2,education,DISTANCE,40000,school_age,528,0.64,230,0.28
Mocubela,,85939544B38416709222197,MOZ,ADM2,education,DISTANCE,40000,total,931,0.64,406,0.28
Mocubela,,85939544B38416709222197,MOZ,ADM2,education,DISTANCE,45000,school_age,848,1.03,320,0.39
Mocubela,,85939544B38416709222197,MOZ,ADM2,education,DISTANCE,45000,total,1495,1.03,564,0.39
Mocubela,,85939544B38416709222197,MOZ,ADM2,education,DISTANCE,50000,school_age,1149,1.39,301,0.37
Mocubela,,85939544B38416709222197,MOZ,ADM2,education,DISTANCE,50000,total,2025,1.39,530,0.36
Mogovolas,,85939544B32350532447413,MOZ,ADM2,education,DISTANCE,5000,school_age,30797,12.68,30797,12.68
Mogovolas,,85939544B32350532447413,MOZ,ADM2,education,DISTANCE,5000,total,57627,12.68,57627,12.68
Mogovolas,,85939544B32350532447413,MOZ,ADM2,education,DISTANCE,10000,school_age,34908,14.37,4111,1.69
Mogovolas,,85939544B32350532447413,MOZ,ADM2,education,DISTANCE,10000,total,65320,14.37,7693,1.69
Mogovolas,,85939544B32350532447413,MOZ,ADM2,education,DISTANCE,15000,school_age,38629,15.9,3721,1.53
Mogovolas,,85939544B32350532447413,MOZ,ADM2,education,DISTANCE,15000,total,72282,15.9,6962,1.53
Mogovolas,,85939544B32350532447413,MOZ,ADM2,education,DISTANCE,20000,school_age,45724,18.82,7095,2.92
Mogovolas,,85939544B32350532447413,MOZ,ADM2,education,DISTANCE,20000,total,85560,18.82,13278,2.92
Mogovolas,,85939544B32350532447413,MOZ,ADM2,education,DISTANCE,25000,school_age,53648,22.09,7924,3.26
Mogovolas,,85939544B32350532447413,MOZ,ADM2,education,DISTANCE,25000,total,100386,22.09,14826,3.26
Mogovolas,,85939544B32350532447413,MOZ,ADM2,education,DISTANCE,30000,school_age,62408,25.69,8760,3.61
Mogovolas,,85939544B32350532447413,MOZ,ADM2,education,DISTANCE,30000,total,116778,25.69,16392,3.61
Mogovolas,,85939544B32350532447413,MOZ,ADM2,education,DISTANCE,35000,school_age,86407,35.57,23999,9.88
Mogovolas,,85939544B32350532447413,MOZ,ADM2,education,DISTANCE,35000,total,161684,35.57,44906,9.88
Mogovolas,,85939544B32350532447413,MOZ,ADM2,education,DISTANCE,40000,school_age,97996,40.34,11589,4.77
Mogovolas,,85939544B32350532447413,MOZ,ADM2,education,DISTANCE,40000,total,183369,40.34,21685,4.77
Mogovolas,,85939544B32350532447413,MOZ,ADM2,education,DISTANCE,45000,school_age,114363,47.08,16367,6.74
Mogovolas,,85939544B32350532447413,MOZ,ADM2,education,DISTANCE,45000,total,213995,47.08,30626,6.74
Mogovolas,,85939544B32350532447413,MOZ,ADM2,education,DISTANCE,50000,school_age,119460,49.18,5097,2.1
Mogovolas,,85939544B32350532447413,MOZ,ADM2,education,DISTANCE,50000,total,223531,49.18,9536,2.1
Molumbo,,85939544B56224707964526,MOZ,ADM2,education,DISTANCE,30000,school_age,19,0.03,19,0.03
Molumbo,,85939544B56224707964526,MOZ,ADM2,education,DISTANCE,30000,total,34,0.03,34,0.03
Molumbo,,85939544B56224707964526,MOZ,ADM2,education,DISTANCE,35000,school_age,1197,2.02,1178,1.98
Molumbo,,85939544B56224707964526,MOZ,ADM2,education,DISTANCE,35000,total,2130,2.02,2096,1.98
Molumbo,,85939544B56224707964526,MOZ,ADM2,education,DISTANCE,40000,school_age,1616,2.72,419,0.71
Molumbo,,85939544B56224707964526,MOZ,ADM2,education,DISTANCE,40000,total,2875,2.72,745,0.71
Molumbo,,85939544B56224707964526,MOZ,ADM2,education,DISTANCE,45000,school_age,2333,3.93,717,1.21
Molumbo,,85939544B56224707964526,MOZ,ADM2,education,DISTANCE,45000,total,4152,3.93,1277,1.21
Molumbo,,85939544B56224707964526,MOZ,ADM2,education,DISTANCE,50000,school_age,5305,8.94,2972,5.01
Molumbo,,85939544B56224707964526,MOZ,ADM2,education,DISTANCE,50000,total,9438,8.94,5286,5.01
Moma,,85939544B26201267157646,MOZ,ADM2,education,DISTANCE,35000,school_age,121,0.07,121,0.07
Moma,,85939544B26201267157646,MOZ,ADM2,education,DISTANCE,35000,total,218,0.07,218,0.07
Moma,,85939544B26201267157646,MOZ,ADM2,education,DISTANCE,40000,school_age,287,0.16,166,0.09
Moma,,85939544B26201267157646,MOZ,ADM2,education,DISTANCE,40000,total,517,0.16,299,0.09
Moma,,85939544B26201267157646,MOZ,ADM2,education,DISTANCE,45000,school_age,666,0.36,379,0.21
Moma,,85939544B26201267157646,MOZ,ADM2,education,DISTANCE,45000,total,1200,0.36,683,0.21
Moma,,85939544B26201267157646,MOZ,ADM2,education,DISTANCE,50000,school_age,5357,2.91,4691,2.55
Moma,,85939544B26201267157646,MOZ,ADM2,education,DISTANCE,50000,total,9644,2.91,8444,2.55
Monapo,,85939544B30642509050116,MOZ,ADM2,education,DISTANCE,40000,school_age,70,0.03,70,0.03
Monapo,,85939544B30642509050116,MOZ,ADM2,education,DISTANCE,40000,total,124,0.03,124,0.03
Monapo,,85939544B30642509050116,MOZ,ADM2,education,DISTANCE,45000,school_age,903,0.34,833,0.32
Monapo,,85939544B30642509050116,MOZ,ADM2,education,DISTANCE,45000,total,1586,0.35,1462,0.32
Monapo,,85939544B30642509050116,MOZ,ADM2,education,DISTANCE,50000,school_age,4110,1.57,3207,1.23
Monapo,,85939544B30642509050116,MOZ,ADM2,education,DISTANCE,50000,total,7215,1.57,5629,1.22
Montepuez,,85939544B74766547400417,MOZ,ADM2,education,DISTANCE,5000,school_age,46694,32.82,46694,32.82
Montepuez,,85939544B74766547400417,MOZ,ADM2,education,DISTANCE,5000,total,90240,32.82,90240,32.82
Montepuez,,85939544B74766547400417,MOZ,ADM2,education,DISTANCE,10000,school_age,51242,36.02,4548,3.2
Montepuez,,85939544B74766547400417,MOZ,ADM2,education,DISTANCE,10000,total,99029,36.02,8789,3.2
Montepuez,,85939544B74766547400417,MOZ,ADM2,education,DISTANCE,15000,school_age,53895,37.89,2653,1.86
Montepuez,,85939544B74766547400417,MOZ,ADM2,education,DISTANCE,15000,total,104156,37.89,5127,1.86
Montepuez,,85939544B74766547400417,MOZ,ADM2,education,DISTANCE,20000,school_age,58303,40.98,4408,3.1
Montepuez,,85939544B74766547400417,MOZ,ADM2,education,DISTANCE,20000,total,112675,40.98,8519,3.1
Montepuez,,85939544B74766547400417,MOZ,ADM2,education,DISTANCE,25000,school_age,65887,46.32,7584,5.33
Montepuez,,85939544B74766547400417,MOZ,ADM2,education,DISTANCE,25000,total,127332,46.32,14657,5.33
Montepuez,,85939544B74766547400417,MOZ,ADM2,education,DISTANCE,30000,school_age,74422,52.31,8535,6.0
Montepuez,,85939544B74766547400417,MOZ,ADM2,education,DISTANCE,30000,total,143826,52.32,16494,6.0
Montepuez,,85939544B74766547400417,MOZ,ADM2,education,DISTANCE,35000,school_age,82296,57.85,7874,5.54
Montepuez,,85939544B74766547400417,MOZ,ADM2,education,DISTANCE,35000,total,159044,57.85,15218,5.54
Montepuez,,85939544B74766547400417,MOZ,ADM2,education,DISTANCE,40000,school_age,90762,63.8,8466,5.95
Montepuez,,85939544B74766547400417,MOZ,ADM2,education,DISTANCE,40000,total,175405,63.8,16361,5.95
Montepuez,,85939544B74766547400417,MOZ,ADM2,education,DISTANCE,45000,school_age,93552,65.76,2790,1.96
Montepuez,,85939544B74766547400417,MOZ,ADM2,education,DISTANCE,45000,total,180797,65.76,5392,1.96
Montepuez,,85939544B74766547400417,MOZ,ADM2,education,DISTANCE,50000,school_age,95013,66.79,1461,1.03
Montepuez,,85939544B74766547400417,MOZ,ADM2,education,DISTANCE,50000,total,183620,66.79,2823,1.03
Mopeia,,85939544B50332228011696,MOZ,ADM2,education,DISTANCE,5000,school_age,11395,9.01,11395,9.01
Mopeia,,85939544B50332228011696,MOZ,ADM2,education,DISTANCE,5000,total,19695,9.0,19695,9.0
Mopeia,,85939544B50332228011696,MOZ,ADM2,education,DISTANCE,10000,school_age,12173,9.62,778,0.61
Mopeia,,85939544B50332228011696,MOZ,ADM2,education,DISTANCE,10000,total,21040,9.62,1345,0.61
Mopeia,,85939544B50332228011696,MOZ,ADM2,education,DISTANCE,15000,school_age,13102,10.35,929,0.73
Mopeia,,85939544B50332228011696,MOZ,ADM2,education,DISTANCE,15000,total,22645,10.35,1605,0.73
Mopeia,,85939544B50332228011696,MOZ,ADM2,education,DISTANCE,20000,school_age,13917,11.0,815,0.64
Mopeia,,85939544B50332228011696,MOZ,ADM2,education,DISTANCE,20000,total,24054,11.0,1409,0.64
Mopeia,,85939544B50332228011696,MOZ,ADM2,education,DISTANCE,25000,school_age,14124,11.16,207,0.16
Mopeia,,85939544B50332228011696,MOZ,ADM2,education,DISTANCE,25000,total,24413,11.16,359,0.16
Mopeia,,85939544B50332228011696,MOZ,ADM2,education,DISTANCE,30000,school_age,14508,11.47,384,0.3
Mopeia,,85939544B50332228011696,MOZ,ADM2,education,DISTANCE,30000,total,25076,11.47,663,0.3
Mopeia,,85939544B50332228011696,MOZ,ADM2,education,DISTANCE,35000,school_age,14835,11.72,327,0.26
Mopeia,,85939544B50332228011696,MOZ,ADM2,education,DISTANCE,35000,total,25642,11.72,566,0.26
Mopeia,,85939544B50332228011696,MOZ,ADM2,education,DISTANCE,40000,school_age,20655,16.32,5820,4.6
Mopeia,,85939544B50332228011696,MOZ,ADM2,education,DISTANCE,40000,total,35703,16.32,10061,4.6
Mopeia,,85939544B50332228011696,MOZ,ADM2,education,DISTANCE,45000,school_age,22385,17.69,1730,1.37
Mopeia,,85939544B50332228011696,MOZ,ADM2,education,DISTANCE,45000,total,38694,17.69,2991,1.37
Mopeia,,85939544B50332228011696,MOZ,ADM2,education,DISTANCE,50000,school_age,24058,19.01,1673,1.32
Mopeia,,85939544B50332228011696,MOZ,ADM2,education,DISTANCE,50000,total,41584,19.01,2890,1.32
Morrumbala,,85939544B61462515035200,MOZ,ADM2,education,DISTANCE,5000,school_age,33549,11.42,33549,11.42
Morrumbala,,85939544B61462515035200,MOZ,ADM2,education,DISTANCE,5000,total,57986,11.42,57986,11.42
Morrumbala,,85939544B61462515035200,MOZ,ADM2,education,DISTANCE,10000,school_age,40311,13.72,6762,2.3
Morrumbala,,85939544B61462515035200,MOZ,ADM2,education,DISTANCE,10000,total,69673,13.72,11687,2.3
Morrumbala,,85939544B61462515035200,MOZ,ADM2,education,DISTANCE,15000,school_age,46413,15.8,6102,2.08
Morrumbala,,85939544B61462515035200,MOZ,ADM2,education,DISTANCE,15000,total,80219,15.8,10546,2.08
Morrumbala,,85939544B61462515035200,MOZ,ADM2,education,DISTANCE,20000,school_age,50476,17.18,4063,1.38
Morrumbala,,85939544B61462515035200,MOZ,ADM2,education,DISTANCE,20000,total,87242,17.18,7023,1.38
Morrumbala,,85939544B61462515035200,MOZ,ADM2,education,DISTANCE,25000,school_age,56655,19.28,6179,2.1
Morrumbala,,85939544B61462515035200,MOZ,ADM2,education,DISTANCE,25000,total,97921,19.28,10679,2.1
Morrumbala,,85939544B61462515035200,MOZ,ADM2,education,DISTANCE,30000,school_age,66654,22.68,9999,3.4
Morrumbala,,85939544B61462515035200,MOZ,ADM2,education,DISTANCE,30000,total,115202,22.68,17281,3.4
Morrumbala,,85939544B61462515035200,MOZ,ADM2,education,DISTANCE,35000,school_age,80983,27.56,14329,4.88
Morrumbala,,85939544B61462515035200,MOZ,ADM2,education,DISTANCE,35000,total,139968,27.56,24766,4.88
Morrumbala,,85939544B61462515035200,MOZ,ADM2,education,DISTANCE,40000,school_age,92173,31.37,11190,3.81
Morrumbala,,85939544B61462515035200,MOZ,ADM2,education,DISTANCE,40000,total,159309,31.37,19341,3.81
Morrumbala,,85939544B61462515035200,MOZ,ADM2,education,DISTANCE,45000,school_age,107127,36.46,14954,5.09
Morrumbala,,85939544B61462515035200,MOZ,ADM2,education,DISTANCE,45000,total,185155,36.46,25846,5.09
Morrumbala,,85939544B61462515035200,MOZ,ADM2,education,DISTANCE,50000,school_age,118138,40.2,11011,3.75
Morrumbala,,85939544B61462515035200,MOZ,ADM2,education,DISTANCE,50000,total,204186,40.2,19031,3.75
Morrumbene,,85939544B85400452133709,MOZ,ADM2,education,DISTANCE,5000,school_age,2612,3.38,2612,3.38
Morrumbene,,85939544B85400452133709,MOZ,ADM2,education,DISTANCE,5000,total,4892,3.38,4892,3.38
Morrumbene,,85939544B85400452133709,MOZ,ADM2,education,DISTANCE,10000,school_age,3043,3.94,431,0.56
Morrumbene,,85939544B85400452133709,MOZ,ADM2,education,DISTANCE,10000,total,5699,3.94,807,0.56
Morrumbene,,85939544B85400452133709,MOZ,ADM2,education,DISTANCE,15000,school_age,4637,6.0,1594,2.06
Morrumbene,,85939544B85400452133709,MOZ,ADM2,education,DISTANCE,15000,total,8683,6.0,2984,2.06
Morrumbene,,85939544B85400452133709,MOZ,ADM2,education,DISTANCE,20000,school_age,5537,7.17,900,1.17
Morrumbene,,85939544B85400452133709,MOZ,ADM2,education,DISTANCE,20000,total,10368,7.17,1685,1.16
Morrumbene,,85939544B85400452133709,MOZ,ADM2,education,DISTANCE,25000,school_age,12842,16.62,7305,9.46
Morrumbene,,85939544B85400452133709,MOZ,ADM2,education,DISTANCE,25000,total,24047,16.62,13679,9.46
Morrumbene,,85939544B85400452133709,MOZ,ADM2,education,DISTANCE,30000,school_age,13986,18.1,1144,1.48
Morrumbene,,85939544B85400452133709,MOZ,ADM2,education,DISTANCE,30000,total,26191,18.11,2144,1.48
Morrumbene,,85939544B85400452133709,MOZ,ADM2,education,DISTANCE,35000,school_age,14689,19.01,703,0.91
Morrumbene,,85939544B85400452133709,MOZ,ADM2,education,DISTANCE,35000,total,27506,19.01,1315,0.91
Morrumbene,,85939544B85400452133709,MOZ,ADM2,education,DISTANCE,40000,school_age,15301,19.81,612,0.79
Morrumbene,,85939544B85400452133709,MOZ,ADM2,education,DISTANCE,40000,total,28653,19.81,1147,0.79
Morrumbene,,85939544B85400452133709,MOZ,ADM2,education,DISTANCE,45000,school_age,16154,20.91,853,1.1
Morrumbene,,85939544B85400452133709,MOZ,ADM2,education,DISTANCE,45000,total,30251,20.91,1598,1.1
Morrumbene,,85939544B85400452133709,MOZ,ADM2,education,DISTANCE,50000,school_age,21411,27.72,5257,6.81
Morrumbene,,85939544B85400452133709,MOZ,ADM2,education,DISTANCE,50000,total,40094,27.72,9843,6.8
Mossuril,,85939544B64339198961844,MOZ,ADM2,education,DISTANCE,5000,school_age,1081,1.38,1081,1.38
Mossuril,,85939544B64339198961844,MOZ,ADM2,education,DISTANCE,5000,total,2079,1.39,2079,1.39
Mossuril,,85939544B64339198961844,MOZ,ADM2,education,DISTANCE,10000,school_age,2521,3.23,1440,1.84
Mossuril,,85939544B64339198961844,MOZ,ADM2,education,DISTANCE,10000,total,4846,3.23,2767,1.84
Mossuril,,85939544B64339198961844,MOZ,ADM2,education,DISTANCE,15000,school_age,4457,5.71,1936,2.48
Mossuril,,85939544B64339198961844,MOZ,ADM2,education,DISTANCE,15000,total,8569,5.71,3723,2.48
Mossuril,,85939544B64339198961844,MOZ,ADM2,education,DISTANCE,20000,school_age,6725,8.61,2268,2.91
Mossuril,,85939544B64339198961844,MOZ,ADM2,education,DISTANCE,20000,total,12929,8.61,4360,2.91
Mossuril,,85939544B64339198961844,MOZ,ADM2,education,DISTANCE,25000,school_age,7848,10.05,1123,1.44
Mossuril,,85939544B64339198961844,MOZ,ADM2,education,DISTANCE,25000,total,15088,10.05,2159,1.44
Mossuril,,85939544B64339198961844,MOZ,ADM2,education,DISTANCE,30000,school_age,9511,12.18,1663,2.13
Mossuril,,85939544B64339198961844,MOZ,ADM2,education,DISTANCE,30000,total,18284,12.18,3196,2.13
Mossuril,,85939544B64339198961844,MOZ,ADM2,education,DISTANCE,35000,school_age,10922,13.99,1411,1.81
Mossuril,,85939544B64339198961844,MOZ,ADM2,education,DISTANCE,35000,total,20996,13.99,2712,1.81
Mossuril,,85939544B64339198961844,MOZ,ADM2,education,DISTANCE,40000,school_age,12964,16.61,2042,2.62
Mossuril,,85939544B64339198961844,MOZ,ADM2,education,DISTANCE,40000,total,24923,16.61,3927,2.62
Mossuril,,85939544B64339198961844,MOZ,ADM2,education,DISTANCE,45000,school_age,20873,26.74,7909,10.13
Mossuril,,85939544B64339198961844,MOZ,ADM2,education,DISTANCE,45000,total,40127,26.74,15204,10.13
Mossuril,,85939544B64339198961844,MOZ,ADM2,education,DISTANCE,50000,school_age,22004,28.19,1131,1.45
Mossuril,,85939544B64339198961844,MOZ,ADM2,education,DISTANCE,50000,total,42300,28.19,2173,1.45
Mossurize,,85939544B24800488676804,MOZ,ADM2,education,DISTANCE,40000,school_age,58,0.03,58,0.03
Mossurize,,85939544B24800488676804,MOZ,ADM2,education,DISTANCE,40000,total,105,0.03,105,0.03
Mossurize,,85939544B24800488676804,MOZ,ADM2,education,DISTANCE,45000,school_age,428,0.21,370,0.18
Mossurize,,85939544B24800488676804,MOZ,ADM2,education,DISTANCE,45000,total,773,0.21,668,0.18
Mossurize,,85939544B24800488676804,MOZ,ADM2,education,DISTANCE,50000,school_age,776,0.38,348,0.17
Mossurize,,85939544B24800488676804,MOZ,ADM2,education,DISTANCE,50000,total,1399,0.38,626,0.17
Mozambique,MOZ,74581448B79694950765469,MOZ,ADM0,education,DISTANCE,5000,school_age,3862108,22.36,3862108,22.36
Mozambique,MOZ,74581448B79694950765469,MOZ,ADM0,education,DISTANCE,5000,total,7357790,23.57,7357790,23.57
Mozambique,MOZ,74581448B79694950765469,MOZ,ADM0,education,DISTANCE,10000,school_age,4544728,26.31,682620,3.95
Mozambique,MOZ,74581448B79694950765469,MOZ,ADM0,education,DISTANCE,10000,total,8610058,27.58,1252268,4.01
Mozambique,MOZ,74581448B79694950765469,MOZ,ADM0,education,DISTANCE,15000,school_age,5003968,28.97,459240,2.66
Mozambique,MOZ,74581448B79694950765469,MOZ,ADM0,education,DISTANCE,15000,total,9441273,30.25,831215,2.66
Mozambique,MOZ,74581448B79694950765469,MOZ,ADM0,education,DISTANCE,20000,school_age,5437603,31.48,433635,2.51
Mozambique,MOZ,74581448B79694950765469,MOZ,ADM0,education,DISTANCE,20000,total,10223436,32.75,782163,2.51
Mozambique,MOZ,74581448B79694950765469,MOZ,ADM0,education,DISTANCE,25000,school_age,5858541,33.92,420938,2.44
Mozambique,MOZ,74581448B79694950765469,MOZ,ADM0,education,DISTANCE,25000,total,10980301,35.18,756865,2.42
Mozambique,MOZ,74581448B79694950765469,MOZ,ADM0,education,DISTANCE,30000,school_age,6239423,36.13,380882,2.21
Mozambique,MOZ,74581448B79694950765469,MOZ,ADM0,education,DISTANCE,30000,total,11662738,37.36,682437,2.19
Mozambique,MOZ,74581448B79694950765469,MOZ,ADM0,education,DISTANCE,35000,school_age,6650958,38.51,411535,2.38
Mozambique,MOZ,74581448B79694950765469,MOZ,ADM0,education,DISTANCE,35000,total,12400711,39.73,737973,2.36
Mozambique,MOZ,74581448B79694950765469,MOZ,ADM0,education,DISTANCE,40000,school_age,7065728,40.91,414770,2.4
Mozambique,MOZ,74581448B79694950765469,MOZ,ADM0,education,DISTANCE,40000,total,13148197,42.12,747486,2.39
Mozambique,MOZ,74581448B79694950765469,MOZ,ADM0,education,DISTANCE,45000,school_age,7441843,43.09,376115,2.18
Mozambique,MOZ,74581448B79694950765469,MOZ,ADM0,education,DISTANCE,45000,total,13827539,44.3,679342,2.18
Mozambique,MOZ,74581448B79694950765469,MOZ,ADM0,education,DISTANCE,50000,school_age,7748126,44.86,306283,1.77
Mozambique,MOZ,74581448B79694950765469,MOZ,ADM0,education,DISTANCE,50000,total,14375571,46.06,548032,1.76
Muanza,,85939544B50673994435668,MOZ,ADM2,education,DISTANCE,15000,school_age,1,0.0,1,0.0
Muanza,,85939544B50673994435668,MOZ,ADM2,education,DISTANCE,15000,total,2,0.0,2,0.0
Muanza,,85939544B50673994435668,MOZ,ADM2,education,DISTANCE,20000,school_age,1,0.0,0,0.0
Muanza,,85939544B50673994435668,MOZ,ADM2,education,DISTANCE,20000,total,2,0.0,0,0.0
Muanza,,85939544B50673994435668,MOZ,ADM2,education,DISTANCE,25000,school_age,1,0.0,0,0.0
Muanza,,85939544B50673994435668,MOZ,ADM2,education,DISTANCE,25000,total,2,0.0,0,0.0
Muanza,,85939544B50673994435668,MOZ,ADM2,education,DISTANCE,30000,school_age,364,1.17,363,1.17
Muanza,,85939544B50673994435668,MOZ,ADM2,education,DISTANCE,30000,total,610,1.18,608,1.17
Muanza,,85939544B50673994435668,MOZ,ADM2,education,DISTANCE,35000,school_age,576,1.85,212,0.68
Muanza,,85939544B50673994435668,MOZ,ADM2,education,DISTANCE,35000,total,965,1.86,355,0.69
Muanza,,85939544B50673994435668,MOZ,ADM2,education,DISTANCE,40000,school_age,1168,3.76,592,1.9
Muanza,,85939544B50673994435668,MOZ,ADM2,education,DISTANCE,40000,total,1965,3.79,1000,1.93
Muanza,,85939544B50673994435668,MOZ,ADM2,education,DISTANCE,45000,school_age,1382,4.45,214,0.69
Muanza,,85939544B50673994435668,MOZ,ADM2,education,DISTANCE,45000,total,2324,4.49,359,0.69
Muanza,,85939544B50673994435668,MOZ,ADM2,education,DISTANCE,50000,school_age,1463,4.71,81,0.26
Muanza,,85939544B50673994435668,MOZ,ADM2,education,DISTANCE,50000,total,2458,4.75,134,0.26
Muecate,,85939544B7087427782291,MOZ,ADM2,education,DISTANCE,10000,school_age,9,0.01,9,0.01
Muecate,,85939544B7087427782291,MOZ,ADM2,education,DISTANCE,10000,total,15,0.01,15,0.01
Muecate,,85939544B7087427782291,MOZ,ADM2,education,DISTANCE,15000,school_age,1143,1.34,1134,1.33
Muecate,,85939544B7087427782291,MOZ,ADM2,education,DISTANCE,15000,total,1978,1.34,1963,1.33
Muecate,,85939544B7087427782291,MOZ,ADM2,education,DISTANCE,20000,school_age,4437,5.19,3294,3.85
Muecate,,85939544B7087427782291,MOZ,ADM2,education,DISTANCE,20000,total,7678,5.19,5700,3.85
Muecate,,85939544B7087427782291,MOZ,ADM2,education,DISTANCE,25000,school_age,4883,5.71,446,0.52
Muecate,,85939544B7087427782291,MOZ,ADM2,education,DISTANCE,25000,total,8451,5.71,773,0.52
Muecate,,85939544B7087427782291,MOZ,ADM2,education,DISTANCE,30000,school_age,5772,6.75,889,1.04
Muecate,,85939544B7087427782291,MOZ,ADM2,education,DISTANCE,30000,total,9989,6.75,1538,1.04
Muecate,,85939544B7087427782291,MOZ,ADM2,education,DISTANCE,35000,school_age,6852,8.02,1080,1.26
Muecate,,85939544B7087427782291,MOZ,ADM2,education,DISTANCE,35000,total,11859,8.02,1870,1.26
Muecate,,85939544B7087427782291,MOZ,ADM2,education,DISTANCE,40000,school_age,13522,15.82,6670,7.8
Muecate,,85939544B7087427782291,MOZ,ADM2,education,DISTANCE,40000,total,23401,15.82,11542,7.8
Muecate,,85939544B7087427782291,MOZ,ADM2,education,DISTANCE,45000,school_age,14675,17.17,1153,1.35
Muecate,,85939544B7087427782291,MOZ,ADM2,education,DISTANCE,45000,total,25397,17.17,1996,1.35
Muecate,,85939544B7087427782291,MOZ,ADM2,education,DISTANCE,50000,school_age,15086,17.65,411,0.48
Muecate,,85939544B7087427782291,MOZ,ADM2,education,DISTANCE,50000,total,26109,17.65,712,0.48
Mueda,,85939544B28759712944697,MOZ,ADM2,education,DISTANCE,5000,school_age,16381,21.9,16381,21.9
Mueda,,85939544B28759712944697,MOZ,ADM2,education,DISTANCE,5000,total,33025,21.9,33025,21.9
Mueda,,85939544B28759712944697,MOZ,ADM2,education,DISTANCE,10000,school_age,18716,25.02,2335,3.12
Mueda,,85939544B28759712944697,MOZ,ADM2,education,DISTANCE,10000,total,37732,25.02,4707,3.12
Mueda,,85939544B28759712944697,MOZ,ADM2,education,DISTANCE,15000,school_age,22210,29.69,3494,4.67
Mueda,,85939544B28759712944697,MOZ,ADM2,education,DISTANCE,15000,total,44775,29.69,7043,4.67
Mueda,,85939544B28759712944697,MOZ,ADM2,education,DISTANCE,20000,school_age,26770,35.78,4560,6.1
Mueda,,85939544B28759712944697,MOZ,ADM2,education,DISTANCE,20000,total,53973,35.78,9198,6.1
Mueda,,85939544B28759712944697,MOZ,ADM2,education,DISTANCE,25000,school_age,28030,37.47,1260,1.68
Mueda,,85939544B28759712944697,MOZ,ADM2,education,DISTANCE,25000,total,56514,37.47,2541,1.68
Mueda,,85939544B28759712944697,MOZ,ADM2,education,DISTANCE,30000,school_age,37029,49.49,8999,12.03
Mueda,,85939544B28759712944697,MOZ,ADM2,education,DISTANCE,30000,total,74656,49.5,18142,12.03
Mueda,,85939544B28759712944697,MOZ,ADM2,education,DISTANCE,35000,school_age,37974,50.76,945,1.26
Mueda,,85939544B28759712944697,MOZ,ADM2,education,DISTANCE,35000,total,76560,50.76,1904,1.26
Mueda,,85939544B28759712944697,MOZ,ADM2,education,DISTANCE,40000,school_age,39462,52.75,1488,1.99
Mueda,,85939544B28759712944697,MOZ,ADM2,education,DISTANCE,40000,total,79560,52.75,3000,1.99
Mueda,,85939544B28759712944697,MOZ,ADM2,education,DISTANCE,45000,school_age,41378,55.31,1916,2.56
Mueda,,85939544B28759712944697,MOZ,ADM2,education,DISTANCE,45000,total,83424,55.31,3864,2.56
Mueda,,85939544B28759712944697,MOZ,ADM2,education,DISTANCE,50000,school_age,41925,56.04,547,0.73
Mueda,,85939544B28759712944697,MOZ,ADM2,education,DISTANCE,50000,total,84526,56.04,1102,0.73
Muembe,,85939544B2234925194697,MOZ,ADM2,education,DISTANCE,45000,school_age,10,0.03,10,0.03
Muembe,,85939544B2234925194697,MOZ,ADM2,education,DISTANCE,45000,total,17,0.03,17,0.03
Muembe,,85939544B2234925194697,MOZ,ADM2,education,DISTANCE,50000,school_age,660,2.15,650,2.12
Muembe,,85939544B2234925194697,MOZ,ADM2,education,DISTANCE,50000,total,1094,2.15,1077,2.12
Muidumbe,,85939544B92892346973749,MOZ,ADM2,education,DISTANCE,5000,school_age,1981,4.3,1981,4.3
Muidumbe,,85939544B92892346973749,MOZ,ADM2,education,DISTANCE,5000,total,4033,4.3,4033,4.3
Muidumbe,,85939544B92892346973749,MOZ,ADM2,education,DISTANCE,10000,school_age,2260,4.9,279,0.61
Muidumbe,,85939544B92892346973749,MOZ,ADM2,education,DISTANCE,10000,total,4600,4.9,567,0.6
Muidumbe,,85939544B92892346973749,MOZ,ADM2,education,DISTANCE,15000,school_age,2596,5.63,336,0.73
Muidumbe,,85939544B92892346973749,MOZ,ADM2,education,DISTANCE,15000,total,5284,5.63,684,0.73
Muidumbe,,85939544B92892346973749,MOZ,ADM2,education,DISTANCE,20000,school_age,5798,12.58,3202,6.95
Muidumbe,,85939544B92892346973749,MOZ,ADM2,education,DISTANCE,20000,total,11802,12.58,6518,6.95
Muidumbe,,85939544B92892346973749,MOZ,ADM2,education,DISTANCE,25000,school_age,11570,25.11,5772,12.53
Muidumbe,,85939544B92892346973749,MOZ,ADM2,education,DISTANCE,25000,total,23549,25.11,11747,12.53
Muidumbe,,85939544B92892346973749,MOZ,ADM2,education,DISTANCE,30000,school_age,14271,30.97,2701,5.86
Muidumbe,,85939544B92892346973749,MOZ,ADM2,education,DISTANCE,30000,total,29047,30.97,5498,5.86
Muidumbe,,85939544B92892346973749,MOZ,ADM2,education,DISTANCE,35000,school_age,18840,40.88,4569,9.91
Muidumbe,,85939544B92892346973749,MOZ,ADM2,education,DISTANCE,35000,total,38346,40.89,9299,9.92
Muidumbe,,85939544B92892346973749,MOZ,ADM2,education,DISTANCE,40000,school_age,30372,65.91,11532,25.02
Muidumbe,,85939544B92892346973749,MOZ,ADM2,education,DISTANCE,40000,total,61818,65.91,23472,25.03
Muidumbe,,85939544B92892346973749,MOZ,ADM2,education,DISTANCE,45000,school_age,31273,67.86,901,1.96
Muidumbe,,85939544B92892346973749,MOZ,ADM2,education,DISTANCE,45000,total,63651,67.87,1833,1.95
Muidumbe,,85939544B92892346973749,MOZ,ADM2,education,DISTANCE,50000,school_age,31442,68.23,169,0.37
Muidumbe,,85939544B92892346973749,MOZ,ADM2,education,DISTANCE,50000,total,63995,68.24,344,0.37
Murrupula,,85939544B53018455745149,MOZ,ADM2,education,DISTANCE,5000,school_age,361,0.29,361,0.29
Murrupula,,85939544B53018455745149,MOZ,ADM2,education,DISTANCE,5000,total,645,0.29,645,0.29
Murrupula,,85939544B53018455745149,MOZ,ADM2,education,DISTANCE,10000,school_age,699,0.57,338,0.27
Murrupula,,85939544B53018455745149,MOZ,ADM2,education,DISTANCE,10000,total,1248,0.57,603,0.27
Murrupula,,85939544B53018455745149,MOZ,ADM2,education,DISTANCE,15000,school_age,4187,3.39,3488,2.83
Murrupula,,85939544B53018455745149,MOZ,ADM2,education,DISTANCE,15000,total,7474,3.39,6226,2.83
Murrupula,,85939544B53018455745149,MOZ,ADM2,education,DISTANCE,20000,school_age,12910,10.46,8723,7.07
Murrupula,,85939544B53018455745149,MOZ,ADM2,education,DISTANCE,20000,total,23048,10.46,15574,7.07
Murrupula,,85939544B53018455745149,MOZ,ADM2,education,DISTANCE,25000,school_age,13477,10.92,567,0.46
Murrupula,,85939544B53018455745149,MOZ,ADM2,education,DISTANCE,25000,total,24059,10.92,1011,0.46
Murrupula,,85939544B53018455745149,MOZ,ADM2,education,DISTANCE,30000,school_age,14348,11.63,871,0.71
Murrupula,,85939544B53018455745149,MOZ,ADM2,education,DISTANCE,30000,total,25614,11.63,1555,0.71
Murrupula,,85939544B53018455745149,MOZ,ADM2,education,DISTANCE,35000,school_age,15310,12.41,962,0.78
Murrupula,,85939544B53018455745149,MOZ,ADM2,education,DISTANCE,35000,total,27331,12.4,1717,0.78
Murrupula,,85939544B53018455745149,MOZ,ADM2,education,DISTANCE,40000,school_age,16786,13.6,1476,1.2
Murrupula,,85939544B53018455745149,MOZ,ADM2,education,DISTANCE,40000,total,29967,13.6,2636,1.2
Murrupula,,85939544B53018455745149,MOZ,ADM2,education,DISTANCE,45000,school_age,19146,15.51,2360,1.91
Murrupula,,85939544B53018455745149,MOZ,ADM2,education,DISTANCE,45000,total,34180,15.51,4213,1.91
Murrupula,,85939544B53018455745149,MOZ,ADM2,education,DISTANCE,50000,school_age,21672,17.56,2526,2.05
Murrupula,,85939544B53018455745149,MOZ,ADM2,education,DISTANCE,50000,total,38690,17.56,4510,2.05
Nacala,,85939544B80255250880532,MOZ,ADM2,education,DISTANCE,5000,school_age,116032,71.8,116032,71.8
Nacala,,85939544B80255250880532,MOZ,ADM2,education,DISTANCE,5000,total,211548,71.8,211548,71.8
Nacala,,85939544B80255250880532,MOZ,ADM2,education,DISTANCE,10000,school_age,135249,83.69,19217,11.89
Nacala,,85939544B80255250880532,MOZ,ADM2,education,DISTANCE,10000,total,246584,83.69,35036,11.89
Nacala,,85939544B80255250880532,MOZ,ADM2,education,DISTANCE,15000,school_age,142577,88.23,7328,4.53
Nacala,,85939544B80255250880532,MOZ,ADM2,education,DISTANCE,15000,total,259958,88.23,13374,4.54
Nacala,,85939544B80255250880532,MOZ,ADM2,education,DISTANCE,20000,school_age,143174,88.6,597,0.37
Nacala,,85939544B80255250880532,MOZ,ADM2,education,DISTANCE,20000,total,261046,88.6,1088,0.37
Nacala,,85939544B80255250880532,MOZ,ADM2,education,DISTANCE,25000,school_age,146552,90.69,3378,2.09
Nacala,,85939544B80255250880532,MOZ,ADM2,education,DISTANCE,25000,total,267203,90.69,6157,2.09
Nacala,,85939544B80255250880532,MOZ,ADM2,education,DISTANCE,30000,school_age,146556,90.69,4,0.0
Nacala,,85939544B80255250880532,MOZ,ADM2,education,DISTANCE,30000,total,267212,90.69,9,0.0
Nacala,,85939544B80255250880532,MOZ,ADM2,education,DISTANCE,35000,school_age,147294,91.15,738,0.46
Nacala,,85939544B80255250880532,MOZ,ADM2,education,DISTANCE,35000,total,268557,91.14,1345,0.46
Nacala,,85939544B80255250880532,MOZ,ADM2,education,DISTANCE,40000,school_age,147393,91.21,99,0.06
Nacala,,85939544B80255250880532,MOZ,ADM2,education,DISTANCE,40000,total,268737,91.21,180,0.06
Nacala,,85939544B80255250880532,MOZ,ADM2,education,DISTANCE,45000,school_age,152366,94.29,4973,3.08
Nacala,,85939544B80255250880532,MOZ,ADM2,education,DISTANCE,45000,total,277814,94.29,9077,3.08
Nacala,,85939544B80255250880532,MOZ,ADM2,education,DISTANCE,50000,school_age,152366,94.29,0,0.0
Nacala,,85939544B80255250880532,MOZ,ADM2,education,DISTANCE,50000,total,277814,94.29,0,0.0
Nacala-A-Velha,,85939544B78261911608408,MOZ,ADM2,education,DISTANCE,5000,school_age,583,1.03,583,1.03
Nacala-A-Velha,,85939544B78261911608408,MOZ,ADM2,education,DISTANCE,5000,total,1115,1.04,1115,1.04
Nacala-A-Velha,,85939544B78261911608408,MOZ,ADM2,education,DISTANCE,10000,school_age,1026,1.82,443,0.79
Nacala-A-Velha,,85939544B78261911608408,MOZ,ADM2,education,DISTANCE,10000,total,1960,1.82,845,0.79
Nacala-A-Velha,,85939544B78261911608408,MOZ,ADM2,education,DISTANCE,15000,school_age,1649,2.93,623,1.11
Nacala-A-Velha,,85939544B78261911608408,MOZ,ADM2,education,DISTANCE,15000,total,3150,2.93,1190,1.11
Nacala-A-Velha,,85939544B78261911608408,MOZ,ADM2,education,DISTANCE,20000,school_age,11899,21.11,10250,18.19
Nacala-A-Velha,,85939544B78261911608408,MOZ,ADM2,education,DISTANCE,20000,total,22724,21.12,19574,18.19
Nacala-A-Velha,,85939544B78261911608408,MOZ,ADM2,education,DISTANCE,25000,school_age,13776,24.44,1877,3.33
Nacala-A-Velha,,85939544B78261911608408,MOZ,ADM2,education,DISTANCE,25000,total,26311,24.45,3587,3.33
Nacala-A-Velha,,85939544B78261911608408,MOZ,ADM2,education,DISTANCE,30000,school_age,15938,28.28,2162,3.84
Nacala-A-Velha,,85939544B78261911608408,MOZ,ADM2,education,DISTANCE,30000,total,30441,28.29,4130,3.84
Nacala-A-Velha,,85939544B78261911608408,MOZ,ADM2,education,DISTANCE,35000,school_age,18955,33.63,3017,5.35
Nacala-A-Velha,,85939544B78261911608408,MOZ,ADM2,education,DISTANCE,35000,total,36201,33.64,5760,5.35
Nacala-A-Velha,,85939544B78261911608408,MOZ,ADM2,education,DISTANCE,40000,school_age,27178,48.23,8223,14.59
Nacala-A-Velha,,85939544B78261911608408,MOZ,ADM2,education,DISTANCE,40000,total,51901,48.23,15700,14.59
Nacala-A-Velha,,85939544B78261911608408,MOZ,ADM2,education,DISTANCE,45000,school_age,28639,50.82,1461,2.59
Nacala-A-Velha,,85939544B78261911608408,MOZ,ADM2,education,DISTANCE,45000,total,54691,50.82,2790,2.59
Nacala-A-Velha,,85939544B78261911608408,MOZ,ADM2,education,DISTANCE,50000,school_age,29181,51.78,542,0.96
Nacala-A-Velha,,85939544B78261911608408,MOZ,ADM2,education,DISTANCE,50000,total,55726,51.78,1035,0.96
Nacaroa,,85939544B80156310814638,MOZ,ADM2,education,DISTANCE,50000,school_age,107,0.13,107,0.13
Nacaroa,,85939544B80156310814638,MOZ,ADM2,education,DISTANCE,50000,total,192,0.13,192,0.13
Namaacha,,85939544B88728478280907,MOZ,ADM2,education,DISTANCE,5000,school_age,8318,27.76,8318,27.76
Namaacha,,85939544B88728478280907,MOZ,ADM2,education,DISTANCE,5000,total,16865,27.76,16865,27.76
Namaacha,,85939544B88728478280907,MOZ,ADM2,education,DISTANCE,10000,school_age,9218,30.76,900,3.0
Namaacha,,85939544B88728478280907,MOZ,ADM2,education,DISTANCE,10000,total,18689,30.76,1824,3.0
Namaacha,,85939544B88728478280907,MOZ,ADM2,education,DISTANCE,15000,school_age,12375,41.3,3157,10.54
Namaacha,,85939544B88728478280907,MOZ,ADM2,education,DISTANCE,15000,total,25091,41.3,6402,10.54
Namaacha,,85939544B88728478280907,MOZ,ADM2,education,DISTANCE,20000,school_age,14862,49.6,2487,8.3
Namaacha,,85939544B88728478280907,MOZ,ADM2,education,DISTANCE,20000,total,30134,49.6,5043,8.3
Namaacha,,85939544B88728478280907,MOZ,ADM2,education,DISTANCE,25000,school_age,16486,55.02,1624,5.42
Namaacha,,85939544B88728478280907,MOZ,ADM2,education,DISTANCE,25000,total,33425,55.02,3291,5.42
Namaacha,,85939544B88728478280907,MOZ,ADM2,education,DISTANCE,30000,school_age,18195,60.72,1709,5.7
Namaacha,,85939544B88728478280907,MOZ,ADM2,education,DISTANCE,30000,total,36891,60.72,3466,5.71
Namaacha,,85939544B88728478280907,MOZ,ADM2,education,DISTANCE,35000,school_age,20436,68.2,2241,7.48
Namaacha,,85939544B88728478280907,MOZ,ADM2,education,DISTANCE,35000,total,41434,68.2,4543,7.48
Namaacha,,85939544B88728478280907,MOZ,ADM2,education,DISTANCE,40000,school_age,22100,73.76,1664,5.55
Namaacha,,85939544B88728478280907,MOZ,ADM2,education,DISTANCE,40000,total,44809,73.76,3375,5.56
Namaacha,,85939544B88728478280907,MOZ,ADM2,education,DISTANCE,45000,school_age,23604,78.78,1504,5.02
Namaacha,,85939544B88728478280907,MOZ,ADM2,education,DISTANCE,45000,total,47858,78.78,3049,5.02
Namaacha,,85939544B88728478280907,MOZ,ADM2,education,DISTANCE,50000,school_age,25552,85.28,1948,6.5
Namaacha,,85939544B88728478280907,MOZ,ADM2,education,DISTANCE,50000,total,51807,85.28,3949,6.5
Namacurra,,85939544B74893021327700,MOZ,ADM2,education,DISTANCE,5000,school_age,15133,11.69,15133,11.69
Namacurra,,85939544B74893021327700,MOZ,ADM2,education,DISTANCE,5000,total,26929,11.69,26929,11.69
Namacurra,,85939544B74893021327700,MOZ,ADM2,education,DISTANCE,10000,school_age,19423,15.01,4290,3.31
Namacurra,,85939544B74893021327700,MOZ,ADM2,education,DISTANCE,10000,total,34564,15.01,7635,3.31
Namacurra,,85939544B74893021327700,MOZ,ADM2,education,DISTANCE,15000,school_age,21673,16.74,2250,1.74
Namacurra,,85939544B74893021327700,MOZ,ADM2,education,DISTANCE,15000,total,38568,16.74,4004,1.74
Namacurra,,85939544B74893021327700,MOZ,ADM2,education,DISTANCE,20000,school_age,23152,17.89,1479,1.14
Namacurra,,85939544B74893021327700,MOZ,ADM2,education,DISTANCE,20000,total,41199,17.89,2631,1.14
Namacurra,,85939544B74893021327700,MOZ,ADM2,education,DISTANCE,25000,school_age,26559,20.52,3407,2.63
Namacurra,,85939544B74893021327700,MOZ,ADM2,education,DISTANCE,25000,total,47261,20.52,6062,2.63
Namacurra,,85939544B74893021327700,MOZ,ADM2,education,DISTANCE,30000,school_age,31411,24.27,4852,3.75
Namacurra,,85939544B74893021327700,MOZ,ADM2,education,DISTANCE,30000,total,55895,24.27,8634,3.75
Namacurra,,85939544B74893021327700,MOZ,ADM2,education,DISTANCE,35000,school_age,33429,25.83,2018,1.56
Namacurra,,85939544B74893021327700,MOZ,ADM2,education,DISTANCE,35000,total,59488,25.83,3593,1.56
Namacurra,,85939544B74893021327700,MOZ,ADM2,education,DISTANCE,40000,school_age,37751,29.16,4322,3.34
Namacurra,,85939544B74893021327700,MOZ,ADM2,education,DISTANCE,40000,total,67179,29.17,7691,3.34
Namacurra,,85939544B74893021327700,MOZ,ADM2,education,DISTANCE,45000,school_age,42982,33.21,5231,4.04
Namacurra,,85939544B74893021327700,MOZ,ADM2,education,DISTANCE,45000,total,76487,33.21,9308,4.04
Namacurra,,85939544B74893021327700,MOZ,ADM2,education,DISTANCE,50000,school_age,44225,34.17,1243,0.96
Namacurra,,85939544B74893021327700,MOZ,ADM2,education,DISTANCE,50000,total,78698,34.17,2211,0.96
Nampula,MZ-N,27363107B75878915981920,MOZ,ADM1,education,DISTANCE,5000,school_age,571931,16.96,571931,16.96
Nampula,MZ-N,27363107B75878915981920,MOZ,ADM1,education,DISTANCE,5000,total,1040032,17.04,1040032,17.04
Nampula,MZ-N,27363107B75878915981920,MOZ,ADM1,education,DISTANCE,10000,school_age,673288,19.96,101357,3.01
Nampula,MZ-N,27363107B75878915981920,MOZ,ADM1,education,DISTANCE,10000,total,1224065,20.06,184033,3.02
Nampula,MZ-N,27363107B75878915981920,MOZ,ADM1,education,DISTANCE,15000,school_age,713060,21.14,39772,1.18
Nampula,MZ-N,27363107B75878915981920,MOZ,ADM1,education,DISTANCE,15000,total,1296226,21.24,72161,1.18
Nampula,MZ-N,27363107B75878915981920,MOZ,ADM1,education,DISTANCE,20000,school_age,785673,23.3,72613,2.15
Nampula,MZ-N,27363107B75878915981920,MOZ,ADM1,education,DISTANCE,20000,total,1428021,23.4,131795,2.16
Nampula,MZ-N,27363107B75878915981920,MOZ,ADM1,education,DISTANCE,25000,school_age,837294,24.83,51621,1.53
Nampula,MZ-N,27363107B75878915981920,MOZ,ADM1,education,DISTANCE,25000,total,1521469,24.93,93448,1.53
Nampula,MZ-N,27363107B75878915981920,MOZ,ADM1,education,DISTANCE,30000,school_age,878564,26.05,41270,1.22
Nampula,MZ-N,27363107B75878915981920,MOZ,ADM1,education,DISTANCE,30000,total,1596183,26.16,74714,1.22
Nampula,MZ-N,27363107B75878915981920,MOZ,ADM1,education,DISTANCE,35000,school_age,956459,28.36,77895,2.31
Nampula,MZ-N,27363107B75878915981920,MOZ,ADM1,education,DISTANCE,35000,total,1737118,28.47,140935,2.31
Nampula,MZ-N,27363107B75878915981920,MOZ,ADM1,education,DISTANCE,40000,school_age,1057857,31.37,101398,3.01
Nampula,MZ-N,27363107B75878915981920,MOZ,ADM1,education,DISTANCE,40000,total,1921069,31.48,183951,3.01
Nampula,MZ-N,27363107B75878915981920,MOZ,ADM1,education,DISTANCE,45000,school_age,1141889,33.86,84032,2.49
Nampula,MZ-N,27363107B75878915981920,MOZ,ADM1,education,DISTANCE,45000,total,2077113,34.04,156044,2.56
Nampula,MZ-N,27363107B75878915981920,MOZ,ADM1,education,DISTANCE,50000,school_age,1183358,35.09,41469,1.23
Nampula,MZ-N,27363107B75878915981920,MOZ,ADM1,education,DISTANCE,50000,total,2152049,35.27,74936,1.23
Namuno,,85939544B68242516881190,MOZ,ADM2,education,DISTANCE,30000,school_age,441,0.32,441,0.32
Namuno,,85939544B68242516881190,MOZ,ADM2,education,DISTANCE,30000,total,821,0.32,821,0.32
Namuno,,85939544B68242516881190,MOZ,ADM2,education,DISTANCE,35000,school_age,2218,1.62,1777,1.3
Namuno,,85939544B68242516881190,MOZ,ADM2,education,DISTANCE,35000,total,4128,1.62,3307,1.3
Namuno,,85939544B68242516881190,MOZ,ADM2,education,DISTANCE,40000,school_age,5438,3.97,3220,2.35
Namuno,,85939544B68242516881190,MOZ,ADM2,education,DISTANCE,40000,total,10120,3.97,5992,2.35
Namuno,,85939544B68242516881190,MOZ,ADM2,education,DISTANCE,45000,school_age,12183,8.89,6745,4.92
Namuno,,85939544B68242516881190,MOZ,ADM2,education,DISTANCE,45000,total,22672,8.89,12552,4.92
Namuno,,85939544B68242516881190,MOZ,ADM2,education,DISTANCE,50000,school_age,22921,16.73,10738,7.84
Namuno,,85939544B68242516881190,MOZ,ADM2,education,DISTANCE,50000,total,42657,16.73,19985,7.84
Nangade,,85939544B17838134976629,MOZ,ADM2,education,DISTANCE,20000,school_age,670,1.52,670,1.52
Nangade,,85939544B17838134976629,MOZ,ADM2,education,DISTANCE,20000,total,1369,1.52,1369,1.52
Nangade,,85939544B17838134976629,MOZ,ADM2,education,DISTANCE,25000,school_age,6217,14.13,5547,12.61
Nangade,,85939544B17838134976629,MOZ,ADM2,education,DISTANCE,25000,total,12744,14.13,11375,12.61
Nangade,,85939544B17838134976629,MOZ,ADM2,education,DISTANCE,30000,school_age,9620,21.87,3403,7.73
Nangade,,85939544B17838134976629,MOZ,ADM2,education,DISTANCE,30000,total,19719,21.86,6975,7.73
Nangade,,85939544B17838134976629,MOZ,ADM2,education,DISTANCE,35000,school_age,11730,26.66,2110,4.8
Nangade,,85939544B17838134976629,MOZ,ADM2,education,DISTANCE,35000,total,24045,26.65,4326,4.8
Nangade,,85939544B17838134976629,MOZ,ADM2,education,DISTANCE,40000,school_age,15021,34.14,3291,7.48
Nangade,,85939544B17838134976629,MOZ,ADM2,education,DISTANCE,40000,total,30795,34.14,6750,7.48
Nangade,,85939544B17838134976629,MOZ,ADM2,education,DISTANCE,45000,school_age,16813,38.21,1792,4.07
Nangade,,85939544B17838134976629,MOZ,ADM2,education,DISTANCE,45000,total,34469,38.21,3674,4.07
Nangade,,85939544B17838134976629,MOZ,ADM2,education,DISTANCE,50000,school_age,21476,48.81,4663,10.6
Nangade,,85939544B17838134976629,MOZ,ADM2,education,DISTANCE,50000,total,44032,48.81,9563,10.6
Ngauma,,85939544B1529593178446,MOZ,ADM2,education,DISTANCE,5000,school_age,3902,4.43,3902,4.43
Ngauma,,85939544B1529593178446,MOZ,ADM2,education,DISTANCE,5000,total,6751,4.43,6751,4.43
Ngauma,,85939544B1529593178446,MOZ,ADM2,education,DISTANCE,10000,school_age,7533,8.55,3631,4.12
Ngauma,,85939544B1529593178446,MOZ,ADM2,education,DISTANCE,10000,total,13035,8.55,6284,4.12
Ngauma,,85939544B1529593178446,MOZ,ADM2,education,DISTANCE,15000,school_age,9627,10.92,2094,2.38
Ngauma,,85939544B1529593178446,MOZ,ADM2,education,DISTANCE,15000,total,16659,10.92,3624,2.38
Ngauma,,85939544B1529593178446,MOZ,ADM2,education,DISTANCE,20000,school_age,14081,15.97,4454,5.05
Ngauma,,85939544B1529593178446,MOZ,ADM2,education,DISTANCE,20000,total,24366,15.98,7707,5.05
Ngauma,,85939544B1529593178446,MOZ,ADM2,education,DISTANCE,25000,school_age,19147,21.72,5066,5.75
Ngauma,,85939544B1529593178446,MOZ,ADM2,education,DISTANCE,25000,total,33131,21.72,8765,5.75
Ngauma,,85939544B1529593178446,MOZ,ADM2,education,DISTANCE,30000,school_age,23473,26.63,4326,4.91
Ngauma,,85939544B1529593178446,MOZ,ADM2,education,DISTANCE,30000,total,40616,26.63,7485,4.91
Ngauma,,85939544B1529593178446,MOZ,ADM2,education,DISTANCE,35000,school_age,31799,36.08,8326,9.45
Ngauma,,85939544B1529593178446,MOZ,ADM2,education,DISTANCE,35000,total,55024,36.08,14408,9.45
Ngauma,,85939544B1529593178446,MOZ,ADM2,education,DISTANCE,40000,school_age,32001,36.31,202,0.23
Ngauma,,85939544B1529593178446,MOZ,ADM2,education,DISTANCE,40000,total,55373,36.31,349,0.23
Ngauma,,85939544B1529593178446,MOZ,ADM2,education,DISTANCE,45000,school_age,32021,36.33,20,0.02
Ngauma,,85939544B1529593178446,MOZ,ADM2,education,DISTANCE,45000,total,55408,36.33,35,0.02
Ngauma,,85939544B1529593178446,MOZ,ADM2,education,DISTANCE,50000,school_age,32093,36.41,72,0.08
Ngauma,,85939544B1529593178446,MOZ,ADM2,education,DISTANCE,50000,total,55532,36.41,124,0.08
Nhamatanda,,85939544B48412147332355,MOZ,ADM2,education,DISTANCE,5000,school_age,42960,20.6,42960,20.6
Nhamatanda,,85939544B48412147332355,MOZ,ADM2,education,DISTANCE,5000,total,75479,20.6,75479,20.6
Nhamatanda,,85939544B48412147332355,MOZ,ADM2,education,DISTANCE,10000,school_age,61427,29.46,18467,8.86
Nhamatanda,,85939544B48412147332355,MOZ,ADM2,education,DISTANCE,10000,total,107925,29.46,32446,8.86
Nhamatanda,,85939544B48412147332355,MOZ,ADM2,education,DISTANCE,15000,school_age,76200,36.54,14773,7.08
Nhamatanda,,85939544B48412147332355,MOZ,ADM2,education,DISTANCE,15000,total,133881,36.54,25956,7.08
Nhamatanda,,85939544B48412147332355,MOZ,ADM2,education,DISTANCE,20000,school_age,89617,42.97,13417,6.43
Nhamatanda,,85939544B48412147332355,MOZ,ADM2,education,DISTANCE,20000,total,157454,42.97,23573,6.43
Nhamatanda,,85939544B48412147332355,MOZ,ADM2,education,DISTANCE,25000,school_age,105560,50.62,15943,7.65
Nhamatanda,,85939544B48412147332355,MOZ,ADM2,education,DISTANCE,25000,total,185465,50.62,28011,7.65
Nhamatanda,,85939544B48412147332355,MOZ,ADM2,education,DISTANCE,30000,school_age,116627,55.93,11067,5.31
Nhamatanda,,85939544B48412147332355,MOZ,ADM2,education,DISTANCE,30000,total,204909,55.93,19444,5.31
Nhamatanda,,85939544B48412147332355,MOZ,ADM2,education,DISTANCE,35000,school_age,128491,61.61,11864,5.69
Nhamatanda,,85939544B48412147332355,MOZ,ADM2,education,DISTANCE,35000,total,225754,61.62,20845,5.69
Nhamatanda,,85939544B48412147332355,MOZ,ADM2,education,DISTANCE,40000,school_age,142785,68.47,14294,6.85
Nhamatanda,,85939544B48412147332355,MOZ,ADM2,education,DISTANCE,40000,total,250867,68.47,25113,6.85
Nhamatanda,,85939544B48412147332355,MOZ,ADM2,education,DISTANCE,45000,school_age,155737,74.68,12952,6.21
Nhamatanda,,85939544B48412147332355,MOZ,ADM2,education,DISTANCE,45000,total,273622,74.68,22755,6.21
Nhamatanda,,85939544B48412147332355,MOZ,ADM2,education,DISTANCE,50000,school_age,160015,76.73,4278,2.05
Nhamatanda,,85939544B48412147332355,MOZ,ADM2,education,DISTANCE,50000,total,281139,76.73,7517,2.05
Niassa,MZ-A,27363107B36451567951769,MOZ,ADM1,education,DISTANCE,5000,school_age,231470,18.07,231470,18.07
Niassa,MZ-A,27363107B36451567951769,MOZ,ADM1,education,DISTANCE,5000,total,401281,18.12,401281,18.12
Niassa,MZ-A,27363107B36451567951769,MOZ,ADM1,education,DISTANCE,10000,school_age,287991,22.49,56521,4.41
Niassa,MZ-A,27363107B36451567951769,MOZ,ADM1,education,DISTANCE,10000,total,498825,22.53,97544,4.41
Niassa,MZ-A,27363107B36451567951769,MOZ,ADM1,education,DISTANCE,15000,school_age,311868,24.35,23877,1.86
Niassa,MZ-A,27363107B36451567951769,MOZ,ADM1,education,DISTANCE,15000,total,539867,24.38,41042,1.85
Niassa,MZ-A,27363107B36451567951769,MOZ,ADM1,education,DISTANCE,20000,school_age,346765,27.08,34897,2.72
Niassa,MZ-A,27363107B36451567951769,MOZ,ADM1,education,DISTANCE,20000,total,599638,27.08,59771,2.7
Niassa,MZ-A,27363107B36451567951769,MOZ,ADM1,education,DISTANCE,25000,school_age,377426,29.47,30661,2.39
Niassa,MZ-A,27363107B36451567951769,MOZ,ADM1,education,DISTANCE,25000,total,652202,29.45,52564,2.37
Niassa,MZ-A,27363107B36451567951769,MOZ,ADM1,education,DISTANCE,30000,school_age,430434,33.61,53008,4.14
Niassa,MZ-A,27363107B36451567951769,MOZ,ADM1,education,DISTANCE,30000,total,744168,33.61,91966,4.15
Niassa,MZ-A,27363107B36451567951769,MOZ,ADM1,education,DISTANCE,35000,school_age,468176,36.56,37742,2.95
Niassa,MZ-A,27363107B36451567951769,MOZ,ADM1,education,DISTANCE,35000,total,809186,36.54,65018,2.94
Niassa,MZ-A,27363107B36451567951769,MOZ,ADM1,education,DISTANCE,40000,school_age,488728,38.16,20552,1.6
Niassa,MZ-A,27363107B36451567951769,MOZ,ADM1,education,DISTANCE,40000,total,844636,38.15,35450,1.6
Niassa,MZ-A,27363107B36451567951769,MOZ,ADM1,education,DISTANCE,45000,school_age,508751,39.73,20023,1.56
Niassa,MZ-A,27363107B36451567951769,MOZ,ADM1,education,DISTANCE,45000,total,879151,39.7,34515,1.56
Niassa,MZ-A,27363107B36451567951769,MOZ,ADM1,education,DISTANCE,50000,school_age,527623,41.2,18872,1.47
Niassa,MZ-A,27363107B36451567951769,MOZ,ADM1,education,DISTANCE,50000,total,911739,41.18,32588,1.47
Nicoadala,,85939544B24973508625893,MOZ,ADM2,education,DISTANCE,5000,school_age,358,0.36,358,0.36
Nicoadala,,85939544B24973508625893,MOZ,ADM2,education,DISTANCE,5000,total,650,0.36,650,0.36
Nicoadala,,85939544B24973508625893,MOZ,ADM2,education,DISTANCE,10000,school_age,6018,5.97,5660,5.62
Nicoadala,,85939544B24973508625893,MOZ,ADM2,education,DISTANCE,10000,total,10927,5.97,10277,5.62
Nicoadala,,85939544B24973508625893,MOZ,ADM2,education,DISTANCE,15000,school_age,28868,28.65,22850,22.68
Nicoadala,,85939544B24973508625893,MOZ,ADM2,education,DISTANCE,15000,total,52412,28.65,41485,22.68
Nicoadala,,85939544B24973508625893,MOZ,ADM2,education,DISTANCE,20000,school_age,33351,33.1,4483,4.45
Nicoadala,,85939544B24973508625893,MOZ,ADM2,education,DISTANCE,20000,total,60552,33.1,8140,4.45
Nicoadala,,85939544B24973508625893,MOZ,ADM2,education,DISTANCE,25000,school_age,40334,40.03,6983,6.93
Nicoadala,,85939544B24973508625893,MOZ,ADM2,education,DISTANCE,25000,total,73229,40.03,12677,6.93
Nicoadala,,85939544B24973508625893,MOZ,ADM2,education,DISTANCE,30000,school_age,42955,42.63,2621,2.6
Nicoadala,,85939544B24973508625893,MOZ,ADM2,education,DISTANCE,30000,total,77989,42.63,4760,2.6
Nicoadala,,85939544B24973508625893,MOZ,ADM2,education,DISTANCE,35000,school_age,44203,43.87,1248,1.24
Nicoadala,,85939544B24973508625893,MOZ,ADM2,education,DISTANCE,35000,total,80254,43.87,2265,1.24
Nicoadala,,85939544B24973508625893,MOZ,ADM2,education,DISTANCE,40000,school_age,45972,45.62,1769,1.76
Nicoadala,,85939544B24973508625893,MOZ,ADM2,education,DISTANCE,40000,total,83467,45.62,3213,1.76
Nicoadala,,85939544B24973508625893,MOZ,ADM2,education,DISTANCE,45000,school_age,47404,47.04,1432,1.42
Nicoadala,,85939544B24973508625893,MOZ,ADM2,education,DISTANCE,45000,total,86067,47.05,2600,1.42
Nicoadala,,85939544B24973508625893,MOZ,ADM2,education,DISTANCE,50000,school_age,49942,49.56,2538,2.52
Nicoadala,,85939544B24973508625893,MOZ,ADM2,education,DISTANCE,50000,total,90674,49.56,4607,2.52
Palma,,85939544B28801965730987,MOZ,ADM2,education,DISTANCE,5000,school_age,1469,5.38,1469,5.38
Palma,,85939544B28801965730987,MOZ,ADM2,education,DISTANCE,5000,total,3127,5.38,3127,5.38
Palma,,85939544B28801965730987,MOZ,ADM2,education,DISTANCE,10000,school_age,1733,6.35,264,0.97
Palma,,85939544B28801965730987,MOZ,ADM2,education,DISTANCE,10000,total,3688,6.35,561,0.97
Palma,,85939544B28801965730987,MOZ,ADM2,education,DISTANCE,15000,school_age,5852,21.43,4119,15.09
Palma,,85939544B28801965730987,MOZ,ADM2,education,DISTANCE,15000,total,12454,21.43,8766,15.09
Palma,,85939544B28801965730987,MOZ,ADM2,education,DISTANCE,20000,school_age,14029,51.38,8177,29.95
Palma,,85939544B28801965730987,MOZ,ADM2,education,DISTANCE,20000,total,29856,51.38,17402,29.95
Palma,,85939544B28801965730987,MOZ,ADM2,education,DISTANCE,25000,school_age,14853,54.4,824,3.02
Palma,,85939544B28801965730987,MOZ,ADM2,education,DISTANCE,25000,total,31609,54.4,1753,3.02
Palma,,85939544B28801965730987,MOZ,ADM2,education,DISTANCE,30000,school_age,15031,55.05,178,0.65
Palma,,85939544B28801965730987,MOZ,ADM2,education,DISTANCE,30000,total,31989,55.06,380,0.65
Palma,,85939544B28801965730987,MOZ,ADM2,education,DISTANCE,35000,school_age,15339,56.18,308,1.13
Palma,,85939544B28801965730987,MOZ,ADM2,education,DISTANCE,35000,total,32643,56.18,654,1.13
Palma,,85939544B28801965730987,MOZ,ADM2,education,DISTANCE,40000,school_age,16933,62.02,1594,5.84
Palma,,85939544B28801965730987,MOZ,ADM2,education,DISTANCE,40000,total,36036,62.02,3393,5.84
Palma,,85939544B28801965730987,MOZ,ADM2,education,DISTANCE,45000,school_age,18537,67.89,1604,5.87
Palma,,85939544B28801965730987,MOZ,ADM2,education,DISTANCE,45000,total,39449,67.89,3413,5.87
Palma,,85939544B28801965730987,MOZ,ADM2,education,DISTANCE,50000,school_age,18809,68.89,272,1.0
Palma,,85939544B28801965730987,MOZ,ADM2,education,DISTANCE,50000,total,40028,68.89,579,1.0
Panda,,85939544B74614871029564,MOZ,ADM2,education,DISTANCE,5000,school_age,2114,7.68,2114,7.68
Panda,,85939544B74614871029564,MOZ,ADM2,education,DISTANCE,5000,total,3934,7.69,3934,7.69
Panda,,85939544B74614871029564,MOZ,ADM2,education,DISTANCE,10000,school_age,2222,8.08,108,0.39
Panda,,85939544B74614871029564,MOZ,ADM2,education,DISTANCE,10000,total,4135,8.08,201,0.39
Panda,,85939544B74614871029564,MOZ,ADM2,education,DISTANCE,15000,school_age,2326,8.45,104,0.38
Panda,,85939544B74614871029564,MOZ,ADM2,education,DISTANCE,15000,total,4329,8.46,194,0.38
Panda,,85939544B74614871029564,MOZ,ADM2,education,DISTANCE,20000,school_age,2341,8.51,15,0.05
Panda,,85939544B74614871029564,MOZ,ADM2,education,DISTANCE,20000,total,4357,8.51,28,0.05
Panda,,85939544B74614871029564,MOZ,ADM2,education,DISTANCE,25000,school_age,2406,8.75,65,0.24
Panda,,85939544B74614871029564,MOZ,ADM2,education,DISTANCE,25000,total,4477,8.75,120,0.23
Panda,,85939544B74614871029564,MOZ,ADM2,education,DISTANCE,30000,school_age,2638,9.59,232,0.84
Panda,,85939544B74614871029564,MOZ,ADM2,education,DISTANCE,30000,total,4908,9.59,431,0.84
Panda,,85939544B74614871029564,MOZ,ADM2,education,DISTANCE,35000,school_age,3128,11.37,490,1.78
Panda,,85939544B74614871029564,MOZ,ADM2,education,DISTANCE,35000,total,5820,11.37,912,1.78
Panda,,85939544B74614871029564,MOZ,ADM2,education,DISTANCE,40000,school_age,3195,11.61,67,0.24
Panda,,85939544B74614871029564,MOZ,ADM2,education,DISTANCE,40000,total,5944,11.61,124,0.24
Panda,,85939544B74614871029564,MOZ,ADM2,education,DISTANCE,45000,school_age,3350,12.18,155,0.56
Panda,,85939544B74614871029564,MOZ,ADM2,education,DISTANCE,45000,total,6234,12.18,290,0.57
Panda,,85939544B74614871029564,MOZ,ADM2,education,DISTANCE,50000,school_age,3562,12.95,212,0.77
Panda,,85939544B74614871029564,MOZ,ADM2,education,DISTANCE,50000,total,6628,12.95,394,0.77
Pebane,,85939544B33364168787730,MOZ,ADM2,education,DISTANCE,5000,school_age,1592,1.01,1592,1.01
Pebane,,85939544B33364168787730,MOZ,ADM2,education,DISTANCE,5000,total,2835,1.01,2835,1.01
Pebane,,85939544B33364168787730,MOZ,ADM2,education,DISTANCE,10000,school_age,3188,2.01,1596,1.01
Pebane,,85939544B33364168787730,MOZ,ADM2,education,DISTANCE,10000,total,5676,2.02,2841,1.01
Pebane,,85939544B33364168787730,MOZ,ADM2,education,DISTANCE,15000,school_age,4663,2.95,1475,0.93
Pebane,,85939544B33364168787730,MOZ,ADM2,education,DISTANCE,15000,total,8302,2.95,2626,0.93
Pebane,,85939544B33364168787730,MOZ,ADM2,education,DISTANCE,20000,school_age,5940,3.75,1277,0.81
Pebane,,85939544B33364168787730,MOZ,ADM2,education,DISTANCE,20000,total,10575,3.75,2273,0.81
Pebane,,85939544B33364168787730,MOZ,ADM2,education,DISTANCE,25000,school_age,7676,4.85,1736,1.1
Pebane,,85939544B33364168787730,MOZ,ADM2,education,DISTANCE,25000,total,13666,4.85,3091,1.1
Pebane,,85939544B33364168787730,MOZ,ADM2,education,DISTANCE,30000,school_age,18468,11.67,10792,6.82
Pebane,,85939544B33364168787730,MOZ,ADM2,education,DISTANCE,30000,total,32877,11.67,19211,6.82
Pebane,,85939544B33364168787730,MOZ,ADM2,education,DISTANCE,35000,school_age,23286,14.72,4818,3.05
Pebane,,85939544B33364168787730,MOZ,ADM2,education,DISTANCE,35000,total,41455,14.72,8578,3.05
Pebane,,85939544B33364168787730,MOZ,ADM2,education,DISTANCE,40000,school_age,24888,15.73,1602,1.01
Pebane,,85939544B33364168787730,MOZ,ADM2,education,DISTANCE,40000,total,44306,15.73,2851,1.01
Pebane,,85939544B33364168787730,MOZ,ADM2,education,DISTANCE,45000,school_age,25509,16.12,621,0.39
Pebane,,85939544B33364168787730,MOZ,ADM2,education,DISTANCE,45000,total,45412,16.12,1106,0.39
Pebane,,85939544B33364168787730,MOZ,ADM2,education,DISTANCE,50000,school_age,25916,16.38,407,0.26
Pebane,,85939544B33364168787730,MOZ,ADM2,education,DISTANCE,50000,total,46136,16.38,724,0.26
Quissanga,,85939544B35031207172791,MOZ,ADM2,education,DISTANCE,5000,school_age,2985,13.62,2985,13.62
Quissanga,,85939544B35031207172791,MOZ,ADM2,education,DISTANCE,5000,total,5693,13.62,5693,13.62
Quissanga,,85939544B35031207172791,MOZ,ADM2,education,DISTANCE,10000,school_age,3456,15.77,471,2.15
Quissanga,,85939544B35031207172791,MOZ,ADM2,education,DISTANCE,10000,total,6592,15.78,899,2.15
Quissanga,,85939544B35031207172791,MOZ,ADM2,education,DISTANCE,15000,school_age,4949,22.59,1493,6.81
Quissanga,,85939544B35031207172791,MOZ,ADM2,education,DISTANCE,15000,total,9438,22.59,2846,6.81
Quissanga,,85939544B35031207172791,MOZ,ADM2,education,DISTANCE,20000,school_age,6724,30.69,1775,8.1
Quissanga,,85939544B35031207172791,MOZ,ADM2,education,DISTANCE,20000,total,12823,30.69,3385,8.1
Quissanga,,85939544B35031207172791,MOZ,ADM2,education,DISTANCE,25000,school_age,7058,32.21,334,1.52
Quissanga,,85939544B35031207172791,MOZ,ADM2,education,DISTANCE,25000,total,13459,32.21,636,1.52
Quissanga,,85939544B35031207172791,MOZ,ADM2,education,DISTANCE,30000,school_age,8404,38.36,1346,6.14
Quissanga,,85939544B35031207172791,MOZ,ADM2,education,DISTANCE,30000,total,16026,38.35,2567,6.14
Quissanga,,85939544B35031207172791,MOZ,ADM2,education,DISTANCE,35000,school_age,8611,39.3,207,0.94
Quissanga,,85939544B35031207172791,MOZ,ADM2,education,DISTANCE,35000,total,16421,39.3,395,0.95
Quissanga,,85939544B35031207172791,MOZ,ADM2,education,DISTANCE,40000,school_age,9235,42.15,624,2.85
Quissanga,,85939544B35031207172791,MOZ,ADM2,education,DISTANCE,40000,total,17611,42.15,1190,2.85
Quissanga,,85939544B35031207172791,MOZ,ADM2,education,DISTANCE,45000,school_age,9449,43.12,214,0.98
Quissanga,,85939544B35031207172791,MOZ,ADM2,education,DISTANCE,45000,total,18020,43.13,409,0.98
Quissanga,,85939544B35031207172791,MOZ,ADM2,education,DISTANCE,50000,school_age,11018,50.29,1569,7.16
Quissanga,,85939544B35031207172791,MOZ,ADM2,education,DISTANCE,50000,total,21011,50.28,2991,7.16
Rapale,,85939544B86182788788384,MOZ,ADM2,education,DISTANCE,5000,school_age,1455,0.69,1455,0.69
Rapale,,85939544B86182788788384,MOZ,ADM2,education,DISTANCE,5000,total,2642,0.69,2642,0.69
Rapale,,85939544B86182788788384,MOZ,ADM2,education,DISTANCE,10000,school_age,8656,4.11,7201,3.42
Rapale,,85939544B86182788788384,MOZ,ADM2,education,DISTANCE,10000,total,15712,4.12,13070,3.42
Rapale,,85939544B86182788788384,MOZ,ADM2,education,DISTANCE,15000,school_age,17694,8.41,9038,4.3
Rapale,,85939544B86182788788384,MOZ,ADM2,education,DISTANCE,15000,total,32116,8.41,16404,4.3
Rapale,,85939544B86182788788384,MOZ,ADM2,education,DISTANCE,20000,school_age,34108,16.21,16414,7.8
Rapale,,85939544B86182788788384,MOZ,ADM2,education,DISTANCE,20000,total,61909,16.21,29793,7.8
Rapale,,85939544B86182788788384,MOZ,ADM2,education,DISTANCE,25000,school_age,46479,22.1,12371,5.88
Rapale,,85939544B86182788788384,MOZ,ADM2,education,DISTANCE,25000,total,84364,22.1,22455,5.88
Rapale,,85939544B86182788788384,MOZ,ADM2,education,DISTANCE,30000,school_age,54728,26.02,8249,3.92
Rapale,,85939544B86182788788384,MOZ,ADM2,education,DISTANCE,30000,total,99337,26.02,14973,3.92
Rapale,,85939544B86182788788384,MOZ,ADM2,education,DISTANCE,35000,school_age,63068,29.98,8340,3.96
Rapale,,85939544B86182788788384,MOZ,ADM2,education,DISTANCE,35000,total,114476,29.98,15139,3.96
Rapale,,85939544B86182788788384,MOZ,ADM2,education,DISTANCE,40000,school_age,67449,32.06,4381,2.08
Rapale,,85939544B86182788788384,MOZ,ADM2,education,DISTANCE,40000,total,122427,32.06,7951,2.08
Rapale,,85939544B86182788788384,MOZ,ADM2,education,DISTANCE,45000,school_age,71113,33.81,3664,1.74
Rapale,,85939544B86182788788384,MOZ,ADM2,education,DISTANCE,45000,total,129079,33.81,6652,1.74
Rapale,,85939544B86182788788384,MOZ,ADM2,education,DISTANCE,50000,school_age,72179,34.31,1066,0.51
Rapale,,85939544B86182788788384,MOZ,ADM2,education,DISTANCE,50000,total,131013,34.31,1934,0.51
Ribaue,,85939544B68369930448432,MOZ,ADM2,education,DISTANCE,5000,school_age,12253,6.68,12253,6.68
Ribaue,,85939544B68369930448432,MOZ,ADM2,education,DISTANCE,5000,total,20593,6.68,20593,6.68
Ribaue,,85939544B68369930448432,MOZ,ADM2,education,DISTANCE,10000,school_age,17865,9.74,5612,3.06
Ribaue,,85939544B68369930448432,MOZ,ADM2,education,DISTANCE,10000,total,30025,9.74,9432,3.06
Ribaue,,85939544B68369930448432,MOZ,ADM2,education,DISTANCE,15000,school_age,21645,11.8,3780,2.06
Ribaue,,85939544B68369930448432,MOZ,ADM2,education,DISTANCE,15000,total,36378,11.8,6353,2.06
Ribaue,,85939544B68369930448432,MOZ,ADM2,education,DISTANCE,20000,school_age,31420,17.13,9775,5.33
Ribaue,,85939544B68369930448432,MOZ,ADM2,education,DISTANCE,20000,total,52807,17.13,16429,5.33
Ribaue,,85939544B68369930448432,MOZ,ADM2,education,DISTANCE,25000,school_age,38192,20.83,6772,3.69
Ribaue,,85939544B68369930448432,MOZ,ADM2,education,DISTANCE,25000,total,64189,20.83,11382,3.69
Ribaue,,85939544B68369930448432,MOZ,ADM2,education,DISTANCE,30000,school_age,45758,24.95,7566,4.13
Ribaue,,85939544B68369930448432,MOZ,ADM2,education,DISTANCE,30000,total,76904,24.95,12715,4.13
Ribaue,,85939544B68369930448432,MOZ,ADM2,education,DISTANCE,35000,school_age,60899,33.21,15141,8.26
Ribaue,,85939544B68369930448432,MOZ,ADM2,education,DISTANCE,35000,total,102352,33.21,25448,8.26
Ribaue,,85939544B68369930448432,MOZ,ADM2,education,DISTANCE,40000,school_age,65517,35.73,4618,2.52
Ribaue,,85939544B68369930448432,MOZ,ADM2,education,DISTANCE,40000,total,110113,35.73,7761,2.52
Ribaue,,85939544B68369930448432,MOZ,ADM2,education,DISTANCE,45000,school_age,70071,38.21,4554,2.48
Ribaue,,85939544B68369930448432,MOZ,ADM2,education,DISTANCE,45000,total,117766,38.21,7653,2.48
Ribaue,,85939544B68369930448432,MOZ,ADM2,education,DISTANCE,50000,school_age,75851,41.36,5780,3.15
Ribaue,,85939544B68369930448432,MOZ,ADM2,education,DISTANCE,50000,total,127482,41.36,9716,3.15
Sanga,,85939544B99370318353636,MOZ,ADM2,education,DISTANCE,20000,school_age,1,0.0,1,0.0
Sanga,,85939544B99370318353636,MOZ,ADM2,education,DISTANCE,20000,total,1,0.0,1,0.0
Sanga,,85939544B99370318353636,MOZ,ADM2,education,DISTANCE,25000,school_age,3148,6.45,3147,6.44
Sanga,,85939544B99370318353636,MOZ,ADM2,education,DISTANCE,25000,total,5322,6.45,5321,6.45
Sanga,,85939544B99370318353636,MOZ,ADM2,education,DISTANCE,30000,school_age,6316,12.93,3168,6.49
Sanga,,85939544B99370318353636,MOZ,ADM2,education,DISTANCE,30000,total,10679,12.93,5357,6.49
Sanga,,85939544B99370318353636,MOZ,ADM2,education,DISTANCE,35000,school_age,9380,19.21,3064,6.27
Sanga,,85939544B99370318353636,MOZ,ADM2,education,DISTANCE,35000,total,15857,19.21,5178,6.27
Sanga,,85939544B99370318353636,MOZ,ADM2,education,DISTANCE,40000,school_age,12428,25.45,3048,6.24
Sanga,,85939544B99370318353636,MOZ,ADM2,education,DISTANCE,40000,total,21009,25.45,5152,6.24
Sanga,,85939544B99370318353636,MOZ,ADM2,education,DISTANCE,45000,school_age,13955,28.57,1527,3.13
Sanga,,85939544B99370318353636,MOZ,ADM2,education,DISTANCE,45000,total,23591,28.57,2582,3.13
Sanga,,85939544B99370318353636,MOZ,ADM2,education,DISTANCE,50000,school_age,15839,32.43,1884,3.86
Sanga,,85939544B99370318353636,MOZ,ADM2,education,DISTANCE,50000,total,26775,32.43,3184,3.86
Sofala,MZ-S,27363107B69852241850831,MOZ,ADM1,education,DISTANCE,5000,school_age,347752,25.92,347752,25.92
Sofala,MZ-S,27363107B69852241850831,MOZ,ADM1,education,DISTANCE,5000,total,663673,28.0,663673,28.0
Sofala,MZ-S,27363107B69852241850831,MOZ,ADM1,education,DISTANCE,10000,school_age,398387,29.69,50635,3.77
Sofala,MZ-S,27363107B69852241850831,MOZ,ADM1,education,DISTANCE,10000,total,755068,31.85,91395,3.86
Sofala,MZ-S,27363107B69852241850831,MOZ,ADM1,education,DISTANCE,15000,school_age,432892,32.26,34505,2.57
Sofala,MZ-S,27363107B69852241850831,MOZ,ADM1,education,DISTANCE,15000,total,816220,34.43,61152,2.58
Sofala,MZ-S,27363107B69852241850831,MOZ,ADM1,education,DISTANCE,20000,school_age,463567,34.55,30675,2.29
Sofala,MZ-S,27363107B69852241850831,MOZ,ADM1,education,DISTANCE,20000,total,870637,36.73,54417,2.3
Sofala,MZ-S,27363107B69852241850831,MOZ,ADM1,education,DISTANCE,25000,school_age,494800,36.88,31233,2.33
Sofala,MZ-S,27363107B69852241850831,MOZ,ADM1,education,DISTANCE,25000,total,925581,39.05,54944,2.32
Sofala,MZ-S,27363107B69852241850831,MOZ,ADM1,education,DISTANCE,30000,school_age,527432,39.31,32632,2.43
Sofala,MZ-S,27363107B69852241850831,MOZ,ADM1,education,DISTANCE,30000,total,981645,41.41,56064,2.37
Sofala,MZ-S,27363107B69852241850831,MOZ,ADM1,education,DISTANCE,35000,school_age,556410,41.47,28978,2.16
Sofala,MZ-S,27363107B69852241850831,MOZ,ADM1,education,DISTANCE,35000,total,1032139,43.54,50494,2.13
Sofala,MZ-S,27363107B69852241850831,MOZ,ADM1,education,DISTANCE,40000,school_age,587855,43.81,31445,2.34
Sofala,MZ-S,27363107B69852241850831,MOZ,ADM1,education,DISTANCE,40000,total,1087117,45.86,54978,2.32
Sofala,MZ-S,27363107B69852241850831,MOZ,ADM1,education,DISTANCE,45000,school_age,621729,46.34,33874,2.52
Sofala,MZ-S,27363107B69852241850831,MOZ,ADM1,education,DISTANCE,45000,total,1146239,48.36,59122,2.49
Sofala,MZ-S,27363107B69852241850831,MOZ,ADM1,education,DISTANCE,50000,school_age,639050,47.63,17321,1.29
Sofala,MZ-S,27363107B69852241850831,MOZ,ADM1,education,DISTANCE,50000,total,1175916,49.61,29677,1.25
Sussundenga,,85939544B81104327117882,MOZ,ADM2,education,DISTANCE,5000,school_age,9422,7.94,9422,7.94
Sussundenga,,85939544B81104327117882,MOZ,ADM2,education,DISTANCE,5000,total,16109,7.94,16109,7.94
Sussundenga,,85939544B81104327117882,MOZ,ADM2,education,DISTANCE,10000,school_age,10379,8.75,957,0.81
Sussundenga,,85939544B81104327117882,MOZ,ADM2,education,DISTANCE,10000,total,17745,8.75,1636,0.81
Sussundenga,,85939544B81104327117882,MOZ,ADM2,education,DISTANCE,15000,school_age,13865,11.69,3486,2.94
Sussundenga,,85939544B81104327117882,MOZ,ADM2,education,DISTANCE,15000,total,23704,11.69,5959,2.94
Sussundenga,,85939544B81104327117882,MOZ,ADM2,education,DISTANCE,20000,school_age,15876,13.38,2011,1.7
Sussundenga,,85939544B81104327117882,MOZ,ADM2,education,DISTANCE,20000,total,27144,13.38,3440,1.7
Sussundenga,,85939544B81104327117882,MOZ,ADM2,education,DISTANCE,25000,school_age,20214,17.04,4338,3.66
Sussundenga,,85939544B81104327117882,MOZ,ADM2,education,DISTANCE,25000,total,34559,17.04,7415,3.66
Sussundenga,,85939544B81104327117882,MOZ,ADM2,education,DISTANCE,30000,school_age,21504,18.13,1290,1.09
Sussundenga,,85939544B81104327117882,MOZ,ADM2,education,DISTANCE,30000,total,36766,18.13,2207,1.09
Sussundenga,,85939544B81104327117882,MOZ,ADM2,education,DISTANCE,35000,school_age,23001,19.39,1497,1.26
Sussundenga,,85939544B81104327117882,MOZ,ADM2,education,DISTANCE,35000,total,39324,19.39,2558,1.26
Sussundenga,,85939544B81104327117882,MOZ,ADM2,education,DISTANCE,40000,school_age,29838,25.15,6837,5.76
Sussundenga,,85939544B81104327117882,MOZ,ADM2,education,DISTANCE,40000,total,51014,25.15,11690,5.76
Sussundenga,,85939544B81104327117882,MOZ,ADM2,education,DISTANCE,45000,school_age,31937,26.92,2099,1.77
Sussundenga,,85939544B81104327117882,MOZ,ADM2,education,DISTANCE,45000,total,54603,26.92,3589,1.77
Sussundenga,,85939544B81104327117882,MOZ,ADM2,education,DISTANCE,50000,school_age,36083,30.42,4146,3.5
Sussundenga,,85939544B81104327117882,MOZ,ADM2,education,DISTANCE,50000,total,61691,30.42,7088,3.49
Tete,MZ-T,27363107B76405592745796,MOZ,ADM1,education,DISTANCE,5000,school_age,177729,8.63,177729,8.63
Tete,MZ-T,27363107B76405592745796,MOZ,ADM1,education,DISTANCE,5000,total,317741,8.93,317741,8.93
Tete,MZ-T,27363107B76405592745796,MOZ,ADM1,education,DISTANCE,10000,school_age,237231,11.52,59502,2.89
Tete,MZ-T,27363107B76405592745796,MOZ,ADM1,education,DISTANCE,10000,total,422278,11.87,104537,2.94
Tete,MZ-T,27363107B76405592745796,MOZ,ADM1,education,DISTANCE,15000,school_age,317794,15.44,80563,3.91
Tete,MZ-T,27363107B76405592745796,MOZ,ADM1,education,DISTANCE,15000,total,561574,15.79,139296,3.92
Tete,MZ-T,27363107B76405592745796,MOZ,ADM1,education,DISTANCE,20000,school_age,394230,19.15,76436,3.71
Tete,MZ-T,27363107B76405592745796,MOZ,ADM1,education,DISTANCE,20000,total,693342,19.49,131768,3.7
Tete,MZ-T,27363107B76405592745796,MOZ,ADM1,education,DISTANCE,25000,school_age,461413,22.41,67183,3.26
Tete,MZ-T,27363107B76405592745796,MOZ,ADM1,education,DISTANCE,25000,total,810010,22.77,116668,3.28
Tete,MZ-T,27363107B76405592745796,MOZ,ADM1,education,DISTANCE,30000,school_age,525981,25.55,64568,3.14
Tete,MZ-T,27363107B76405592745796,MOZ,ADM1,education,DISTANCE,30000,total,922859,25.95,112849,3.17
Tete,MZ-T,27363107B76405592745796,MOZ,ADM1,education,DISTANCE,35000,school_age,589991,28.66,64010,3.11
Tete,MZ-T,27363107B76405592745796,MOZ,ADM1,education,DISTANCE,35000,total,1034003,29.07,111144,3.12
Tete,MZ-T,27363107B76405592745796,MOZ,ADM1,education,DISTANCE,40000,school_age,667147,32.41,77156,3.75
Tete,MZ-T,27363107B76405592745796,MOZ,ADM1,education,DISTANCE,40000,total,1167098,32.81,133095,3.74
Tete,MZ-T,27363107B76405592745796,MOZ,ADM1,education,DISTANCE,45000,school_age,727826,35.35,60679,2.95
Tete,MZ-T,27363107B76405592745796,MOZ,ADM1,education,DISTANCE,45000,total,1271871,35.76,104773,2.95
Tete,MZ-T,27363107B76405592745796,MOZ,ADM1,education,DISTANCE,50000,school_age,770842,37.44,43016,2.09
Tete,MZ-T,27363107B76405592745796,MOZ,ADM1,education,DISTANCE,50000,total,1345998,37.84,74127,2.08
Tsangano,,85939544B8789366603018,MOZ,ADM2,education,DISTANCE,5000,school_age,4732,2.59,4732,2.59
Tsangano,,85939544B8789366603018,MOZ,ADM2,education,DISTANCE,5000,total,8170,2.59,8170,2.59
Tsangano,,85939544B8789366603018,MOZ,ADM2,education,DISTANCE,10000,school_age,18550,10.14,13818,7.55
Tsangano,,85939544B8789366603018,MOZ,ADM2,education,DISTANCE,10000,total,32023,10.14,23853,7.55
Tsangano,,85939544B8789366603018,MOZ,ADM2,education,DISTANCE,15000,school_age,42903,23.46,24353,13.31
Tsangano,,85939544B8789366603018,MOZ,ADM2,education,DISTANCE,15000,total,74061,23.46,42038,13.31
Tsangano,,85939544B8789366603018,MOZ,ADM2,education,DISTANCE,20000,school_age,66850,36.55,23947,13.09
Tsangano,,85939544B8789366603018,MOZ,ADM2,education,DISTANCE,20000,total,115398,36.55,41337,13.09
Tsangano,,85939544B8789366603018,MOZ,ADM2,education,DISTANCE,25000,school_age,87699,47.95,20849,11.4
Tsangano,,85939544B8789366603018,MOZ,ADM2,education,DISTANCE,25000,total,151389,47.95,35991,11.4
Tsangano,,85939544B8789366603018,MOZ,ADM2,education,DISTANCE,30000,school_age,102468,56.02,14769,8.07
Tsangano,,85939544B8789366603018,MOZ,ADM2,education,DISTANCE,30000,total,176883,56.02,25494,8.07
Tsangano,,85939544B8789366603018,MOZ,ADM2,education,DISTANCE,35000,school_age,112728,61.63,10260,5.61
Tsangano,,85939544B8789366603018,MOZ,ADM2,education,DISTANCE,35000,total,194595,61.63,17712,5.61
Tsangano,,85939544B8789366603018,MOZ,ADM2,education,DISTANCE,40000,school_age,122638,67.05,9910,5.42
Tsangano,,85939544B8789366603018,MOZ,ADM2,education,DISTANCE,40000,total,211702,67.05,17107,5.42
Tsangano,,85939544B8789366603018,MOZ,ADM2,education,DISTANCE,45000,school_age,139076,76.04,16438,8.99
Tsangano,,85939544B8789366603018,MOZ,ADM2,education,DISTANCE,45000,total,240078,76.04,28376,8.99
Tsangano,,85939544B8789366603018,MOZ,ADM2,education,DISTANCE,50000,school_age,150691,82.39,11615,6.35
Tsangano,,85939544B8789366603018,MOZ,ADM2,education,DISTANCE,50000,total,260128,82.39,20050,6.35
Vanduzi,,85939544B72355494669336,MOZ,ADM2,education,DISTANCE,5000,school_age,9594,10.17,9594,10.17
Vanduzi,,85939544B72355494669336,MOZ,ADM2,education,DISTANCE,5000,total,16370,10.02,16370,10.02
Vanduzi,,85939544B72355494669336,MOZ,ADM2,education,DISTANCE,10000,school_age,13668,14.49,4074,4.32
Vanduzi,,85939544B72355494669336,MOZ,ADM2,education,DISTANCE,10000,total,23367,14.31,6997,4.28
Vanduzi,,85939544B72355494669336,MOZ,ADM2,education,DISTANCE,15000,school_age,16584,17.59,2916,3.09
Vanduzi,,85939544B72355494669336,MOZ,ADM2,education,DISTANCE,15000,total,28415,17.4,5048,3.09
Vanduzi,,85939544B72355494669336,MOZ,ADM2,education,DISTANCE,20000,school_age,19188,20.35,2604,2.76
Vanduzi,,85939544B72355494669336,MOZ,ADM2,education,DISTANCE,20000,total,32938,20.17,4523,2.77
Vanduzi,,85939544B72355494669336,MOZ,ADM2,education,DISTANCE,25000,school_age,34195,36.26,15007,15.91
Vanduzi,,85939544B72355494669336,MOZ,ADM2,education,DISTANCE,25000,total,59123,36.21,26185,16.04
Vanduzi,,85939544B72355494669336,MOZ,ADM2,education,DISTANCE,30000,school_age,38450,40.77,4255,4.51
Vanduzi,,85939544B72355494669336,MOZ,ADM2,education,DISTANCE,30000,total,66546,40.75,7423,4.55
Vanduzi,,85939544B72355494669336,MOZ,ADM2,education,DISTANCE,35000,school_age,40133,42.56,1683,1.78
Vanduzi,,85939544B72355494669336,MOZ,ADM2,education,DISTANCE,35000,total,69478,42.55,2932,1.8
Vanduzi,,85939544B72355494669336,MOZ,ADM2,education,DISTANCE,40000,school_age,41562,44.07,1429,1.52
Vanduzi,,85939544B72355494669336,MOZ,ADM2,education,DISTANCE,40000,total,71961,44.07,2483,1.52
Vanduzi,,85939544B72355494669336,MOZ,ADM2,education,DISTANCE,45000,school_age,44410,47.09,2848,3.02
Vanduzi,,85939544B72355494669336,MOZ,ADM2,education,DISTANCE,45000,total,76927,47.11,4966,3.04
Vanduzi,,85939544B72355494669336,MOZ,ADM2,education,DISTANCE,50000,school_age,44559,47.25,149,0.16
Vanduzi,,85939544B72355494669336,MOZ,ADM2,education,DISTANCE,50000,total,77186,47.27,259,0.16
Vilankulo,,85939544B70195584825603,MOZ,ADM2,education,DISTANCE,5000,school_age,33067,36.01,33067,36.01
Vilankulo,,85939544B70195584825603,MOZ,ADM2,education,DISTANCE,5000,total,62916,36.01,62916,36.01
Vilankulo,,85939544B70195584825603,MOZ,ADM2,education,DISTANCE,10000,school_age,37666,41.02,4599,5.01
Vilankulo,,85939544B70195584825603,MOZ,ADM2,education,DISTANCE,10000,total,71667,41.02,8751,5.01
Vilankulo,,85939544B70195584825603,MOZ,ADM2,education,DISTANCE,15000,school_age,39141,42.62,1475,1.61
Vilankulo,,85939544B70195584825603,MOZ,ADM2,education,DISTANCE,15000,total,74473,42.62,2806,1.61
Vilankulo,,85939544B70195584825603,MOZ,ADM2,education,DISTANCE,20000,school_age,41253,44.92,2112,2.3
Vilankulo,,85939544B70195584825603,MOZ,ADM2,education,DISTANCE,20000,total,78491,44.92,4018,2.3
Vilankulo,,85939544B70195584825603,MOZ,ADM2,education,DISTANCE,25000,school_age,43111,46.95,1858,2.02
Vilankulo,,85939544B70195584825603,MOZ,ADM2,education,DISTANCE,25000,total,82026,46.95,3535,2.02
Vilankulo,,85939544B70195584825603,MOZ,ADM2,education,DISTANCE,30000,school_age,43607,47.49,496,0.54
Vilankulo,,85939544B70195584825603,MOZ,ADM2,education,DISTANCE,30000,total,82969,47.49,943,0.54
Vilankulo,,85939544B70195584825603,MOZ,ADM2,education,DISTANCE,35000,school_age,43821,47.72,214,0.23
Vilankulo,,85939544B70195584825603,MOZ,ADM2,education,DISTANCE,35000,total,83377,47.72,408,0.23
Vilankulo,,85939544B70195584825603,MOZ,ADM2,education,DISTANCE,40000,school_age,46693,50.85,2872,3.13
Vilankulo,,85939544B70195584825603,MOZ,ADM2,education,DISTANCE,40000,total,88842,50.85,5465,3.13
Vilankulo,,85939544B70195584825603,MOZ,ADM2,education,DISTANCE,45000,school_age,51112,55.66,4419,4.81
Vilankulo,,85939544B70195584825603,MOZ,ADM2,education,DISTANCE,45000,total,97249,55.66,8407,4.81
Vilankulo,,85939544B70195584825603,MOZ,ADM2,education,DISTANCE,50000,school_age,51421,56.0,309,0.34
Vilankulo,,85939544B70195584825603,MOZ,ADM2,education,DISTANCE,50000,total,97838,56.0,589,0.34
Zambézia,MZ-Q,27363107B53339704098913,MOZ,ADM1,education,DISTANCE,5000,school_age,322002,9.77,322002,9.77
Zambézia,MZ-Q,27363107B53339704098913,MOZ,ADM1,education,DISTANCE,5000,total,577047,9.96,577047,9.96
Zambézia,MZ-Q,27363107B53339704098913,MOZ,ADM1,education,DISTANCE,10000,school_age,425712,12.92,103710,3.15
Zambézia,MZ-Q,27363107B53339704098913,MOZ,ADM1,education,DISTANCE,10000,total,761668,13.14,184621,3.19
Zambézia,MZ-Q,27363107B53339704098913,MOZ,ADM1,education,DISTANCE,15000,school_age,516924,15.69,91212,2.77
Zambézia,MZ-Q,27363107B53339704098913,MOZ,ADM1,education,DISTANCE,15000,total,924207,15.95,162539,2.8
Zambézia,MZ-Q,27363107B53339704098913,MOZ,ADM1,education,DISTANCE,20000,school_age,579998,17.6,63074,1.91
Zambézia,MZ-Q,27363107B53339704098913,MOZ,ADM1,education,DISTANCE,20000,total,1036221,17.88,112014,1.93
Zambézia,MZ-Q,27363107B53339704098913,MOZ,ADM1,education,DISTANCE,25000,school_age,647593,19.66,67595,2.05
Zambézia,MZ-Q,27363107B53339704098913,MOZ,ADM1,education,DISTANCE,25000,total,1156224,19.95,120003,2.07
Zambézia,MZ-Q,27363107B53339704098913,MOZ,ADM1,education,DISTANCE,30000,school_age,716202,21.74,68609,2.08
Zambézia,MZ-Q,27363107B53339704098913,MOZ,ADM1,education,DISTANCE,30000,total,1277350,22.04,121126,2.09
Zambézia,MZ-Q,27363107B53339704098913,MOZ,ADM1,education,DISTANCE,35000,school_age,781214,23.71,65012,1.97
Zambézia,MZ-Q,27363107B53339704098913,MOZ,ADM1,education,DISTANCE,35000,total,1391867,24.02,114517,1.98
Zambézia,MZ-Q,27363107B53339704098913,MOZ,ADM1,education,DISTANCE,40000,school_age,850694,25.82,69480,2.11
Zambézia,MZ-Q,27363107B53339704098913,MOZ,ADM1,education,DISTANCE,40000,total,1514640,26.14,122773,2.12
Zambézia,MZ-Q,27363107B53339704098913,MOZ,ADM1,education,DISTANCE,45000,school_age,899877,27.31,49183,1.49
Zambézia,MZ-Q,27363107B53339704098913,MOZ,ADM1,education,DISTANCE,45000,total,1600727,27.62,86087,1.49
Zambézia,MZ-Q,27363107B53339704098913,MOZ,ADM1,education,DISTANCE,50000,school_age,948526,28.79,48649,1.48
Zambézia,MZ-Q,27363107B53339704098913,MOZ,ADM1,education,DISTANCE,50000,total,1686076,29.09,85349,1.47
Zavala,,85939544B42929876675904,MOZ,ADM2,education,DISTANCE,5000,school_age,118,0.13,118,0.13
Zavala,,85939544B42929876675904,MOZ,ADM2,education,DISTANCE,5000,total,204,0.13,204,0.13
Zavala,,85939544B42929876675904,MOZ,ADM2,education,DISTANCE,10000,school_age,480,0.52,362,0.39
Zavala,,85939544B42929876675904,MOZ,ADM2,education,DISTANCE,10000,total,831,0.52,627,0.39
Zavala,,85939544B42929876675904,MOZ,ADM2,education,DISTANCE,15000,school_age,948,1.03,468,0.51
Zavala,,85939544B42929876675904,MOZ,ADM2,education,DISTANCE,15000,total,1641,1.03,810,0.51
Zavala,,85939544B42929876675904,MOZ,ADM2,education,DISTANCE,20000,school_age,1675,1.81,727,0.79
Zavala,,85939544B42929876675904,MOZ,ADM2,education,DISTANCE,20000,total,2898,1.81,1257,0.79
Zavala,,85939544B42929876675904,MOZ,ADM2,education,DISTANCE,25000,school_age,2912,3.15,1237,1.34
Zavala,,85939544B42929876675904,MOZ,ADM2,education,DISTANCE,25000,total,5039,3.15,2141,1.34
Zavala,,85939544B42929876675904,MOZ,ADM2,education,DISTANCE,30000,school_age,3896,4.21,984,1.06
Zavala,,85939544B42929876675904,MOZ,ADM2,education,DISTANCE,30000,total,6743,4.21,1704,1.06
Zavala,,85939544B42929876675904,MOZ,ADM2,education,DISTANCE,35000,school_age,5488,5.94,1592,1.72
Zavala,,85939544B42929876675904,MOZ,ADM2,education,DISTANCE,35000,total,9498,5.94,2755,1.72
Zavala,,85939544B42929876675904,MOZ,ADM2,education,DISTANCE,40000,school_age,6545,7.08,1057,1.14
Zavala,,85939544B42929876675904,MOZ,ADM2,education,DISTANCE,40000,total,11327,7.08,1829,1.14
Zavala,,85939544B42929876675904,MOZ,ADM2,education,DISTANCE,45000,school_age,13059,14.12,6514,7.04
Zavala,,85939544B42929876675904,MOZ,ADM2,education,DISTANCE,45000,total,22599,14.12,11272,7.04
Zavala,,85939544B42929876675904,MOZ,ADM2,education,DISTANCE,50000,school_age,14841,16.05,1782,1.93
Zavala,,85939544B42929876675904,MOZ,ADM2,education,DISTANCE,50000,total,25683,16.05,3084,1.93
