ISO3,Location,DataId,Indicator,Value,Precision,DHS_CountryCode,CountryName,SurveyYear,SurveyId,IndicatorId,IndicatorOrder,IndicatorType,CharacteristicId,CharacteristicOrder,CharacteristicCategory,CharacteristicLabel,ByVariableId,ByVariableLabel,IsTotal,IsPreferred,SDRID,RegionId,SurveyYearLabel,SurveyType,DenominatorWeighted,DenominatorUnweighted,CILow,CIHigh,LevelRank
MOZ,Niassa,7691291,Number of households,547,0,MZ,Mozambique,1997,MZ1997DHS,HC_ORPH_H_NUM,260861050,D,431001,1431001,Region,Niassa,0,,0,1,HCORPHHNUM,MZDHS1997431001,1997,DHS,,900,,,1
MOZ,Cabo Delgado,7140323,Number of households,761,0,MZ,Mozambique,1997,MZ1997DHS,HC_ORPH_H_NUM,260861050,D,431002,1431002,Region,Cabo Delgado,0,,0,1,HCORPHHNUM,MZDHS1997431002,1997,DHS,,860,,,1
MOZ,Nampula,1153148,Number of households,1766,0,MZ,Mozambique,1997,MZ1997DHS,HC_ORPH_H_NUM,260861050,D,431003,1431003,Region,Nampula,0,,0,1,HCORPHHNUM,MZDHS1997431003,1997,DHS,,1067,,,1
MOZ,Zambézia,3527656,Number of households,1755,0,MZ,Mozambique,1997,MZ1997DHS,HC_ORPH_H_NUM,260861050,D,431004,1431004,Region,Zambézia,0,,0,1,HCORPHHNUM,MZDHS1997431004,1997,DHS,,1008,,,1
MOZ,Tete,1168423,Number of households,418,0,MZ,Mozambique,1997,MZ1997DHS,HC_ORPH_H_NUM,260861050,D,431005,1431005,Region,Tete,0,,0,1,HCORPHHNUM,MZDHS1997431005,1997,DHS,,670,,,1
MOZ,Manica,4862473,Number of households,432,0,MZ,Mozambique,1997,MZ1997DHS,HC_ORPH_H_NUM,260861050,D,431006,1431006,Region,Manica,0,,0,1,HCORPHHNUM,MZDHS1997431006,1997,DHS,,782,,,1
MOZ,Sofala,7485126,Number of households,993,0,MZ,Mozambique,1997,MZ1997DHS,HC_ORPH_H_NUM,260861050,D,431007,1431007,Region,Sofala,0,,0,1,HCORPHHNUM,MZDHS1997431007,1997,DHS,,941,,,1
MOZ,Inhambane,1175348,Number of households,820,0,MZ,Mozambique,1997,MZ1997DHS,HC_ORPH_H_NUM,260861050,D,431008,1431008,Region,Inhambane,0,,0,1,HCORPHHNUM,MZDHS1997431008,1997,DHS,,812,,,1
MOZ,Gaza,6251456,Number of households,784,0,MZ,Mozambique,1997,MZ1997DHS,HC_ORPH_H_NUM,260861050,D,431009,1431009,Region,Gaza,0,,0,1,HCORPHHNUM,MZDHS1997431009,1997,DHS,,826,,,1
MOZ,Maputo Provincia,4479285,Number of households,573,0,MZ,Mozambique,1997,MZ1997DHS,HC_ORPH_H_NUM,260861050,D,431010,1431010,Region,Maputo Provincia,0,,0,1,HCORPHHNUM,MZDHS1997431010,1997,DHS,,628,,,1
MOZ,Maputo Cidade,7452210,Number of households,433,0,MZ,Mozambique,1997,MZ1997DHS,HC_ORPH_H_NUM,260861050,D,431011,1431011,Region,Maputo Cidade,0,,0,1,HCORPHHNUM,MZDHS1997431011,1997,DHS,,788,,,1
MOZ,Niassa,7690879,Number of households (unweighted),900,0,MZ,Mozambique,1997,MZ1997DHS,HC_ORPH_H_UNW,260861060,U,431001,1431001,Region,Niassa,0,,0,1,HCORPHHUNW,MZDHS1997431001,1997,DHS,547,,,,1
MOZ,Cabo Delgado,774315,Number of households (unweighted),860,0,MZ,Mozambique,1997,MZ1997DHS,HC_ORPH_H_UNW,260861060,U,431002,1431002,Region,Cabo Delgado,0,,0,1,HCORPHHUNW,MZDHS1997431002,1997,DHS,761,,,,1
MOZ,Nampula,289314,Number of households (unweighted),1067,0,MZ,Mozambique,1997,MZ1997DHS,HC_ORPH_H_UNW,260861060,U,431003,1431003,Region,Nampula,0,,0,1,HCORPHHUNW,MZDHS1997431003,1997,DHS,1766,,,,1
MOZ,Zambézia,4001980,Number of households (unweighted),1008,0,MZ,Mozambique,1997,MZ1997DHS,HC_ORPH_H_UNW,260861060,U,431004,1431004,Region,Zambézia,0,,0,1,HCORPHHUNW,MZDHS1997431004,1997,DHS,1755,,,,1
MOZ,Tete,1168455,Number of households (unweighted),670,0,MZ,Mozambique,1997,MZ1997DHS,HC_ORPH_H_UNW,260861060,U,431005,1431005,Region,Tete,0,,0,1,HCORPHHUNW,MZDHS1997431005,1997,DHS,418,,,,1
MOZ,Manica,733569,Number of households (unweighted),782,0,MZ,Mozambique,1997,MZ1997DHS,HC_ORPH_H_UNW,260861060,U,431006,1431006,Region,Manica,0,,0,1,HCORPHHUNW,MZDHS1997431006,1997,DHS,432,,,,1
MOZ,Sofala,7498300,Number of households (unweighted),941,0,MZ,Mozambique,1997,MZ1997DHS,HC_ORPH_H_UNW,260861060,U,431007,1431007,Region,Sofala,0,,0,1,HCORPHHUNW,MZDHS1997431007,1997,DHS,993,,,,1
MOZ,Inhambane,2941514,Number of households (unweighted),812,0,MZ,Mozambique,1997,MZ1997DHS,HC_ORPH_H_UNW,260861060,U,431008,1431008,Region,Inhambane,0,,0,1,HCORPHHUNW,MZDHS1997431008,1997,DHS,820,,,,1
MOZ,Gaza,3411700,Number of households (unweighted),826,0,MZ,Mozambique,1997,MZ1997DHS,HC_ORPH_H_UNW,260861060,U,431009,1431009,Region,Gaza,0,,0,1,HCORPHHUNW,MZDHS1997431009,1997,DHS,784,,,,1
MOZ,Maputo Provincia,1175354,Number of households (unweighted),628,0,MZ,Mozambique,1997,MZ1997DHS,HC_ORPH_H_UNW,260861060,U,431010,1431010,Region,Maputo Provincia,0,,0,1,HCORPHHUNW,MZDHS1997431010,1997,DHS,573,,,,1
MOZ,Maputo Cidade,201926,Number of households (unweighted),788,0,MZ,Mozambique,1997,MZ1997DHS,HC_ORPH_H_UNW,260861060,U,431011,1431011,Region,Maputo Cidade,0,,0,1,HCORPHHUNW,MZDHS1997431011,1997,DHS,433,,,,1
MOZ,Niassa,7696854,Children living with both parents,58.1,1,MZ,Mozambique,1997,MZ1997DHS,HC_LVAR_C_BTH,260936010,I,431001,1431001,Region,Niassa,0,,0,1,HCLVARCBTH,MZDHS1997431001,1997,DHS,1074,1780,,,1
MOZ,Cabo Delgado,5647064,Children living with both parents,51.7,1,MZ,Mozambique,1997,MZ1997DHS,HC_LVAR_C_BTH,260936010,I,431002,1431002,Region,Cabo Delgado,0,,0,1,HCLVARCBTH,MZDHS1997431002,1997,DHS,1219,1402,,,1
MOZ,Nampula,4155986,Children living with both parents,56.9,1,MZ,Mozambique,1997,MZ1997DHS,HC_LVAR_C_BTH,260936010,I,431003,1431003,Region,Nampula,0,,0,1,HCLVARCBTH,MZDHS1997431003,1997,DHS,3187,2060,,,1
MOZ,Zambézia,7362869,Children living with both parents,65.5,1,MZ,Mozambique,1997,MZ1997DHS,HC_LVAR_C_BTH,260936010,I,431004,1431004,Region,Zambézia,0,,0,1,HCLVARCBTH,MZDHS1997431004,1997,DHS,3223,1797,,,1
MOZ,Tete,3653881,Children living with both parents,63.5,1,MZ,Mozambique,1997,MZ1997DHS,HC_LVAR_C_BTH,260936010,I,431005,1431005,Region,Tete,0,,0,1,HCLVARCBTH,MZDHS1997431005,1997,DHS,935,1557,,,1
MOZ,Manica,5185759,Children living with both parents,65.6,1,MZ,Mozambique,1997,MZ1997DHS,HC_LVAR_C_BTH,260936010,I,431006,1431006,Region,Manica,0,,0,1,HCLVARCBTH,MZDHS1997431006,1997,DHS,1212,2152,,,1
MOZ,Sofala,7487629,Children living with both parents,73.1,1,MZ,Mozambique,1997,MZ1997DHS,HC_LVAR_C_BTH,260936010,I,431007,1431007,Region,Sofala,0,,0,1,HCLVARCBTH,MZDHS1997431007,1997,DHS,2626,2299,,,1
MOZ,Inhambane,5641471,Children living with both parents,44.1,1,MZ,Mozambique,1997,MZ1997DHS,HC_LVAR_C_BTH,260936010,I,431008,1431008,Region,Inhambane,0,,0,1,HCLVARCBTH,MZDHS1997431008,1997,DHS,1749,1678,,,1
MOZ,Gaza,6203286,Children living with both parents,60.2,1,MZ,Mozambique,1997,MZ1997DHS,HC_LVAR_C_BTH,260936010,I,431009,1431009,Region,Gaza,0,,0,1,HCLVARCBTH,MZDHS1997431009,1997,DHS,1975,1905,,,1
MOZ,Maputo Provincia,4065461,Children living with both parents,42.2,1,MZ,Mozambique,1997,MZ1997DHS,HC_LVAR_C_BTH,260936010,I,431010,1431010,Region,Maputo Provincia,0,,0,1,HCLVARCBTH,MZDHS1997431010,1997,DHS,1284,1458,,,1
MOZ,Maputo Cidade,3656484,Children living with both parents,56.6,1,MZ,Mozambique,1997,MZ1997DHS,HC_LVAR_C_BTH,260936010,I,431011,1431011,Region,Maputo Cidade,0,,0,1,HCLVARCBTH,MZDHS1997431011,1997,DHS,1005,1877,,,1
MOZ,Niassa,7696855,"Children living with mother, father alive",15.8,1,MZ,Mozambique,1997,MZ1997DHS,HC_LVAR_C_MFA,260936020,I,431001,1431001,Region,Niassa,0,,0,1,HCLVARCMFA,MZDHS1997431001,1997,DHS,1074,1780,,,1
MOZ,Cabo Delgado,5647065,"Children living with mother, father alive",21.4,1,MZ,Mozambique,1997,MZ1997DHS,HC_LVAR_C_MFA,260936020,I,431002,1431002,Region,Cabo Delgado,0,,0,1,HCLVARCMFA,MZDHS1997431002,1997,DHS,1219,1402,,,1
MOZ,Nampula,4155998,"Children living with mother, father alive",17.7,1,MZ,Mozambique,1997,MZ1997DHS,HC_LVAR_C_MFA,260936020,I,431003,1431003,Region,Nampula,0,,0,1,HCLVARCMFA,MZDHS1997431003,1997,DHS,3187,2060,,,1
MOZ,Zambézia,7362870,"Children living with mother, father alive",12.2,1,MZ,Mozambique,1997,MZ1997DHS,HC_LVAR_C_MFA,260936020,I,431004,1431004,Region,Zambézia,0,,0,1,HCLVARCMFA,MZDHS1997431004,1997,DHS,3223,1797,,,1
MOZ,Tete,3653882,"Children living with mother, father alive",12.1,1,MZ,Mozambique,1997,MZ1997DHS,HC_LVAR_C_MFA,260936020,I,431005,1431005,Region,Tete,0,,0,1,HCLVARCMFA,MZDHS1997431005,1997,DHS,935,1557,,,1
MOZ,Manica,5185760,"Children living with mother, father alive",14.4,1,MZ,Mozambique,1997,MZ1997DHS,HC_LVAR_C_MFA,260936020,I,431006,1431006,Region,Manica,0,,0,1,HCLVARCMFA,MZDHS1997431006,1997,DHS,1212,2152,,,1
MOZ,Sofala,7487630,"Children living with mother, father alive",4.9,1,MZ,Mozambique,1997,MZ1997DHS,HC_LVAR_C_MFA,260936020,I,431007,1431007,Region,Sofala,0,,0,1,HCLVARCMFA,MZDHS1997431007,1997,DHS,2626,2299,,,1
MOZ,Inhambane,5641472,"Children living with mother, father alive",18.1,1,MZ,Mozambique,1997,MZ1997DHS,HC_LVAR_C_MFA,260936020,I,431008,1431008,Region,Inhambane,0,,0,1,HCLVARCMFA,MZDHS1997431008,1997,DHS,1749,1678,,,1
MOZ,Gaza,6203287,"Children living with mother, father alive",12.3,1,MZ,Mozambique,1997,MZ1997DHS,HC_LVAR_C_MFA,260936020,I,431009,1431009,Region,Gaza,0,,0,1,HCLVARCMFA,MZDHS1997431009,1997,DHS,1975,1905,,,1
MOZ,Maputo Provincia,4065462,"Children living with mother, father alive",22.4,1,MZ,Mozambique,1997,MZ1997DHS,HC_LVAR_C_MFA,260936020,I,431010,1431010,Region,Maputo Provincia,0,,0,1,HCLVARCMFA,MZDHS1997431010,1997,DHS,1284,1458,,,1
MOZ,Maputo Cidade,3656485,"Children living with mother, father alive",19,1,MZ,Mozambique,1997,MZ1997DHS,HC_LVAR_C_MFA,260936020,I,431011,1431011,Region,Maputo Cidade,0,,0,1,HCLVARCMFA,MZDHS1997431011,1997,DHS,1005,1877,,,1
MOZ,Niassa,7696856,"Children living with mother, father dead",3.3,1,MZ,Mozambique,1997,MZ1997DHS,HC_LVAR_C_MFD,260936030,I,431001,1431001,Region,Niassa,0,,0,1,HCLVARCMFD,MZDHS1997431001,1997,DHS,1074,1780,,,1
MOZ,Cabo Delgado,5647069,"Children living with mother, father dead",2.5,1,MZ,Mozambique,1997,MZ1997DHS,HC_LVAR_C_MFD,260936030,I,431002,1431002,Region,Cabo Delgado,0,,0,1,HCLVARCMFD,MZDHS1997431002,1997,DHS,1219,1402,,,1
MOZ,Nampula,4155999,"Children living with mother, father dead",4.3,1,MZ,Mozambique,1997,MZ1997DHS,HC_LVAR_C_MFD,260936030,I,431003,1431003,Region,Nampula,0,,0,1,HCLVARCMFD,MZDHS1997431003,1997,DHS,3187,2060,,,1
MOZ,Zambézia,7362871,"Children living with mother, father dead",6.6,1,MZ,Mozambique,1997,MZ1997DHS,HC_LVAR_C_MFD,260936030,I,431004,1431004,Region,Zambézia,0,,0,1,HCLVARCMFD,MZDHS1997431004,1997,DHS,3223,1797,,,1
MOZ,Tete,3653883,"Children living with mother, father dead",5.2,1,MZ,Mozambique,1997,MZ1997DHS,HC_LVAR_C_MFD,260936030,I,431005,1431005,Region,Tete,0,,0,1,HCLVARCMFD,MZDHS1997431005,1997,DHS,935,1557,,,1
MOZ,Manica,5185761,"Children living with mother, father dead",7.3,1,MZ,Mozambique,1997,MZ1997DHS,HC_LVAR_C_MFD,260936030,I,431006,1431006,Region,Manica,0,,0,1,HCLVARCMFD,MZDHS1997431006,1997,DHS,1212,2152,,,1
MOZ,Sofala,7487641,"Children living with mother, father dead",4.1,1,MZ,Mozambique,1997,MZ1997DHS,HC_LVAR_C_MFD,260936030,I,431007,1431007,Region,Sofala,0,,0,1,HCLVARCMFD,MZDHS1997431007,1997,DHS,2626,2299,,,1
MOZ,Inhambane,5641473,"Children living with mother, father dead",4.8,1,MZ,Mozambique,1997,MZ1997DHS,HC_LVAR_C_MFD,260936030,I,431008,1431008,Region,Inhambane,0,,0,1,HCLVARCMFD,MZDHS1997431008,1997,DHS,1749,1678,,,1
MOZ,Gaza,6203303,"Children living with mother, father dead",8,1,MZ,Mozambique,1997,MZ1997DHS,HC_LVAR_C_MFD,260936030,I,431009,1431009,Region,Gaza,0,,0,1,HCLVARCMFD,MZDHS1997431009,1997,DHS,1975,1905,,,1
MOZ,Maputo Provincia,4065467,"Children living with mother, father dead",4.9,1,MZ,Mozambique,1997,MZ1997DHS,HC_LVAR_C_MFD,260936030,I,431010,1431010,Region,Maputo Provincia,0,,0,1,HCLVARCMFD,MZDHS1997431010,1997,DHS,1284,1458,,,1
MOZ,Maputo Cidade,3656486,"Children living with mother, father dead",4.7,1,MZ,Mozambique,1997,MZ1997DHS,HC_LVAR_C_MFD,260936030,I,431011,1431011,Region,Maputo Cidade,0,,0,1,HCLVARCMFD,MZDHS1997431011,1997,DHS,1005,1877,,,1
MOZ,Niassa,7696852,"Children living with father, mother alive",0.8,1,MZ,Mozambique,1997,MZ1997DHS,HC_LVAR_C_FMA,260936040,I,431001,1431001,Region,Niassa,0,,0,1,HCLVARCFMA,MZDHS1997431001,1997,DHS,1074,1780,,,1
MOZ,Cabo Delgado,5647070,"Children living with father, mother alive",2.4,1,MZ,Mozambique,1997,MZ1997DHS,HC_LVAR_C_FMA,260936040,I,431002,1431002,Region,Cabo Delgado,0,,0,1,HCLVARCFMA,MZDHS1997431002,1997,DHS,1219,1402,,,1
MOZ,Nampula,4156001,"Children living with father, mother alive",3.2,1,MZ,Mozambique,1997,MZ1997DHS,HC_LVAR_C_FMA,260936040,I,431003,1431003,Region,Nampula,0,,0,1,HCLVARCFMA,MZDHS1997431003,1997,DHS,3187,2060,,,1
MOZ,Zambézia,7362872,"Children living with father, mother alive",2.2,1,MZ,Mozambique,1997,MZ1997DHS,HC_LVAR_C_FMA,260936040,I,431004,1431004,Region,Zambézia,0,,0,1,HCLVARCFMA,MZDHS1997431004,1997,DHS,3223,1797,,,1
MOZ,Tete,3653884,"Children living with father, mother alive",1,1,MZ,Mozambique,1997,MZ1997DHS,HC_LVAR_C_FMA,260936040,I,431005,1431005,Region,Tete,0,,0,1,HCLVARCFMA,MZDHS1997431005,1997,DHS,935,1557,,,1
MOZ,Manica,5185769,"Children living with father, mother alive",1.4,1,MZ,Mozambique,1997,MZ1997DHS,HC_LVAR_C_FMA,260936040,I,431006,1431006,Region,Manica,0,,0,1,HCLVARCFMA,MZDHS1997431006,1997,DHS,1212,2152,,,1
MOZ,Sofala,7487642,"Children living with father, mother alive",5.1,1,MZ,Mozambique,1997,MZ1997DHS,HC_LVAR_C_FMA,260936040,I,431007,1431007,Region,Sofala,0,,0,1,HCLVARCFMA,MZDHS1997431007,1997,DHS,2626,2299,,,1
MOZ,Inhambane,5641477,"Children living with father, mother alive",7.6,1,MZ,Mozambique,1997,MZ1997DHS,HC_LVAR_C_FMA,260936040,I,431008,1431008,Region,Inhambane,0,,0,1,HCLVARCFMA,MZDHS1997431008,1997,DHS,1749,1678,,,1
MOZ,Gaza,6203296,"Children living with father, mother alive",1.9,1,MZ,Mozambique,1997,MZ1997DHS,HC_LVAR_C_FMA,260936040,I,431009,1431009,Region,Gaza,0,,0,1,HCLVARCFMA,MZDHS1997431009,1997,DHS,1975,1905,,,1
MOZ,Maputo Provincia,4065471,"Children living with father, mother alive",3.3,1,MZ,Mozambique,1997,MZ1997DHS,HC_LVAR_C_FMA,260936040,I,431010,1431010,Region,Maputo Provincia,0,,0,1,HCLVARCFMA,MZDHS1997431010,1997,DHS,1284,1458,,,1
MOZ,Maputo Cidade,3656491,"Children living with father, mother alive",5.2,1,MZ,Mozambique,1997,MZ1997DHS,HC_LVAR_C_FMA,260936040,I,431011,1431011,Region,Maputo Cidade,0,,0,1,HCLVARCFMA,MZDHS1997431011,1997,DHS,1005,1877,,,1
MOZ,Niassa,7696857,"Children living with father, mother dead",2.6,1,MZ,Mozambique,1997,MZ1997DHS,HC_LVAR_C_FMD,260936050,I,431001,1431001,Region,Niassa,0,,0,1,HCLVARCFMD,MZDHS1997431001,1997,DHS,1074,1780,,,1
MOZ,Cabo Delgado,5647066,"Children living with father, mother dead",3.5,1,MZ,Mozambique,1997,MZ1997DHS,HC_LVAR_C_FMD,260936050,I,431002,1431002,Region,Cabo Delgado,0,,0,1,HCLVARCFMD,MZDHS1997431002,1997,DHS,1219,1402,,,1
MOZ,Nampula,4156000,"Children living with father, mother dead",1,1,MZ,Mozambique,1997,MZ1997DHS,HC_LVAR_C_FMD,260936050,I,431003,1431003,Region,Nampula,0,,0,1,HCLVARCFMD,MZDHS1997431003,1997,DHS,3187,2060,,,1
MOZ,Zambézia,7362875,"Children living with father, mother dead",2.7,1,MZ,Mozambique,1997,MZ1997DHS,HC_LVAR_C_FMD,260936050,I,431004,1431004,Region,Zambézia,0,,0,1,HCLVARCFMD,MZDHS1997431004,1997,DHS,3223,1797,,,1
MOZ,Tete,3653886,"Children living with father, mother dead",2.3,1,MZ,Mozambique,1997,MZ1997DHS,HC_LVAR_C_FMD,260936050,I,431005,1431005,Region,Tete,0,,0,1,HCLVARCFMD,MZDHS1997431005,1997,DHS,935,1557,,,1
MOZ,Manica,5185762,"Children living with father, mother dead",1.8,1,MZ,Mozambique,1997,MZ1997DHS,HC_LVAR_C_FMD,260936050,I,431006,1431006,Region,Manica,0,,0,1,HCLVARCFMD,MZDHS1997431006,1997,DHS,1212,2152,,,1
MOZ,Sofala,7487627,"Children living with father, mother dead",5.2,1,MZ,Mozambique,1997,MZ1997DHS,HC_LVAR_C_FMD,260936050,I,431007,1431007,Region,Sofala,0,,0,1,HCLVARCFMD,MZDHS1997431007,1997,DHS,2626,2299,,,1
MOZ,Inhambane,5641474,"Children living with father, mother dead",3.8,1,MZ,Mozambique,1997,MZ1997DHS,HC_LVAR_C_FMD,260936050,I,431008,1431008,Region,Inhambane,0,,0,1,HCLVARCFMD,MZDHS1997431008,1997,DHS,1749,1678,,,1
MOZ,Gaza,6203288,"Children living with father, mother dead",1.6,1,MZ,Mozambique,1997,MZ1997DHS,HC_LVAR_C_FMD,260936050,I,431009,1431009,Region,Gaza,0,,0,1,HCLVARCFMD,MZDHS1997431009,1997,DHS,1975,1905,,,1
MOZ,Maputo Provincia,4065468,"Children living with father, mother dead",0.2,1,MZ,Mozambique,1997,MZ1997DHS,HC_LVAR_C_FMD,260936050,I,431010,1431010,Region,Maputo Provincia,0,,0,1,HCLVARCFMD,MZDHS1997431010,1997,DHS,1284,1458,,,1
MOZ,Maputo Cidade,3656494,"Children living with father, mother dead",1.7,1,MZ,Mozambique,1997,MZ1997DHS,HC_LVAR_C_FMD,260936050,I,431011,1431011,Region,Maputo Cidade,0,,0,1,HCLVARCFMD,MZDHS1997431011,1997,DHS,1005,1877,,,1
MOZ,Niassa,7696853,"Children living with neither parent, both alive",9.7,1,MZ,Mozambique,1997,MZ1997DHS,HC_LVAR_C_NBA,260936060,I,431001,1431001,Region,Niassa,0,,0,1,HCLVARCNBA,MZDHS1997431001,1997,DHS,1074,1780,,,1
MOZ,Cabo Delgado,5647071,"Children living with neither parent, both alive",8.1,1,MZ,Mozambique,1997,MZ1997DHS,HC_LVAR_C_NBA,260936060,I,431002,1431002,Region,Cabo Delgado,0,,0,1,HCLVARCNBA,MZDHS1997431002,1997,DHS,1219,1402,,,1
MOZ,Nampula,4156002,"Children living with neither parent, both alive",12.3,1,MZ,Mozambique,1997,MZ1997DHS,HC_LVAR_C_NBA,260936060,I,431003,1431003,Region,Nampula,0,,0,1,HCLVARCNBA,MZDHS1997431003,1997,DHS,3187,2060,,,1
MOZ,Zambézia,7362873,"Children living with neither parent, both alive",5.3,1,MZ,Mozambique,1997,MZ1997DHS,HC_LVAR_C_NBA,260936060,I,431004,1431004,Region,Zambézia,0,,0,1,HCLVARCNBA,MZDHS1997431004,1997,DHS,3223,1797,,,1
MOZ,Tete,3653885,"Children living with neither parent, both alive",7,1,MZ,Mozambique,1997,MZ1997DHS,HC_LVAR_C_NBA,260936060,I,431005,1431005,Region,Tete,0,,0,1,HCLVARCNBA,MZDHS1997431005,1997,DHS,935,1557,,,1
MOZ,Manica,5185770,"Children living with neither parent, both alive",4.5,1,MZ,Mozambique,1997,MZ1997DHS,HC_LVAR_C_NBA,260936060,I,431006,1431006,Region,Manica,0,,0,1,HCLVARCNBA,MZDHS1997431006,1997,DHS,1212,2152,,,1
MOZ,Sofala,7487643,"Children living with neither parent, both alive",2.1,1,MZ,Mozambique,1997,MZ1997DHS,HC_LVAR_C_NBA,260936060,I,431007,1431007,Region,Sofala,0,,0,1,HCLVARCNBA,MZDHS1997431007,1997,DHS,2626,2299,,,1
MOZ,Inhambane,5641478,"Children living with neither parent, both alive",13,1,MZ,Mozambique,1997,MZ1997DHS,HC_LVAR_C_NBA,260936060,I,431008,1431008,Region,Inhambane,0,,0,1,HCLVARCNBA,MZDHS1997431008,1997,DHS,1749,1678,,,1
MOZ,Gaza,6203297,"Children living with neither parent, both alive",9.6,1,MZ,Mozambique,1997,MZ1997DHS,HC_LVAR_C_NBA,260936060,I,431009,1431009,Region,Gaza,0,,0,1,HCLVARCNBA,MZDHS1997431009,1997,DHS,1975,1905,,,1
MOZ,Maputo Provincia,4065472,"Children living with neither parent, both alive",19.8,1,MZ,Mozambique,1997,MZ1997DHS,HC_LVAR_C_NBA,260936060,I,431010,1431010,Region,Maputo Provincia,0,,0,1,HCLVARCNBA,MZDHS1997431010,1997,DHS,1284,1458,,,1
MOZ,Maputo Cidade,3656492,"Children living with neither parent, both alive",7.4,1,MZ,Mozambique,1997,MZ1997DHS,HC_LVAR_C_NBA,260936060,I,431011,1431011,Region,Maputo Cidade,0,,0,1,HCLVARCNBA,MZDHS1997431011,1997,DHS,1005,1877,,,1
MOZ,Niassa,7696858,"Children living with neither parent, mother alive",1,1,MZ,Mozambique,1997,MZ1997DHS,HC_LVAR_C_NMA,260936070,I,431001,1431001,Region,Niassa,0,,0,1,HCLVARCNMA,MZDHS1997431001,1997,DHS,1074,1780,,,1
MOZ,Cabo Delgado,5647067,"Children living with neither parent, mother alive",1.8,1,MZ,Mozambique,1997,MZ1997DHS,HC_LVAR_C_NMA,260936070,I,431002,1431002,Region,Cabo Delgado,0,,0,1,HCLVARCNMA,MZDHS1997431002,1997,DHS,1219,1402,,,1
MOZ,Nampula,4156003,"Children living with neither parent, mother alive",1.3,1,MZ,Mozambique,1997,MZ1997DHS,HC_LVAR_C_NMA,260936070,I,431003,1431003,Region,Nampula,0,,0,1,HCLVARCNMA,MZDHS1997431003,1997,DHS,3187,2060,,,1
MOZ,Zambézia,7362876,"Children living with neither parent, mother alive",0.9,1,MZ,Mozambique,1997,MZ1997DHS,HC_LVAR_C_NMA,260936070,I,431004,1431004,Region,Zambézia,0,,0,1,HCLVARCNMA,MZDHS1997431004,1997,DHS,3223,1797,,,1
MOZ,Tete,3653887,"Children living with neither parent, mother alive",2.3,1,MZ,Mozambique,1997,MZ1997DHS,HC_LVAR_C_NMA,260936070,I,431005,1431005,Region,Tete,0,,0,1,HCLVARCNMA,MZDHS1997431005,1997,DHS,935,1557,,,1
MOZ,Manica,5185763,"Children living with neither parent, mother alive",1.2,1,MZ,Mozambique,1997,MZ1997DHS,HC_LVAR_C_NMA,260936070,I,431006,1431006,Region,Manica,0,,0,1,HCLVARCNMA,MZDHS1997431006,1997,DHS,1212,2152,,,1
MOZ,Sofala,7487628,"Children living with neither parent, mother alive",0.8,1,MZ,Mozambique,1997,MZ1997DHS,HC_LVAR_C_NMA,260936070,I,431007,1431007,Region,Sofala,0,,0,1,HCLVARCNMA,MZDHS1997431007,1997,DHS,2626,2299,,,1
MOZ,Inhambane,5641475,"Children living with neither parent, mother alive",2.8,1,MZ,Mozambique,1997,MZ1997DHS,HC_LVAR_C_NMA,260936070,I,431008,1431008,Region,Inhambane,0,,0,1,HCLVARCNMA,MZDHS1997431008,1997,DHS,1749,1678,,,1
MOZ,Gaza,6203289,"Children living with neither parent, mother alive",2.1,1,MZ,Mozambique,1997,MZ1997DHS,HC_LVAR_C_NMA,260936070,I,431009,1431009,Region,Gaza,0,,0,1,HCLVARCNMA,MZDHS1997431009,1997,DHS,1975,1905,,,1
MOZ,Maputo Provincia,4065469,"Children living with neither parent, mother alive",2.7,1,MZ,Mozambique,1997,MZ1997DHS,HC_LVAR_C_NMA,260936070,I,431010,1431010,Region,Maputo Provincia,0,,0,1,HCLVARCNMA,MZDHS1997431010,1997,DHS,1284,1458,,,1
MOZ,Maputo Cidade,3656509,"Children living with neither parent, mother alive",1.2,1,MZ,Mozambique,1997,MZ1997DHS,HC_LVAR_C_NMA,260936070,I,431011,1431011,Region,Maputo Cidade,0,,0,1,HCLVARCNMA,MZDHS1997431011,1997,DHS,1005,1877,,,1
MOZ,Niassa,7696859,"Children living with neither parent, father alive",3.8,1,MZ,Mozambique,1997,MZ1997DHS,HC_LVAR_C_NFA,260936080,I,431001,1431001,Region,Niassa,0,,0,1,HCLVARCNFA,MZDHS1997431001,1997,DHS,1074,1780,,,1
MOZ,Cabo Delgado,5647073,"Children living with neither parent, father alive",3.8,1,MZ,Mozambique,1997,MZ1997DHS,HC_LVAR_C_NFA,260936080,I,431002,1431002,Region,Cabo Delgado,0,,0,1,HCLVARCNFA,MZDHS1997431002,1997,DHS,1219,1402,,,1
MOZ,Nampula,4156006,"Children living with neither parent, father alive",1.3,1,MZ,Mozambique,1997,MZ1997DHS,HC_LVAR_C_NFA,260936080,I,431003,1431003,Region,Nampula,0,,0,1,HCLVARCNFA,MZDHS1997431003,1997,DHS,3187,2060,,,1
MOZ,Zambézia,7362878,"Children living with neither parent, father alive",2.2,1,MZ,Mozambique,1997,MZ1997DHS,HC_LVAR_C_NFA,260936080,I,431004,1431004,Region,Zambézia,0,,0,1,HCLVARCNFA,MZDHS1997431004,1997,DHS,3223,1797,,,1
MOZ,Tete,3653889,"Children living with neither parent, father alive",3,1,MZ,Mozambique,1997,MZ1997DHS,HC_LVAR_C_NFA,260936080,I,431005,1431005,Region,Tete,0,,0,1,HCLVARCNFA,MZDHS1997431005,1997,DHS,935,1557,,,1
MOZ,Manica,5185765,"Children living with neither parent, father alive",1.5,1,MZ,Mozambique,1997,MZ1997DHS,HC_LVAR_C_NFA,260936080,I,431006,1431006,Region,Manica,0,,0,1,HCLVARCNFA,MZDHS1997431006,1997,DHS,1212,2152,,,1
MOZ,Sofala,7487645,"Children living with neither parent, father alive",0.4,1,MZ,Mozambique,1997,MZ1997DHS,HC_LVAR_C_NFA,260936080,I,431007,1431007,Region,Sofala,0,,0,1,HCLVARCNFA,MZDHS1997431007,1997,DHS,2626,2299,,,1
MOZ,Inhambane,5641480,"Children living with neither parent, father alive",2.2,1,MZ,Mozambique,1997,MZ1997DHS,HC_LVAR_C_NFA,260936080,I,431008,1431008,Region,Inhambane,0,,0,1,HCLVARCNFA,MZDHS1997431008,1997,DHS,1749,1678,,,1
MOZ,Gaza,6203299,"Children living with neither parent, father alive",1.9,1,MZ,Mozambique,1997,MZ1997DHS,HC_LVAR_C_NFA,260936080,I,431009,1431009,Region,Gaza,0,,0,1,HCLVARCNFA,MZDHS1997431009,1997,DHS,1975,1905,,,1
MOZ,Maputo Provincia,4065474,"Children living with neither parent, father alive",0.9,1,MZ,Mozambique,1997,MZ1997DHS,HC_LVAR_C_NFA,260936080,I,431010,1431010,Region,Maputo Provincia,0,,0,1,HCLVARCNFA,MZDHS1997431010,1997,DHS,1284,1458,,,1
MOZ,Maputo Cidade,3656487,"Children living with neither parent, father alive",0.8,1,MZ,Mozambique,1997,MZ1997DHS,HC_LVAR_C_NFA,260936080,I,431011,1431011,Region,Maputo Cidade,0,,0,1,HCLVARCNFA,MZDHS1997431011,1997,DHS,1005,1877,,,1
MOZ,Niassa,7696862,"Children living with neither parent, both dead",0.4,1,MZ,Mozambique,1997,MZ1997DHS,HC_LVAR_C_NBD,260936090,I,431001,1431001,Region,Niassa,0,,0,1,HCLVARCNBD,MZDHS1997431001,1997,DHS,1074,1780,,,1
MOZ,Cabo Delgado,5647122,"Children living with neither parent, both dead",0.9,1,MZ,Mozambique,1997,MZ1997DHS,HC_LVAR_C_NBD,260936090,I,431002,1431002,Region,Cabo Delgado,0,,0,1,HCLVARCNBD,MZDHS1997431002,1997,DHS,1219,1402,,,1
MOZ,Nampula,4156007,"Children living with neither parent, both dead",0.7,1,MZ,Mozambique,1997,MZ1997DHS,HC_LVAR_C_NBD,260936090,I,431003,1431003,Region,Nampula,0,,0,1,HCLVARCNBD,MZDHS1997431003,1997,DHS,3187,2060,,,1
MOZ,Zambézia,7362879,"Children living with neither parent, both dead",0.9,1,MZ,Mozambique,1997,MZ1997DHS,HC_LVAR_C_NBD,260936090,I,431004,1431004,Region,Zambézia,0,,0,1,HCLVARCNBD,MZDHS1997431004,1997,DHS,3223,1797,,,1
MOZ,Tete,3653890,"Children living with neither parent, both dead",1,1,MZ,Mozambique,1997,MZ1997DHS,HC_LVAR_C_NBD,260936090,I,431005,1431005,Region,Tete,0,,0,1,HCLVARCNBD,MZDHS1997431005,1997,DHS,935,1557,,,1
MOZ,Manica,5185766,"Children living with neither parent, both dead",1,1,MZ,Mozambique,1997,MZ1997DHS,HC_LVAR_C_NBD,260936090,I,431006,1431006,Region,Manica,0,,0,1,HCLVARCNBD,MZDHS1997431006,1997,DHS,1212,2152,,,1
MOZ,Sofala,7487646,"Children living with neither parent, both dead",1.7,1,MZ,Mozambique,1997,MZ1997DHS,HC_LVAR_C_NBD,260936090,I,431007,1431007,Region,Sofala,0,,0,1,HCLVARCNBD,MZDHS1997431007,1997,DHS,2626,2299,,,1
MOZ,Inhambane,5641481,"Children living with neither parent, both dead",1.1,1,MZ,Mozambique,1997,MZ1997DHS,HC_LVAR_C_NBD,260936090,I,431008,1431008,Region,Inhambane,0,,0,1,HCLVARCNBD,MZDHS1997431008,1997,DHS,1749,1678,,,1
MOZ,Gaza,6203300,"Children living with neither parent, both dead",1.4,1,MZ,Mozambique,1997,MZ1997DHS,HC_LVAR_C_NBD,260936090,I,431009,1431009,Region,Gaza,0,,0,1,HCLVARCNBD,MZDHS1997431009,1997,DHS,1975,1905,,,1
MOZ,Maputo Provincia,4065475,"Children living with neither parent, both dead",1.1,1,MZ,Mozambique,1997,MZ1997DHS,HC_LVAR_C_NBD,260936090,I,431010,1431010,Region,Maputo Provincia,0,,0,1,HCLVARCNBD,MZDHS1997431010,1997,DHS,1284,1458,,,1
MOZ,Maputo Cidade,3656488,"Children living with neither parent, both dead",0.5,1,MZ,Mozambique,1997,MZ1997DHS,HC_LVAR_C_NBD,260936090,I,431011,1431011,Region,Maputo Cidade,0,,0,1,HCLVARCNBD,MZDHS1997431011,1997,DHS,1005,1877,,,1
MOZ,Niassa,7696863,Children with missing information on whether father/mother alive,4.6,1,MZ,Mozambique,1997,MZ1997DHS,HC_LVAR_C_NMS,260936100,I,431001,1431001,Region,Niassa,0,,0,1,HCLVARCNMS,MZDHS1997431001,1997,DHS,1074,1780,,,1
MOZ,Cabo Delgado,5647062,Children with missing information on whether father/mother alive,3.9,1,MZ,Mozambique,1997,MZ1997DHS,HC_LVAR_C_NMS,260936100,I,431002,1431002,Region,Cabo Delgado,0,,0,1,HCLVARCNMS,MZDHS1997431002,1997,DHS,1219,1402,,,1
MOZ,Nampula,4156008,Children with missing information on whether father/mother alive,1.2,1,MZ,Mozambique,1997,MZ1997DHS,HC_LVAR_C_NMS,260936100,I,431003,1431003,Region,Nampula,0,,0,1,HCLVARCNMS,MZDHS1997431003,1997,DHS,3187,2060,,,1
MOZ,Zambézia,7362880,Children with missing information on whether father/mother alive,1.5,1,MZ,Mozambique,1997,MZ1997DHS,HC_LVAR_C_NMS,260936100,I,431004,1431004,Region,Zambézia,0,,0,1,HCLVARCNMS,MZDHS1997431004,1997,DHS,3223,1797,,,1
MOZ,Tete,3653891,Children with missing information on whether father/mother alive,2.4,1,MZ,Mozambique,1997,MZ1997DHS,HC_LVAR_C_NMS,260936100,I,431005,1431005,Region,Tete,0,,0,1,HCLVARCNMS,MZDHS1997431005,1997,DHS,935,1557,,,1
MOZ,Manica,5185767,Children with missing information on whether father/mother alive,1.3,1,MZ,Mozambique,1997,MZ1997DHS,HC_LVAR_C_NMS,260936100,I,431006,1431006,Region,Manica,0,,0,1,HCLVARCNMS,MZDHS1997431006,1997,DHS,1212,2152,,,1
MOZ,Sofala,7487647,Children with missing information on whether father/mother alive,2.8,1,MZ,Mozambique,1997,MZ1997DHS,HC_LVAR_C_NMS,260936100,I,431007,1431007,Region,Sofala,0,,0,1,HCLVARCNMS,MZDHS1997431007,1997,DHS,2626,2299,,,1
MOZ,Inhambane,5641482,Children with missing information on whether father/mother alive,2.5,1,MZ,Mozambique,1997,MZ1997DHS,HC_LVAR_C_NMS,260936100,I,431008,1431008,Region,Inhambane,0,,0,1,HCLVARCNMS,MZDHS1997431008,1997,DHS,1749,1678,,,1
MOZ,Gaza,6203301,Children with missing information on whether father/mother alive,1.1,1,MZ,Mozambique,1997,MZ1997DHS,HC_LVAR_C_NMS,260936100,I,431009,1431009,Region,Gaza,0,,0,1,HCLVARCNMS,MZDHS1997431009,1997,DHS,1975,1905,,,1
MOZ,Maputo Provincia,4065476,Children with missing information on whether father/mother alive,2.5,1,MZ,Mozambique,1997,MZ1997DHS,HC_LVAR_C_NMS,260936100,I,431010,1431010,Region,Maputo Provincia,0,,0,1,HCLVARCNMS,MZDHS1997431010,1997,DHS,1284,1458,,,1
MOZ,Maputo Cidade,3656489,Children with missing information on whether father/mother alive,2.9,1,MZ,Mozambique,1997,MZ1997DHS,HC_LVAR_C_NMS,260936100,I,431011,1431011,Region,Maputo Cidade,0,,0,1,HCLVARCNMS,MZDHS1997431011,1997,DHS,1005,1877,,,1
MOZ,Niassa,7696864,Children: Total,100,1,MZ,Mozambique,1997,MZ1997DHS,HC_LVAR_C_TOT,260936110,T,431001,1431001,Region,Niassa,0,,0,1,HCLVARCTOT,MZDHS1997431001,1997,DHS,1074,1780,,,1
MOZ,Cabo Delgado,5647063,Children: Total,100,1,MZ,Mozambique,1997,MZ1997DHS,HC_LVAR_C_TOT,260936110,T,431002,1431002,Region,Cabo Delgado,0,,0,1,HCLVARCTOT,MZDHS1997431002,1997,DHS,1219,1402,,,1
MOZ,Nampula,4156009,Children: Total,100,1,MZ,Mozambique,1997,MZ1997DHS,HC_LVAR_C_TOT,260936110,T,431003,1431003,Region,Nampula,0,,0,1,HCLVARCTOT,MZDHS1997431003,1997,DHS,3187,2060,,,1
MOZ,Zambézia,7362881,Children: Total,100,1,MZ,Mozambique,1997,MZ1997DHS,HC_LVAR_C_TOT,260936110,T,431004,1431004,Region,Zambézia,0,,0,1,HCLVARCTOT,MZDHS1997431004,1997,DHS,3223,1797,,,1
MOZ,Tete,3653892,Children: Total,100,1,MZ,Mozambique,1997,MZ1997DHS,HC_LVAR_C_TOT,260936110,T,431005,1431005,Region,Tete,0,,0,1,HCLVARCTOT,MZDHS1997431005,1997,DHS,935,1557,,,1
MOZ,Manica,5185768,Children: Total,100,1,MZ,Mozambique,1997,MZ1997DHS,HC_LVAR_C_TOT,260936110,T,431006,1431006,Region,Manica,0,,0,1,HCLVARCTOT,MZDHS1997431006,1997,DHS,1212,2152,,,1
MOZ,Sofala,7487649,Children: Total,100,1,MZ,Mozambique,1997,MZ1997DHS,HC_LVAR_C_TOT,260936110,T,431007,1431007,Region,Sofala,0,,0,1,HCLVARCTOT,MZDHS1997431007,1997,DHS,2626,2299,,,1
MOZ,Inhambane,5641483,Children: Total,100,1,MZ,Mozambique,1997,MZ1997DHS,HC_LVAR_C_TOT,260936110,T,431008,1431008,Region,Inhambane,0,,0,1,HCLVARCTOT,MZDHS1997431008,1997,DHS,1749,1678,,,1
MOZ,Gaza,6203302,Children: Total,100,1,MZ,Mozambique,1997,MZ1997DHS,HC_LVAR_C_TOT,260936110,T,431009,1431009,Region,Gaza,0,,0,1,HCLVARCTOT,MZDHS1997431009,1997,DHS,1975,1905,,,1
MOZ,Maputo Provincia,4065477,Children: Total,100,1,MZ,Mozambique,1997,MZ1997DHS,HC_LVAR_C_TOT,260936110,T,431010,1431010,Region,Maputo Provincia,0,,0,1,HCLVARCTOT,MZDHS1997431010,1997,DHS,1284,1458,,,1
MOZ,Maputo Cidade,3656490,Children: Total,100,1,MZ,Mozambique,1997,MZ1997DHS,HC_LVAR_C_TOT,260936110,T,431011,1431011,Region,Maputo Cidade,0,,0,1,HCLVARCTOT,MZDHS1997431011,1997,DHS,1005,1877,,,1
MOZ,Niassa,7696860,Children not living with a biological parent,14.8,1,MZ,Mozambique,1997,MZ1997DHS,HC_LVAR_C_NBP,260936120,I,431001,1431001,Region,Niassa,0,,0,1,HCLVARCNBP,MZDHS1997431001,1997,DHS,1074,1780,,,1
MOZ,Cabo Delgado,5647068,Children not living with a biological parent,14.6,1,MZ,Mozambique,1997,MZ1997DHS,HC_LVAR_C_NBP,260936120,I,431002,1431002,Region,Cabo Delgado,0,,0,1,HCLVARCNBP,MZDHS1997431002,1997,DHS,1219,1402,,,1
MOZ,Nampula,4156004,Children not living with a biological parent,15.6,1,MZ,Mozambique,1997,MZ1997DHS,HC_LVAR_C_NBP,260936120,I,431003,1431003,Region,Nampula,0,,0,1,HCLVARCNBP,MZDHS1997431003,1997,DHS,3187,2060,,,1
MOZ,Zambézia,7362877,Children not living with a biological parent,9.3,1,MZ,Mozambique,1997,MZ1997DHS,HC_LVAR_C_NBP,260936120,I,431004,1431004,Region,Zambézia,0,,0,1,HCLVARCNBP,MZDHS1997431004,1997,DHS,3223,1797,,,1
MOZ,Tete,3653888,Children not living with a biological parent,13.4,1,MZ,Mozambique,1997,MZ1997DHS,HC_LVAR_C_NBP,260936120,I,431005,1431005,Region,Tete,0,,0,1,HCLVARCNBP,MZDHS1997431005,1997,DHS,935,1557,,,1
MOZ,Manica,5185764,Children not living with a biological parent,8.3,1,MZ,Mozambique,1997,MZ1997DHS,HC_LVAR_C_NBP,260936120,I,431006,1431006,Region,Manica,0,,0,1,HCLVARCNBP,MZDHS1997431006,1997,DHS,1212,2152,,,1
MOZ,Sofala,7487644,Children not living with a biological parent,4.9,1,MZ,Mozambique,1997,MZ1997DHS,HC_LVAR_C_NBP,260936120,I,431007,1431007,Region,Sofala,0,,0,1,HCLVARCNBP,MZDHS1997431007,1997,DHS,2626,2299,,,1
MOZ,Inhambane,5641476,Children not living with a biological parent,19.1,1,MZ,Mozambique,1997,MZ1997DHS,HC_LVAR_C_NBP,260936120,I,431008,1431008,Region,Inhambane,0,,0,1,HCLVARCNBP,MZDHS1997431008,1997,DHS,1749,1678,,,1
MOZ,Gaza,6203290,Children not living with a biological parent,15,1,MZ,Mozambique,1997,MZ1997DHS,HC_LVAR_C_NBP,260936120,I,431009,1431009,Region,Gaza,0,,0,1,HCLVARCNBP,MZDHS1997431009,1997,DHS,1975,1905,,,1
MOZ,Maputo Provincia,4065470,Children not living with a biological parent,24.5,1,MZ,Mozambique,1997,MZ1997DHS,HC_LVAR_C_NBP,260936120,I,431010,1431010,Region,Maputo Provincia,0,,0,1,HCLVARCNBP,MZDHS1997431010,1997,DHS,1284,1458,,,1
MOZ,Maputo Cidade,3656510,Children not living with a biological parent,9.9,1,MZ,Mozambique,1997,MZ1997DHS,HC_LVAR_C_NBP,260936120,I,431011,1431011,Region,Maputo Cidade,0,,0,1,HCLVARCNBP,MZDHS1997431011,1997,DHS,1005,1877,,,1
MOZ,Niassa,7696861,"Prevalence of orphanhood: children under 18 who are orphans - mother, father or both dead",11.2,1,MZ,Mozambique,1997,MZ1997DHS,HC_LVAR_C_P1D,260936130,I,431001,1431001,Region,Niassa,0,,0,1,HCLVARCP1D,MZDHS1997431001,1997,DHS,1074,1780,,,1
MOZ,Cabo Delgado,5647072,"Prevalence of orphanhood: children under 18 who are orphans - mother, father or both dead",12.5,1,MZ,Mozambique,1997,MZ1997DHS,HC_LVAR_C_P1D,260936130,I,431002,1431002,Region,Cabo Delgado,0,,0,1,HCLVARCP1D,MZDHS1997431002,1997,DHS,1219,1402,,,1
MOZ,Nampula,4156005,"Prevalence of orphanhood: children under 18 who are orphans - mother, father or both dead",8.6,1,MZ,Mozambique,1997,MZ1997DHS,HC_LVAR_C_P1D,260936130,I,431003,1431003,Region,Nampula,0,,0,1,HCLVARCP1D,MZDHS1997431003,1997,DHS,3187,2060,,,1
MOZ,Zambézia,7362874,"Prevalence of orphanhood: children under 18 who are orphans - mother, father or both dead",13.3,1,MZ,Mozambique,1997,MZ1997DHS,HC_LVAR_C_P1D,260936130,I,431004,1431004,Region,Zambézia,0,,0,1,HCLVARCP1D,MZDHS1997431004,1997,DHS,3223,1797,,,1
MOZ,Tete,3653893,"Prevalence of orphanhood: children under 18 who are orphans - mother, father or both dead",14.4,1,MZ,Mozambique,1997,MZ1997DHS,HC_LVAR_C_P1D,260936130,I,431005,1431005,Region,Tete,0,,0,1,HCLVARCP1D,MZDHS1997431005,1997,DHS,935,1557,,,1
MOZ,Manica,5185771,"Prevalence of orphanhood: children under 18 who are orphans - mother, father or both dead",12.9,1,MZ,Mozambique,1997,MZ1997DHS,HC_LVAR_C_P1D,260936130,I,431006,1431006,Region,Manica,0,,0,1,HCLVARCP1D,MZDHS1997431006,1997,DHS,1212,2152,,,1
MOZ,Sofala,7487648,"Prevalence of orphanhood: children under 18 who are orphans - mother, father or both dead",12.2,1,MZ,Mozambique,1997,MZ1997DHS,HC_LVAR_C_P1D,260936130,I,431007,1431007,Region,Sofala,0,,0,1,HCLVARCP1D,MZDHS1997431007,1997,DHS,2626,2299,,,1
MOZ,Inhambane,5641479,"Prevalence of orphanhood: children under 18 who are orphans - mother, father or both dead",14.7,1,MZ,Mozambique,1997,MZ1997DHS,HC_LVAR_C_P1D,260936130,I,431008,1431008,Region,Inhambane,0,,0,1,HCLVARCP1D,MZDHS1997431008,1997,DHS,1749,1678,,,1
MOZ,Gaza,6203298,"Prevalence of orphanhood: children under 18 who are orphans - mother, father or both dead",14.9,1,MZ,Mozambique,1997,MZ1997DHS,HC_LVAR_C_P1D,260936130,I,431009,1431009,Region,Gaza,0,,0,1,HCLVARCP1D,MZDHS1997431009,1997,DHS,1975,1905,,,1
MOZ,Maputo Provincia,4065473,"Prevalence of orphanhood: children under 18 who are orphans - mother, father or both dead",9.8,1,MZ,Mozambique,1997,MZ1997DHS,HC_LVAR_C_P1D,260936130,I,431010,1431010,Region,Maputo Provincia,0,,0,1,HCLVARCP1D,MZDHS1997431010,1997,DHS,1284,1458,,,1
MOZ,Maputo Cidade,3656493,"Prevalence of orphanhood: children under 18 who are orphans - mother, father or both dead",9.3,1,MZ,Mozambique,1997,MZ1997DHS,HC_LVAR_C_P1D,260936130,I,431011,1431011,Region,Maputo Cidade,0,,0,1,HCLVARCP1D,MZDHS1997431011,1997,DHS,1005,1877,,,1
MOZ,Niassa,7696851,Number of children,1074,0,MZ,Mozambique,1997,MZ1997DHS,HC_LVAR_C_NUM,260936140,D,431001,1431001,Region,Niassa,0,,0,1,HCLVARCNUM,MZDHS1997431001,1997,DHS,,1780,,,1
MOZ,Cabo Delgado,5795718,Number of children,1219,0,MZ,Mozambique,1997,MZ1997DHS,HC_LVAR_C_NUM,260936140,D,431002,1431002,Region,Cabo Delgado,0,,0,1,HCLVARCNUM,MZDHS1997431002,1997,DHS,,1402,,,1
MOZ,Nampula,4270461,Number of children,3187,0,MZ,Mozambique,1997,MZ1997DHS,HC_LVAR_C_NUM,260936140,D,431003,1431003,Region,Nampula,0,,0,1,HCLVARCNUM,MZDHS1997431003,1997,DHS,,2060,,,1
MOZ,Zambézia,7386545,Number of children,3223,0,MZ,Mozambique,1997,MZ1997DHS,HC_LVAR_C_NUM,260936140,D,431004,1431004,Region,Zambézia,0,,0,1,HCLVARCNUM,MZDHS1997431004,1997,DHS,,1797,,,1
MOZ,Tete,3735333,Number of children,935,0,MZ,Mozambique,1997,MZ1997DHS,HC_LVAR_C_NUM,260936140,D,431005,1431005,Region,Tete,0,,0,1,HCLVARCNUM,MZDHS1997431005,1997,DHS,,1557,,,1
MOZ,Manica,5327333,Number of children,1212,0,MZ,Mozambique,1997,MZ1997DHS,HC_LVAR_C_NUM,260936140,D,431006,1431006,Region,Manica,0,,0,1,HCLVARCNUM,MZDHS1997431006,1997,DHS,,2152,,,1
MOZ,Sofala,7485580,Number of children,2626,0,MZ,Mozambique,1997,MZ1997DHS,HC_LVAR_C_NUM,260936140,D,431007,1431007,Region,Sofala,0,,0,1,HCLVARCNUM,MZDHS1997431007,1997,DHS,,2299,,,1
MOZ,Inhambane,5641497,Number of children,1749,0,MZ,Mozambique,1997,MZ1997DHS,HC_LVAR_C_NUM,260936140,D,431008,1431008,Region,Inhambane,0,,0,1,HCLVARCNUM,MZDHS1997431008,1997,DHS,,1678,,,1
MOZ,Gaza,6354941,Number of children,1975,0,MZ,Mozambique,1997,MZ1997DHS,HC_LVAR_C_NUM,260936140,D,431009,1431009,Region,Gaza,0,,0,1,HCLVARCNUM,MZDHS1997431009,1997,DHS,,1905,,,1
MOZ,Maputo Provincia,4178001,Number of children,1284,0,MZ,Mozambique,1997,MZ1997DHS,HC_LVAR_C_NUM,260936140,D,431010,1431010,Region,Maputo Provincia,0,,0,1,HCLVARCNUM,MZDHS1997431010,1997,DHS,,1458,,,1
MOZ,Maputo Cidade,3856774,Number of children,1005,0,MZ,Mozambique,1997,MZ1997DHS,HC_LVAR_C_NUM,260936140,D,431011,1431011,Region,Maputo Cidade,0,,0,1,HCLVARCNUM,MZDHS1997431011,1997,DHS,,1877,,,1
MOZ,Niassa,7690629,Number of children (unweighted),1780,0,MZ,Mozambique,1997,MZ1997DHS,HC_LVAR_C_UNW,260936150,U,431001,1431001,Region,Niassa,0,,0,1,HCLVARCUNW,MZDHS1997431001,1997,DHS,1074,,,,1
MOZ,Cabo Delgado,3380320,Number of children (unweighted),1402,0,MZ,Mozambique,1997,MZ1997DHS,HC_LVAR_C_UNW,260936150,U,431002,1431002,Region,Cabo Delgado,0,,0,1,HCLVARCUNW,MZDHS1997431002,1997,DHS,1219,,,,1
MOZ,Nampula,3160251,Number of children (unweighted),2060,0,MZ,Mozambique,1997,MZ1997DHS,HC_LVAR_C_UNW,260936150,U,431003,1431003,Region,Nampula,0,,0,1,HCLVARCUNW,MZDHS1997431003,1997,DHS,3187,,,,1
MOZ,Zambézia,4002975,Number of children (unweighted),1797,0,MZ,Mozambique,1997,MZ1997DHS,HC_LVAR_C_UNW,260936150,U,431004,1431004,Region,Zambézia,0,,0,1,HCLVARCUNW,MZDHS1997431004,1997,DHS,3223,,,,1
MOZ,Tete,2755088,Number of children (unweighted),1557,0,MZ,Mozambique,1997,MZ1997DHS,HC_LVAR_C_UNW,260936150,U,431005,1431005,Region,Tete,0,,0,1,HCLVARCUNW,MZDHS1997431005,1997,DHS,935,,,,1
MOZ,Manica,389489,Number of children (unweighted),2152,0,MZ,Mozambique,1997,MZ1997DHS,HC_LVAR_C_UNW,260936150,U,431006,1431006,Region,Manica,0,,0,1,HCLVARCUNW,MZDHS1997431006,1997,DHS,1212,,,,1
MOZ,Sofala,7498510,Number of children (unweighted),2299,0,MZ,Mozambique,1997,MZ1997DHS,HC_LVAR_C_UNW,260936150,U,431007,1431007,Region,Sofala,0,,0,1,HCLVARCUNW,MZDHS1997431007,1997,DHS,2626,,,,1
MOZ,Inhambane,1175455,Number of children (unweighted),1678,0,MZ,Mozambique,1997,MZ1997DHS,HC_LVAR_C_UNW,260936150,U,431008,1431008,Region,Inhambane,0,,0,1,HCLVARCUNW,MZDHS1997431008,1997,DHS,1749,,,,1
MOZ,Gaza,850805,Number of children (unweighted),1905,0,MZ,Mozambique,1997,MZ1997DHS,HC_LVAR_C_UNW,260936150,U,431009,1431009,Region,Gaza,0,,0,1,HCLVARCUNW,MZDHS1997431009,1997,DHS,1975,,,,1
MOZ,Maputo Provincia,965191,Number of children (unweighted),1458,0,MZ,Mozambique,1997,MZ1997DHS,HC_LVAR_C_UNW,260936150,U,431010,1431010,Region,Maputo Provincia,0,,0,1,HCLVARCUNW,MZDHS1997431010,1997,DHS,1284,,,,1
MOZ,Maputo Cidade,157504,Number of children (unweighted),1877,0,MZ,Mozambique,1997,MZ1997DHS,HC_LVAR_C_UNW,260936150,U,431011,1431011,Region,Maputo Cidade,0,,0,1,HCLVARCUNW,MZDHS1997431011,1997,DHS,1005,,,,1
MOZ,Niassa,6357602,Households with children not living with a biological parent,26.2,1,MZ,Mozambique,2003,MZ2003DHS,HC_ORPH_H_FOS,260861010,I,431001,1431001,Region,Niassa,0,,0,1,HCORPHHFOS,MZDHS2003431001,2003,DHS,642,994,,,1
MOZ,Cabo Delgado,4814075,Households with children not living with a biological parent,24.6,1,MZ,Mozambique,2003,MZ2003DHS,HC_ORPH_H_FOS,260861010,I,431002,1431002,Region,Cabo Delgado,0,,0,1,HCORPHHFOS,MZDHS2003431002,2003,DHS,1248,1083,,,1
MOZ,Nampula,7167663,Households with children not living with a biological parent,32.5,1,MZ,Mozambique,2003,MZ2003DHS,HC_ORPH_H_FOS,260861010,I,431003,1431003,Region,Nampula,0,,0,1,HCORPHHFOS,MZDHS2003431003,2003,DHS,2524,1355,,,1
MOZ,Zambézia,1153311,Households with children not living with a biological parent,15.7,1,MZ,Mozambique,2003,MZ2003DHS,HC_ORPH_H_FOS,260861010,I,431004,1431004,Region,Zambézia,0,,0,1,HCORPHHFOS,MZDHS2003431004,2003,DHS,2270,1370,,,1
MOZ,Tete,5561733,Households with children not living with a biological parent,16.8,1,MZ,Mozambique,2003,MZ2003DHS,HC_ORPH_H_FOS,260861010,I,431005,1431005,Region,Tete,0,,0,1,HCORPHHFOS,MZDHS2003431005,2003,DHS,1054,1137,,,1
MOZ,Manica,1168866,Households with children not living with a biological parent,23.2,1,MZ,Mozambique,2003,MZ2003DHS,HC_ORPH_H_FOS,260861010,I,431006,1431006,Region,Manica,0,,0,1,HCORPHHFOS,MZDHS2003431006,2003,DHS,691,1016,,,1
MOZ,Sofala,4966209,Households with children not living with a biological parent,25.3,1,MZ,Mozambique,2003,MZ2003DHS,HC_ORPH_H_FOS,260861010,I,431007,1431007,Region,Sofala,0,,0,1,HCORPHHFOS,MZDHS2003431007,2003,DHS,769,1083,,,1
MOZ,Inhambane,6781810,Households with children not living with a biological parent,37.1,1,MZ,Mozambique,2003,MZ2003DHS,HC_ORPH_H_FOS,260861010,I,431008,1431008,Region,Inhambane,0,,0,1,HCORPHHFOS,MZDHS2003431008,2003,DHS,1056,1114,,,1
MOZ,Gaza,2888578,Households with children not living with a biological parent,31.2,1,MZ,Mozambique,2003,MZ2003DHS,HC_ORPH_H_FOS,260861010,I,431009,1431009,Region,Gaza,0,,0,1,HCORPHHFOS,MZDHS2003431009,2003,DHS,606,1112,,,1
MOZ,Maputo Provincia,7269541,Households with children not living with a biological parent,30.1,1,MZ,Mozambique,2003,MZ2003DHS,HC_ORPH_H_FOS,260861010,I,431010,1431010,Region,Maputo Provincia,0,,0,1,HCORPHHFOS,MZDHS2003431010,2003,DHS,814,1015,,,1
MOZ,Maputo Cidade,1175710,Households with children not living with a biological parent,30.2,1,MZ,Mozambique,2003,MZ2003DHS,HC_ORPH_H_FOS,260861010,I,431011,1431011,Region,Maputo Cidade,0,,0,1,HCORPHHFOS,MZDHS2003431011,2003,DHS,642,1036,,,1
MOZ,Niassa,6357623,Households with double orphans,1.4,1,MZ,Mozambique,2003,MZ2003DHS,HC_ORPH_H_DBL,260861020,I,431001,1431001,Region,Niassa,0,,0,1,HCORPHHDBL,MZDHS2003431001,2003,DHS,642,994,,,1
MOZ,Cabo Delgado,4814076,Households with double orphans,1.3,1,MZ,Mozambique,2003,MZ2003DHS,HC_ORPH_H_DBL,260861020,I,431002,1431002,Region,Cabo Delgado,0,,0,1,HCORPHHDBL,MZDHS2003431002,2003,DHS,1248,1083,,,1
MOZ,Nampula,7167705,Households with double orphans,3.1,1,MZ,Mozambique,2003,MZ2003DHS,HC_ORPH_H_DBL,260861020,I,431003,1431003,Region,Nampula,0,,0,1,HCORPHHDBL,MZDHS2003431003,2003,DHS,2524,1355,,,1
MOZ,Zambézia,1153312,Households with double orphans,2.3,1,MZ,Mozambique,2003,MZ2003DHS,HC_ORPH_H_DBL,260861020,I,431004,1431004,Region,Zambézia,0,,0,1,HCORPHHDBL,MZDHS2003431004,2003,DHS,2270,1370,,,1
MOZ,Tete,5561734,Households with double orphans,3.1,1,MZ,Mozambique,2003,MZ2003DHS,HC_ORPH_H_DBL,260861020,I,431005,1431005,Region,Tete,0,,0,1,HCORPHHDBL,MZDHS2003431005,2003,DHS,1054,1137,,,1
MOZ,Manica,1168872,Households with double orphans,5.3,1,MZ,Mozambique,2003,MZ2003DHS,HC_ORPH_H_DBL,260861020,I,431006,1431006,Region,Manica,0,,0,1,HCORPHHDBL,MZDHS2003431006,2003,DHS,691,1016,,,1
MOZ,Sofala,4966173,Households with double orphans,4.7,1,MZ,Mozambique,2003,MZ2003DHS,HC_ORPH_H_DBL,260861020,I,431007,1431007,Region,Sofala,0,,0,1,HCORPHHDBL,MZDHS2003431007,2003,DHS,769,1083,,,1
MOZ,Inhambane,6781860,Households with double orphans,2.4,1,MZ,Mozambique,2003,MZ2003DHS,HC_ORPH_H_DBL,260861020,I,431008,1431008,Region,Inhambane,0,,0,1,HCORPHHDBL,MZDHS2003431008,2003,DHS,1056,1114,,,1
MOZ,Gaza,2888579,Households with double orphans,3.5,1,MZ,Mozambique,2003,MZ2003DHS,HC_ORPH_H_DBL,260861020,I,431009,1431009,Region,Gaza,0,,0,1,HCORPHHDBL,MZDHS2003431009,2003,DHS,606,1112,,,1
MOZ,Maputo Provincia,7269548,Households with double orphans,2.5,1,MZ,Mozambique,2003,MZ2003DHS,HC_ORPH_H_DBL,260861020,I,431010,1431010,Region,Maputo Provincia,0,,0,1,HCORPHHDBL,MZDHS2003431010,2003,DHS,814,1015,,,1
MOZ,Maputo Cidade,1175726,Households with double orphans,2.9,1,MZ,Mozambique,2003,MZ2003DHS,HC_ORPH_H_DBL,260861020,I,431011,1431011,Region,Maputo Cidade,0,,0,1,HCORPHHDBL,MZDHS2003431011,2003,DHS,642,1036,,,1
MOZ,Niassa,6357624,Households with single orphans,8.7,1,MZ,Mozambique,2003,MZ2003DHS,HC_ORPH_H_SNG,260861030,I,431001,1431001,Region,Niassa,0,,0,1,HCORPHHSNG,MZDHS2003431001,2003,DHS,642,994,,,1
MOZ,Cabo Delgado,4814072,Households with single orphans,12.2,1,MZ,Mozambique,2003,MZ2003DHS,HC_ORPH_H_SNG,260861030,I,431002,1431002,Region,Cabo Delgado,0,,0,1,HCORPHHSNG,MZDHS2003431002,2003,DHS,1248,1083,,,1
MOZ,Nampula,7167661,Households with single orphans,15.2,1,MZ,Mozambique,2003,MZ2003DHS,HC_ORPH_H_SNG,260861030,I,431003,1431003,Region,Nampula,0,,0,1,HCORPHHSNG,MZDHS2003431003,2003,DHS,2524,1355,,,1
MOZ,Zambézia,1153298,Households with single orphans,11.1,1,MZ,Mozambique,2003,MZ2003DHS,HC_ORPH_H_SNG,260861030,I,431004,1431004,Region,Zambézia,0,,0,1,HCORPHHSNG,MZDHS2003431004,2003,DHS,2270,1370,,,1
MOZ,Tete,5561726,Households with single orphans,11.8,1,MZ,Mozambique,2003,MZ2003DHS,HC_ORPH_H_SNG,260861030,I,431005,1431005,Region,Tete,0,,0,1,HCORPHHSNG,MZDHS2003431005,2003,DHS,1054,1137,,,1
MOZ,Manica,1168873,Households with single orphans,17.4,1,MZ,Mozambique,2003,MZ2003DHS,HC_ORPH_H_SNG,260861030,I,431006,1431006,Region,Manica,0,,0,1,HCORPHHSNG,MZDHS2003431006,2003,DHS,691,1016,,,1
MOZ,Sofala,4966174,Households with single orphans,20.6,1,MZ,Mozambique,2003,MZ2003DHS,HC_ORPH_H_SNG,260861030,I,431007,1431007,Region,Sofala,0,,0,1,HCORPHHSNG,MZDHS2003431007,2003,DHS,769,1083,,,1
MOZ,Inhambane,6781854,Households with single orphans,19.7,1,MZ,Mozambique,2003,MZ2003DHS,HC_ORPH_H_SNG,260861030,I,431008,1431008,Region,Inhambane,0,,0,1,HCORPHHSNG,MZDHS2003431008,2003,DHS,1056,1114,,,1
MOZ,Gaza,2888580,Households with single orphans,21.4,1,MZ,Mozambique,2003,MZ2003DHS,HC_ORPH_H_SNG,260861030,I,431009,1431009,Region,Gaza,0,,0,1,HCORPHHSNG,MZDHS2003431009,2003,DHS,606,1112,,,1
MOZ,Maputo Provincia,7269546,Households with single orphans,17.3,1,MZ,Mozambique,2003,MZ2003DHS,HC_ORPH_H_SNG,260861030,I,431010,1431010,Region,Maputo Provincia,0,,0,1,HCORPHHSNG,MZDHS2003431010,2003,DHS,814,1015,,,1
MOZ,Maputo Cidade,1175753,Households with single orphans,18.9,1,MZ,Mozambique,2003,MZ2003DHS,HC_ORPH_H_SNG,260861030,I,431011,1431011,Region,Maputo Cidade,0,,0,1,HCORPHHSNG,MZDHS2003431011,2003,DHS,642,1036,,,1
MOZ,Niassa,6357625,Households with orphans and/or children not living with a biological parent,28.3,1,MZ,Mozambique,2003,MZ2003DHS,HC_ORPH_H_FOR,260861040,I,431001,1431001,Region,Niassa,0,,0,1,HCORPHHFOR,MZDHS2003431001,2003,DHS,642,994,,,1
MOZ,Cabo Delgado,4814073,Households with orphans and/or children not living with a biological parent,28.9,1,MZ,Mozambique,2003,MZ2003DHS,HC_ORPH_H_FOR,260861040,I,431002,1431002,Region,Cabo Delgado,0,,0,1,HCORPHHFOR,MZDHS2003431002,2003,DHS,1248,1083,,,1
MOZ,Nampula,7167662,Households with orphans and/or children not living with a biological parent,36.4,1,MZ,Mozambique,2003,MZ2003DHS,HC_ORPH_H_FOR,260861040,I,431003,1431003,Region,Nampula,0,,0,1,HCORPHHFOR,MZDHS2003431003,2003,DHS,2524,1355,,,1
MOZ,Zambézia,1153302,Households with orphans and/or children not living with a biological parent,21.5,1,MZ,Mozambique,2003,MZ2003DHS,HC_ORPH_H_FOR,260861040,I,431004,1431004,Region,Zambézia,0,,0,1,HCORPHHFOR,MZDHS2003431004,2003,DHS,2270,1370,,,1
MOZ,Tete,5561727,Households with orphans and/or children not living with a biological parent,23,1,MZ,Mozambique,2003,MZ2003DHS,HC_ORPH_H_FOR,260861040,I,431005,1431005,Region,Tete,0,,0,1,HCORPHHFOR,MZDHS2003431005,2003,DHS,1054,1137,,,1
MOZ,Manica,1168877,Households with orphans and/or children not living with a biological parent,31,1,MZ,Mozambique,2003,MZ2003DHS,HC_ORPH_H_FOR,260861040,I,431006,1431006,Region,Manica,0,,0,1,HCORPHHFOR,MZDHS2003431006,2003,DHS,691,1016,,,1
MOZ,Sofala,4966175,Households with orphans and/or children not living with a biological parent,34.3,1,MZ,Mozambique,2003,MZ2003DHS,HC_ORPH_H_FOR,260861040,I,431007,1431007,Region,Sofala,0,,0,1,HCORPHHFOR,MZDHS2003431007,2003,DHS,769,1083,,,1
MOZ,Inhambane,6781855,Households with orphans and/or children not living with a biological parent,42.8,1,MZ,Mozambique,2003,MZ2003DHS,HC_ORPH_H_FOR,260861040,I,431008,1431008,Region,Inhambane,0,,0,1,HCORPHHFOR,MZDHS2003431008,2003,DHS,1056,1114,,,1
MOZ,Gaza,2888581,Households with orphans and/or children not living with a biological parent,40.5,1,MZ,Mozambique,2003,MZ2003DHS,HC_ORPH_H_FOR,260861040,I,431009,1431009,Region,Gaza,0,,0,1,HCORPHHFOR,MZDHS2003431009,2003,DHS,606,1112,,,1
MOZ,Maputo Provincia,7269547,Households with orphans and/or children not living with a biological parent,36.9,1,MZ,Mozambique,2003,MZ2003DHS,HC_ORPH_H_FOR,260861040,I,431010,1431010,Region,Maputo Provincia,0,,0,1,HCORPHHFOR,MZDHS2003431010,2003,DHS,814,1015,,,1
MOZ,Maputo Cidade,1175754,Households with orphans and/or children not living with a biological parent,38.2,1,MZ,Mozambique,2003,MZ2003DHS,HC_ORPH_H_FOR,260861040,I,431011,1431011,Region,Maputo Cidade,0,,0,1,HCORPHHFOR,MZDHS2003431011,2003,DHS,642,1036,,,1
MOZ,Niassa,6388189,Number of households,642,0,MZ,Mozambique,2003,MZ2003DHS,HC_ORPH_H_NUM,260861050,D,431001,1431001,Region,Niassa,0,,0,1,HCORPHHNUM,MZDHS2003431001,2003,DHS,,994,,,1
MOZ,Cabo Delgado,4814074,Number of households,1248,0,MZ,Mozambique,2003,MZ2003DHS,HC_ORPH_H_NUM,260861050,D,431002,1431002,Region,Cabo Delgado,0,,0,1,HCORPHHNUM,MZDHS2003431002,2003,DHS,,1083,,,1
MOZ,Nampula,7193990,Number of households,2524,0,MZ,Mozambique,2003,MZ2003DHS,HC_ORPH_H_NUM,260861050,D,431003,1431003,Region,Nampula,0,,0,1,HCORPHHNUM,MZDHS2003431003,2003,DHS,,1355,,,1
MOZ,Zambézia,151110,Number of households,2270,0,MZ,Mozambique,2003,MZ2003DHS,HC_ORPH_H_NUM,260861050,D,431004,1431004,Region,Zambézia,0,,0,1,HCORPHHNUM,MZDHS2003431004,2003,DHS,,1370,,,1
MOZ,Tete,5670698,Number of households,1054,0,MZ,Mozambique,2003,MZ2003DHS,HC_ORPH_H_NUM,260861050,D,431005,1431005,Region,Tete,0,,0,1,HCORPHHNUM,MZDHS2003431005,2003,DHS,,1137,,,1
MOZ,Manica,1168903,Number of households,691,0,MZ,Mozambique,2003,MZ2003DHS,HC_ORPH_H_NUM,260861050,D,431006,1431006,Region,Manica,0,,0,1,HCORPHHNUM,MZDHS2003431006,2003,DHS,,1016,,,1
MOZ,Sofala,5020665,Number of households,769,0,MZ,Mozambique,2003,MZ2003DHS,HC_ORPH_H_NUM,260861050,D,431007,1431007,Region,Sofala,0,,0,1,HCORPHHNUM,MZDHS2003431007,2003,DHS,,1083,,,1
MOZ,Inhambane,6808505,Number of households,1056,0,MZ,Mozambique,2003,MZ2003DHS,HC_ORPH_H_NUM,260861050,D,431008,1431008,Region,Inhambane,0,,0,1,HCORPHHNUM,MZDHS2003431008,2003,DHS,,1114,,,1
MOZ,Gaza,1175714,Number of households,606,0,MZ,Mozambique,2003,MZ2003DHS,HC_ORPH_H_NUM,260861050,D,431009,1431009,Region,Gaza,0,,0,1,HCORPHHNUM,MZDHS2003431009,2003,DHS,,1112,,,1
MOZ,Maputo Provincia,7296159,Number of households,814,0,MZ,Mozambique,2003,MZ2003DHS,HC_ORPH_H_NUM,260861050,D,431010,1431010,Region,Maputo Provincia,0,,0,1,HCORPHHNUM,MZDHS2003431010,2003,DHS,,1015,,,1
MOZ,Maputo Cidade,1175797,Number of households,642,0,MZ,Mozambique,2003,MZ2003DHS,HC_ORPH_H_NUM,260861050,D,431011,1431011,Region,Maputo Cidade,0,,0,1,HCORPHHNUM,MZDHS2003431011,2003,DHS,,1036,,,1
MOZ,Niassa,2624972,Number of households (unweighted),994,0,MZ,Mozambique,2003,MZ2003DHS,HC_ORPH_H_UNW,260861060,U,431001,1431001,Region,Niassa,0,,0,1,HCORPHHUNW,MZDHS2003431001,2003,DHS,642,,,,1
MOZ,Cabo Delgado,1153337,Number of households (unweighted),1083,0,MZ,Mozambique,2003,MZ2003DHS,HC_ORPH_H_UNW,260861060,U,431002,1431002,Region,Cabo Delgado,0,,0,1,HCORPHHUNW,MZDHS2003431002,2003,DHS,1248,,,,1
MOZ,Nampula,260317,Number of households (unweighted),1355,0,MZ,Mozambique,2003,MZ2003DHS,HC_ORPH_H_UNW,260861060,U,431003,1431003,Region,Nampula,0,,0,1,HCORPHHUNW,MZDHS2003431003,2003,DHS,2524,,,,1
MOZ,Zambézia,5163456,Number of households (unweighted),1370,0,MZ,Mozambique,2003,MZ2003DHS,HC_ORPH_H_UNW,260861060,U,431004,1431004,Region,Zambézia,0,,0,1,HCORPHHUNW,MZDHS2003431004,2003,DHS,2270,,,,1
MOZ,Tete,146486,Number of households (unweighted),1137,0,MZ,Mozambique,2003,MZ2003DHS,HC_ORPH_H_UNW,260861060,U,431005,1431005,Region,Tete,0,,0,1,HCORPHHUNW,MZDHS2003431005,2003,DHS,1054,,,,1
MOZ,Manica,1168904,Number of households (unweighted),1016,0,MZ,Mozambique,2003,MZ2003DHS,HC_ORPH_H_UNW,260861060,U,431006,1431006,Region,Manica,0,,0,1,HCORPHHUNW,MZDHS2003431006,2003,DHS,691,,,,1
MOZ,Sofala,3170567,Number of households (unweighted),1083,0,MZ,Mozambique,2003,MZ2003DHS,HC_ORPH_H_UNW,260861060,U,431007,1431007,Region,Sofala,0,,0,1,HCORPHHUNW,MZDHS2003431007,2003,DHS,769,,,,1
MOZ,Inhambane,4280963,Number of households (unweighted),1114,0,MZ,Mozambique,2003,MZ2003DHS,HC_ORPH_H_UNW,260861060,U,431008,1431008,Region,Inhambane,0,,0,1,HCORPHHUNW,MZDHS2003431008,2003,DHS,1056,,,,1
MOZ,Gaza,2888551,Number of households (unweighted),1112,0,MZ,Mozambique,2003,MZ2003DHS,HC_ORPH_H_UNW,260861060,U,431009,1431009,Region,Gaza,0,,0,1,HCORPHHUNW,MZDHS2003431009,2003,DHS,606,,,,1
MOZ,Maputo Provincia,425884,Number of households (unweighted),1015,0,MZ,Mozambique,2003,MZ2003DHS,HC_ORPH_H_UNW,260861060,U,431010,1431010,Region,Maputo Provincia,0,,0,1,HCORPHHUNW,MZDHS2003431010,2003,DHS,814,,,,1
MOZ,Maputo Cidade,1175798,Number of households (unweighted),1036,0,MZ,Mozambique,2003,MZ2003DHS,HC_ORPH_H_UNW,260861060,U,431011,1431011,Region,Maputo Cidade,0,,0,1,HCORPHHUNW,MZDHS2003431011,2003,DHS,642,,,,1
MOZ,Niassa,6527436,Children living with both parents,65,1,MZ,Mozambique,2003,MZ2003DHS,HC_LVAR_C_BTH,260936010,I,431001,1431001,Region,Niassa,0,,0,1,HCLVARCBTH,MZDHS2003431001,2003,DHS,1439,2354,,,1
MOZ,Cabo Delgado,4391566,Children living with both parents,56.7,1,MZ,Mozambique,2003,MZ2003DHS,HC_LVAR_C_BTH,260936010,I,431002,1431002,Region,Cabo Delgado,0,,0,1,HCLVARCBTH,MZDHS2003431002,2003,DHS,2345,2037,,,1
MOZ,Nampula,7163786,Children living with both parents,59.2,1,MZ,Mozambique,2003,MZ2003DHS,HC_LVAR_C_BTH,260936010,I,431003,1431003,Region,Nampula,0,,0,1,HCLVARCBTH,MZDHS2003431003,2003,DHS,5633,2964,,,1
MOZ,Zambézia,4270462,Children living with both parents,72.7,1,MZ,Mozambique,2003,MZ2003DHS,HC_LVAR_C_BTH,260936010,I,431004,1431004,Region,Zambézia,0,,0,1,HCLVARCBTH,MZDHS2003431004,2003,DHS,4895,2942,,,1
MOZ,Tete,5306961,Children living with both parents,76.5,1,MZ,Mozambique,2003,MZ2003DHS,HC_LVAR_C_BTH,260936010,I,431005,1431005,Region,Tete,0,,0,1,HCLVARCBTH,MZDHS2003431005,2003,DHS,2556,2741,,,1
MOZ,Manica,1168924,Children living with both parents,71.1,1,MZ,Mozambique,2003,MZ2003DHS,HC_LVAR_C_BTH,260936010,I,431006,1431006,Region,Manica,0,,0,1,HCLVARCBTH,MZDHS2003431006,2003,DHS,2081,3024,,,1
MOZ,Sofala,4963566,Children living with both parents,65.3,1,MZ,Mozambique,2003,MZ2003DHS,HC_LVAR_C_BTH,260936010,I,431007,1431007,Region,Sofala,0,,0,1,HCLVARCBTH,MZDHS2003431007,2003,DHS,2027,2958,,,1
MOZ,Inhambane,6366300,Children living with both parents,38.2,1,MZ,Mozambique,2003,MZ2003DHS,HC_LVAR_C_BTH,260936010,I,431008,1431008,Region,Inhambane,0,,0,1,HCLVARCBTH,MZDHS2003431008,2003,DHS,2315,2505,,,1
MOZ,Gaza,1175775,Children living with both parents,35.1,1,MZ,Mozambique,2003,MZ2003DHS,HC_LVAR_C_BTH,260936010,I,431009,1431009,Region,Gaza,0,,0,1,HCLVARCBTH,MZDHS2003431009,2003,DHS,1376,2590,,,1
MOZ,Maputo Provincia,6144582,Children living with both parents,49.9,1,MZ,Mozambique,2003,MZ2003DHS,HC_LVAR_C_BTH,260936010,I,431010,1431010,Region,Maputo Provincia,0,,0,1,HCLVARCBTH,MZDHS2003431010,2003,DHS,1763,2211,,,1
MOZ,Maputo Cidade,1175988,Children living with both parents,49.7,1,MZ,Mozambique,2003,MZ2003DHS,HC_LVAR_C_BTH,260936010,I,431011,1431011,Region,Maputo Cidade,0,,0,1,HCLVARCBTH,MZDHS2003431011,2003,DHS,1484,2347,,,1
MOZ,Niassa,6527437,"Children living with mother, father alive",15.2,1,MZ,Mozambique,2003,MZ2003DHS,HC_LVAR_C_MFA,260936020,I,431001,1431001,Region,Niassa,0,,0,1,HCLVARCMFA,MZDHS2003431001,2003,DHS,1439,2354,,,1
MOZ,Cabo Delgado,4391567,"Children living with mother, father alive",20,1,MZ,Mozambique,2003,MZ2003DHS,HC_LVAR_C_MFA,260936020,I,431002,1431002,Region,Cabo Delgado,0,,0,1,HCLVARCMFA,MZDHS2003431002,2003,DHS,2345,2037,,,1
MOZ,Nampula,7163787,"Children living with mother, father alive",15.8,1,MZ,Mozambique,2003,MZ2003DHS,HC_LVAR_C_MFA,260936020,I,431003,1431003,Region,Nampula,0,,0,1,HCLVARCMFA,MZDHS2003431003,2003,DHS,5633,2964,,,1
MOZ,Zambézia,4270463,"Children living with mother, father alive",10.6,1,MZ,Mozambique,2003,MZ2003DHS,HC_LVAR_C_MFA,260936020,I,431004,1431004,Region,Zambézia,0,,0,1,HCLVARCMFA,MZDHS2003431004,2003,DHS,4895,2942,,,1
MOZ,Tete,5306962,"Children living with mother, father alive",8.1,1,MZ,Mozambique,2003,MZ2003DHS,HC_LVAR_C_MFA,260936020,I,431005,1431005,Region,Tete,0,,0,1,HCLVARCMFA,MZDHS2003431005,2003,DHS,2556,2741,,,1
MOZ,Manica,1169024,"Children living with mother, father alive",11.2,1,MZ,Mozambique,2003,MZ2003DHS,HC_LVAR_C_MFA,260936020,I,431006,1431006,Region,Manica,0,,0,1,HCLVARCMFA,MZDHS2003431006,2003,DHS,2081,3024,,,1
MOZ,Sofala,4963567,"Children living with mother, father alive",12.7,1,MZ,Mozambique,2003,MZ2003DHS,HC_LVAR_C_MFA,260936020,I,431007,1431007,Region,Sofala,0,,0,1,HCLVARCMFA,MZDHS2003431007,2003,DHS,2027,2958,,,1
MOZ,Inhambane,6366301,"Children living with mother, father alive",28.8,1,MZ,Mozambique,2003,MZ2003DHS,HC_LVAR_C_MFA,260936020,I,431008,1431008,Region,Inhambane,0,,0,1,HCLVARCMFA,MZDHS2003431008,2003,DHS,2315,2505,,,1
MOZ,Gaza,1175776,"Children living with mother, father alive",36.7,1,MZ,Mozambique,2003,MZ2003DHS,HC_LVAR_C_MFA,260936020,I,431009,1431009,Region,Gaza,0,,0,1,HCLVARCMFA,MZDHS2003431009,2003,DHS,1376,2590,,,1
MOZ,Maputo Provincia,6144583,"Children living with mother, father alive",22.2,1,MZ,Mozambique,2003,MZ2003DHS,HC_LVAR_C_MFA,260936020,I,431010,1431010,Region,Maputo Provincia,0,,0,1,HCLVARCMFA,MZDHS2003431010,2003,DHS,1763,2211,,,1
MOZ,Maputo Cidade,1175989,"Children living with mother, father alive",25.6,1,MZ,Mozambique,2003,MZ2003DHS,HC_LVAR_C_MFA,260936020,I,431011,1431011,Region,Maputo Cidade,0,,0,1,HCLVARCMFA,MZDHS2003431011,2003,DHS,1484,2347,,,1
MOZ,Niassa,6527438,"Children living with mother, father dead",2.2,1,MZ,Mozambique,2003,MZ2003DHS,HC_LVAR_C_MFD,260936030,I,431001,1431001,Region,Niassa,0,,0,1,HCLVARCMFD,MZDHS2003431001,2003,DHS,1439,2354,,,1
MOZ,Cabo Delgado,4391568,"Children living with mother, father dead",3.9,1,MZ,Mozambique,2003,MZ2003DHS,HC_LVAR_C_MFD,260936030,I,431002,1431002,Region,Cabo Delgado,0,,0,1,HCLVARCMFD,MZDHS2003431002,2003,DHS,2345,2037,,,1
MOZ,Nampula,7163788,"Children living with mother, father dead",2.8,1,MZ,Mozambique,2003,MZ2003DHS,HC_LVAR_C_MFD,260936030,I,431003,1431003,Region,Nampula,0,,0,1,HCLVARCMFD,MZDHS2003431003,2003,DHS,5633,2964,,,1
MOZ,Zambézia,4270464,"Children living with mother, father dead",4.2,1,MZ,Mozambique,2003,MZ2003DHS,HC_LVAR_C_MFD,260936030,I,431004,1431004,Region,Zambézia,0,,0,1,HCLVARCMFD,MZDHS2003431004,2003,DHS,4895,2942,,,1
MOZ,Tete,5306963,"Children living with mother, father dead",4.8,1,MZ,Mozambique,2003,MZ2003DHS,HC_LVAR_C_MFD,260936030,I,431005,1431005,Region,Tete,0,,0,1,HCLVARCMFD,MZDHS2003431005,2003,DHS,2556,2741,,,1
MOZ,Manica,1169025,"Children living with mother, father dead",4.4,1,MZ,Mozambique,2003,MZ2003DHS,HC_LVAR_C_MFD,260936030,I,431006,1431006,Region,Manica,0,,0,1,HCLVARCMFD,MZDHS2003431006,2003,DHS,2081,3024,,,1
MOZ,Sofala,4963568,"Children living with mother, father dead",7,1,MZ,Mozambique,2003,MZ2003DHS,HC_LVAR_C_MFD,260936030,I,431007,1431007,Region,Sofala,0,,0,1,HCLVARCMFD,MZDHS2003431007,2003,DHS,2027,2958,,,1
MOZ,Inhambane,6366306,"Children living with mother, father dead",4.7,1,MZ,Mozambique,2003,MZ2003DHS,HC_LVAR_C_MFD,260936030,I,431008,1431008,Region,Inhambane,0,,0,1,HCLVARCMFD,MZDHS2003431008,2003,DHS,2315,2505,,,1
MOZ,Gaza,1175780,"Children living with mother, father dead",7.9,1,MZ,Mozambique,2003,MZ2003DHS,HC_LVAR_C_MFD,260936030,I,431009,1431009,Region,Gaza,0,,0,1,HCLVARCMFD,MZDHS2003431009,2003,DHS,1376,2590,,,1
MOZ,Maputo Provincia,6144593,"Children living with mother, father dead",5.5,1,MZ,Mozambique,2003,MZ2003DHS,HC_LVAR_C_MFD,260936030,I,431010,1431010,Region,Maputo Provincia,0,,0,1,HCLVARCMFD,MZDHS2003431010,2003,DHS,1763,2211,,,1
MOZ,Maputo Cidade,1176007,"Children living with mother, father dead",4.4,1,MZ,Mozambique,2003,MZ2003DHS,HC_LVAR_C_MFD,260936030,I,431011,1431011,Region,Maputo Cidade,0,,0,1,HCLVARCMFD,MZDHS2003431011,2003,DHS,1484,2347,,,1
MOZ,Niassa,6527439,"Children living with father, mother alive",1,1,MZ,Mozambique,2003,MZ2003DHS,HC_LVAR_C_FMA,260936040,I,431001,1431001,Region,Niassa,0,,0,1,HCLVARCFMA,MZDHS2003431001,2003,DHS,1439,2354,,,1
MOZ,Cabo Delgado,4391555,"Children living with father, mother alive",3,1,MZ,Mozambique,2003,MZ2003DHS,HC_LVAR_C_FMA,260936040,I,431002,1431002,Region,Cabo Delgado,0,,0,1,HCLVARCFMA,MZDHS2003431002,2003,DHS,2345,2037,,,1
MOZ,Nampula,7163759,"Children living with father, mother alive",4.1,1,MZ,Mozambique,2003,MZ2003DHS,HC_LVAR_C_FMA,260936040,I,431003,1431003,Region,Nampula,0,,0,1,HCLVARCFMA,MZDHS2003431003,2003,DHS,5633,2964,,,1
MOZ,Zambézia,4270447,"Children living with father, mother alive",1.9,1,MZ,Mozambique,2003,MZ2003DHS,HC_LVAR_C_FMA,260936040,I,431004,1431004,Region,Zambézia,0,,0,1,HCLVARCFMA,MZDHS2003431004,2003,DHS,4895,2942,,,1
MOZ,Tete,5306957,"Children living with father, mother alive",1.6,1,MZ,Mozambique,2003,MZ2003DHS,HC_LVAR_C_FMA,260936040,I,431005,1431005,Region,Tete,0,,0,1,HCLVARCFMA,MZDHS2003431005,2003,DHS,2556,2741,,,1
MOZ,Manica,1168921,"Children living with father, mother alive",2.7,1,MZ,Mozambique,2003,MZ2003DHS,HC_LVAR_C_FMA,260936040,I,431006,1431006,Region,Manica,0,,0,1,HCLVARCFMA,MZDHS2003431006,2003,DHS,2081,3024,,,1
MOZ,Sofala,4963562,"Children living with father, mother alive",2.6,1,MZ,Mozambique,2003,MZ2003DHS,HC_LVAR_C_FMA,260936040,I,431007,1431007,Region,Sofala,0,,0,1,HCLVARCFMA,MZDHS2003431007,2003,DHS,2027,2958,,,1
MOZ,Inhambane,6366302,"Children living with father, mother alive",4.4,1,MZ,Mozambique,2003,MZ2003DHS,HC_LVAR_C_FMA,260936040,I,431008,1431008,Region,Inhambane,0,,0,1,HCLVARCFMA,MZDHS2003431008,2003,DHS,2315,2505,,,1
MOZ,Gaza,1175777,"Children living with father, mother alive",1.9,1,MZ,Mozambique,2003,MZ2003DHS,HC_LVAR_C_FMA,260936040,I,431009,1431009,Region,Gaza,0,,0,1,HCLVARCFMA,MZDHS2003431009,2003,DHS,1376,2590,,,1
MOZ,Maputo Provincia,6144578,"Children living with father, mother alive",5.2,1,MZ,Mozambique,2003,MZ2003DHS,HC_LVAR_C_FMA,260936040,I,431010,1431010,Region,Maputo Provincia,0,,0,1,HCLVARCFMA,MZDHS2003431010,2003,DHS,1763,2211,,,1
MOZ,Maputo Cidade,1175785,"Children living with father, mother alive",5.8,1,MZ,Mozambique,2003,MZ2003DHS,HC_LVAR_C_FMA,260936040,I,431011,1431011,Region,Maputo Cidade,0,,0,1,HCLVARCFMA,MZDHS2003431011,2003,DHS,1484,2347,,,1
MOZ,Niassa,6527468,"Children living with father, mother dead",0.4,1,MZ,Mozambique,2003,MZ2003DHS,HC_LVAR_C_FMD,260936050,I,431001,1431001,Region,Niassa,0,,0,1,HCLVARCFMD,MZDHS2003431001,2003,DHS,1439,2354,,,1
MOZ,Cabo Delgado,4391562,"Children living with father, mother dead",0.6,1,MZ,Mozambique,2003,MZ2003DHS,HC_LVAR_C_FMD,260936050,I,431002,1431002,Region,Cabo Delgado,0,,0,1,HCLVARCFMD,MZDHS2003431002,2003,DHS,2345,2037,,,1
MOZ,Nampula,7163763,"Children living with father, mother dead",0.5,1,MZ,Mozambique,2003,MZ2003DHS,HC_LVAR_C_FMD,260936050,I,431003,1431003,Region,Nampula,0,,0,1,HCLVARCFMD,MZDHS2003431003,2003,DHS,5633,2964,,,1
MOZ,Zambézia,4270454,"Children living with father, mother dead",1.1,1,MZ,Mozambique,2003,MZ2003DHS,HC_LVAR_C_FMD,260936050,I,431004,1431004,Region,Zambézia,0,,0,1,HCLVARCFMD,MZDHS2003431004,2003,DHS,4895,2942,,,1
MOZ,Tete,5306960,"Children living with father, mother dead",0.8,1,MZ,Mozambique,2003,MZ2003DHS,HC_LVAR_C_FMD,260936050,I,431005,1431005,Region,Tete,0,,0,1,HCLVARCFMD,MZDHS2003431005,2003,DHS,2556,2741,,,1
MOZ,Manica,1168914,"Children living with father, mother dead",1.4,1,MZ,Mozambique,2003,MZ2003DHS,HC_LVAR_C_FMD,260936050,I,431006,1431006,Region,Manica,0,,0,1,HCLVARCFMD,MZDHS2003431006,2003,DHS,2081,3024,,,1
MOZ,Sofala,4963565,"Children living with father, mother dead",1.8,1,MZ,Mozambique,2003,MZ2003DHS,HC_LVAR_C_FMD,260936050,I,431007,1431007,Region,Sofala,0,,0,1,HCLVARCFMD,MZDHS2003431007,2003,DHS,2027,2958,,,1
MOZ,Inhambane,6366304,"Children living with father, mother dead",1.4,1,MZ,Mozambique,2003,MZ2003DHS,HC_LVAR_C_FMD,260936050,I,431008,1431008,Region,Inhambane,0,,0,1,HCLVARCFMD,MZDHS2003431008,2003,DHS,2315,2505,,,1
MOZ,Gaza,1175760,"Children living with father, mother dead",0.8,1,MZ,Mozambique,2003,MZ2003DHS,HC_LVAR_C_FMD,260936050,I,431009,1431009,Region,Gaza,0,,0,1,HCLVARCFMD,MZDHS2003431009,2003,DHS,1376,2590,,,1
MOZ,Maputo Provincia,6144572,"Children living with father, mother dead",1.3,1,MZ,Mozambique,2003,MZ2003DHS,HC_LVAR_C_FMD,260936050,I,431010,1431010,Region,Maputo Provincia,0,,0,1,HCLVARCFMD,MZDHS2003431010,2003,DHS,1763,2211,,,1
MOZ,Maputo Cidade,1175786,"Children living with father, mother dead",1.1,1,MZ,Mozambique,2003,MZ2003DHS,HC_LVAR_C_FMD,260936050,I,431011,1431011,Region,Maputo Cidade,0,,0,1,HCLVARCFMD,MZDHS2003431011,2003,DHS,1484,2347,,,1
MOZ,Niassa,6527440,"Children living with neither parent, both alive",10.6,1,MZ,Mozambique,2003,MZ2003DHS,HC_LVAR_C_NBA,260936060,I,431001,1431001,Region,Niassa,0,,0,1,HCLVARCNBA,MZDHS2003431001,2003,DHS,1439,2354,,,1
MOZ,Cabo Delgado,4391556,"Children living with neither parent, both alive",11.5,1,MZ,Mozambique,2003,MZ2003DHS,HC_LVAR_C_NBA,260936060,I,431002,1431002,Region,Cabo Delgado,0,,0,1,HCLVARCNBA,MZDHS2003431002,2003,DHS,2345,2037,,,1
MOZ,Nampula,7163760,"Children living with neither parent, both alive",11.8,1,MZ,Mozambique,2003,MZ2003DHS,HC_LVAR_C_NBA,260936060,I,431003,1431003,Region,Nampula,0,,0,1,HCLVARCNBA,MZDHS2003431003,2003,DHS,5633,2964,,,1
MOZ,Zambézia,4270448,"Children living with neither parent, both alive",5.1,1,MZ,Mozambique,2003,MZ2003DHS,HC_LVAR_C_NBA,260936060,I,431004,1431004,Region,Zambézia,0,,0,1,HCLVARCNBA,MZDHS2003431004,2003,DHS,4895,2942,,,1
MOZ,Tete,5306958,"Children living with neither parent, both alive",4.2,1,MZ,Mozambique,2003,MZ2003DHS,HC_LVAR_C_NBA,260936060,I,431005,1431005,Region,Tete,0,,0,1,HCLVARCNBA,MZDHS2003431005,2003,DHS,2556,2741,,,1
MOZ,Manica,1168922,"Children living with neither parent, both alive",4.1,1,MZ,Mozambique,2003,MZ2003DHS,HC_LVAR_C_NBA,260936060,I,431006,1431006,Region,Manica,0,,0,1,HCLVARCNBA,MZDHS2003431006,2003,DHS,2081,3024,,,1
MOZ,Sofala,4963563,"Children living with neither parent, both alive",5,1,MZ,Mozambique,2003,MZ2003DHS,HC_LVAR_C_NBA,260936060,I,431007,1431007,Region,Sofala,0,,0,1,HCLVARCNBA,MZDHS2003431007,2003,DHS,2027,2958,,,1
MOZ,Inhambane,6366303,"Children living with neither parent, both alive",14.9,1,MZ,Mozambique,2003,MZ2003DHS,HC_LVAR_C_NBA,260936060,I,431008,1431008,Region,Inhambane,0,,0,1,HCLVARCNBA,MZDHS2003431008,2003,DHS,2315,2505,,,1
MOZ,Gaza,1175778,"Children living with neither parent, both alive",10.6,1,MZ,Mozambique,2003,MZ2003DHS,HC_LVAR_C_NBA,260936060,I,431009,1431009,Region,Gaza,0,,0,1,HCLVARCNBA,MZDHS2003431009,2003,DHS,1376,2590,,,1
MOZ,Maputo Provincia,6144579,"Children living with neither parent, both alive",10.2,1,MZ,Mozambique,2003,MZ2003DHS,HC_LVAR_C_NBA,260936060,I,431010,1431010,Region,Maputo Provincia,0,,0,1,HCLVARCNBA,MZDHS2003431010,2003,DHS,1763,2211,,,1
MOZ,Maputo Cidade,1175788,"Children living with neither parent, both alive",8.8,1,MZ,Mozambique,2003,MZ2003DHS,HC_LVAR_C_NBA,260936060,I,431011,1431011,Region,Maputo Cidade,0,,0,1,HCLVARCNBA,MZDHS2003431011,2003,DHS,1484,2347,,,1
MOZ,Niassa,6527469,"Children living with neither parent, mother alive",1,1,MZ,Mozambique,2003,MZ2003DHS,HC_LVAR_C_NMA,260936070,I,431001,1431001,Region,Niassa,0,,0,1,HCLVARCNMA,MZDHS2003431001,2003,DHS,1439,2354,,,1
MOZ,Cabo Delgado,4391563,"Children living with neither parent, mother alive",1.3,1,MZ,Mozambique,2003,MZ2003DHS,HC_LVAR_C_NMA,260936070,I,431002,1431002,Region,Cabo Delgado,0,,0,1,HCLVARCNMA,MZDHS2003431002,2003,DHS,2345,2037,,,1
MOZ,Nampula,7163767,"Children living with neither parent, mother alive",2.4,1,MZ,Mozambique,2003,MZ2003DHS,HC_LVAR_C_NMA,260936070,I,431003,1431003,Region,Nampula,0,,0,1,HCLVARCNMA,MZDHS2003431003,2003,DHS,5633,2964,,,1
MOZ,Zambézia,4270455,"Children living with neither parent, mother alive",1.3,1,MZ,Mozambique,2003,MZ2003DHS,HC_LVAR_C_NMA,260936070,I,431004,1431004,Region,Zambézia,0,,0,1,HCLVARCNMA,MZDHS2003431004,2003,DHS,4895,2942,,,1
MOZ,Tete,5306964,"Children living with neither parent, mother alive",0.6,1,MZ,Mozambique,2003,MZ2003DHS,HC_LVAR_C_NMA,260936070,I,431005,1431005,Region,Tete,0,,0,1,HCLVARCNMA,MZDHS2003431005,2003,DHS,2556,2741,,,1
MOZ,Manica,1168915,"Children living with neither parent, mother alive",1.6,1,MZ,Mozambique,2003,MZ2003DHS,HC_LVAR_C_NMA,260936070,I,431006,1431006,Region,Manica,0,,0,1,HCLVARCNMA,MZDHS2003431006,2003,DHS,2081,3024,,,1
MOZ,Sofala,4963569,"Children living with neither parent, mother alive",1.9,1,MZ,Mozambique,2003,MZ2003DHS,HC_LVAR_C_NMA,260936070,I,431007,1431007,Region,Sofala,0,,0,1,HCLVARCNMA,MZDHS2003431007,2003,DHS,2027,2958,,,1
MOZ,Inhambane,6366347,"Children living with neither parent, mother alive",2.8,1,MZ,Mozambique,2003,MZ2003DHS,HC_LVAR_C_NMA,260936070,I,431008,1431008,Region,Inhambane,0,,0,1,HCLVARCNMA,MZDHS2003431008,2003,DHS,2315,2505,,,1
MOZ,Gaza,1175761,"Children living with neither parent, mother alive",2.4,1,MZ,Mozambique,2003,MZ2003DHS,HC_LVAR_C_NMA,260936070,I,431009,1431009,Region,Gaza,0,,0,1,HCLVARCNMA,MZDHS2003431009,2003,DHS,1376,2590,,,1
MOZ,Maputo Provincia,6144573,"Children living with neither parent, mother alive",1.7,1,MZ,Mozambique,2003,MZ2003DHS,HC_LVAR_C_NMA,260936070,I,431010,1431010,Region,Maputo Provincia,0,,0,1,HCLVARCNMA,MZDHS2003431010,2003,DHS,1763,2211,,,1
MOZ,Maputo Cidade,1175787,"Children living with neither parent, mother alive",2,1,MZ,Mozambique,2003,MZ2003DHS,HC_LVAR_C_NMA,260936070,I,431011,1431011,Region,Maputo Cidade,0,,0,1,HCLVARCNMA,MZDHS2003431011,2003,DHS,1484,2347,,,1
MOZ,Niassa,6527527,"Children living with neither parent, father alive",2.8,1,MZ,Mozambique,2003,MZ2003DHS,HC_LVAR_C_NFA,260936080,I,431001,1431001,Region,Niassa,0,,0,1,HCLVARCNFA,MZDHS2003431001,2003,DHS,1439,2354,,,1
MOZ,Cabo Delgado,4391558,"Children living with neither parent, father alive",1.4,1,MZ,Mozambique,2003,MZ2003DHS,HC_LVAR_C_NFA,260936080,I,431002,1431002,Region,Cabo Delgado,0,,0,1,HCLVARCNFA,MZDHS2003431002,2003,DHS,2345,2037,,,1
MOZ,Nampula,7163762,"Children living with neither parent, father alive",2,1,MZ,Mozambique,2003,MZ2003DHS,HC_LVAR_C_NFA,260936080,I,431003,1431003,Region,Nampula,0,,0,1,HCLVARCNFA,MZDHS2003431003,2003,DHS,5633,2964,,,1
MOZ,Zambézia,4270450,"Children living with neither parent, father alive",1.3,1,MZ,Mozambique,2003,MZ2003DHS,HC_LVAR_C_NFA,260936080,I,431004,1431004,Region,Zambézia,0,,0,1,HCLVARCNFA,MZDHS2003431004,2003,DHS,4895,2942,,,1
MOZ,Tete,5306959,"Children living with neither parent, father alive",1.2,1,MZ,Mozambique,2003,MZ2003DHS,HC_LVAR_C_NFA,260936080,I,431005,1431005,Region,Tete,0,,0,1,HCLVARCNFA,MZDHS2003431005,2003,DHS,2556,2741,,,1
MOZ,Manica,1168917,"Children living with neither parent, father alive",1.2,1,MZ,Mozambique,2003,MZ2003DHS,HC_LVAR_C_NFA,260936080,I,431006,1431006,Region,Manica,0,,0,1,HCLVARCNFA,MZDHS2003431006,2003,DHS,2081,3024,,,1
MOZ,Sofala,4963564,"Children living with neither parent, father alive",1.2,1,MZ,Mozambique,2003,MZ2003DHS,HC_LVAR_C_NFA,260936080,I,431007,1431007,Region,Sofala,0,,0,1,HCLVARCNFA,MZDHS2003431007,2003,DHS,2027,2958,,,1
MOZ,Inhambane,6366305,"Children living with neither parent, father alive",1.6,1,MZ,Mozambique,2003,MZ2003DHS,HC_LVAR_C_NFA,260936080,I,431008,1431008,Region,Inhambane,0,,0,1,HCLVARCNFA,MZDHS2003431008,2003,DHS,2315,2505,,,1
MOZ,Gaza,1175771,"Children living with neither parent, father alive",1.7,1,MZ,Mozambique,2003,MZ2003DHS,HC_LVAR_C_NFA,260936080,I,431009,1431009,Region,Gaza,0,,0,1,HCLVARCNFA,MZDHS2003431009,2003,DHS,1376,2590,,,1
MOZ,Maputo Provincia,6144574,"Children living with neither parent, father alive",1.5,1,MZ,Mozambique,2003,MZ2003DHS,HC_LVAR_C_NFA,260936080,I,431010,1431010,Region,Maputo Provincia,0,,0,1,HCLVARCNFA,MZDHS2003431010,2003,DHS,1763,2211,,,1
MOZ,Maputo Cidade,1175790,"Children living with neither parent, father alive",1,1,MZ,Mozambique,2003,MZ2003DHS,HC_LVAR_C_NFA,260936080,I,431011,1431011,Region,Maputo Cidade,0,,0,1,HCLVARCNFA,MZDHS2003431011,2003,DHS,1484,2347,,,1
MOZ,Niassa,6527528,"Children living with neither parent, both dead",0.8,1,MZ,Mozambique,2003,MZ2003DHS,HC_LVAR_C_NBD,260936090,I,431001,1431001,Region,Niassa,0,,0,1,HCLVARCNBD,MZDHS2003431001,2003,DHS,1439,2354,,,1
MOZ,Cabo Delgado,4391559,"Children living with neither parent, both dead",0.8,1,MZ,Mozambique,2003,MZ2003DHS,HC_LVAR_C_NBD,260936090,I,431002,1431002,Region,Cabo Delgado,0,,0,1,HCLVARCNBD,MZDHS2003431002,2003,DHS,2345,2037,,,1
MOZ,Nampula,7163764,"Children living with neither parent, both dead",0.9,1,MZ,Mozambique,2003,MZ2003DHS,HC_LVAR_C_NBD,260936090,I,431003,1431003,Region,Nampula,0,,0,1,HCLVARCNBD,MZDHS2003431003,2003,DHS,5633,2964,,,1
MOZ,Zambézia,4270451,"Children living with neither parent, both dead",1.4,1,MZ,Mozambique,2003,MZ2003DHS,HC_LVAR_C_NBD,260936090,I,431004,1431004,Region,Zambézia,0,,0,1,HCLVARCNBD,MZDHS2003431004,2003,DHS,4895,2942,,,1
MOZ,Tete,5306966,"Children living with neither parent, both dead",1.9,1,MZ,Mozambique,2003,MZ2003DHS,HC_LVAR_C_NBD,260936090,I,431005,1431005,Region,Tete,0,,0,1,HCLVARCNBD,MZDHS2003431005,2003,DHS,2556,2741,,,1
MOZ,Manica,1168918,"Children living with neither parent, both dead",2,1,MZ,Mozambique,2003,MZ2003DHS,HC_LVAR_C_NBD,260936090,I,431006,1431006,Region,Manica,0,,0,1,HCLVARCNBD,MZDHS2003431006,2003,DHS,2081,3024,,,1
MOZ,Sofala,4963572,"Children living with neither parent, both dead",2,1,MZ,Mozambique,2003,MZ2003DHS,HC_LVAR_C_NBD,260936090,I,431007,1431007,Region,Sofala,0,,0,1,HCLVARCNBD,MZDHS2003431007,2003,DHS,2027,2958,,,1
MOZ,Inhambane,6366307,"Children living with neither parent, both dead",0.8,1,MZ,Mozambique,2003,MZ2003DHS,HC_LVAR_C_NBD,260936090,I,431008,1431008,Region,Inhambane,0,,0,1,HCLVARCNBD,MZDHS2003431008,2003,DHS,2315,2505,,,1
MOZ,Gaza,1175772,"Children living with neither parent, both dead",1.7,1,MZ,Mozambique,2003,MZ2003DHS,HC_LVAR_C_NBD,260936090,I,431009,1431009,Region,Gaza,0,,0,1,HCLVARCNBD,MZDHS2003431009,2003,DHS,1376,2590,,,1
MOZ,Maputo Provincia,6144575,"Children living with neither parent, both dead",0.8,1,MZ,Mozambique,2003,MZ2003DHS,HC_LVAR_C_NBD,260936090,I,431010,1431010,Region,Maputo Provincia,0,,0,1,HCLVARCNBD,MZDHS2003431010,2003,DHS,1763,2211,,,1
MOZ,Maputo Cidade,1175908,"Children living with neither parent, both dead",0.8,1,MZ,Mozambique,2003,MZ2003DHS,HC_LVAR_C_NBD,260936090,I,431011,1431011,Region,Maputo Cidade,0,,0,1,HCLVARCNBD,MZDHS2003431011,2003,DHS,1484,2347,,,1
MOZ,Niassa,6527529,Children with missing information on whether father/mother alive,1.1,1,MZ,Mozambique,2003,MZ2003DHS,HC_LVAR_C_NMS,260936100,I,431001,1431001,Region,Niassa,0,,0,1,HCLVARCNMS,MZDHS2003431001,2003,DHS,1439,2354,,,1
MOZ,Cabo Delgado,4391560,Children with missing information on whether father/mother alive,0.7,1,MZ,Mozambique,2003,MZ2003DHS,HC_LVAR_C_NMS,260936100,I,431002,1431002,Region,Cabo Delgado,0,,0,1,HCLVARCNMS,MZDHS2003431002,2003,DHS,2345,2037,,,1
MOZ,Nampula,7163765,Children with missing information on whether father/mother alive,0.5,1,MZ,Mozambique,2003,MZ2003DHS,HC_LVAR_C_NMS,260936100,I,431003,1431003,Region,Nampula,0,,0,1,HCLVARCNMS,MZDHS2003431003,2003,DHS,5633,2964,,,1
MOZ,Zambézia,4270452,Children with missing information on whether father/mother alive,0.5,1,MZ,Mozambique,2003,MZ2003DHS,HC_LVAR_C_NMS,260936100,I,431004,1431004,Region,Zambézia,0,,0,1,HCLVARCNMS,MZDHS2003431004,2003,DHS,4895,2942,,,1
MOZ,Tete,5307004,Children with missing information on whether father/mother alive,0.2,1,MZ,Mozambique,2003,MZ2003DHS,HC_LVAR_C_NMS,260936100,I,431005,1431005,Region,Tete,0,,0,1,HCLVARCNMS,MZDHS2003431005,2003,DHS,2556,2741,,,1
MOZ,Manica,1168919,Children with missing information on whether father/mother alive,0.2,1,MZ,Mozambique,2003,MZ2003DHS,HC_LVAR_C_NMS,260936100,I,431006,1431006,Region,Manica,0,,0,1,HCLVARCNMS,MZDHS2003431006,2003,DHS,2081,3024,,,1
MOZ,Sofala,4963599,Children with missing information on whether father/mother alive,0.5,1,MZ,Mozambique,2003,MZ2003DHS,HC_LVAR_C_NMS,260936100,I,431007,1431007,Region,Sofala,0,,0,1,HCLVARCNMS,MZDHS2003431007,2003,DHS,2027,2958,,,1
MOZ,Inhambane,6366349,Children with missing information on whether father/mother alive,2.3,1,MZ,Mozambique,2003,MZ2003DHS,HC_LVAR_C_NMS,260936100,I,431008,1431008,Region,Inhambane,0,,0,1,HCLVARCNMS,MZDHS2003431008,2003,DHS,2315,2505,,,1
MOZ,Gaza,1175773,Children with missing information on whether father/mother alive,1.1,1,MZ,Mozambique,2003,MZ2003DHS,HC_LVAR_C_NMS,260936100,I,431009,1431009,Region,Gaza,0,,0,1,HCLVARCNMS,MZDHS2003431009,2003,DHS,1376,2590,,,1
MOZ,Maputo Provincia,6144576,Children with missing information on whether father/mother alive,1.8,1,MZ,Mozambique,2003,MZ2003DHS,HC_LVAR_C_NMS,260936100,I,431010,1431010,Region,Maputo Provincia,0,,0,1,HCLVARCNMS,MZDHS2003431010,2003,DHS,1763,2211,,,1
MOZ,Maputo Cidade,1175909,Children with missing information on whether father/mother alive,1,1,MZ,Mozambique,2003,MZ2003DHS,HC_LVAR_C_NMS,260936100,I,431011,1431011,Region,Maputo Cidade,0,,0,1,HCLVARCNMS,MZDHS2003431011,2003,DHS,1484,2347,,,1
MOZ,Niassa,6527531,Children: Total,100,1,MZ,Mozambique,2003,MZ2003DHS,HC_LVAR_C_TOT,260936110,T,431001,1431001,Region,Niassa,0,,0,1,HCLVARCTOT,MZDHS2003431001,2003,DHS,1439,2354,,,1
MOZ,Cabo Delgado,4391561,Children: Total,100,1,MZ,Mozambique,2003,MZ2003DHS,HC_LVAR_C_TOT,260936110,T,431002,1431002,Region,Cabo Delgado,0,,0,1,HCLVARCTOT,MZDHS2003431002,2003,DHS,2345,2037,,,1
MOZ,Nampula,7163766,Children: Total,100,1,MZ,Mozambique,2003,MZ2003DHS,HC_LVAR_C_TOT,260936110,T,431003,1431003,Region,Nampula,0,,0,1,HCLVARCTOT,MZDHS2003431003,2003,DHS,5633,2964,,,1
MOZ,Zambézia,4270453,Children: Total,100,1,MZ,Mozambique,2003,MZ2003DHS,HC_LVAR_C_TOT,260936110,T,431004,1431004,Region,Zambézia,0,,0,1,HCLVARCTOT,MZDHS2003431004,2003,DHS,4895,2942,,,1
MOZ,Tete,5307005,Children: Total,100,1,MZ,Mozambique,2003,MZ2003DHS,HC_LVAR_C_TOT,260936110,T,431005,1431005,Region,Tete,0,,0,1,HCLVARCTOT,MZDHS2003431005,2003,DHS,2556,2741,,,1
MOZ,Manica,1168920,Children: Total,100,1,MZ,Mozambique,2003,MZ2003DHS,HC_LVAR_C_TOT,260936110,T,431006,1431006,Region,Manica,0,,0,1,HCLVARCTOT,MZDHS2003431006,2003,DHS,2081,3024,,,1
MOZ,Sofala,4963600,Children: Total,100,1,MZ,Mozambique,2003,MZ2003DHS,HC_LVAR_C_TOT,260936110,T,431007,1431007,Region,Sofala,0,,0,1,HCLVARCTOT,MZDHS2003431007,2003,DHS,2027,2958,,,1
MOZ,Inhambane,6366350,Children: Total,100,1,MZ,Mozambique,2003,MZ2003DHS,HC_LVAR_C_TOT,260936110,T,431008,1431008,Region,Inhambane,0,,0,1,HCLVARCTOT,MZDHS2003431008,2003,DHS,2315,2505,,,1
MOZ,Gaza,1175774,Children: Total,100,1,MZ,Mozambique,2003,MZ2003DHS,HC_LVAR_C_TOT,260936110,T,431009,1431009,Region,Gaza,0,,0,1,HCLVARCTOT,MZDHS2003431009,2003,DHS,1376,2590,,,1
MOZ,Maputo Provincia,6144577,Children: Total,100,1,MZ,Mozambique,2003,MZ2003DHS,HC_LVAR_C_TOT,260936110,T,431010,1431010,Region,Maputo Provincia,0,,0,1,HCLVARCTOT,MZDHS2003431010,2003,DHS,1763,2211,,,1
MOZ,Maputo Cidade,1175910,Children: Total,100,1,MZ,Mozambique,2003,MZ2003DHS,HC_LVAR_C_TOT,260936110,T,431011,1431011,Region,Maputo Cidade,0,,0,1,HCLVARCTOT,MZDHS2003431011,2003,DHS,1484,2347,,,1
MOZ,Niassa,6527470,Children not living with a biological parent,15.2,1,MZ,Mozambique,2003,MZ2003DHS,HC_LVAR_C_NBP,260936120,I,431001,1431001,Region,Niassa,0,,0,1,HCLVARCNBP,MZDHS2003431001,2003,DHS,1439,2354,,,1
MOZ,Cabo Delgado,4391565,Children not living with a biological parent,15.1,1,MZ,Mozambique,2003,MZ2003DHS,HC_LVAR_C_NBP,260936120,I,431002,1431002,Region,Cabo Delgado,0,,0,1,HCLVARCNBP,MZDHS2003431002,2003,DHS,2345,2037,,,1
MOZ,Nampula,7163768,Children not living with a biological parent,17.1,1,MZ,Mozambique,2003,MZ2003DHS,HC_LVAR_C_NBP,260936120,I,431003,1431003,Region,Nampula,0,,0,1,HCLVARCNBP,MZDHS2003431003,2003,DHS,5633,2964,,,1
MOZ,Zambézia,4270456,Children not living with a biological parent,9,1,MZ,Mozambique,2003,MZ2003DHS,HC_LVAR_C_NBP,260936120,I,431004,1431004,Region,Zambézia,0,,0,1,HCLVARCNBP,MZDHS2003431004,2003,DHS,4895,2942,,,1
MOZ,Tete,5306965,Children not living with a biological parent,7.9,1,MZ,Mozambique,2003,MZ2003DHS,HC_LVAR_C_NBP,260936120,I,431005,1431005,Region,Tete,0,,0,1,HCLVARCNBP,MZDHS2003431005,2003,DHS,2556,2741,,,1
MOZ,Manica,1168916,Children not living with a biological parent,8.9,1,MZ,Mozambique,2003,MZ2003DHS,HC_LVAR_C_NBP,260936120,I,431006,1431006,Region,Manica,0,,0,1,HCLVARCNBP,MZDHS2003431006,2003,DHS,2081,3024,,,1
MOZ,Sofala,4963571,Children not living with a biological parent,10.1,1,MZ,Mozambique,2003,MZ2003DHS,HC_LVAR_C_NBP,260936120,I,431007,1431007,Region,Sofala,0,,0,1,HCLVARCNBP,MZDHS2003431007,2003,DHS,2027,2958,,,1
MOZ,Inhambane,6366348,Children not living with a biological parent,20.2,1,MZ,Mozambique,2003,MZ2003DHS,HC_LVAR_C_NBP,260936120,I,431008,1431008,Region,Inhambane,0,,0,1,HCLVARCNBP,MZDHS2003431008,2003,DHS,2315,2505,,,1
MOZ,Gaza,1175762,Children not living with a biological parent,16.4,1,MZ,Mozambique,2003,MZ2003DHS,HC_LVAR_C_NBP,260936120,I,431009,1431009,Region,Gaza,0,,0,1,HCLVARCNBP,MZDHS2003431009,2003,DHS,1376,2590,,,1
MOZ,Maputo Provincia,6144581,Children not living with a biological parent,14.1,1,MZ,Mozambique,2003,MZ2003DHS,HC_LVAR_C_NBP,260936120,I,431010,1431010,Region,Maputo Provincia,0,,0,1,HCLVARCNBP,MZDHS2003431010,2003,DHS,1763,2211,,,1
MOZ,Maputo Cidade,1175911,Children not living with a biological parent,12.5,1,MZ,Mozambique,2003,MZ2003DHS,HC_LVAR_C_NBP,260936120,I,431011,1431011,Region,Maputo Cidade,0,,0,1,HCLVARCNBP,MZDHS2003431011,2003,DHS,1484,2347,,,1
MOZ,Niassa,6527441,"Prevalence of orphanhood: children under 18 who are orphans - mother, father or both dead",7.3,1,MZ,Mozambique,2003,MZ2003DHS,HC_LVAR_C_P1D,260936130,I,431001,1431001,Region,Niassa,0,,0,1,HCLVARCP1D,MZDHS2003431001,2003,DHS,1439,2354,,,1
MOZ,Cabo Delgado,4391557,"Prevalence of orphanhood: children under 18 who are orphans - mother, father or both dead",8.1,1,MZ,Mozambique,2003,MZ2003DHS,HC_LVAR_C_P1D,260936130,I,431002,1431002,Region,Cabo Delgado,0,,0,1,HCLVARCP1D,MZDHS2003431002,2003,DHS,2345,2037,,,1
MOZ,Nampula,7163761,"Prevalence of orphanhood: children under 18 who are orphans - mother, father or both dead",8.6,1,MZ,Mozambique,2003,MZ2003DHS,HC_LVAR_C_P1D,260936130,I,431003,1431003,Region,Nampula,0,,0,1,HCLVARCP1D,MZDHS2003431003,2003,DHS,5633,2964,,,1
MOZ,Zambézia,4270449,"Prevalence of orphanhood: children under 18 who are orphans - mother, father or both dead",9.3,1,MZ,Mozambique,2003,MZ2003DHS,HC_LVAR_C_P1D,260936130,I,431004,1431004,Region,Zambézia,0,,0,1,HCLVARCP1D,MZDHS2003431004,2003,DHS,4895,2942,,,1
MOZ,Tete,5307006,"Prevalence of orphanhood: children under 18 who are orphans - mother, father or both dead",9.3,1,MZ,Mozambique,2003,MZ2003DHS,HC_LVAR_C_P1D,260936130,I,431005,1431005,Region,Tete,0,,0,1,HCLVARCP1D,MZDHS2003431005,2003,DHS,2556,2741,,,1
MOZ,Manica,1168923,"Prevalence of orphanhood: children under 18 who are orphans - mother, father or both dead",10.6,1,MZ,Mozambique,2003,MZ2003DHS,HC_LVAR_C_P1D,260936130,I,431006,1431006,Region,Manica,0,,0,1,HCLVARCP1D,MZDHS2003431006,2003,DHS,2081,3024,,,1
MOZ,Sofala,4963601,"Prevalence of orphanhood: children under 18 who are orphans - mother, father or both dead",14,1,MZ,Mozambique,2003,MZ2003DHS,HC_LVAR_C_P1D,260936130,I,431007,1431007,Region,Sofala,0,,0,1,HCLVARCP1D,MZDHS2003431007,2003,DHS,2027,2958,,,1
MOZ,Inhambane,6366351,"Prevalence of orphanhood: children under 18 who are orphans - mother, father or both dead",11.5,1,MZ,Mozambique,2003,MZ2003DHS,HC_LVAR_C_P1D,260936130,I,431008,1431008,Region,Inhambane,0,,0,1,HCLVARCP1D,MZDHS2003431008,2003,DHS,2315,2505,,,1
MOZ,Gaza,1175779,"Prevalence of orphanhood: children under 18 who are orphans - mother, father or both dead",14.8,1,MZ,Mozambique,2003,MZ2003DHS,HC_LVAR_C_P1D,260936130,I,431009,1431009,Region,Gaza,0,,0,1,HCLVARCP1D,MZDHS2003431009,2003,DHS,1376,2590,,,1
MOZ,Maputo Provincia,6144580,"Prevalence of orphanhood: children under 18 who are orphans - mother, father or both dead",10.8,1,MZ,Mozambique,2003,MZ2003DHS,HC_LVAR_C_P1D,260936130,I,431010,1431010,Region,Maputo Provincia,0,,0,1,HCLVARCP1D,MZDHS2003431010,2003,DHS,1763,2211,,,1
MOZ,Maputo Cidade,1175789,"Prevalence of orphanhood: children under 18 who are orphans - mother, father or both dead",9.4,1,MZ,Mozambique,2003,MZ2003DHS,HC_LVAR_C_P1D,260936130,I,431011,1431011,Region,Maputo Cidade,0,,0,1,HCLVARCP1D,MZDHS2003431011,2003,DHS,1484,2347,,,1
MOZ,Niassa,6668907,Number of children,1439,0,MZ,Mozambique,2003,MZ2003DHS,HC_LVAR_C_NUM,260936140,D,431001,1431001,Region,Niassa,0,,0,1,HCLVARCNUM,MZDHS2003431001,2003,DHS,,2354,,,1
MOZ,Cabo Delgado,4472666,Number of children,2345,0,MZ,Mozambique,2003,MZ2003DHS,HC_LVAR_C_NUM,260936140,D,431002,1431002,Region,Cabo Delgado,0,,0,1,HCLVARCNUM,MZDHS2003431002,2003,DHS,,2037,,,1
MOZ,Nampula,7193991,Number of children,5633,0,MZ,Mozambique,2003,MZ2003DHS,HC_LVAR_C_NUM,260936140,D,431003,1431003,Region,Nampula,0,,0,1,HCLVARCNUM,MZDHS2003431003,2003,DHS,,2964,,,1
MOZ,Zambézia,4154689,Number of children,4895,0,MZ,Mozambique,2003,MZ2003DHS,HC_LVAR_C_NUM,260936140,D,431004,1431004,Region,Zambézia,0,,0,1,HCLVARCNUM,MZDHS2003431004,2003,DHS,,2942,,,1
MOZ,Tete,5390459,Number of children,2556,0,MZ,Mozambique,2003,MZ2003DHS,HC_LVAR_C_NUM,260936140,D,431005,1431005,Region,Tete,0,,0,1,HCLVARCNUM,MZDHS2003431005,2003,DHS,,2741,,,1
MOZ,Manica,1168913,Number of children,2081,0,MZ,Mozambique,2003,MZ2003DHS,HC_LVAR_C_NUM,260936140,D,431006,1431006,Region,Manica,0,,0,1,HCLVARCNUM,MZDHS2003431006,2003,DHS,,3024,,,1
MOZ,Sofala,5020666,Number of children,2027,0,MZ,Mozambique,2003,MZ2003DHS,HC_LVAR_C_NUM,260936140,D,431007,1431007,Region,Sofala,0,,0,1,HCLVARCNUM,MZDHS2003431007,2003,DHS,,2958,,,1
MOZ,Inhambane,6409415,Number of children,2315,0,MZ,Mozambique,2003,MZ2003DHS,HC_LVAR_C_NUM,260936140,D,431008,1431008,Region,Inhambane,0,,0,1,HCLVARCNUM,MZDHS2003431008,2003,DHS,,2505,,,1
MOZ,Gaza,1175763,Number of children,1376,0,MZ,Mozambique,2003,MZ2003DHS,HC_LVAR_C_NUM,260936140,D,431009,1431009,Region,Gaza,0,,0,1,HCLVARCNUM,MZDHS2003431009,2003,DHS,,2590,,,1
MOZ,Maputo Provincia,6252302,Number of children,1763,0,MZ,Mozambique,2003,MZ2003DHS,HC_LVAR_C_NUM,260936140,D,431010,1431010,Region,Maputo Provincia,0,,0,1,HCLVARCNUM,MZDHS2003431010,2003,DHS,,2211,,,1
MOZ,Maputo Cidade,1175912,Number of children,1484,0,MZ,Mozambique,2003,MZ2003DHS,HC_LVAR_C_NUM,260936140,D,431011,1431011,Region,Maputo Cidade,0,,0,1,HCLVARCNUM,MZDHS2003431011,2003,DHS,,2347,,,1
MOZ,Niassa,3267143,Number of children (unweighted),2354,0,MZ,Mozambique,2003,MZ2003DHS,HC_LVAR_C_UNW,260936150,U,431001,1431001,Region,Niassa,0,,0,1,HCLVARCUNW,MZDHS2003431001,2003,DHS,1439,,,,1
MOZ,Cabo Delgado,2824440,Number of children (unweighted),2037,0,MZ,Mozambique,2003,MZ2003DHS,HC_LVAR_C_UNW,260936150,U,431002,1431002,Region,Cabo Delgado,0,,0,1,HCLVARCUNW,MZDHS2003431002,2003,DHS,2345,,,,1
MOZ,Nampula,833067,Number of children (unweighted),2964,0,MZ,Mozambique,2003,MZ2003DHS,HC_LVAR_C_UNW,260936150,U,431003,1431003,Region,Nampula,0,,0,1,HCLVARCUNW,MZDHS2003431003,2003,DHS,5633,,,,1
MOZ,Zambézia,5163458,Number of children (unweighted),2942,0,MZ,Mozambique,2003,MZ2003DHS,HC_LVAR_C_UNW,260936150,U,431004,1431004,Region,Zambézia,0,,0,1,HCLVARCUNW,MZDHS2003431004,2003,DHS,4895,,,,1
MOZ,Tete,3181286,Number of children (unweighted),2741,0,MZ,Mozambique,2003,MZ2003DHS,HC_LVAR_C_UNW,260936150,U,431005,1431005,Region,Tete,0,,0,1,HCLVARCUNW,MZDHS2003431005,2003,DHS,2556,,,,1
MOZ,Manica,1169121,Number of children (unweighted),3024,0,MZ,Mozambique,2003,MZ2003DHS,HC_LVAR_C_UNW,260936150,U,431006,1431006,Region,Manica,0,,0,1,HCLVARCUNW,MZDHS2003431006,2003,DHS,2081,,,,1
MOZ,Sofala,57575,Number of children (unweighted),2958,0,MZ,Mozambique,2003,MZ2003DHS,HC_LVAR_C_UNW,260936150,U,431007,1431007,Region,Sofala,0,,0,1,HCLVARCUNW,MZDHS2003431007,2003,DHS,2027,,,,1
MOZ,Inhambane,4280964,Number of children (unweighted),2505,0,MZ,Mozambique,2003,MZ2003DHS,HC_LVAR_C_UNW,260936150,U,431008,1431008,Region,Inhambane,0,,0,1,HCLVARCUNW,MZDHS2003431008,2003,DHS,2315,,,,1
MOZ,Gaza,1175936,Number of children (unweighted),2590,0,MZ,Mozambique,2003,MZ2003DHS,HC_LVAR_C_UNW,260936150,U,431009,1431009,Region,Gaza,0,,0,1,HCLVARCUNW,MZDHS2003431009,2003,DHS,1376,,,,1
MOZ,Maputo Provincia,824089,Number of children (unweighted),2211,0,MZ,Mozambique,2003,MZ2003DHS,HC_LVAR_C_UNW,260936150,U,431010,1431010,Region,Maputo Provincia,0,,0,1,HCLVARCUNW,MZDHS2003431010,2003,DHS,1763,,,,1
MOZ,Maputo Cidade,1176113,Number of children (unweighted),2347,0,MZ,Mozambique,2003,MZ2003DHS,HC_LVAR_C_UNW,260936150,U,431011,1431011,Region,Maputo Cidade,0,,0,1,HCLVARCUNW,MZDHS2003431011,2003,DHS,1484,,,,1
MOZ,Niassa,1170282,Households with children not living with a biological parent,28.4,1,MZ,Mozambique,2009,MZ2009AIS,HC_ORPH_H_FOS,260861010,I,431001,1431001,Region,Niassa,0,,0,1,HCORPHHFOS,MZAIS2009431001,2009,AIS,353,506,,,1
MOZ,Cabo Delgado,6152953,Households with children not living with a biological parent,23.4,1,MZ,Mozambique,2009,MZ2009AIS,HC_ORPH_H_FOS,260861010,I,431002,1431002,Region,Cabo Delgado,0,,0,1,HCORPHHFOS,MZAIS2009431002,2009,AIS,538,546,,,1
MOZ,Nampula,6967854,Households with children not living with a biological parent,31.2,1,MZ,Mozambique,2009,MZ2009AIS,HC_ORPH_H_FOS,260861010,I,431003,1431003,Region,Nampula,0,,0,1,HCORPHHFOS,MZAIS2009431003,2009,AIS,1309,679,,,1
MOZ,Zambézia,1177901,Households with children not living with a biological parent,19.4,1,MZ,Mozambique,2009,MZ2009AIS,HC_ORPH_H_FOS,260861010,I,431004,1431004,Region,Zambézia,0,,0,1,HCORPHHFOS,MZAIS2009431004,2009,AIS,1200,685,,,1
MOZ,Tete,4894140,Households with children not living with a biological parent,14.9,1,MZ,Mozambique,2009,MZ2009AIS,HC_ORPH_H_FOS,260861010,I,431005,1431005,Region,Tete,0,,0,1,HCORPHHFOS,MZAIS2009431005,2009,AIS,525,543,,,1
MOZ,Manica,4224879,Households with children not living with a biological parent,21,1,MZ,Mozambique,2009,MZ2009AIS,HC_ORPH_H_FOS,260861010,I,431006,1431006,Region,Manica,0,,0,1,HCORPHHFOS,MZAIS2009431006,2009,AIS,371,510,,,1
MOZ,Sofala,3455590,Households with children not living with a biological parent,25.1,1,MZ,Mozambique,2009,MZ2009AIS,HC_ORPH_H_FOS,260861010,I,431007,1431007,Region,Sofala,0,,0,1,HCORPHHFOS,MZAIS2009431007,2009,AIS,445,552,,,1
MOZ,Inhambane,3006275,Households with children not living with a biological parent,40.3,1,MZ,Mozambique,2009,MZ2009AIS,HC_ORPH_H_FOS,260861010,I,431008,1431008,Region,Inhambane,0,,0,1,HCORPHHFOS,MZAIS2009431008,2009,AIS,377,527,,,1
MOZ,Gaza,5945794,Households with children not living with a biological parent,33.7,1,MZ,Mozambique,2009,MZ2009AIS,HC_ORPH_H_FOS,260861010,I,431009,1431009,Region,Gaza,0,,0,1,HCORPHHFOS,MZAIS2009431009,2009,AIS,335,504,,,1
MOZ,Maputo Provincia,7086207,Households with children not living with a biological parent,26.7,1,MZ,Mozambique,2009,MZ2009AIS,HC_ORPH_H_FOS,260861010,I,431010,1431010,Region,Maputo Provincia,0,,0,1,HCORPHHFOS,MZAIS2009431010,2009,AIS,354,474,,,1
MOZ,Maputo Cidade,2754148,Households with children not living with a biological parent,24.9,1,MZ,Mozambique,2009,MZ2009AIS,HC_ORPH_H_FOS,260861010,I,431011,1431011,Region,Maputo Cidade,0,,0,1,HCORPHHFOS,MZAIS2009431011,2009,AIS,293,571,,,1
MOZ,Niassa,1170281,Households with double orphans,3.7,1,MZ,Mozambique,2009,MZ2009AIS,HC_ORPH_H_DBL,260861020,I,431001,1431001,Region,Niassa,0,,0,1,HCORPHHDBL,MZAIS2009431001,2009,AIS,353,506,,,1
MOZ,Cabo Delgado,6152961,Households with double orphans,1.6,1,MZ,Mozambique,2009,MZ2009AIS,HC_ORPH_H_DBL,260861020,I,431002,1431002,Region,Cabo Delgado,0,,0,1,HCORPHHDBL,MZAIS2009431002,2009,AIS,538,546,,,1
MOZ,Nampula,6967855,Households with double orphans,1.8,1,MZ,Mozambique,2009,MZ2009AIS,HC_ORPH_H_DBL,260861020,I,431003,1431003,Region,Nampula,0,,0,1,HCORPHHDBL,MZAIS2009431003,2009,AIS,1309,679,,,1
MOZ,Zambézia,1177919,Households with double orphans,3.2,1,MZ,Mozambique,2009,MZ2009AIS,HC_ORPH_H_DBL,260861020,I,431004,1431004,Region,Zambézia,0,,0,1,HCORPHHDBL,MZAIS2009431004,2009,AIS,1200,685,,,1
MOZ,Tete,4894124,Households with double orphans,2.2,1,MZ,Mozambique,2009,MZ2009AIS,HC_ORPH_H_DBL,260861020,I,431005,1431005,Region,Tete,0,,0,1,HCORPHHDBL,MZAIS2009431005,2009,AIS,525,543,,,1
MOZ,Manica,4224878,Households with double orphans,5.8,1,MZ,Mozambique,2009,MZ2009AIS,HC_ORPH_H_DBL,260861020,I,431006,1431006,Region,Manica,0,,0,1,HCORPHHDBL,MZAIS2009431006,2009,AIS,371,510,,,1
MOZ,Sofala,3455646,Households with double orphans,4.8,1,MZ,Mozambique,2009,MZ2009AIS,HC_ORPH_H_DBL,260861020,I,431007,1431007,Region,Sofala,0,,0,1,HCORPHHDBL,MZAIS2009431007,2009,AIS,445,552,,,1
MOZ,Inhambane,3006242,Households with double orphans,1.9,1,MZ,Mozambique,2009,MZ2009AIS,HC_ORPH_H_DBL,260861020,I,431008,1431008,Region,Inhambane,0,,0,1,HCORPHHDBL,MZAIS2009431008,2009,AIS,377,527,,,1
MOZ,Gaza,5945791,Households with double orphans,6.3,1,MZ,Mozambique,2009,MZ2009AIS,HC_ORPH_H_DBL,260861020,I,431009,1431009,Region,Gaza,0,,0,1,HCORPHHDBL,MZAIS2009431009,2009,AIS,335,504,,,1
MOZ,Maputo Provincia,7086203,Households with double orphans,3.2,1,MZ,Mozambique,2009,MZ2009AIS,HC_ORPH_H_DBL,260861020,I,431010,1431010,Region,Maputo Provincia,0,,0,1,HCORPHHDBL,MZAIS2009431010,2009,AIS,354,474,,,1
MOZ,Maputo Cidade,2754154,Households with double orphans,2.3,1,MZ,Mozambique,2009,MZ2009AIS,HC_ORPH_H_DBL,260861020,I,431011,1431011,Region,Maputo Cidade,0,,0,1,HCORPHHDBL,MZAIS2009431011,2009,AIS,293,571,,,1
MOZ,Niassa,1170237,Households with single orphans,13.1,1,MZ,Mozambique,2009,MZ2009AIS,HC_ORPH_H_SNG,260861030,I,431001,1431001,Region,Niassa,0,,0,1,HCORPHHSNG,MZAIS2009431001,2009,AIS,353,506,,,1
MOZ,Cabo Delgado,6152934,Households with single orphans,10.8,1,MZ,Mozambique,2009,MZ2009AIS,HC_ORPH_H_SNG,260861030,I,431002,1431002,Region,Cabo Delgado,0,,0,1,HCORPHHSNG,MZAIS2009431002,2009,AIS,538,546,,,1
MOZ,Nampula,6967849,Households with single orphans,14.6,1,MZ,Mozambique,2009,MZ2009AIS,HC_ORPH_H_SNG,260861030,I,431003,1431003,Region,Nampula,0,,0,1,HCORPHHSNG,MZAIS2009431003,2009,AIS,1309,679,,,1
MOZ,Zambézia,1177900,Households with single orphans,15.6,1,MZ,Mozambique,2009,MZ2009AIS,HC_ORPH_H_SNG,260861030,I,431004,1431004,Region,Zambézia,0,,0,1,HCORPHHSNG,MZAIS2009431004,2009,AIS,1200,685,,,1
MOZ,Tete,4894123,Households with single orphans,10.2,1,MZ,Mozambique,2009,MZ2009AIS,HC_ORPH_H_SNG,260861030,I,431005,1431005,Region,Tete,0,,0,1,HCORPHHSNG,MZAIS2009431005,2009,AIS,525,543,,,1
MOZ,Manica,4224880,Households with single orphans,15.7,1,MZ,Mozambique,2009,MZ2009AIS,HC_ORPH_H_SNG,260861030,I,431006,1431006,Region,Manica,0,,0,1,HCORPHHSNG,MZAIS2009431006,2009,AIS,371,510,,,1
MOZ,Sofala,3455647,Households with single orphans,20.8,1,MZ,Mozambique,2009,MZ2009AIS,HC_ORPH_H_SNG,260861030,I,431007,1431007,Region,Sofala,0,,0,1,HCORPHHSNG,MZAIS2009431007,2009,AIS,445,552,,,1
MOZ,Inhambane,3006243,Households with single orphans,17.1,1,MZ,Mozambique,2009,MZ2009AIS,HC_ORPH_H_SNG,260861030,I,431008,1431008,Region,Inhambane,0,,0,1,HCORPHHSNG,MZAIS2009431008,2009,AIS,377,527,,,1
MOZ,Gaza,5945799,Households with single orphans,23.5,1,MZ,Mozambique,2009,MZ2009AIS,HC_ORPH_H_SNG,260861030,I,431009,1431009,Region,Gaza,0,,0,1,HCORPHHSNG,MZAIS2009431009,2009,AIS,335,504,,,1
MOZ,Maputo Provincia,7086208,Households with single orphans,21.4,1,MZ,Mozambique,2009,MZ2009AIS,HC_ORPH_H_SNG,260861030,I,431010,1431010,Region,Maputo Provincia,0,,0,1,HCORPHHSNG,MZAIS2009431010,2009,AIS,354,474,,,1
MOZ,Maputo Cidade,2754146,Households with single orphans,15.5,1,MZ,Mozambique,2009,MZ2009AIS,HC_ORPH_H_SNG,260861030,I,431011,1431011,Region,Maputo Cidade,0,,0,1,HCORPHHSNG,MZAIS2009431011,2009,AIS,293,571,,,1
MOZ,Niassa,1170271,Households with orphans and/or children not living with a biological parent,33.2,1,MZ,Mozambique,2009,MZ2009AIS,HC_ORPH_H_FOR,260861040,I,431001,1431001,Region,Niassa,0,,0,1,HCORPHHFOR,MZAIS2009431001,2009,AIS,353,506,,,1
MOZ,Cabo Delgado,6152935,Households with orphans and/or children not living with a biological parent,28,1,MZ,Mozambique,2009,MZ2009AIS,HC_ORPH_H_FOR,260861040,I,431002,1431002,Region,Cabo Delgado,0,,0,1,HCORPHHFOR,MZAIS2009431002,2009,AIS,538,546,,,1
MOZ,Nampula,6967850,Households with orphans and/or children not living with a biological parent,35.9,1,MZ,Mozambique,2009,MZ2009AIS,HC_ORPH_H_FOR,260861040,I,431003,1431003,Region,Nampula,0,,0,1,HCORPHHFOR,MZAIS2009431003,2009,AIS,1309,679,,,1
MOZ,Zambézia,1177917,Households with orphans and/or children not living with a biological parent,26.7,1,MZ,Mozambique,2009,MZ2009AIS,HC_ORPH_H_FOR,260861040,I,431004,1431004,Region,Zambézia,0,,0,1,HCORPHHFOR,MZAIS2009431004,2009,AIS,1200,685,,,1
MOZ,Tete,4894151,Households with orphans and/or children not living with a biological parent,20.7,1,MZ,Mozambique,2009,MZ2009AIS,HC_ORPH_H_FOR,260861040,I,431005,1431005,Region,Tete,0,,0,1,HCORPHHFOR,MZAIS2009431005,2009,AIS,525,543,,,1
MOZ,Manica,4224881,Households with orphans and/or children not living with a biological parent,28.2,1,MZ,Mozambique,2009,MZ2009AIS,HC_ORPH_H_FOR,260861040,I,431006,1431006,Region,Manica,0,,0,1,HCORPHHFOR,MZAIS2009431006,2009,AIS,371,510,,,1
MOZ,Sofala,3455648,Households with orphans and/or children not living with a biological parent,35.8,1,MZ,Mozambique,2009,MZ2009AIS,HC_ORPH_H_FOR,260861040,I,431007,1431007,Region,Sofala,0,,0,1,HCORPHHFOR,MZAIS2009431007,2009,AIS,445,552,,,1
MOZ,Inhambane,3006279,Households with orphans and/or children not living with a biological parent,44.2,1,MZ,Mozambique,2009,MZ2009AIS,HC_ORPH_H_FOR,260861040,I,431008,1431008,Region,Inhambane,0,,0,1,HCORPHHFOR,MZAIS2009431008,2009,AIS,377,527,,,1
MOZ,Gaza,5945800,Households with orphans and/or children not living with a biological parent,42.5,1,MZ,Mozambique,2009,MZ2009AIS,HC_ORPH_H_FOR,260861040,I,431009,1431009,Region,Gaza,0,,0,1,HCORPHHFOR,MZAIS2009431009,2009,AIS,335,504,,,1
MOZ,Maputo Provincia,7086209,Households with orphans and/or children not living with a biological parent,34.2,1,MZ,Mozambique,2009,MZ2009AIS,HC_ORPH_H_FOR,260861040,I,431010,1431010,Region,Maputo Provincia,0,,0,1,HCORPHHFOR,MZAIS2009431010,2009,AIS,354,474,,,1
MOZ,Maputo Cidade,2754147,Households with orphans and/or children not living with a biological parent,29.8,1,MZ,Mozambique,2009,MZ2009AIS,HC_ORPH_H_FOR,260861040,I,431011,1431011,Region,Maputo Cidade,0,,0,1,HCORPHHFOR,MZAIS2009431011,2009,AIS,293,571,,,1
MOZ,Niassa,1170272,Number of households,353,0,MZ,Mozambique,2009,MZ2009AIS,HC_ORPH_H_NUM,260861050,D,431001,1431001,Region,Niassa,0,,0,1,HCORPHHNUM,MZAIS2009431001,2009,AIS,,506,,,1
MOZ,Cabo Delgado,6152936,Number of households,538,0,MZ,Mozambique,2009,MZ2009AIS,HC_ORPH_H_NUM,260861050,D,431002,1431002,Region,Cabo Delgado,0,,0,1,HCORPHHNUM,MZAIS2009431002,2009,AIS,,546,,,1
MOZ,Nampula,7019466,Number of households,1309,0,MZ,Mozambique,2009,MZ2009AIS,HC_ORPH_H_NUM,260861050,D,431003,1431003,Region,Nampula,0,,0,1,HCORPHHNUM,MZAIS2009431003,2009,AIS,,679,,,1
MOZ,Zambézia,1177918,Number of households,1200,0,MZ,Mozambique,2009,MZ2009AIS,HC_ORPH_H_NUM,260861050,D,431004,1431004,Region,Zambézia,0,,0,1,HCORPHHNUM,MZAIS2009431004,2009,AIS,,685,,,1
MOZ,Tete,5006417,Number of households,525,0,MZ,Mozambique,2009,MZ2009AIS,HC_ORPH_H_NUM,260861050,D,431005,1431005,Region,Tete,0,,0,1,HCORPHHNUM,MZAIS2009431005,2009,AIS,,543,,,1
MOZ,Manica,4328511,Number of households,371,0,MZ,Mozambique,2009,MZ2009AIS,HC_ORPH_H_NUM,260861050,D,431006,1431006,Region,Manica,0,,0,1,HCORPHHNUM,MZAIS2009431006,2009,AIS,,510,,,1
MOZ,Sofala,3567354,Number of households,445,0,MZ,Mozambique,2009,MZ2009AIS,HC_ORPH_H_NUM,260861050,D,431007,1431007,Region,Sofala,0,,0,1,HCORPHHNUM,MZAIS2009431007,2009,AIS,,552,,,1
MOZ,Inhambane,1162350,Number of households,377,0,MZ,Mozambique,2009,MZ2009AIS,HC_ORPH_H_NUM,260861050,D,431008,1431008,Region,Inhambane,0,,0,1,HCORPHHNUM,MZAIS2009431008,2009,AIS,,527,,,1
MOZ,Gaza,6004035,Number of households,335,0,MZ,Mozambique,2009,MZ2009AIS,HC_ORPH_H_NUM,260861050,D,431009,1431009,Region,Gaza,0,,0,1,HCORPHHNUM,MZAIS2009431009,2009,AIS,,504,,,1
MOZ,Maputo Provincia,7114399,Number of households,354,0,MZ,Mozambique,2009,MZ2009AIS,HC_ORPH_H_NUM,260861050,D,431010,1431010,Region,Maputo Provincia,0,,0,1,HCORPHHNUM,MZAIS2009431010,2009,AIS,,474,,,1
MOZ,Maputo Cidade,3390590,Number of households,293,0,MZ,Mozambique,2009,MZ2009AIS,HC_ORPH_H_NUM,260861050,D,431011,1431011,Region,Maputo Cidade,0,,0,1,HCORPHHNUM,MZAIS2009431011,2009,AIS,,571,,,1
MOZ,Niassa,1170329,Number of households (unweighted),506,0,MZ,Mozambique,2009,MZ2009AIS,HC_ORPH_H_UNW,260861060,U,431001,1431001,Region,Niassa,0,,0,1,HCORPHHUNW,MZAIS2009431001,2009,AIS,353,,,,1
MOZ,Cabo Delgado,1162353,Number of households (unweighted),546,0,MZ,Mozambique,2009,MZ2009AIS,HC_ORPH_H_UNW,260861060,U,431002,1431002,Region,Cabo Delgado,0,,0,1,HCORPHHUNW,MZAIS2009431002,2009,AIS,538,,,,1
MOZ,Nampula,577264,Number of households (unweighted),679,0,MZ,Mozambique,2009,MZ2009AIS,HC_ORPH_H_UNW,260861060,U,431003,1431003,Region,Nampula,0,,0,1,HCORPHHUNW,MZAIS2009431003,2009,AIS,1309,,,,1
MOZ,Zambézia,1177933,Number of households (unweighted),685,0,MZ,Mozambique,2009,MZ2009AIS,HC_ORPH_H_UNW,260861060,U,431004,1431004,Region,Zambézia,0,,0,1,HCORPHHUNW,MZAIS2009431004,2009,AIS,1200,,,,1
MOZ,Tete,213739,Number of households (unweighted),543,0,MZ,Mozambique,2009,MZ2009AIS,HC_ORPH_H_UNW,260861060,U,431005,1431005,Region,Tete,0,,0,1,HCORPHHUNW,MZAIS2009431005,2009,AIS,525,,,,1
MOZ,Manica,965149,Number of households (unweighted),510,0,MZ,Mozambique,2009,MZ2009AIS,HC_ORPH_H_UNW,260861060,U,431006,1431006,Region,Manica,0,,0,1,HCORPHHUNW,MZAIS2009431006,2009,AIS,371,,,,1
MOZ,Sofala,3336938,Number of households (unweighted),552,0,MZ,Mozambique,2009,MZ2009AIS,HC_ORPH_H_UNW,260861060,U,431007,1431007,Region,Sofala,0,,0,1,HCORPHHUNW,MZAIS2009431007,2009,AIS,445,,,,1
MOZ,Inhambane,3006311,Number of households (unweighted),527,0,MZ,Mozambique,2009,MZ2009AIS,HC_ORPH_H_UNW,260861060,U,431008,1431008,Region,Inhambane,0,,0,1,HCORPHHUNW,MZAIS2009431008,2009,AIS,377,,,,1
MOZ,Gaza,2729890,Number of households (unweighted),504,0,MZ,Mozambique,2009,MZ2009AIS,HC_ORPH_H_UNW,260861060,U,431009,1431009,Region,Gaza,0,,0,1,HCORPHHUNW,MZAIS2009431009,2009,AIS,335,,,,1
MOZ,Maputo Provincia,157414,Number of households (unweighted),474,0,MZ,Mozambique,2009,MZ2009AIS,HC_ORPH_H_UNW,260861060,U,431010,1431010,Region,Maputo Provincia,0,,0,1,HCORPHHUNW,MZAIS2009431010,2009,AIS,354,,,,1
MOZ,Maputo Cidade,6344189,Number of households (unweighted),571,0,MZ,Mozambique,2009,MZ2009AIS,HC_ORPH_H_UNW,260861060,U,431011,1431011,Region,Maputo Cidade,0,,0,1,HCORPHHUNW,MZAIS2009431011,2009,AIS,293,,,,1
MOZ,Niassa,1170333,Children living with both parents,61.1,1,MZ,Mozambique,2009,MZ2009AIS,HC_LVAR_C_BTH,260936010,I,431001,1431001,Region,Niassa,0,,0,1,HCLVARCBTH,MZAIS2009431001,2009,AIS,874,1221,,,1
MOZ,Cabo Delgado,5578156,Children living with both parents,46.3,1,MZ,Mozambique,2009,MZ2009AIS,HC_LVAR_C_BTH,260936010,I,431002,1431002,Region,Cabo Delgado,0,,0,1,HCLVARCBTH,MZAIS2009431002,2009,AIS,1058,1110,,,1
MOZ,Nampula,5246639,Children living with both parents,53.1,1,MZ,Mozambique,2009,MZ2009AIS,HC_LVAR_C_BTH,260936010,I,431003,1431003,Region,Nampula,0,,0,1,HCLVARCBTH,MZAIS2009431003,2009,AIS,3065,1555,,,1
MOZ,Zambézia,1177923,Children living with both parents,60,1,MZ,Mozambique,2009,MZ2009AIS,HC_LVAR_C_BTH,260936010,I,431004,1431004,Region,Zambézia,0,,0,1,HCLVARCBTH,MZAIS2009431004,2009,AIS,2981,1705,,,1
MOZ,Tete,4536265,Children living with both parents,59.4,1,MZ,Mozambique,2009,MZ2009AIS,HC_LVAR_C_BTH,260936010,I,431005,1431005,Region,Tete,0,,0,1,HCLVARCBTH,MZAIS2009431005,2009,AIS,1230,1242,,,1
MOZ,Manica,4035552,Children living with both parents,60.7,1,MZ,Mozambique,2009,MZ2009AIS,HC_LVAR_C_BTH,260936010,I,431006,1431006,Region,Manica,0,,0,1,HCLVARCBTH,MZAIS2009431006,2009,AIS,859,1167,,,1
MOZ,Sofala,3592767,Children living with both parents,53.6,1,MZ,Mozambique,2009,MZ2009AIS,HC_LVAR_C_BTH,260936010,I,431007,1431007,Region,Sofala,0,,0,1,HCLVARCBTH,MZAIS2009431007,2009,AIS,1149,1406,,,1
MOZ,Inhambane,3945532,Children living with both parents,32.4,1,MZ,Mozambique,2009,MZ2009AIS,HC_LVAR_C_BTH,260936010,I,431008,1431008,Region,Inhambane,0,,0,1,HCLVARCBTH,MZAIS2009431008,2009,AIS,881,1207,,,1
MOZ,Gaza,7237076,Children living with both parents,28,1,MZ,Mozambique,2009,MZ2009AIS,HC_LVAR_C_BTH,260936010,I,431009,1431009,Region,Gaza,0,,0,1,HCLVARCBTH,MZAIS2009431009,2009,AIS,811,1226,,,1
MOZ,Maputo Provincia,5092970,Children living with both parents,41,1,MZ,Mozambique,2009,MZ2009AIS,HC_LVAR_C_BTH,260936010,I,431010,1431010,Region,Maputo Provincia,0,,0,1,HCLVARCBTH,MZAIS2009431010,2009,AIS,752,948,,,1
MOZ,Maputo Cidade,1170428,Children living with both parents,42,1,MZ,Mozambique,2009,MZ2009AIS,HC_LVAR_C_BTH,260936010,I,431011,1431011,Region,Maputo Cidade,0,,0,1,HCLVARCBTH,MZAIS2009431011,2009,AIS,550,1057,,,1
MOZ,Niassa,1170340,"Children living with mother, father alive",12.6,1,MZ,Mozambique,2009,MZ2009AIS,HC_LVAR_C_MFA,260936020,I,431001,1431001,Region,Niassa,0,,0,1,HCLVARCMFA,MZAIS2009431001,2009,AIS,874,1221,,,1
MOZ,Cabo Delgado,5578157,"Children living with mother, father alive",28.1,1,MZ,Mozambique,2009,MZ2009AIS,HC_LVAR_C_MFA,260936020,I,431002,1431002,Region,Cabo Delgado,0,,0,1,HCLVARCMFA,MZAIS2009431002,2009,AIS,1058,1110,,,1
MOZ,Nampula,5246640,"Children living with mother, father alive",19,1,MZ,Mozambique,2009,MZ2009AIS,HC_LVAR_C_MFA,260936020,I,431003,1431003,Region,Nampula,0,,0,1,HCLVARCMFA,MZAIS2009431003,2009,AIS,3065,1555,,,1
MOZ,Zambézia,1177924,"Children living with mother, father alive",19.1,1,MZ,Mozambique,2009,MZ2009AIS,HC_LVAR_C_MFA,260936020,I,431004,1431004,Region,Zambézia,0,,0,1,HCLVARCMFA,MZAIS2009431004,2009,AIS,2981,1705,,,1
MOZ,Tete,4536266,"Children living with mother, father alive",23.9,1,MZ,Mozambique,2009,MZ2009AIS,HC_LVAR_C_MFA,260936020,I,431005,1431005,Region,Tete,0,,0,1,HCLVARCMFA,MZAIS2009431005,2009,AIS,1230,1242,,,1
MOZ,Manica,4035554,"Children living with mother, father alive",16.6,1,MZ,Mozambique,2009,MZ2009AIS,HC_LVAR_C_MFA,260936020,I,431006,1431006,Region,Manica,0,,0,1,HCLVARCMFA,MZAIS2009431006,2009,AIS,859,1167,,,1
MOZ,Sofala,3592768,"Children living with mother, father alive",17.6,1,MZ,Mozambique,2009,MZ2009AIS,HC_LVAR_C_MFA,260936020,I,431007,1431007,Region,Sofala,0,,0,1,HCLVARCMFA,MZAIS2009431007,2009,AIS,1149,1406,,,1
MOZ,Inhambane,3945533,"Children living with mother, father alive",29.4,1,MZ,Mozambique,2009,MZ2009AIS,HC_LVAR_C_MFA,260936020,I,431008,1431008,Region,Inhambane,0,,0,1,HCLVARCMFA,MZAIS2009431008,2009,AIS,881,1207,,,1
MOZ,Gaza,7237077,"Children living with mother, father alive",36.1,1,MZ,Mozambique,2009,MZ2009AIS,HC_LVAR_C_MFA,260936020,I,431009,1431009,Region,Gaza,0,,0,1,HCLVARCMFA,MZAIS2009431009,2009,AIS,811,1226,,,1
MOZ,Maputo Provincia,5092977,"Children living with mother, father alive",25.6,1,MZ,Mozambique,2009,MZ2009AIS,HC_LVAR_C_MFA,260936020,I,431010,1431010,Region,Maputo Provincia,0,,0,1,HCLVARCMFA,MZAIS2009431010,2009,AIS,752,948,,,1
MOZ,Maputo Cidade,1170429,"Children living with mother, father alive",24.8,1,MZ,Mozambique,2009,MZ2009AIS,HC_LVAR_C_MFA,260936020,I,431011,1431011,Region,Maputo Cidade,0,,0,1,HCLVARCMFA,MZAIS2009431011,2009,AIS,550,1057,,,1
MOZ,Niassa,1170341,"Children living with mother, father dead",2.9,1,MZ,Mozambique,2009,MZ2009AIS,HC_LVAR_C_MFD,260936030,I,431001,1431001,Region,Niassa,0,,0,1,HCLVARCMFD,MZAIS2009431001,2009,AIS,874,1221,,,1
MOZ,Cabo Delgado,5578158,"Children living with mother, father dead",4.3,1,MZ,Mozambique,2009,MZ2009AIS,HC_LVAR_C_MFD,260936030,I,431002,1431002,Region,Cabo Delgado,0,,0,1,HCLVARCMFD,MZAIS2009431002,2009,AIS,1058,1110,,,1
MOZ,Nampula,5246641,"Children living with mother, father dead",3,1,MZ,Mozambique,2009,MZ2009AIS,HC_LVAR_C_MFD,260936030,I,431003,1431003,Region,Nampula,0,,0,1,HCLVARCMFD,MZAIS2009431003,2009,AIS,3065,1555,,,1
MOZ,Zambézia,1177925,"Children living with mother, father dead",6.3,1,MZ,Mozambique,2009,MZ2009AIS,HC_LVAR_C_MFD,260936030,I,431004,1431004,Region,Zambézia,0,,0,1,HCLVARCMFD,MZAIS2009431004,2009,AIS,2981,1705,,,1
MOZ,Tete,4536267,"Children living with mother, father dead",5.4,1,MZ,Mozambique,2009,MZ2009AIS,HC_LVAR_C_MFD,260936030,I,431005,1431005,Region,Tete,0,,0,1,HCLVARCMFD,MZAIS2009431005,2009,AIS,1230,1242,,,1
MOZ,Manica,4035555,"Children living with mother, father dead",7.1,1,MZ,Mozambique,2009,MZ2009AIS,HC_LVAR_C_MFD,260936030,I,431006,1431006,Region,Manica,0,,0,1,HCLVARCMFD,MZAIS2009431006,2009,AIS,859,1167,,,1
MOZ,Sofala,3592769,"Children living with mother, father dead",8.3,1,MZ,Mozambique,2009,MZ2009AIS,HC_LVAR_C_MFD,260936030,I,431007,1431007,Region,Sofala,0,,0,1,HCLVARCMFD,MZAIS2009431007,2009,AIS,1149,1406,,,1
MOZ,Inhambane,3945534,"Children living with mother, father dead",3.5,1,MZ,Mozambique,2009,MZ2009AIS,HC_LVAR_C_MFD,260936030,I,431008,1431008,Region,Inhambane,0,,0,1,HCLVARCMFD,MZAIS2009431008,2009,AIS,881,1207,,,1
MOZ,Gaza,7237078,"Children living with mother, father dead",8.5,1,MZ,Mozambique,2009,MZ2009AIS,HC_LVAR_C_MFD,260936030,I,431009,1431009,Region,Gaza,0,,0,1,HCLVARCMFD,MZAIS2009431009,2009,AIS,811,1226,,,1
MOZ,Maputo Provincia,5092978,"Children living with mother, father dead",8.9,1,MZ,Mozambique,2009,MZ2009AIS,HC_LVAR_C_MFD,260936030,I,431010,1431010,Region,Maputo Provincia,0,,0,1,HCLVARCMFD,MZAIS2009431010,2009,AIS,752,948,,,1
MOZ,Maputo Cidade,1170430,"Children living with mother, father dead",6.3,1,MZ,Mozambique,2009,MZ2009AIS,HC_LVAR_C_MFD,260936030,I,431011,1431011,Region,Maputo Cidade,0,,0,1,HCLVARCMFD,MZAIS2009431011,2009,AIS,550,1057,,,1
MOZ,Niassa,1170307,"Children living with father, mother alive",3.5,1,MZ,Mozambique,2009,MZ2009AIS,HC_LVAR_C_FMA,260936040,I,431001,1431001,Region,Niassa,0,,0,1,HCLVARCFMA,MZAIS2009431001,2009,AIS,874,1221,,,1
MOZ,Cabo Delgado,5578159,"Children living with father, mother alive",3.4,1,MZ,Mozambique,2009,MZ2009AIS,HC_LVAR_C_FMA,260936040,I,431002,1431002,Region,Cabo Delgado,0,,0,1,HCLVARCFMA,MZAIS2009431002,2009,AIS,1058,1110,,,1
MOZ,Nampula,5246642,"Children living with father, mother alive",4.4,1,MZ,Mozambique,2009,MZ2009AIS,HC_LVAR_C_FMA,260936040,I,431003,1431003,Region,Nampula,0,,0,1,HCLVARCFMA,MZAIS2009431003,2009,AIS,3065,1555,,,1
MOZ,Zambézia,1177926,"Children living with father, mother alive",2.1,1,MZ,Mozambique,2009,MZ2009AIS,HC_LVAR_C_FMA,260936040,I,431004,1431004,Region,Zambézia,0,,0,1,HCLVARCFMA,MZAIS2009431004,2009,AIS,2981,1705,,,1
MOZ,Tete,4536268,"Children living with father, mother alive",0.9,1,MZ,Mozambique,2009,MZ2009AIS,HC_LVAR_C_FMA,260936040,I,431005,1431005,Region,Tete,0,,0,1,HCLVARCFMA,MZAIS2009431005,2009,AIS,1230,1242,,,1
MOZ,Manica,4035548,"Children living with father, mother alive",1,1,MZ,Mozambique,2009,MZ2009AIS,HC_LVAR_C_FMA,260936040,I,431006,1431006,Region,Manica,0,,0,1,HCLVARCFMA,MZAIS2009431006,2009,AIS,859,1167,,,1
MOZ,Sofala,3592772,"Children living with father, mother alive",2.8,1,MZ,Mozambique,2009,MZ2009AIS,HC_LVAR_C_FMA,260936040,I,431007,1431007,Region,Sofala,0,,0,1,HCLVARCFMA,MZAIS2009431007,2009,AIS,1149,1406,,,1
MOZ,Inhambane,3945527,"Children living with father, mother alive",3.5,1,MZ,Mozambique,2009,MZ2009AIS,HC_LVAR_C_FMA,260936040,I,431008,1431008,Region,Inhambane,0,,0,1,HCLVARCFMA,MZAIS2009431008,2009,AIS,881,1207,,,1
MOZ,Gaza,7237072,"Children living with father, mother alive",2.3,1,MZ,Mozambique,2009,MZ2009AIS,HC_LVAR_C_FMA,260936040,I,431009,1431009,Region,Gaza,0,,0,1,HCLVARCFMA,MZAIS2009431009,2009,AIS,811,1226,,,1
MOZ,Maputo Provincia,5092975,"Children living with father, mother alive",3.4,1,MZ,Mozambique,2009,MZ2009AIS,HC_LVAR_C_FMA,260936040,I,431010,1431010,Region,Maputo Provincia,0,,0,1,HCLVARCFMA,MZAIS2009431010,2009,AIS,752,948,,,1
MOZ,Maputo Cidade,1170447,"Children living with father, mother alive",4.6,1,MZ,Mozambique,2009,MZ2009AIS,HC_LVAR_C_FMA,260936040,I,431011,1431011,Region,Maputo Cidade,0,,0,1,HCLVARCFMA,MZAIS2009431011,2009,AIS,550,1057,,,1
MOZ,Niassa,1170342,"Children living with father, mother dead",1.1,1,MZ,Mozambique,2009,MZ2009AIS,HC_LVAR_C_FMD,260936050,I,431001,1431001,Region,Niassa,0,,0,1,HCLVARCFMD,MZAIS2009431001,2009,AIS,874,1221,,,1
MOZ,Cabo Delgado,5578153,"Children living with father, mother dead",0.2,1,MZ,Mozambique,2009,MZ2009AIS,HC_LVAR_C_FMD,260936050,I,431002,1431002,Region,Cabo Delgado,0,,0,1,HCLVARCFMD,MZAIS2009431002,2009,AIS,1058,1110,,,1
MOZ,Nampula,5246636,"Children living with father, mother dead",0.6,1,MZ,Mozambique,2009,MZ2009AIS,HC_LVAR_C_FMD,260936050,I,431003,1431003,Region,Nampula,0,,0,1,HCLVARCFMD,MZAIS2009431003,2009,AIS,3065,1555,,,1
MOZ,Zambézia,1177920,"Children living with father, mother dead",0.4,1,MZ,Mozambique,2009,MZ2009AIS,HC_LVAR_C_FMD,260936050,I,431004,1431004,Region,Zambézia,0,,0,1,HCLVARCFMD,MZAIS2009431004,2009,AIS,2981,1705,,,1
MOZ,Tete,4536264,"Children living with father, mother dead",0.5,1,MZ,Mozambique,2009,MZ2009AIS,HC_LVAR_C_FMD,260936050,I,431005,1431005,Region,Tete,0,,0,1,HCLVARCFMD,MZAIS2009431005,2009,AIS,1230,1242,,,1
MOZ,Manica,4035556,"Children living with father, mother dead",0.3,1,MZ,Mozambique,2009,MZ2009AIS,HC_LVAR_C_FMD,260936050,I,431006,1431006,Region,Manica,0,,0,1,HCLVARCFMD,MZAIS2009431006,2009,AIS,859,1167,,,1
MOZ,Sofala,3592770,"Children living with father, mother dead",2.7,1,MZ,Mozambique,2009,MZ2009AIS,HC_LVAR_C_FMD,260936050,I,431007,1431007,Region,Sofala,0,,0,1,HCLVARCFMD,MZAIS2009431007,2009,AIS,1149,1406,,,1
MOZ,Inhambane,3945535,"Children living with father, mother dead",0.5,1,MZ,Mozambique,2009,MZ2009AIS,HC_LVAR_C_FMD,260936050,I,431008,1431008,Region,Inhambane,0,,0,1,HCLVARCFMD,MZAIS2009431008,2009,AIS,881,1207,,,1
MOZ,Gaza,7237082,"Children living with father, mother dead",0.6,1,MZ,Mozambique,2009,MZ2009AIS,HC_LVAR_C_FMD,260936050,I,431009,1431009,Region,Gaza,0,,0,1,HCLVARCFMD,MZAIS2009431009,2009,AIS,811,1226,,,1
MOZ,Maputo Provincia,5092979,"Children living with father, mother dead",1.1,1,MZ,Mozambique,2009,MZ2009AIS,HC_LVAR_C_FMD,260936050,I,431010,1431010,Region,Maputo Provincia,0,,0,1,HCLVARCFMD,MZAIS2009431010,2009,AIS,752,948,,,1
MOZ,Maputo Cidade,1170425,"Children living with father, mother dead",1.2,1,MZ,Mozambique,2009,MZ2009AIS,HC_LVAR_C_FMD,260936050,I,431011,1431011,Region,Maputo Cidade,0,,0,1,HCLVARCFMD,MZAIS2009431011,2009,AIS,550,1057,,,1
MOZ,Niassa,1170308,"Children living with neither parent, both alive",12.1,1,MZ,Mozambique,2009,MZ2009AIS,HC_LVAR_C_NBA,260936060,I,431001,1431001,Region,Niassa,0,,0,1,HCLVARCNBA,MZAIS2009431001,2009,AIS,874,1221,,,1
MOZ,Cabo Delgado,5578160,"Children living with neither parent, both alive",13.3,1,MZ,Mozambique,2009,MZ2009AIS,HC_LVAR_C_NBA,260936060,I,431002,1431002,Region,Cabo Delgado,0,,0,1,HCLVARCNBA,MZAIS2009431002,2009,AIS,1058,1110,,,1
MOZ,Nampula,5246643,"Children living with neither parent, both alive",14.3,1,MZ,Mozambique,2009,MZ2009AIS,HC_LVAR_C_NBA,260936060,I,431003,1431003,Region,Nampula,0,,0,1,HCLVARCNBA,MZAIS2009431003,2009,AIS,3065,1555,,,1
MOZ,Zambézia,1177927,"Children living with neither parent, both alive",5.2,1,MZ,Mozambique,2009,MZ2009AIS,HC_LVAR_C_NBA,260936060,I,431004,1431004,Region,Zambézia,0,,0,1,HCLVARCNBA,MZAIS2009431004,2009,AIS,2981,1705,,,1
MOZ,Tete,4536277,"Children living with neither parent, both alive",5.7,1,MZ,Mozambique,2009,MZ2009AIS,HC_LVAR_C_NBA,260936060,I,431005,1431005,Region,Tete,0,,0,1,HCLVARCNBA,MZAIS2009431005,2009,AIS,1230,1242,,,1
MOZ,Manica,4035550,"Children living with neither parent, both alive",5.6,1,MZ,Mozambique,2009,MZ2009AIS,HC_LVAR_C_NBA,260936060,I,431006,1431006,Region,Manica,0,,0,1,HCLVARCNBA,MZAIS2009431006,2009,AIS,859,1167,,,1
MOZ,Sofala,3592773,"Children living with neither parent, both alive",8.1,1,MZ,Mozambique,2009,MZ2009AIS,HC_LVAR_C_NBA,260936060,I,431007,1431007,Region,Sofala,0,,0,1,HCLVARCNBA,MZAIS2009431007,2009,AIS,1149,1406,,,1
MOZ,Inhambane,3945551,"Children living with neither parent, both alive",20.5,1,MZ,Mozambique,2009,MZ2009AIS,HC_LVAR_C_NBA,260936060,I,431008,1431008,Region,Inhambane,0,,0,1,HCLVARCNBA,MZAIS2009431008,2009,AIS,881,1207,,,1
MOZ,Gaza,7237073,"Children living with neither parent, both alive",12.2,1,MZ,Mozambique,2009,MZ2009AIS,HC_LVAR_C_NBA,260936060,I,431009,1431009,Region,Gaza,0,,0,1,HCLVARCNBA,MZAIS2009431009,2009,AIS,811,1226,,,1
MOZ,Maputo Provincia,5092976,"Children living with neither parent, both alive",9.8,1,MZ,Mozambique,2009,MZ2009AIS,HC_LVAR_C_NBA,260936060,I,431010,1431010,Region,Maputo Provincia,0,,0,1,HCLVARCNBA,MZAIS2009431010,2009,AIS,752,948,,,1
MOZ,Maputo Cidade,1170448,"Children living with neither parent, both alive",12.9,1,MZ,Mozambique,2009,MZ2009AIS,HC_LVAR_C_NBA,260936060,I,431011,1431011,Region,Maputo Cidade,0,,0,1,HCLVARCNBA,MZAIS2009431011,2009,AIS,550,1057,,,1
MOZ,Niassa,1170343,"Children living with neither parent, mother alive",2.1,1,MZ,Mozambique,2009,MZ2009AIS,HC_LVAR_C_NMA,260936070,I,431001,1431001,Region,Niassa,0,,0,1,HCLVARCNMA,MZAIS2009431001,2009,AIS,874,1221,,,1
MOZ,Cabo Delgado,5578154,"Children living with neither parent, mother alive",1.6,1,MZ,Mozambique,2009,MZ2009AIS,HC_LVAR_C_NMA,260936070,I,431002,1431002,Region,Cabo Delgado,0,,0,1,HCLVARCNMA,MZAIS2009431002,2009,AIS,1058,1110,,,1
MOZ,Nampula,5246637,"Children living with neither parent, mother alive",2,1,MZ,Mozambique,2009,MZ2009AIS,HC_LVAR_C_NMA,260936070,I,431003,1431003,Region,Nampula,0,,0,1,HCLVARCNMA,MZAIS2009431003,2009,AIS,3065,1555,,,1
MOZ,Zambézia,1177921,"Children living with neither parent, mother alive",1.6,1,MZ,Mozambique,2009,MZ2009AIS,HC_LVAR_C_NMA,260936070,I,431004,1431004,Region,Zambézia,0,,0,1,HCLVARCNMA,MZAIS2009431004,2009,AIS,2981,1705,,,1
MOZ,Tete,4536280,"Children living with neither parent, mother alive",1,1,MZ,Mozambique,2009,MZ2009AIS,HC_LVAR_C_NMA,260936070,I,431005,1431005,Region,Tete,0,,0,1,HCLVARCNMA,MZAIS2009431005,2009,AIS,1230,1242,,,1
MOZ,Manica,4035557,"Children living with neither parent, mother alive",2.6,1,MZ,Mozambique,2009,MZ2009AIS,HC_LVAR_C_NMA,260936070,I,431006,1431006,Region,Manica,0,,0,1,HCLVARCNMA,MZAIS2009431006,2009,AIS,859,1167,,,1
MOZ,Sofala,3592771,"Children living with neither parent, mother alive",2.1,1,MZ,Mozambique,2009,MZ2009AIS,HC_LVAR_C_NMA,260936070,I,431007,1431007,Region,Sofala,0,,0,1,HCLVARCNMA,MZAIS2009431007,2009,AIS,1149,1406,,,1
MOZ,Inhambane,3945536,"Children living with neither parent, mother alive",3.6,1,MZ,Mozambique,2009,MZ2009AIS,HC_LVAR_C_NMA,260936070,I,431008,1431008,Region,Inhambane,0,,0,1,HCLVARCNMA,MZAIS2009431008,2009,AIS,881,1207,,,1
MOZ,Gaza,7237083,"Children living with neither parent, mother alive",3.7,1,MZ,Mozambique,2009,MZ2009AIS,HC_LVAR_C_NMA,260936070,I,431009,1431009,Region,Gaza,0,,0,1,HCLVARCNMA,MZAIS2009431009,2009,AIS,811,1226,,,1
MOZ,Maputo Provincia,5092980,"Children living with neither parent, mother alive",4.5,1,MZ,Mozambique,2009,MZ2009AIS,HC_LVAR_C_NMA,260936070,I,431010,1431010,Region,Maputo Provincia,0,,0,1,HCLVARCNMA,MZAIS2009431010,2009,AIS,752,948,,,1
MOZ,Maputo Cidade,1170426,"Children living with neither parent, mother alive",3.1,1,MZ,Mozambique,2009,MZ2009AIS,HC_LVAR_C_NMA,260936070,I,431011,1431011,Region,Maputo Cidade,0,,0,1,HCLVARCNMA,MZAIS2009431011,2009,AIS,550,1057,,,1
MOZ,Niassa,1170310,"Children living with neither parent, father alive",1.5,1,MZ,Mozambique,2009,MZ2009AIS,HC_LVAR_C_NFA,260936080,I,431001,1431001,Region,Niassa,0,,0,1,HCLVARCNFA,MZAIS2009431001,2009,AIS,874,1221,,,1
MOZ,Cabo Delgado,5578162,"Children living with neither parent, father alive",1.5,1,MZ,Mozambique,2009,MZ2009AIS,HC_LVAR_C_NFA,260936080,I,431002,1431002,Region,Cabo Delgado,0,,0,1,HCLVARCNFA,MZAIS2009431002,2009,AIS,1058,1110,,,1
MOZ,Nampula,5246645,"Children living with neither parent, father alive",2.1,1,MZ,Mozambique,2009,MZ2009AIS,HC_LVAR_C_NFA,260936080,I,431003,1431003,Region,Nampula,0,,0,1,HCLVARCNFA,MZAIS2009431003,2009,AIS,3065,1555,,,1
MOZ,Zambézia,1177929,"Children living with neither parent, father alive",2.7,1,MZ,Mozambique,2009,MZ2009AIS,HC_LVAR_C_NFA,260936080,I,431004,1431004,Region,Zambézia,0,,0,1,HCLVARCNFA,MZAIS2009431004,2009,AIS,2981,1705,,,1
MOZ,Tete,4536269,"Children living with neither parent, father alive",1.5,1,MZ,Mozambique,2009,MZ2009AIS,HC_LVAR_C_NFA,260936080,I,431005,1431005,Region,Tete,0,,0,1,HCLVARCNFA,MZAIS2009431005,2009,AIS,1230,1242,,,1
MOZ,Manica,4035544,"Children living with neither parent, father alive",1.4,1,MZ,Mozambique,2009,MZ2009AIS,HC_LVAR_C_NFA,260936080,I,431006,1431006,Region,Manica,0,,0,1,HCLVARCNFA,MZAIS2009431006,2009,AIS,859,1167,,,1
MOZ,Sofala,3592763,"Children living with neither parent, father alive",1.9,1,MZ,Mozambique,2009,MZ2009AIS,HC_LVAR_C_NFA,260936080,I,431007,1431007,Region,Sofala,0,,0,1,HCLVARCNFA,MZAIS2009431007,2009,AIS,1149,1406,,,1
MOZ,Inhambane,3945528,"Children living with neither parent, father alive",2.4,1,MZ,Mozambique,2009,MZ2009AIS,HC_LVAR_C_NFA,260936080,I,431008,1431008,Region,Inhambane,0,,0,1,HCLVARCNFA,MZAIS2009431008,2009,AIS,881,1207,,,1
MOZ,Gaza,7237075,"Children living with neither parent, father alive",2.4,1,MZ,Mozambique,2009,MZ2009AIS,HC_LVAR_C_NFA,260936080,I,431009,1431009,Region,Gaza,0,,0,1,HCLVARCNFA,MZAIS2009431009,2009,AIS,811,1226,,,1
MOZ,Maputo Provincia,5092971,"Children living with neither parent, father alive",1.9,1,MZ,Mozambique,2009,MZ2009AIS,HC_LVAR_C_NFA,260936080,I,431010,1431010,Region,Maputo Provincia,0,,0,1,HCLVARCNFA,MZAIS2009431010,2009,AIS,752,948,,,1
MOZ,Maputo Cidade,1170421,"Children living with neither parent, father alive",2.6,1,MZ,Mozambique,2009,MZ2009AIS,HC_LVAR_C_NFA,260936080,I,431011,1431011,Region,Maputo Cidade,0,,0,1,HCLVARCNFA,MZAIS2009431011,2009,AIS,550,1057,,,1
MOZ,Niassa,1170311,"Children living with neither parent, both dead",2.6,1,MZ,Mozambique,2009,MZ2009AIS,HC_LVAR_C_NBD,260936090,I,431001,1431001,Region,Niassa,0,,0,1,HCLVARCNBD,MZAIS2009431001,2009,AIS,874,1221,,,1
MOZ,Cabo Delgado,5578168,"Children living with neither parent, both dead",0.8,1,MZ,Mozambique,2009,MZ2009AIS,HC_LVAR_C_NBD,260936090,I,431002,1431002,Region,Cabo Delgado,0,,0,1,HCLVARCNBD,MZAIS2009431002,2009,AIS,1058,1110,,,1
MOZ,Nampula,5246646,"Children living with neither parent, both dead",0.9,1,MZ,Mozambique,2009,MZ2009AIS,HC_LVAR_C_NBD,260936090,I,431003,1431003,Region,Nampula,0,,0,1,HCLVARCNBD,MZAIS2009431003,2009,AIS,3065,1555,,,1
MOZ,Zambézia,1177930,"Children living with neither parent, both dead",1.8,1,MZ,Mozambique,2009,MZ2009AIS,HC_LVAR_C_NBD,260936090,I,431004,1431004,Region,Zambézia,0,,0,1,HCLVARCNBD,MZAIS2009431004,2009,AIS,2981,1705,,,1
MOZ,Tete,4536270,"Children living with neither parent, both dead",1.2,1,MZ,Mozambique,2009,MZ2009AIS,HC_LVAR_C_NBD,260936090,I,431005,1431005,Region,Tete,0,,0,1,HCLVARCNBD,MZAIS2009431005,2009,AIS,1230,1242,,,1
MOZ,Manica,4035545,"Children living with neither parent, both dead",3.3,1,MZ,Mozambique,2009,MZ2009AIS,HC_LVAR_C_NBD,260936090,I,431006,1431006,Region,Manica,0,,0,1,HCLVARCNBD,MZAIS2009431006,2009,AIS,859,1167,,,1
MOZ,Sofala,3592764,"Children living with neither parent, both dead",2.1,1,MZ,Mozambique,2009,MZ2009AIS,HC_LVAR_C_NBD,260936090,I,431007,1431007,Region,Sofala,0,,0,1,HCLVARCNBD,MZAIS2009431007,2009,AIS,1149,1406,,,1
MOZ,Inhambane,3945529,"Children living with neither parent, both dead",1,1,MZ,Mozambique,2009,MZ2009AIS,HC_LVAR_C_NBD,260936090,I,431008,1431008,Region,Inhambane,0,,0,1,HCLVARCNBD,MZAIS2009431008,2009,AIS,881,1207,,,1
MOZ,Gaza,7237079,"Children living with neither parent, both dead",3.5,1,MZ,Mozambique,2009,MZ2009AIS,HC_LVAR_C_NBD,260936090,I,431009,1431009,Region,Gaza,0,,0,1,HCLVARCNBD,MZAIS2009431009,2009,AIS,811,1226,,,1
MOZ,Maputo Provincia,5092972,"Children living with neither parent, both dead",2,1,MZ,Mozambique,2009,MZ2009AIS,HC_LVAR_C_NBD,260936090,I,431010,1431010,Region,Maputo Provincia,0,,0,1,HCLVARCNBD,MZAIS2009431010,2009,AIS,752,948,,,1
MOZ,Maputo Cidade,1170422,"Children living with neither parent, both dead",1.6,1,MZ,Mozambique,2009,MZ2009AIS,HC_LVAR_C_NBD,260936090,I,431011,1431011,Region,Maputo Cidade,0,,0,1,HCLVARCNBD,MZAIS2009431011,2009,AIS,550,1057,,,1
MOZ,Niassa,1170312,Children with missing information on whether father/mother alive,0.7,1,MZ,Mozambique,2009,MZ2009AIS,HC_LVAR_C_NMS,260936100,I,431001,1431001,Region,Niassa,0,,0,1,HCLVARCNMS,MZAIS2009431001,2009,AIS,874,1221,,,1
MOZ,Cabo Delgado,5578169,Children with missing information on whether father/mother alive,0.5,1,MZ,Mozambique,2009,MZ2009AIS,HC_LVAR_C_NMS,260936100,I,431002,1431002,Region,Cabo Delgado,0,,0,1,HCLVARCNMS,MZAIS2009431002,2009,AIS,1058,1110,,,1
MOZ,Nampula,5246647,Children with missing information on whether father/mother alive,0.5,1,MZ,Mozambique,2009,MZ2009AIS,HC_LVAR_C_NMS,260936100,I,431003,1431003,Region,Nampula,0,,0,1,HCLVARCNMS,MZAIS2009431003,2009,AIS,3065,1555,,,1
MOZ,Zambézia,1177931,Children with missing information on whether father/mother alive,0.8,1,MZ,Mozambique,2009,MZ2009AIS,HC_LVAR_C_NMS,260936100,I,431004,1431004,Region,Zambézia,0,,0,1,HCLVARCNMS,MZAIS2009431004,2009,AIS,2981,1705,,,1
MOZ,Tete,4536275,Children with missing information on whether father/mother alive,0.4,1,MZ,Mozambique,2009,MZ2009AIS,HC_LVAR_C_NMS,260936100,I,431005,1431005,Region,Tete,0,,0,1,HCLVARCNMS,MZAIS2009431005,2009,AIS,1230,1242,,,1
MOZ,Manica,4035547,Children with missing information on whether father/mother alive,1.4,1,MZ,Mozambique,2009,MZ2009AIS,HC_LVAR_C_NMS,260936100,I,431006,1431006,Region,Manica,0,,0,1,HCLVARCNMS,MZAIS2009431006,2009,AIS,859,1167,,,1
MOZ,Sofala,3592765,Children with missing information on whether father/mother alive,0.7,1,MZ,Mozambique,2009,MZ2009AIS,HC_LVAR_C_NMS,260936100,I,431007,1431007,Region,Sofala,0,,0,1,HCLVARCNMS,MZAIS2009431007,2009,AIS,1149,1406,,,1
MOZ,Inhambane,3945530,Children with missing information on whether father/mother alive,3,1,MZ,Mozambique,2009,MZ2009AIS,HC_LVAR_C_NMS,260936100,I,431008,1431008,Region,Inhambane,0,,0,1,HCLVARCNMS,MZAIS2009431008,2009,AIS,881,1207,,,1
MOZ,Gaza,7237080,Children with missing information on whether father/mother alive,2.6,1,MZ,Mozambique,2009,MZ2009AIS,HC_LVAR_C_NMS,260936100,I,431009,1431009,Region,Gaza,0,,0,1,HCLVARCNMS,MZAIS2009431009,2009,AIS,811,1226,,,1
MOZ,Maputo Provincia,5092983,Children with missing information on whether father/mother alive,1.8,1,MZ,Mozambique,2009,MZ2009AIS,HC_LVAR_C_NMS,260936100,I,431010,1431010,Region,Maputo Provincia,0,,0,1,HCLVARCNMS,MZAIS2009431010,2009,AIS,752,948,,,1
MOZ,Maputo Cidade,1170423,Children with missing information on whether father/mother alive,0.8,1,MZ,Mozambique,2009,MZ2009AIS,HC_LVAR_C_NMS,260936100,I,431011,1431011,Region,Maputo Cidade,0,,0,1,HCLVARCNMS,MZAIS2009431011,2009,AIS,550,1057,,,1
MOZ,Niassa,1170313,Children: Total,100,1,MZ,Mozambique,2009,MZ2009AIS,HC_LVAR_C_TOT,260936110,T,431001,1431001,Region,Niassa,0,,0,1,HCLVARCTOT,MZAIS2009431001,2009,AIS,874,1221,,,1
MOZ,Cabo Delgado,5578170,Children: Total,100,1,MZ,Mozambique,2009,MZ2009AIS,HC_LVAR_C_TOT,260936110,T,431002,1431002,Region,Cabo Delgado,0,,0,1,HCLVARCTOT,MZAIS2009431002,2009,AIS,1058,1110,,,1
MOZ,Nampula,5246664,Children: Total,100,1,MZ,Mozambique,2009,MZ2009AIS,HC_LVAR_C_TOT,260936110,T,431003,1431003,Region,Nampula,0,,0,1,HCLVARCTOT,MZAIS2009431003,2009,AIS,3065,1555,,,1
MOZ,Zambézia,1177932,Children: Total,100,1,MZ,Mozambique,2009,MZ2009AIS,HC_LVAR_C_TOT,260936110,T,431004,1431004,Region,Zambézia,0,,0,1,HCLVARCTOT,MZAIS2009431004,2009,AIS,2981,1705,,,1
MOZ,Tete,4536276,Children: Total,100,1,MZ,Mozambique,2009,MZ2009AIS,HC_LVAR_C_TOT,260936110,T,431005,1431005,Region,Tete,0,,0,1,HCLVARCTOT,MZAIS2009431005,2009,AIS,1230,1242,,,1
MOZ,Manica,4035549,Children: Total,100,1,MZ,Mozambique,2009,MZ2009AIS,HC_LVAR_C_TOT,260936110,T,431006,1431006,Region,Manica,0,,0,1,HCLVARCTOT,MZAIS2009431006,2009,AIS,859,1167,,,1
MOZ,Sofala,3592766,Children: Total,100,1,MZ,Mozambique,2009,MZ2009AIS,HC_LVAR_C_TOT,260936110,T,431007,1431007,Region,Sofala,0,,0,1,HCLVARCTOT,MZAIS2009431007,2009,AIS,1149,1406,,,1
MOZ,Inhambane,3945531,Children: Total,100,1,MZ,Mozambique,2009,MZ2009AIS,HC_LVAR_C_TOT,260936110,T,431008,1431008,Region,Inhambane,0,,0,1,HCLVARCTOT,MZAIS2009431008,2009,AIS,881,1207,,,1
MOZ,Gaza,7237081,Children: Total,100,1,MZ,Mozambique,2009,MZ2009AIS,HC_LVAR_C_TOT,260936110,T,431009,1431009,Region,Gaza,0,,0,1,HCLVARCTOT,MZAIS2009431009,2009,AIS,811,1226,,,1
MOZ,Maputo Provincia,5092984,Children: Total,100,1,MZ,Mozambique,2009,MZ2009AIS,HC_LVAR_C_TOT,260936110,T,431010,1431010,Region,Maputo Provincia,0,,0,1,HCLVARCTOT,MZAIS2009431010,2009,AIS,752,948,,,1
MOZ,Maputo Cidade,1170424,Children: Total,100,1,MZ,Mozambique,2009,MZ2009AIS,HC_LVAR_C_TOT,260936110,T,431011,1431011,Region,Maputo Cidade,0,,0,1,HCLVARCTOT,MZAIS2009431011,2009,AIS,550,1057,,,1
MOZ,Niassa,1170344,Children not living with a biological parent,18.2,1,MZ,Mozambique,2009,MZ2009AIS,HC_LVAR_C_NBP,260936120,I,431001,1431001,Region,Niassa,0,,0,1,HCLVARCNBP,MZAIS2009431001,2009,AIS,874,1221,,,1
MOZ,Cabo Delgado,5578155,Children not living with a biological parent,17.2,1,MZ,Mozambique,2009,MZ2009AIS,HC_LVAR_C_NBP,260936120,I,431002,1431002,Region,Cabo Delgado,0,,0,1,HCLVARCNBP,MZAIS2009431002,2009,AIS,1058,1110,,,1
MOZ,Nampula,5246638,Children not living with a biological parent,19.4,1,MZ,Mozambique,2009,MZ2009AIS,HC_LVAR_C_NBP,260936120,I,431003,1431003,Region,Nampula,0,,0,1,HCLVARCNBP,MZAIS2009431003,2009,AIS,3065,1555,,,1
MOZ,Zambézia,1177922,Children not living with a biological parent,11.3,1,MZ,Mozambique,2009,MZ2009AIS,HC_LVAR_C_NBP,260936120,I,431004,1431004,Region,Zambézia,0,,0,1,HCLVARCNBP,MZAIS2009431004,2009,AIS,2981,1705,,,1
MOZ,Tete,4536281,Children not living with a biological parent,9.5,1,MZ,Mozambique,2009,MZ2009AIS,HC_LVAR_C_NBP,260936120,I,431005,1431005,Region,Tete,0,,0,1,HCLVARCNBP,MZAIS2009431005,2009,AIS,1230,1242,,,1
MOZ,Manica,4035558,Children not living with a biological parent,12.9,1,MZ,Mozambique,2009,MZ2009AIS,HC_LVAR_C_NBP,260936120,I,431006,1431006,Region,Manica,0,,0,1,HCLVARCNBP,MZAIS2009431006,2009,AIS,859,1167,,,1
MOZ,Sofala,3592775,Children not living with a biological parent,14.3,1,MZ,Mozambique,2009,MZ2009AIS,HC_LVAR_C_NBP,260936120,I,431007,1431007,Region,Sofala,0,,0,1,HCLVARCNBP,MZAIS2009431007,2009,AIS,1149,1406,,,1
MOZ,Inhambane,3945537,Children not living with a biological parent,27.6,1,MZ,Mozambique,2009,MZ2009AIS,HC_LVAR_C_NBP,260936120,I,431008,1431008,Region,Inhambane,0,,0,1,HCLVARCNBP,MZAIS2009431008,2009,AIS,881,1207,,,1
MOZ,Gaza,7237084,Children not living with a biological parent,21.8,1,MZ,Mozambique,2009,MZ2009AIS,HC_LVAR_C_NBP,260936120,I,431009,1431009,Region,Gaza,0,,0,1,HCLVARCNBP,MZAIS2009431009,2009,AIS,811,1226,,,1
MOZ,Maputo Provincia,5092981,Children not living with a biological parent,18.2,1,MZ,Mozambique,2009,MZ2009AIS,HC_LVAR_C_NBP,260936120,I,431010,1431010,Region,Maputo Provincia,0,,0,1,HCLVARCNBP,MZAIS2009431010,2009,AIS,752,948,,,1
MOZ,Maputo Cidade,1170427,Children not living with a biological parent,20.2,1,MZ,Mozambique,2009,MZ2009AIS,HC_LVAR_C_NBP,260936120,I,431011,1431011,Region,Maputo Cidade,0,,0,1,HCLVARCNBP,MZAIS2009431011,2009,AIS,550,1057,,,1
MOZ,Niassa,1170309,"Prevalence of orphanhood: children under 18 who are orphans - mother, father or both dead",10.2,1,MZ,Mozambique,2009,MZ2009AIS,HC_LVAR_C_P1D,260936130,I,431001,1431001,Region,Niassa,0,,0,1,HCLVARCP1D,MZAIS2009431001,2009,AIS,874,1221,,,1
MOZ,Cabo Delgado,5578161,"Prevalence of orphanhood: children under 18 who are orphans - mother, father or both dead",8.4,1,MZ,Mozambique,2009,MZ2009AIS,HC_LVAR_C_P1D,260936130,I,431002,1431002,Region,Cabo Delgado,0,,0,1,HCLVARCP1D,MZAIS2009431002,2009,AIS,1058,1110,,,1
MOZ,Nampula,5246644,"Prevalence of orphanhood: children under 18 who are orphans - mother, father or both dead",8.6,1,MZ,Mozambique,2009,MZ2009AIS,HC_LVAR_C_P1D,260936130,I,431003,1431003,Region,Nampula,0,,0,1,HCLVARCP1D,MZAIS2009431003,2009,AIS,3065,1555,,,1
MOZ,Zambézia,1177928,"Prevalence of orphanhood: children under 18 who are orphans - mother, father or both dead",12.9,1,MZ,Mozambique,2009,MZ2009AIS,HC_LVAR_C_P1D,260936130,I,431004,1431004,Region,Zambézia,0,,0,1,HCLVARCP1D,MZAIS2009431004,2009,AIS,2981,1705,,,1
MOZ,Tete,4536278,"Prevalence of orphanhood: children under 18 who are orphans - mother, father or both dead",9.6,1,MZ,Mozambique,2009,MZ2009AIS,HC_LVAR_C_P1D,260936130,I,431005,1431005,Region,Tete,0,,0,1,HCLVARCP1D,MZAIS2009431005,2009,AIS,1230,1242,,,1
MOZ,Manica,4035551,"Prevalence of orphanhood: children under 18 who are orphans - mother, father or both dead",14.9,1,MZ,Mozambique,2009,MZ2009AIS,HC_LVAR_C_P1D,260936130,I,431006,1431006,Region,Manica,0,,0,1,HCLVARCP1D,MZAIS2009431006,2009,AIS,859,1167,,,1
MOZ,Sofala,3592774,"Prevalence of orphanhood: children under 18 who are orphans - mother, father or both dead",17.2,1,MZ,Mozambique,2009,MZ2009AIS,HC_LVAR_C_P1D,260936130,I,431007,1431007,Region,Sofala,0,,0,1,HCLVARCP1D,MZAIS2009431007,2009,AIS,1149,1406,,,1
MOZ,Inhambane,3945552,"Prevalence of orphanhood: children under 18 who are orphans - mother, father or both dead",11.3,1,MZ,Mozambique,2009,MZ2009AIS,HC_LVAR_C_P1D,260936130,I,431008,1431008,Region,Inhambane,0,,0,1,HCLVARCP1D,MZAIS2009431008,2009,AIS,881,1207,,,1
MOZ,Gaza,7237074,"Prevalence of orphanhood: children under 18 who are orphans - mother, father or both dead",18.9,1,MZ,Mozambique,2009,MZ2009AIS,HC_LVAR_C_P1D,260936130,I,431009,1431009,Region,Gaza,0,,0,1,HCLVARCP1D,MZAIS2009431009,2009,AIS,811,1226,,,1
MOZ,Maputo Provincia,5092982,"Prevalence of orphanhood: children under 18 who are orphans - mother, father or both dead",18.6,1,MZ,Mozambique,2009,MZ2009AIS,HC_LVAR_C_P1D,260936130,I,431010,1431010,Region,Maputo Provincia,0,,0,1,HCLVARCP1D,MZAIS2009431010,2009,AIS,752,948,,,1
MOZ,Maputo Cidade,1170449,"Prevalence of orphanhood: children under 18 who are orphans - mother, father or both dead",15,1,MZ,Mozambique,2009,MZ2009AIS,HC_LVAR_C_P1D,260936130,I,431011,1431011,Region,Maputo Cidade,0,,0,1,HCLVARCP1D,MZAIS2009431011,2009,AIS,550,1057,,,1
MOZ,Niassa,1170367,Number of children,874,0,MZ,Mozambique,2009,MZ2009AIS,HC_LVAR_C_NUM,260936140,D,431001,1431001,Region,Niassa,0,,0,1,HCLVARCNUM,MZAIS2009431001,2009,AIS,,1221,,,1
MOZ,Cabo Delgado,5685411,Number of children,1058,0,MZ,Mozambique,2009,MZ2009AIS,HC_LVAR_C_NUM,260936140,D,431002,1431002,Region,Cabo Delgado,0,,0,1,HCLVARCNUM,MZAIS2009431002,2009,AIS,,1110,,,1
MOZ,Nampula,5332882,Number of children,3065,0,MZ,Mozambique,2009,MZ2009AIS,HC_LVAR_C_NUM,260936140,D,431003,1431003,Region,Nampula,0,,0,1,HCLVARCNUM,MZAIS2009431003,2009,AIS,,1555,,,1
MOZ,Zambézia,1177935,Number of children,2981,0,MZ,Mozambique,2009,MZ2009AIS,HC_LVAR_C_NUM,260936140,D,431004,1431004,Region,Zambézia,0,,0,1,HCLVARCNUM,MZAIS2009431004,2009,AIS,,1705,,,1
MOZ,Tete,4621416,Number of children,1230,0,MZ,Mozambique,2009,MZ2009AIS,HC_LVAR_C_NUM,260936140,D,431005,1431005,Region,Tete,0,,0,1,HCLVARCNUM,MZAIS2009431005,2009,AIS,,1242,,,1
MOZ,Manica,4320980,Number of children,859,0,MZ,Mozambique,2009,MZ2009AIS,HC_LVAR_C_NUM,260936140,D,431006,1431006,Region,Manica,0,,0,1,HCLVARCNUM,MZAIS2009431006,2009,AIS,,1167,,,1
MOZ,Sofala,3591812,Number of children,1149,0,MZ,Mozambique,2009,MZ2009AIS,HC_LVAR_C_NUM,260936140,D,431007,1431007,Region,Sofala,0,,0,1,HCLVARCNUM,MZAIS2009431007,2009,AIS,,1406,,,1
MOZ,Inhambane,4027602,Number of children,881,0,MZ,Mozambique,2009,MZ2009AIS,HC_LVAR_C_NUM,260936140,D,431008,1431008,Region,Inhambane,0,,0,1,HCLVARCNUM,MZAIS2009431008,2009,AIS,,1207,,,1
MOZ,Gaza,7241306,Number of children,811,0,MZ,Mozambique,2009,MZ2009AIS,HC_LVAR_C_NUM,260936140,D,431009,1431009,Region,Gaza,0,,0,1,HCLVARCNUM,MZAIS2009431009,2009,AIS,,1226,,,1
MOZ,Maputo Provincia,5180277,Number of children,752,0,MZ,Mozambique,2009,MZ2009AIS,HC_LVAR_C_NUM,260936140,D,431010,1431010,Region,Maputo Provincia,0,,0,1,HCLVARCNUM,MZAIS2009431010,2009,AIS,,948,,,1
MOZ,Maputo Cidade,3390722,Number of children,550,0,MZ,Mozambique,2009,MZ2009AIS,HC_LVAR_C_NUM,260936140,D,431011,1431011,Region,Maputo Cidade,0,,0,1,HCLVARCNUM,MZAIS2009431011,2009,AIS,,1057,,,1
MOZ,Niassa,1170450,Number of children (unweighted),1221,0,MZ,Mozambique,2009,MZ2009AIS,HC_LVAR_C_UNW,260936150,U,431001,1431001,Region,Niassa,0,,0,1,HCLVARCUNW,MZAIS2009431001,2009,AIS,874,,,,1
MOZ,Cabo Delgado,614926,Number of children (unweighted),1110,0,MZ,Mozambique,2009,MZ2009AIS,HC_LVAR_C_UNW,260936150,U,431002,1431002,Region,Cabo Delgado,0,,0,1,HCLVARCUNW,MZAIS2009431002,2009,AIS,1058,,,,1
MOZ,Nampula,577265,Number of children (unweighted),1555,0,MZ,Mozambique,2009,MZ2009AIS,HC_LVAR_C_UNW,260936150,U,431003,1431003,Region,Nampula,0,,0,1,HCLVARCUNW,MZAIS2009431003,2009,AIS,3065,,,,1
MOZ,Zambézia,1178004,Number of children (unweighted),1705,0,MZ,Mozambique,2009,MZ2009AIS,HC_LVAR_C_UNW,260936150,U,431004,1431004,Region,Zambézia,0,,0,1,HCLVARCUNW,MZAIS2009431004,2009,AIS,2981,,,,1
MOZ,Tete,125569,Number of children (unweighted),1242,0,MZ,Mozambique,2009,MZ2009AIS,HC_LVAR_C_UNW,260936150,U,431005,1431005,Region,Tete,0,,0,1,HCLVARCUNW,MZAIS2009431005,2009,AIS,1230,,,,1
MOZ,Manica,3027437,Number of children (unweighted),1167,0,MZ,Mozambique,2009,MZ2009AIS,HC_LVAR_C_UNW,260936150,U,431006,1431006,Region,Manica,0,,0,1,HCLVARCUNW,MZAIS2009431006,2009,AIS,859,,,,1
MOZ,Sofala,3336924,Number of children (unweighted),1406,0,MZ,Mozambique,2009,MZ2009AIS,HC_LVAR_C_UNW,260936150,U,431007,1431007,Region,Sofala,0,,0,1,HCLVARCUNW,MZAIS2009431007,2009,AIS,1149,,,,1
MOZ,Inhambane,2868065,Number of children (unweighted),1207,0,MZ,Mozambique,2009,MZ2009AIS,HC_LVAR_C_UNW,260936150,U,431008,1431008,Region,Inhambane,0,,0,1,HCLVARCUNW,MZAIS2009431008,2009,AIS,881,,,,1
MOZ,Gaza,2755556,Number of children (unweighted),1226,0,MZ,Mozambique,2009,MZ2009AIS,HC_LVAR_C_UNW,260936150,U,431009,1431009,Region,Gaza,0,,0,1,HCLVARCUNW,MZAIS2009431009,2009,AIS,811,,,,1
MOZ,Maputo Provincia,478935,Number of children (unweighted),948,0,MZ,Mozambique,2009,MZ2009AIS,HC_LVAR_C_UNW,260936150,U,431010,1431010,Region,Maputo Provincia,0,,0,1,HCLVARCUNW,MZAIS2009431010,2009,AIS,752,,,,1
MOZ,Maputo Cidade,6396044,Number of children (unweighted),1057,0,MZ,Mozambique,2009,MZ2009AIS,HC_LVAR_C_UNW,260936150,U,431011,1431011,Region,Maputo Cidade,0,,0,1,HCLVARCUNW,MZAIS2009431011,2009,AIS,550,,,,1
MOZ,Niassa,7487170,Households with children not living with a biological parent,27.8,1,MZ,Mozambique,2011,MZ2011DHS,HC_ORPH_H_FOS,260861010,I,431001,1431001,Region,Niassa,0,,0,1,HCORPHHFOS,MZDHS2011431001,2011,DHS,840,1193,,,1
MOZ,Cabo Delgado,4965929,Households with children not living with a biological parent,27.3,1,MZ,Mozambique,2011,MZ2011DHS,HC_ORPH_H_FOS,260861010,I,431002,1431002,Region,Cabo Delgado,0,,0,1,HCORPHHFOS,MZDHS2011431002,2011,DHS,1167,1277,,,1
MOZ,Nampula,464122,Households with children not living with a biological parent,33.1,1,MZ,Mozambique,2011,MZ2011DHS,HC_ORPH_H_FOS,260861010,I,431003,1431003,Region,Nampula,0,,0,1,HCORPHHFOS,MZDHS2011431003,2011,DHS,2561,1392,,,1
MOZ,Zambézia,2610733,Households with children not living with a biological parent,22.5,1,MZ,Mozambique,2011,MZ2011DHS,HC_ORPH_H_FOS,260861010,I,431004,1431004,Region,Zambézia,0,,0,1,HCORPHHFOS,MZDHS2011431004,2011,DHS,2510,1391,,,1
MOZ,Tete,6753792,Households with children not living with a biological parent,20.5,1,MZ,Mozambique,2011,MZ2011DHS,HC_ORPH_H_FOS,260861010,I,431005,1431005,Region,Tete,0,,0,1,HCORPHHFOS,MZDHS2011431005,2011,DHS,1636,1197,,,1
MOZ,Manica,6288148,Households with children not living with a biological parent,27.2,1,MZ,Mozambique,2011,MZ2011DHS,HC_ORPH_H_FOS,260861010,I,431006,1431006,Region,Manica,0,,0,1,HCORPHHFOS,MZDHS2011431006,2011,DHS,916,1191,,,1
MOZ,Sofala,1171073,Households with children not living with a biological parent,26.4,1,MZ,Mozambique,2011,MZ2011DHS,HC_ORPH_H_FOS,260861010,I,431007,1431007,Region,Sofala,0,,0,1,HCORPHHFOS,MZDHS2011431007,2011,DHS,1109,1307,,,1
MOZ,Inhambane,7068268,Households with children not living with a biological parent,33.9,1,MZ,Mozambique,2011,MZ2011DHS,HC_ORPH_H_FOS,260861010,I,431008,1431008,Region,Inhambane,0,,0,1,HCORPHHFOS,MZDHS2011431008,2011,DHS,874,1196,,,1
MOZ,Gaza,2762333,Households with children not living with a biological parent,36.7,1,MZ,Mozambique,2011,MZ2011DHS,HC_ORPH_H_FOS,260861010,I,431009,1431009,Region,Gaza,0,,0,1,HCORPHHFOS,MZDHS2011431009,2011,DHS,724,1184,,,1
MOZ,Maputo Provincia,7787750,Households with children not living with a biological parent,29.4,1,MZ,Mozambique,2011,MZ2011DHS,HC_ORPH_H_FOS,260861010,I,431010,1431010,Region,Maputo Provincia,0,,0,1,HCORPHHFOS,MZDHS2011431010,2011,DHS,943,1294,,,1
MOZ,Maputo Cidade,3539670,Households with children not living with a biological parent,28,1,MZ,Mozambique,2011,MZ2011DHS,HC_ORPH_H_FOS,260861010,I,431011,1431011,Region,Maputo Cidade,0,,0,1,HCORPHHFOS,MZDHS2011431011,2011,DHS,638,1297,,,1
MOZ,Niassa,7487171,Households with double orphans,1.7,1,MZ,Mozambique,2011,MZ2011DHS,HC_ORPH_H_DBL,260861020,I,431001,1431001,Region,Niassa,0,,0,1,HCORPHHDBL,MZDHS2011431001,2011,DHS,840,1193,,,1
MOZ,Cabo Delgado,4965928,Households with double orphans,2.2,1,MZ,Mozambique,2011,MZ2011DHS,HC_ORPH_H_DBL,260861020,I,431002,1431002,Region,Cabo Delgado,0,,0,1,HCORPHHDBL,MZDHS2011431002,2011,DHS,1167,1277,,,1
MOZ,Nampula,464123,Households with double orphans,1.6,1,MZ,Mozambique,2011,MZ2011DHS,HC_ORPH_H_DBL,260861020,I,431003,1431003,Region,Nampula,0,,0,1,HCORPHHDBL,MZDHS2011431003,2011,DHS,2561,1392,,,1
MOZ,Zambézia,2610734,Households with double orphans,2.9,1,MZ,Mozambique,2011,MZ2011DHS,HC_ORPH_H_DBL,260861020,I,431004,1431004,Region,Zambézia,0,,0,1,HCORPHHDBL,MZDHS2011431004,2011,DHS,2510,1391,,,1
MOZ,Tete,6753799,Households with double orphans,1.9,1,MZ,Mozambique,2011,MZ2011DHS,HC_ORPH_H_DBL,260861020,I,431005,1431005,Region,Tete,0,,0,1,HCORPHHDBL,MZDHS2011431005,2011,DHS,1636,1197,,,1
MOZ,Manica,6288149,Households with double orphans,5.2,1,MZ,Mozambique,2011,MZ2011DHS,HC_ORPH_H_DBL,260861020,I,431006,1431006,Region,Manica,0,,0,1,HCORPHHDBL,MZDHS2011431006,2011,DHS,916,1191,,,1
MOZ,Sofala,1171035,Households with double orphans,6.3,1,MZ,Mozambique,2011,MZ2011DHS,HC_ORPH_H_DBL,260861020,I,431007,1431007,Region,Sofala,0,,0,1,HCORPHHDBL,MZDHS2011431007,2011,DHS,1109,1307,,,1
MOZ,Inhambane,7068177,Households with double orphans,2,1,MZ,Mozambique,2011,MZ2011DHS,HC_ORPH_H_DBL,260861020,I,431008,1431008,Region,Inhambane,0,,0,1,HCORPHHDBL,MZDHS2011431008,2011,DHS,874,1196,,,1
MOZ,Gaza,2762334,Households with double orphans,6,1,MZ,Mozambique,2011,MZ2011DHS,HC_ORPH_H_DBL,260861020,I,431009,1431009,Region,Gaza,0,,0,1,HCORPHHDBL,MZDHS2011431009,2011,DHS,724,1184,,,1
MOZ,Maputo Provincia,7787751,Households with double orphans,3.4,1,MZ,Mozambique,2011,MZ2011DHS,HC_ORPH_H_DBL,260861020,I,431010,1431010,Region,Maputo Provincia,0,,0,1,HCORPHHDBL,MZDHS2011431010,2011,DHS,943,1294,,,1
MOZ,Maputo Cidade,3539675,Households with double orphans,2.7,1,MZ,Mozambique,2011,MZ2011DHS,HC_ORPH_H_DBL,260861020,I,431011,1431011,Region,Maputo Cidade,0,,0,1,HCORPHHDBL,MZDHS2011431011,2011,DHS,638,1297,,,1
MOZ,Niassa,7487172,Households with single orphans,12.3,1,MZ,Mozambique,2011,MZ2011DHS,HC_ORPH_H_SNG,260861030,I,431001,1431001,Region,Niassa,0,,0,1,HCORPHHSNG,MZDHS2011431001,2011,DHS,840,1193,,,1
MOZ,Cabo Delgado,4965870,Households with single orphans,12.8,1,MZ,Mozambique,2011,MZ2011DHS,HC_ORPH_H_SNG,260861030,I,431002,1431002,Region,Cabo Delgado,0,,0,1,HCORPHHSNG,MZDHS2011431002,2011,DHS,1167,1277,,,1
MOZ,Nampula,464104,Households with single orphans,12.3,1,MZ,Mozambique,2011,MZ2011DHS,HC_ORPH_H_SNG,260861030,I,431003,1431003,Region,Nampula,0,,0,1,HCORPHHSNG,MZDHS2011431003,2011,DHS,2561,1392,,,1
MOZ,Zambézia,2610689,Households with single orphans,18,1,MZ,Mozambique,2011,MZ2011DHS,HC_ORPH_H_SNG,260861030,I,431004,1431004,Region,Zambézia,0,,0,1,HCORPHHSNG,MZDHS2011431004,2011,DHS,2510,1391,,,1
MOZ,Tete,6753790,Households with single orphans,12.9,1,MZ,Mozambique,2011,MZ2011DHS,HC_ORPH_H_SNG,260861030,I,431005,1431005,Region,Tete,0,,0,1,HCORPHHSNG,MZDHS2011431005,2011,DHS,1636,1197,,,1
MOZ,Manica,6288150,Households with single orphans,17.4,1,MZ,Mozambique,2011,MZ2011DHS,HC_ORPH_H_SNG,260861030,I,431006,1431006,Region,Manica,0,,0,1,HCORPHHSNG,MZDHS2011431006,2011,DHS,916,1191,,,1
MOZ,Sofala,1171036,Households with single orphans,19.8,1,MZ,Mozambique,2011,MZ2011DHS,HC_ORPH_H_SNG,260861030,I,431007,1431007,Region,Sofala,0,,0,1,HCORPHHSNG,MZDHS2011431007,2011,DHS,1109,1307,,,1
MOZ,Inhambane,7068266,Households with single orphans,15.8,1,MZ,Mozambique,2011,MZ2011DHS,HC_ORPH_H_SNG,260861030,I,431008,1431008,Region,Inhambane,0,,0,1,HCORPHHSNG,MZDHS2011431008,2011,DHS,874,1196,,,1
MOZ,Gaza,2762362,Households with single orphans,23.9,1,MZ,Mozambique,2011,MZ2011DHS,HC_ORPH_H_SNG,260861030,I,431009,1431009,Region,Gaza,0,,0,1,HCORPHHSNG,MZDHS2011431009,2011,DHS,724,1184,,,1
MOZ,Maputo Provincia,7787749,Households with single orphans,17.3,1,MZ,Mozambique,2011,MZ2011DHS,HC_ORPH_H_SNG,260861030,I,431010,1431010,Region,Maputo Provincia,0,,0,1,HCORPHHSNG,MZDHS2011431010,2011,DHS,943,1294,,,1
MOZ,Maputo Cidade,3539673,Households with single orphans,14.7,1,MZ,Mozambique,2011,MZ2011DHS,HC_ORPH_H_SNG,260861030,I,431011,1431011,Region,Maputo Cidade,0,,0,1,HCORPHHSNG,MZDHS2011431011,2011,DHS,638,1297,,,1
MOZ,Niassa,7487173,Households with orphans and/or children not living with a biological parent,31.4,1,MZ,Mozambique,2011,MZ2011DHS,HC_ORPH_H_FOR,260861040,I,431001,1431001,Region,Niassa,0,,0,1,HCORPHHFOR,MZDHS2011431001,2011,DHS,840,1193,,,1
MOZ,Cabo Delgado,4965871,Households with orphans and/or children not living with a biological parent,31.1,1,MZ,Mozambique,2011,MZ2011DHS,HC_ORPH_H_FOR,260861040,I,431002,1431002,Region,Cabo Delgado,0,,0,1,HCORPHHFOR,MZDHS2011431002,2011,DHS,1167,1277,,,1
MOZ,Nampula,464118,Households with orphans and/or children not living with a biological parent,36.6,1,MZ,Mozambique,2011,MZ2011DHS,HC_ORPH_H_FOR,260861040,I,431003,1431003,Region,Nampula,0,,0,1,HCORPHHFOR,MZDHS2011431003,2011,DHS,2561,1392,,,1
MOZ,Zambézia,2610729,Households with orphans and/or children not living with a biological parent,30.5,1,MZ,Mozambique,2011,MZ2011DHS,HC_ORPH_H_FOR,260861040,I,431004,1431004,Region,Zambézia,0,,0,1,HCORPHHFOR,MZDHS2011431004,2011,DHS,2510,1391,,,1
MOZ,Tete,6753791,Households with orphans and/or children not living with a biological parent,26.5,1,MZ,Mozambique,2011,MZ2011DHS,HC_ORPH_H_FOR,260861040,I,431005,1431005,Region,Tete,0,,0,1,HCORPHHFOR,MZDHS2011431005,2011,DHS,1636,1197,,,1
MOZ,Manica,6288151,Households with orphans and/or children not living with a biological parent,34.8,1,MZ,Mozambique,2011,MZ2011DHS,HC_ORPH_H_FOR,260861040,I,431006,1431006,Region,Manica,0,,0,1,HCORPHHFOR,MZDHS2011431006,2011,DHS,916,1191,,,1
MOZ,Sofala,1171037,Households with orphans and/or children not living with a biological parent,34.6,1,MZ,Mozambique,2011,MZ2011DHS,HC_ORPH_H_FOR,260861040,I,431007,1431007,Region,Sofala,0,,0,1,HCORPHHFOR,MZDHS2011431007,2011,DHS,1109,1307,,,1
MOZ,Inhambane,7068267,Households with orphans and/or children not living with a biological parent,39.6,1,MZ,Mozambique,2011,MZ2011DHS,HC_ORPH_H_FOR,260861040,I,431008,1431008,Region,Inhambane,0,,0,1,HCORPHHFOR,MZDHS2011431008,2011,DHS,874,1196,,,1
MOZ,Gaza,2762363,Households with orphans and/or children not living with a biological parent,45.1,1,MZ,Mozambique,2011,MZ2011DHS,HC_ORPH_H_FOR,260861040,I,431009,1431009,Region,Gaza,0,,0,1,HCORPHHFOR,MZDHS2011431009,2011,DHS,724,1184,,,1
MOZ,Maputo Provincia,7787752,Households with orphans and/or children not living with a biological parent,34.9,1,MZ,Mozambique,2011,MZ2011DHS,HC_ORPH_H_FOR,260861040,I,431010,1431010,Region,Maputo Provincia,0,,0,1,HCORPHHFOR,MZDHS2011431010,2011,DHS,943,1294,,,1
MOZ,Maputo Cidade,3539674,Households with orphans and/or children not living with a biological parent,33.3,1,MZ,Mozambique,2011,MZ2011DHS,HC_ORPH_H_FOR,260861040,I,431011,1431011,Region,Maputo Cidade,0,,0,1,HCORPHHFOR,MZDHS2011431011,2011,DHS,638,1297,,,1
MOZ,Niassa,7487183,Number of households,840,0,MZ,Mozambique,2011,MZ2011DHS,HC_ORPH_H_NUM,260861050,D,431001,1431001,Region,Niassa,0,,0,1,HCORPHHNUM,MZDHS2011431001,2011,DHS,,1193,,,1
MOZ,Cabo Delgado,5209971,Number of households,1167,0,MZ,Mozambique,2011,MZ2011DHS,HC_ORPH_H_NUM,260861050,D,431002,1431002,Region,Cabo Delgado,0,,0,1,HCORPHHNUM,MZDHS2011431002,2011,DHS,,1277,,,1
MOZ,Nampula,1178425,Number of households,2561,0,MZ,Mozambique,2011,MZ2011DHS,HC_ORPH_H_NUM,260861050,D,431003,1431003,Region,Nampula,0,,0,1,HCORPHHNUM,MZDHS2011431003,2011,DHS,,1392,,,1
MOZ,Zambézia,1186117,Number of households,2510,0,MZ,Mozambique,2011,MZ2011DHS,HC_ORPH_H_NUM,260861050,D,431004,1431004,Region,Zambézia,0,,0,1,HCORPHHNUM,MZDHS2011431004,2011,DHS,,1391,,,1
MOZ,Tete,6723079,Number of households,1636,0,MZ,Mozambique,2011,MZ2011DHS,HC_ORPH_H_NUM,260861050,D,431005,1431005,Region,Tete,0,,0,1,HCORPHHNUM,MZDHS2011431005,2011,DHS,,1197,,,1
MOZ,Manica,6409815,Number of households,916,0,MZ,Mozambique,2011,MZ2011DHS,HC_ORPH_H_NUM,260861050,D,431006,1431006,Region,Manica,0,,0,1,HCORPHHNUM,MZDHS2011431006,2011,DHS,,1191,,,1
MOZ,Sofala,1171038,Number of households,1109,0,MZ,Mozambique,2011,MZ2011DHS,HC_ORPH_H_NUM,260861050,D,431007,1431007,Region,Sofala,0,,0,1,HCORPHHNUM,MZDHS2011431007,2011,DHS,,1307,,,1
MOZ,Inhambane,7100100,Number of households,874,0,MZ,Mozambique,2011,MZ2011DHS,HC_ORPH_H_NUM,260861050,D,431008,1431008,Region,Inhambane,0,,0,1,HCORPHHNUM,MZDHS2011431008,2011,DHS,,1196,,,1
MOZ,Gaza,1162880,Number of households,724,0,MZ,Mozambique,2011,MZ2011DHS,HC_ORPH_H_NUM,260861050,D,431009,1431009,Region,Gaza,0,,0,1,HCORPHHNUM,MZDHS2011431009,2011,DHS,,1184,,,1
MOZ,Maputo Provincia,7787713,Number of households,943,0,MZ,Mozambique,2011,MZ2011DHS,HC_ORPH_H_NUM,260861050,D,431010,1431010,Region,Maputo Provincia,0,,0,1,HCORPHHNUM,MZDHS2011431010,2011,DHS,,1294,,,1
MOZ,Maputo Cidade,3856620,Number of households,638,0,MZ,Mozambique,2011,MZ2011DHS,HC_ORPH_H_NUM,260861050,D,431011,1431011,Region,Maputo Cidade,0,,0,1,HCORPHHNUM,MZDHS2011431011,2011,DHS,,1297,,,1
MOZ,Niassa,7482636,Number of households (unweighted),1193,0,MZ,Mozambique,2011,MZ2011DHS,HC_ORPH_H_UNW,260861060,U,431001,1431001,Region,Niassa,0,,0,1,HCORPHHUNW,MZDHS2011431001,2011,DHS,840,,,,1
MOZ,Cabo Delgado,2763889,Number of households (unweighted),1277,0,MZ,Mozambique,2011,MZ2011DHS,HC_ORPH_H_UNW,260861060,U,431002,1431002,Region,Cabo Delgado,0,,0,1,HCORPHHUNW,MZDHS2011431002,2011,DHS,1167,,,,1
MOZ,Nampula,464124,Number of households (unweighted),1392,0,MZ,Mozambique,2011,MZ2011DHS,HC_ORPH_H_UNW,260861060,U,431003,1431003,Region,Nampula,0,,0,1,HCORPHHUNW,MZDHS2011431003,2011,DHS,2561,,,,1
MOZ,Zambézia,2610697,Number of households (unweighted),1391,0,MZ,Mozambique,2011,MZ2011DHS,HC_ORPH_H_UNW,260861060,U,431004,1431004,Region,Zambézia,0,,0,1,HCORPHHUNW,MZDHS2011431004,2011,DHS,2510,,,,1
MOZ,Tete,4934309,Number of households (unweighted),1197,0,MZ,Mozambique,2011,MZ2011DHS,HC_ORPH_H_UNW,260861060,U,431005,1431005,Region,Tete,0,,0,1,HCORPHHUNW,MZDHS2011431005,2011,DHS,1636,,,,1
MOZ,Manica,3375077,Number of households (unweighted),1191,0,MZ,Mozambique,2011,MZ2011DHS,HC_ORPH_H_UNW,260861060,U,431006,1431006,Region,Manica,0,,0,1,HCORPHHUNW,MZDHS2011431006,2011,DHS,916,,,,1
MOZ,Sofala,1171050,Number of households (unweighted),1307,0,MZ,Mozambique,2011,MZ2011DHS,HC_ORPH_H_UNW,260861060,U,431007,1431007,Region,Sofala,0,,0,1,HCORPHHUNW,MZDHS2011431007,2011,DHS,1109,,,,1
MOZ,Inhambane,426042,Number of households (unweighted),1196,0,MZ,Mozambique,2011,MZ2011DHS,HC_ORPH_H_UNW,260861060,U,431008,1431008,Region,Inhambane,0,,0,1,HCORPHHUNW,MZDHS2011431008,2011,DHS,874,,,,1
MOZ,Gaza,2762364,Number of households (unweighted),1184,0,MZ,Mozambique,2011,MZ2011DHS,HC_ORPH_H_UNW,260861060,U,431009,1431009,Region,Gaza,0,,0,1,HCORPHHUNW,MZDHS2011431009,2011,DHS,724,,,,1
MOZ,Maputo Provincia,7789352,Number of households (unweighted),1294,0,MZ,Mozambique,2011,MZ2011DHS,HC_ORPH_H_UNW,260861060,U,431010,1431010,Region,Maputo Provincia,0,,0,1,HCORPHHUNW,MZDHS2011431010,2011,DHS,943,,,,1
MOZ,Maputo Cidade,782223,Number of households (unweighted),1297,0,MZ,Mozambique,2011,MZ2011DHS,HC_ORPH_H_UNW,260861060,U,431011,1431011,Region,Maputo Cidade,0,,0,1,HCORPHHUNW,MZDHS2011431011,2011,DHS,638,,,,1
MOZ,Niassa,7487655,Children living with both parents,59,1,MZ,Mozambique,2011,MZ2011DHS,HC_LVAR_C_BTH,260936010,I,431001,1431001,Region,Niassa,0,,0,1,HCLVARCBTH,MZDHS2011431001,2011,DHS,2096,2970,,,1
MOZ,Cabo Delgado,3003130,Children living with both parents,53.5,1,MZ,Mozambique,2011,MZ2011DHS,HC_LVAR_C_BTH,260936010,I,431002,1431002,Region,Cabo Delgado,0,,0,1,HCLVARCBTH,MZDHS2011431002,2011,DHS,2574,2783,,,1
MOZ,Nampula,206908,Children living with both parents,50.4,1,MZ,Mozambique,2011,MZ2011DHS,HC_LVAR_C_BTH,260936010,I,431003,1431003,Region,Nampula,0,,0,1,HCLVARCBTH,MZDHS2011431003,2011,DHS,4906,2627,,,1
MOZ,Zambézia,4187156,Children living with both parents,59.3,1,MZ,Mozambique,2011,MZ2011DHS,HC_LVAR_C_BTH,260936010,I,431004,1431004,Region,Zambézia,0,,0,1,HCLVARCBTH,MZDHS2011431004,2011,DHS,6453,3623,,,1
MOZ,Tete,4592009,Children living with both parents,65.6,1,MZ,Mozambique,2011,MZ2011DHS,HC_LVAR_C_BTH,260936010,I,431005,1431005,Region,Tete,0,,0,1,HCLVARCBTH,MZDHS2011431005,2011,DHS,4214,3081,,,1
MOZ,Manica,6696349,Children living with both parents,45,1,MZ,Mozambique,2011,MZ2011DHS,HC_LVAR_C_BTH,260936010,I,431006,1431006,Region,Manica,0,,0,1,HCLVARCBTH,MZDHS2011431006,2011,DHS,2275,2993,,,1
MOZ,Sofala,1171056,Children living with both parents,58.4,1,MZ,Mozambique,2011,MZ2011DHS,HC_LVAR_C_BTH,260936010,I,431007,1431007,Region,Sofala,0,,0,1,HCLVARCBTH,MZDHS2011431007,2011,DHS,3067,3683,,,1
MOZ,Inhambane,5720977,Children living with both parents,34.3,1,MZ,Mozambique,2011,MZ2011DHS,HC_LVAR_C_BTH,260936010,I,431008,1431008,Region,Inhambane,0,,0,1,HCLVARCBTH,MZDHS2011431008,2011,DHS,1941,2674,,,1
MOZ,Gaza,1162893,Children living with both parents,28,1,MZ,Mozambique,2011,MZ2011DHS,HC_LVAR_C_BTH,260936010,I,431009,1431009,Region,Gaza,0,,0,1,HCLVARCBTH,MZDHS2011431009,2011,DHS,1922,3122,,,1
MOZ,Maputo Provincia,7788040,Children living with both parents,42.7,1,MZ,Mozambique,2011,MZ2011DHS,HC_LVAR_C_BTH,260936010,I,431010,1431010,Region,Maputo Provincia,0,,0,1,HCLVARCBTH,MZDHS2011431010,2011,DHS,2018,2787,,,1
MOZ,Maputo Cidade,3328491,Children living with both parents,43.9,1,MZ,Mozambique,2011,MZ2011DHS,HC_LVAR_C_BTH,260936010,I,431011,1431011,Region,Maputo Cidade,0,,0,1,HCLVARCBTH,MZDHS2011431011,2011,DHS,1365,2791,,,1
MOZ,Niassa,7487656,"Children living with mother, father alive",17.7,1,MZ,Mozambique,2011,MZ2011DHS,HC_LVAR_C_MFA,260936020,I,431001,1431001,Region,Niassa,0,,0,1,HCLVARCMFA,MZDHS2011431001,2011,DHS,2096,2970,,,1
MOZ,Cabo Delgado,3003131,"Children living with mother, father alive",21.7,1,MZ,Mozambique,2011,MZ2011DHS,HC_LVAR_C_MFA,260936020,I,431002,1431002,Region,Cabo Delgado,0,,0,1,HCLVARCMFA,MZDHS2011431002,2011,DHS,2574,2783,,,1
MOZ,Nampula,206909,"Children living with mother, father alive",17.9,1,MZ,Mozambique,2011,MZ2011DHS,HC_LVAR_C_MFA,260936020,I,431003,1431003,Region,Nampula,0,,0,1,HCLVARCMFA,MZDHS2011431003,2011,DHS,4906,2627,,,1
MOZ,Zambézia,4187157,"Children living with mother, father alive",18.2,1,MZ,Mozambique,2011,MZ2011DHS,HC_LVAR_C_MFA,260936020,I,431004,1431004,Region,Zambézia,0,,0,1,HCLVARCMFA,MZDHS2011431004,2011,DHS,6453,3623,,,1
MOZ,Tete,4592012,"Children living with mother, father alive",13.9,1,MZ,Mozambique,2011,MZ2011DHS,HC_LVAR_C_MFA,260936020,I,431005,1431005,Region,Tete,0,,0,1,HCLVARCMFA,MZDHS2011431005,2011,DHS,4214,3081,,,1
MOZ,Manica,6696309,"Children living with mother, father alive",25.2,1,MZ,Mozambique,2011,MZ2011DHS,HC_LVAR_C_MFA,260936020,I,431006,1431006,Region,Manica,0,,0,1,HCLVARCMFA,MZDHS2011431006,2011,DHS,2275,2993,,,1
MOZ,Sofala,1171057,"Children living with mother, father alive",14.9,1,MZ,Mozambique,2011,MZ2011DHS,HC_LVAR_C_MFA,260936020,I,431007,1431007,Region,Sofala,0,,0,1,HCLVARCMFA,MZDHS2011431007,2011,DHS,3067,3683,,,1
MOZ,Inhambane,5721005,"Children living with mother, father alive",31.2,1,MZ,Mozambique,2011,MZ2011DHS,HC_LVAR_C_MFA,260936020,I,431008,1431008,Region,Inhambane,0,,0,1,HCLVARCMFA,MZDHS2011431008,2011,DHS,1941,2674,,,1
MOZ,Gaza,1162903,"Children living with mother, father alive",33.3,1,MZ,Mozambique,2011,MZ2011DHS,HC_LVAR_C_MFA,260936020,I,431009,1431009,Region,Gaza,0,,0,1,HCLVARCMFA,MZDHS2011431009,2011,DHS,1922,3122,,,1
MOZ,Maputo Provincia,7788041,"Children living with mother, father alive",24.2,1,MZ,Mozambique,2011,MZ2011DHS,HC_LVAR_C_MFA,260936020,I,431010,1431010,Region,Maputo Provincia,0,,0,1,HCLVARCMFA,MZDHS2011431010,2011,DHS,2018,2787,,,1
MOZ,Maputo Cidade,3328492,"Children living with mother, father alive",24.5,1,MZ,Mozambique,2011,MZ2011DHS,HC_LVAR_C_MFA,260936020,I,431011,1431011,Region,Maputo Cidade,0,,0,1,HCLVARCMFA,MZDHS2011431011,2011,DHS,1365,2791,,,1
MOZ,Niassa,7487657,"Children living with mother, father dead",2.5,1,MZ,Mozambique,2011,MZ2011DHS,HC_LVAR_C_MFD,260936030,I,431001,1431001,Region,Niassa,0,,0,1,HCLVARCMFD,MZDHS2011431001,2011,DHS,2096,2970,,,1
MOZ,Cabo Delgado,3003132,"Children living with mother, father dead",3.2,1,MZ,Mozambique,2011,MZ2011DHS,HC_LVAR_C_MFD,260936030,I,431002,1431002,Region,Cabo Delgado,0,,0,1,HCLVARCMFD,MZDHS2011431002,2011,DHS,2574,2783,,,1
MOZ,Nampula,206910,"Children living with mother, father dead",3.4,1,MZ,Mozambique,2011,MZ2011DHS,HC_LVAR_C_MFD,260936030,I,431003,1431003,Region,Nampula,0,,0,1,HCLVARCMFD,MZDHS2011431003,2011,DHS,4906,2627,,,1
MOZ,Zambézia,4187076,"Children living with mother, father dead",6,1,MZ,Mozambique,2011,MZ2011DHS,HC_LVAR_C_MFD,260936030,I,431004,1431004,Region,Zambézia,0,,0,1,HCLVARCMFD,MZDHS2011431004,2011,DHS,6453,3623,,,1
MOZ,Tete,4592083,"Children living with mother, father dead",4.8,1,MZ,Mozambique,2011,MZ2011DHS,HC_LVAR_C_MFD,260936030,I,431005,1431005,Region,Tete,0,,0,1,HCLVARCMFD,MZDHS2011431005,2011,DHS,4214,3081,,,1
MOZ,Manica,6696339,"Children living with mother, father dead",9.1,1,MZ,Mozambique,2011,MZ2011DHS,HC_LVAR_C_MFD,260936030,I,431006,1431006,Region,Manica,0,,0,1,HCLVARCMFD,MZDHS2011431006,2011,DHS,2275,2993,,,1
MOZ,Sofala,1171058,"Children living with mother, father dead",6.4,1,MZ,Mozambique,2011,MZ2011DHS,HC_LVAR_C_MFD,260936030,I,431007,1431007,Region,Sofala,0,,0,1,HCLVARCMFD,MZDHS2011431007,2011,DHS,3067,3683,,,1
MOZ,Inhambane,5721006,"Children living with mother, father dead",5.8,1,MZ,Mozambique,2011,MZ2011DHS,HC_LVAR_C_MFD,260936030,I,431008,1431008,Region,Inhambane,0,,0,1,HCLVARCMFD,MZDHS2011431008,2011,DHS,1941,2674,,,1
MOZ,Gaza,1162940,"Children living with mother, father dead",9.8,1,MZ,Mozambique,2011,MZ2011DHS,HC_LVAR_C_MFD,260936030,I,431009,1431009,Region,Gaza,0,,0,1,HCLVARCMFD,MZDHS2011431009,2011,DHS,1922,3122,,,1
MOZ,Maputo Provincia,7788042,"Children living with mother, father dead",5.3,1,MZ,Mozambique,2011,MZ2011DHS,HC_LVAR_C_MFD,260936030,I,431010,1431010,Region,Maputo Provincia,0,,0,1,HCLVARCMFD,MZDHS2011431010,2011,DHS,2018,2787,,,1
MOZ,Maputo Cidade,3328493,"Children living with mother, father dead",5.2,1,MZ,Mozambique,2011,MZ2011DHS,HC_LVAR_C_MFD,260936030,I,431011,1431011,Region,Maputo Cidade,0,,0,1,HCLVARCMFD,MZDHS2011431011,2011,DHS,1365,2791,,,1
MOZ,Niassa,7487653,"Children living with father, mother alive",2.2,1,MZ,Mozambique,2011,MZ2011DHS,HC_LVAR_C_FMA,260936040,I,431001,1431001,Region,Niassa,0,,0,1,HCLVARCFMA,MZDHS2011431001,2011,DHS,2096,2970,,,1
MOZ,Cabo Delgado,3003133,"Children living with father, mother alive",2.6,1,MZ,Mozambique,2011,MZ2011DHS,HC_LVAR_C_FMA,260936040,I,431002,1431002,Region,Cabo Delgado,0,,0,1,HCLVARCFMA,MZDHS2011431002,2011,DHS,2574,2783,,,1
MOZ,Nampula,206911,"Children living with father, mother alive",3.9,1,MZ,Mozambique,2011,MZ2011DHS,HC_LVAR_C_FMA,260936040,I,431003,1431003,Region,Nampula,0,,0,1,HCLVARCFMA,MZDHS2011431003,2011,DHS,4906,2627,,,1
MOZ,Zambézia,4187087,"Children living with father, mother alive",2.4,1,MZ,Mozambique,2011,MZ2011DHS,HC_LVAR_C_FMA,260936040,I,431004,1431004,Region,Zambézia,0,,0,1,HCLVARCFMA,MZDHS2011431004,2011,DHS,6453,3623,,,1
MOZ,Tete,4592084,"Children living with father, mother alive",2.3,1,MZ,Mozambique,2011,MZ2011DHS,HC_LVAR_C_FMA,260936040,I,431005,1431005,Region,Tete,0,,0,1,HCLVARCFMA,MZDHS2011431005,2011,DHS,4214,3081,,,1
MOZ,Manica,6696340,"Children living with father, mother alive",3.3,1,MZ,Mozambique,2011,MZ2011DHS,HC_LVAR_C_FMA,260936040,I,431006,1431006,Region,Manica,0,,0,1,HCLVARCFMA,MZDHS2011431006,2011,DHS,2275,2993,,,1
MOZ,Sofala,1171064,"Children living with father, mother alive",4.2,1,MZ,Mozambique,2011,MZ2011DHS,HC_LVAR_C_FMA,260936040,I,431007,1431007,Region,Sofala,0,,0,1,HCLVARCFMA,MZDHS2011431007,2011,DHS,3067,3683,,,1
MOZ,Inhambane,5721007,"Children living with father, mother alive",3.3,1,MZ,Mozambique,2011,MZ2011DHS,HC_LVAR_C_FMA,260936040,I,431008,1431008,Region,Inhambane,0,,0,1,HCLVARCFMA,MZDHS2011431008,2011,DHS,1941,2674,,,1
MOZ,Gaza,1162900,"Children living with father, mother alive",2.8,1,MZ,Mozambique,2011,MZ2011DHS,HC_LVAR_C_FMA,260936040,I,431009,1431009,Region,Gaza,0,,0,1,HCLVARCFMA,MZDHS2011431009,2011,DHS,1922,3122,,,1
MOZ,Maputo Provincia,7788038,"Children living with father, mother alive",4,1,MZ,Mozambique,2011,MZ2011DHS,HC_LVAR_C_FMA,260936040,I,431010,1431010,Region,Maputo Provincia,0,,0,1,HCLVARCFMA,MZDHS2011431010,2011,DHS,2018,2787,,,1
MOZ,Maputo Cidade,3328495,"Children living with father, mother alive",5.9,1,MZ,Mozambique,2011,MZ2011DHS,HC_LVAR_C_FMA,260936040,I,431011,1431011,Region,Maputo Cidade,0,,0,1,HCLVARCFMA,MZDHS2011431011,2011,DHS,1365,2791,,,1
MOZ,Niassa,7487663,"Children living with father, mother dead",0.7,1,MZ,Mozambique,2011,MZ2011DHS,HC_LVAR_C_FMD,260936050,I,431001,1431001,Region,Niassa,0,,0,1,HCLVARCFMD,MZDHS2011431001,2011,DHS,2096,2970,,,1
MOZ,Cabo Delgado,3003143,"Children living with father, mother dead",0.4,1,MZ,Mozambique,2011,MZ2011DHS,HC_LVAR_C_FMD,260936050,I,431002,1431002,Region,Cabo Delgado,0,,0,1,HCLVARCFMD,MZDHS2011431002,2011,DHS,2574,2783,,,1
MOZ,Nampula,206927,"Children living with father, mother dead",0.7,1,MZ,Mozambique,2011,MZ2011DHS,HC_LVAR_C_FMD,260936050,I,431003,1431003,Region,Nampula,0,,0,1,HCLVARCFMD,MZDHS2011431003,2011,DHS,4906,2627,,,1
MOZ,Zambézia,4187082,"Children living with father, mother dead",1.1,1,MZ,Mozambique,2011,MZ2011DHS,HC_LVAR_C_FMD,260936050,I,431004,1431004,Region,Zambézia,0,,0,1,HCLVARCFMD,MZDHS2011431004,2011,DHS,6453,3623,,,1
MOZ,Tete,4592096,"Children living with father, mother dead",1.3,1,MZ,Mozambique,2011,MZ2011DHS,HC_LVAR_C_FMD,260936050,I,431005,1431005,Region,Tete,0,,0,1,HCLVARCFMD,MZDHS2011431005,2011,DHS,4214,3081,,,1
MOZ,Manica,6696350,"Children living with father, mother dead",0.7,1,MZ,Mozambique,2011,MZ2011DHS,HC_LVAR_C_FMD,260936050,I,431006,1431006,Region,Manica,0,,0,1,HCLVARCFMD,MZDHS2011431006,2011,DHS,2275,2993,,,1
MOZ,Sofala,1171075,"Children living with father, mother dead",1.9,1,MZ,Mozambique,2011,MZ2011DHS,HC_LVAR_C_FMD,260936050,I,431007,1431007,Region,Sofala,0,,0,1,HCLVARCFMD,MZDHS2011431007,2011,DHS,3067,3683,,,1
MOZ,Inhambane,5721010,"Children living with father, mother dead",1.1,1,MZ,Mozambique,2011,MZ2011DHS,HC_LVAR_C_FMD,260936050,I,431008,1431008,Region,Inhambane,0,,0,1,HCLVARCFMD,MZDHS2011431008,2011,DHS,1941,2674,,,1
MOZ,Gaza,1162904,"Children living with father, mother dead",0.4,1,MZ,Mozambique,2011,MZ2011DHS,HC_LVAR_C_FMD,260936050,I,431009,1431009,Region,Gaza,0,,0,1,HCLVARCFMD,MZDHS2011431009,2011,DHS,1922,3122,,,1
MOZ,Maputo Provincia,7788044,"Children living with father, mother dead",1.1,1,MZ,Mozambique,2011,MZ2011DHS,HC_LVAR_C_FMD,260936050,I,431010,1431010,Region,Maputo Provincia,0,,0,1,HCLVARCFMD,MZDHS2011431010,2011,DHS,2018,2787,,,1
MOZ,Maputo Cidade,3328494,"Children living with father, mother dead",0.8,1,MZ,Mozambique,2011,MZ2011DHS,HC_LVAR_C_FMD,260936050,I,431011,1431011,Region,Maputo Cidade,0,,0,1,HCLVARCFMD,MZDHS2011431011,2011,DHS,1365,2791,,,1
MOZ,Niassa,7487654,"Children living with neither parent, both alive",12.5,1,MZ,Mozambique,2011,MZ2011DHS,HC_LVAR_C_NBA,260936060,I,431001,1431001,Region,Niassa,0,,0,1,HCLVARCNBA,MZDHS2011431001,2011,DHS,2096,2970,,,1
MOZ,Cabo Delgado,3003136,"Children living with neither parent, both alive",12.1,1,MZ,Mozambique,2011,MZ2011DHS,HC_LVAR_C_NBA,260936060,I,431002,1431002,Region,Cabo Delgado,0,,0,1,HCLVARCNBA,MZDHS2011431002,2011,DHS,2574,2783,,,1
MOZ,Nampula,206912,"Children living with neither parent, both alive",17.3,1,MZ,Mozambique,2011,MZ2011DHS,HC_LVAR_C_NBA,260936060,I,431003,1431003,Region,Nampula,0,,0,1,HCLVARCNBA,MZDHS2011431003,2011,DHS,4906,2627,,,1
MOZ,Zambézia,4187155,"Children living with neither parent, both alive",6.4,1,MZ,Mozambique,2011,MZ2011DHS,HC_LVAR_C_NBA,260936060,I,431004,1431004,Region,Zambézia,0,,0,1,HCLVARCNBA,MZDHS2011431004,2011,DHS,6453,3623,,,1
MOZ,Tete,4592085,"Children living with neither parent, both alive",7.7,1,MZ,Mozambique,2011,MZ2011DHS,HC_LVAR_C_NBA,260936060,I,431005,1431005,Region,Tete,0,,0,1,HCLVARCNBA,MZDHS2011431005,2011,DHS,4214,3081,,,1
MOZ,Manica,6696341,"Children living with neither parent, both alive",9.2,1,MZ,Mozambique,2011,MZ2011DHS,HC_LVAR_C_NBA,260936060,I,431006,1431006,Region,Manica,0,,0,1,HCLVARCNBA,MZDHS2011431006,2011,DHS,2275,2993,,,1
MOZ,Sofala,1171065,"Children living with neither parent, both alive",6.1,1,MZ,Mozambique,2011,MZ2011DHS,HC_LVAR_C_NBA,260936060,I,431007,1431007,Region,Sofala,0,,0,1,HCLVARCNBA,MZDHS2011431007,2011,DHS,3067,3683,,,1
MOZ,Inhambane,5721008,"Children living with neither parent, both alive",16.1,1,MZ,Mozambique,2011,MZ2011DHS,HC_LVAR_C_NBA,260936060,I,431008,1431008,Region,Inhambane,0,,0,1,HCLVARCNBA,MZDHS2011431008,2011,DHS,1941,2674,,,1
MOZ,Gaza,1162901,"Children living with neither parent, both alive",15,1,MZ,Mozambique,2011,MZ2011DHS,HC_LVAR_C_NBA,260936060,I,431009,1431009,Region,Gaza,0,,0,1,HCLVARCNBA,MZDHS2011431009,2011,DHS,1922,3122,,,1
MOZ,Maputo Provincia,7788039,"Children living with neither parent, both alive",13.9,1,MZ,Mozambique,2011,MZ2011DHS,HC_LVAR_C_NBA,260936060,I,431010,1431010,Region,Maputo Provincia,0,,0,1,HCLVARCNBA,MZDHS2011431010,2011,DHS,2018,2787,,,1
MOZ,Maputo Cidade,3328496,"Children living with neither parent, both alive",13,1,MZ,Mozambique,2011,MZ2011DHS,HC_LVAR_C_NBA,260936060,I,431011,1431011,Region,Maputo Cidade,0,,0,1,HCLVARCNBA,MZDHS2011431011,2011,DHS,1365,2791,,,1
MOZ,Niassa,7487664,"Children living with neither parent, mother alive",2.1,1,MZ,Mozambique,2011,MZ2011DHS,HC_LVAR_C_NMA,260936070,I,431001,1431001,Region,Niassa,0,,0,1,HCLVARCNMA,MZDHS2011431001,2011,DHS,2096,2970,,,1
MOZ,Cabo Delgado,3003144,"Children living with neither parent, mother alive",2.1,1,MZ,Mozambique,2011,MZ2011DHS,HC_LVAR_C_NMA,260936070,I,431002,1431002,Region,Cabo Delgado,0,,0,1,HCLVARCNMA,MZDHS2011431002,2011,DHS,2574,2783,,,1
MOZ,Nampula,206928,"Children living with neither parent, mother alive",3,1,MZ,Mozambique,2011,MZ2011DHS,HC_LVAR_C_NMA,260936070,I,431003,1431003,Region,Nampula,0,,0,1,HCLVARCNMA,MZDHS2011431003,2011,DHS,4906,2627,,,1
MOZ,Zambézia,4187083,"Children living with neither parent, mother alive",1.8,1,MZ,Mozambique,2011,MZ2011DHS,HC_LVAR_C_NMA,260936070,I,431004,1431004,Region,Zambézia,0,,0,1,HCLVARCNMA,MZDHS2011431004,2011,DHS,6453,3623,,,1
MOZ,Tete,4592097,"Children living with neither parent, mother alive",1.9,1,MZ,Mozambique,2011,MZ2011DHS,HC_LVAR_C_NMA,260936070,I,431005,1431005,Region,Tete,0,,0,1,HCLVARCNMA,MZDHS2011431005,2011,DHS,4214,3081,,,1
MOZ,Manica,6696351,"Children living with neither parent, mother alive",3.3,1,MZ,Mozambique,2011,MZ2011DHS,HC_LVAR_C_NMA,260936070,I,431006,1431006,Region,Manica,0,,0,1,HCLVARCNMA,MZDHS2011431006,2011,DHS,2275,2993,,,1
MOZ,Sofala,1171097,"Children living with neither parent, mother alive",3,1,MZ,Mozambique,2011,MZ2011DHS,HC_LVAR_C_NMA,260936070,I,431007,1431007,Region,Sofala,0,,0,1,HCLVARCNMA,MZDHS2011431007,2011,DHS,3067,3683,,,1
MOZ,Inhambane,5721011,"Children living with neither parent, mother alive",2.8,1,MZ,Mozambique,2011,MZ2011DHS,HC_LVAR_C_NMA,260936070,I,431008,1431008,Region,Inhambane,0,,0,1,HCLVARCNMA,MZDHS2011431008,2011,DHS,1941,2674,,,1
MOZ,Gaza,1162922,"Children living with neither parent, mother alive",4.1,1,MZ,Mozambique,2011,MZ2011DHS,HC_LVAR_C_NMA,260936070,I,431009,1431009,Region,Gaza,0,,0,1,HCLVARCNMA,MZDHS2011431009,2011,DHS,1922,3122,,,1
MOZ,Maputo Provincia,7788048,"Children living with neither parent, mother alive",3.9,1,MZ,Mozambique,2011,MZ2011DHS,HC_LVAR_C_NMA,260936070,I,431010,1431010,Region,Maputo Provincia,0,,0,1,HCLVARCNMA,MZDHS2011431010,2011,DHS,2018,2787,,,1
MOZ,Maputo Cidade,3328497,"Children living with neither parent, mother alive",2.5,1,MZ,Mozambique,2011,MZ2011DHS,HC_LVAR_C_NMA,260936070,I,431011,1431011,Region,Maputo Cidade,0,,0,1,HCLVARCNMA,MZDHS2011431011,2011,DHS,1365,2791,,,1
MOZ,Niassa,7487658,"Children living with neither parent, father alive",2.3,1,MZ,Mozambique,2011,MZ2011DHS,HC_LVAR_C_NFA,260936080,I,431001,1431001,Region,Niassa,0,,0,1,HCLVARCNFA,MZDHS2011431001,2011,DHS,2096,2970,,,1
MOZ,Cabo Delgado,3003138,"Children living with neither parent, father alive",2.8,1,MZ,Mozambique,2011,MZ2011DHS,HC_LVAR_C_NFA,260936080,I,431002,1431002,Region,Cabo Delgado,0,,0,1,HCLVARCNFA,MZDHS2011431002,2011,DHS,2574,2783,,,1
MOZ,Nampula,206914,"Children living with neither parent, father alive",2.3,1,MZ,Mozambique,2011,MZ2011DHS,HC_LVAR_C_NFA,260936080,I,431003,1431003,Region,Nampula,0,,0,1,HCLVARCNFA,MZDHS2011431003,2011,DHS,4906,2627,,,1
MOZ,Zambézia,4187077,"Children living with neither parent, father alive",3.1,1,MZ,Mozambique,2011,MZ2011DHS,HC_LVAR_C_NFA,260936080,I,431004,1431004,Region,Zambézia,0,,0,1,HCLVARCNFA,MZDHS2011431004,2011,DHS,6453,3623,,,1
MOZ,Tete,4592087,"Children living with neither parent, father alive",1.5,1,MZ,Mozambique,2011,MZ2011DHS,HC_LVAR_C_NFA,260936080,I,431005,1431005,Region,Tete,0,,0,1,HCLVARCNFA,MZDHS2011431005,2011,DHS,4214,3081,,,1
MOZ,Manica,6696352,"Children living with neither parent, father alive",1.4,1,MZ,Mozambique,2011,MZ2011DHS,HC_LVAR_C_NFA,260936080,I,431006,1431006,Region,Manica,0,,0,1,HCLVARCNFA,MZDHS2011431006,2011,DHS,2275,2993,,,1
MOZ,Sofala,1171052,"Children living with neither parent, father alive",1.9,1,MZ,Mozambique,2011,MZ2011DHS,HC_LVAR_C_NFA,260936080,I,431007,1431007,Region,Sofala,0,,0,1,HCLVARCNFA,MZDHS2011431007,2011,DHS,3067,3683,,,1
MOZ,Inhambane,5720978,"Children living with neither parent, father alive",1.5,1,MZ,Mozambique,2011,MZ2011DHS,HC_LVAR_C_NFA,260936080,I,431008,1431008,Region,Inhambane,0,,0,1,HCLVARCNFA,MZDHS2011431008,2011,DHS,1941,2674,,,1
MOZ,Gaza,1162924,"Children living with neither parent, father alive",2.5,1,MZ,Mozambique,2011,MZ2011DHS,HC_LVAR_C_NFA,260936080,I,431009,1431009,Region,Gaza,0,,0,1,HCLVARCNFA,MZDHS2011431009,2011,DHS,1922,3122,,,1
MOZ,Maputo Provincia,7788043,"Children living with neither parent, father alive",1.9,1,MZ,Mozambique,2011,MZ2011DHS,HC_LVAR_C_NFA,260936080,I,431010,1431010,Region,Maputo Provincia,0,,0,1,HCLVARCNFA,MZDHS2011431010,2011,DHS,2018,2787,,,1
MOZ,Maputo Cidade,3328499,"Children living with neither parent, father alive",1.6,1,MZ,Mozambique,2011,MZ2011DHS,HC_LVAR_C_NFA,260936080,I,431011,1431011,Region,Maputo Cidade,0,,0,1,HCLVARCNFA,MZDHS2011431011,2011,DHS,1365,2791,,,1
MOZ,Niassa,7487659,"Children living with neither parent, both dead",1.1,1,MZ,Mozambique,2011,MZ2011DHS,HC_LVAR_C_NBD,260936090,I,431001,1431001,Region,Niassa,0,,0,1,HCLVARCNBD,MZDHS2011431001,2011,DHS,2096,2970,,,1
MOZ,Cabo Delgado,3003139,"Children living with neither parent, both dead",1.5,1,MZ,Mozambique,2011,MZ2011DHS,HC_LVAR_C_NBD,260936090,I,431002,1431002,Region,Cabo Delgado,0,,0,1,HCLVARCNBD,MZDHS2011431002,2011,DHS,2574,2783,,,1
MOZ,Nampula,206915,"Children living with neither parent, both dead",1,1,MZ,Mozambique,2011,MZ2011DHS,HC_LVAR_C_NBD,260936090,I,431003,1431003,Region,Nampula,0,,0,1,HCLVARCNBD,MZDHS2011431003,2011,DHS,4906,2627,,,1
MOZ,Zambézia,4187078,"Children living with neither parent, both dead",1.6,1,MZ,Mozambique,2011,MZ2011DHS,HC_LVAR_C_NBD,260936090,I,431004,1431004,Region,Zambézia,0,,0,1,HCLVARCNBD,MZDHS2011431004,2011,DHS,6453,3623,,,1
MOZ,Tete,4592088,"Children living with neither parent, both dead",0.9,1,MZ,Mozambique,2011,MZ2011DHS,HC_LVAR_C_NBD,260936090,I,431005,1431005,Region,Tete,0,,0,1,HCLVARCNBD,MZDHS2011431005,2011,DHS,4214,3081,,,1
MOZ,Manica,6696358,"Children living with neither parent, both dead",2.6,1,MZ,Mozambique,2011,MZ2011DHS,HC_LVAR_C_NBD,260936090,I,431006,1431006,Region,Manica,0,,0,1,HCLVARCNBD,MZDHS2011431006,2011,DHS,2275,2993,,,1
MOZ,Sofala,1171053,"Children living with neither parent, both dead",3.1,1,MZ,Mozambique,2011,MZ2011DHS,HC_LVAR_C_NBD,260936090,I,431007,1431007,Region,Sofala,0,,0,1,HCLVARCNBD,MZDHS2011431007,2011,DHS,3067,3683,,,1
MOZ,Inhambane,5721002,"Children living with neither parent, both dead",1.1,1,MZ,Mozambique,2011,MZ2011DHS,HC_LVAR_C_NBD,260936090,I,431008,1431008,Region,Inhambane,0,,0,1,HCLVARCNBD,MZDHS2011431008,2011,DHS,1941,2674,,,1
MOZ,Gaza,1162927,"Children living with neither parent, both dead",3,1,MZ,Mozambique,2011,MZ2011DHS,HC_LVAR_C_NBD,260936090,I,431009,1431009,Region,Gaza,0,,0,1,HCLVARCNBD,MZDHS2011431009,2011,DHS,1922,3122,,,1
MOZ,Maputo Provincia,7788045,"Children living with neither parent, both dead",2.1,1,MZ,Mozambique,2011,MZ2011DHS,HC_LVAR_C_NBD,260936090,I,431010,1431010,Region,Maputo Provincia,0,,0,1,HCLVARCNBD,MZDHS2011431010,2011,DHS,2018,2787,,,1
MOZ,Maputo Cidade,3328500,"Children living with neither parent, both dead",1.5,1,MZ,Mozambique,2011,MZ2011DHS,HC_LVAR_C_NBD,260936090,I,431011,1431011,Region,Maputo Cidade,0,,0,1,HCLVARCNBD,MZDHS2011431011,2011,DHS,1365,2791,,,1
MOZ,Niassa,7487660,Children with missing information on whether father/mother alive,0,1,MZ,Mozambique,2011,MZ2011DHS,HC_LVAR_C_NMS,260936100,I,431001,1431001,Region,Niassa,0,,0,1,HCLVARCNMS,MZDHS2011431001,2011,DHS,2096,2970,,,1
MOZ,Cabo Delgado,3003140,Children with missing information on whether father/mother alive,0.2,1,MZ,Mozambique,2011,MZ2011DHS,HC_LVAR_C_NMS,260936100,I,431002,1431002,Region,Cabo Delgado,0,,0,1,HCLVARCNMS,MZDHS2011431002,2011,DHS,2574,2783,,,1
MOZ,Nampula,206925,Children with missing information on whether father/mother alive,0.1,1,MZ,Mozambique,2011,MZ2011DHS,HC_LVAR_C_NMS,260936100,I,431003,1431003,Region,Nampula,0,,0,1,HCLVARCNMS,MZDHS2011431003,2011,DHS,4906,2627,,,1
MOZ,Zambézia,4187079,Children with missing information on whether father/mother alive,0,1,MZ,Mozambique,2011,MZ2011DHS,HC_LVAR_C_NMS,260936100,I,431004,1431004,Region,Zambézia,0,,0,1,HCLVARCNMS,MZDHS2011431004,2011,DHS,6453,3623,,,1
MOZ,Tete,4592089,Children with missing information on whether father/mother alive,0.2,1,MZ,Mozambique,2011,MZ2011DHS,HC_LVAR_C_NMS,260936100,I,431005,1431005,Region,Tete,0,,0,1,HCLVARCNMS,MZDHS2011431005,2011,DHS,4214,3081,,,1
MOZ,Manica,6696307,Children with missing information on whether father/mother alive,0.2,1,MZ,Mozambique,2011,MZ2011DHS,HC_LVAR_C_NMS,260936100,I,431006,1431006,Region,Manica,0,,0,1,HCLVARCNMS,MZDHS2011431006,2011,DHS,2275,2993,,,1
MOZ,Sofala,1171054,Children with missing information on whether father/mother alive,0.2,1,MZ,Mozambique,2011,MZ2011DHS,HC_LVAR_C_NMS,260936100,I,431007,1431007,Region,Sofala,0,,0,1,HCLVARCNMS,MZDHS2011431007,2011,DHS,3067,3683,,,1
MOZ,Inhambane,5721003,Children with missing information on whether father/mother alive,2.7,1,MZ,Mozambique,2011,MZ2011DHS,HC_LVAR_C_NMS,260936100,I,431008,1431008,Region,Inhambane,0,,0,1,HCLVARCNMS,MZDHS2011431008,2011,DHS,1941,2674,,,1
MOZ,Gaza,1162928,Children with missing information on whether father/mother alive,1.1,1,MZ,Mozambique,2011,MZ2011DHS,HC_LVAR_C_NMS,260936100,I,431009,1431009,Region,Gaza,0,,0,1,HCLVARCNMS,MZDHS2011431009,2011,DHS,1922,3122,,,1
MOZ,Maputo Provincia,7788046,Children with missing information on whether father/mother alive,0.9,1,MZ,Mozambique,2011,MZ2011DHS,HC_LVAR_C_NMS,260936100,I,431010,1431010,Region,Maputo Provincia,0,,0,1,HCLVARCNMS,MZDHS2011431010,2011,DHS,2018,2787,,,1
MOZ,Maputo Cidade,3328501,Children with missing information on whether father/mother alive,1,1,MZ,Mozambique,2011,MZ2011DHS,HC_LVAR_C_NMS,260936100,I,431011,1431011,Region,Maputo Cidade,0,,0,1,HCLVARCNMS,MZDHS2011431011,2011,DHS,1365,2791,,,1
MOZ,Niassa,7487661,Children: Total,100,1,MZ,Mozambique,2011,MZ2011DHS,HC_LVAR_C_TOT,260936110,T,431001,1431001,Region,Niassa,0,,0,1,HCLVARCTOT,MZDHS2011431001,2011,DHS,2096,2970,,,1
MOZ,Cabo Delgado,3003141,Children: Total,100,1,MZ,Mozambique,2011,MZ2011DHS,HC_LVAR_C_TOT,260936110,T,431002,1431002,Region,Cabo Delgado,0,,0,1,HCLVARCTOT,MZDHS2011431002,2011,DHS,2574,2783,,,1
MOZ,Nampula,206926,Children: Total,100,1,MZ,Mozambique,2011,MZ2011DHS,HC_LVAR_C_TOT,260936110,T,431003,1431003,Region,Nampula,0,,0,1,HCLVARCTOT,MZDHS2011431003,2011,DHS,4906,2627,,,1
MOZ,Zambézia,4187080,Children: Total,100,1,MZ,Mozambique,2011,MZ2011DHS,HC_LVAR_C_TOT,260936110,T,431004,1431004,Region,Zambézia,0,,0,1,HCLVARCTOT,MZDHS2011431004,2011,DHS,6453,3623,,,1
MOZ,Tete,4592090,Children: Total,100,1,MZ,Mozambique,2011,MZ2011DHS,HC_LVAR_C_TOT,260936110,T,431005,1431005,Region,Tete,0,,0,1,HCLVARCTOT,MZDHS2011431005,2011,DHS,4214,3081,,,1
MOZ,Manica,6696308,Children: Total,100,1,MZ,Mozambique,2011,MZ2011DHS,HC_LVAR_C_TOT,260936110,T,431006,1431006,Region,Manica,0,,0,1,HCLVARCTOT,MZDHS2011431006,2011,DHS,2275,2993,,,1
MOZ,Sofala,1171055,Children: Total,100,1,MZ,Mozambique,2011,MZ2011DHS,HC_LVAR_C_TOT,260936110,T,431007,1431007,Region,Sofala,0,,0,1,HCLVARCTOT,MZDHS2011431007,2011,DHS,3067,3683,,,1
MOZ,Inhambane,5721004,Children: Total,100,1,MZ,Mozambique,2011,MZ2011DHS,HC_LVAR_C_TOT,260936110,T,431008,1431008,Region,Inhambane,0,,0,1,HCLVARCTOT,MZDHS2011431008,2011,DHS,1941,2674,,,1
MOZ,Gaza,1162929,Children: Total,100,1,MZ,Mozambique,2011,MZ2011DHS,HC_LVAR_C_TOT,260936110,T,431009,1431009,Region,Gaza,0,,0,1,HCLVARCTOT,MZDHS2011431009,2011,DHS,1922,3122,,,1
MOZ,Maputo Provincia,7788047,Children: Total,100,1,MZ,Mozambique,2011,MZ2011DHS,HC_LVAR_C_TOT,260936110,T,431010,1431010,Region,Maputo Provincia,0,,0,1,HCLVARCTOT,MZDHS2011431010,2011,DHS,2018,2787,,,1
MOZ,Maputo Cidade,3328502,Children: Total,100,1,MZ,Mozambique,2011,MZ2011DHS,HC_LVAR_C_TOT,260936110,T,431011,1431011,Region,Maputo Cidade,0,,0,1,HCLVARCTOT,MZDHS2011431011,2011,DHS,1365,2791,,,1
MOZ,Niassa,7487665,Children not living with a biological parent,18,1,MZ,Mozambique,2011,MZ2011DHS,HC_LVAR_C_NBP,260936120,I,431001,1431001,Region,Niassa,0,,0,1,HCLVARCNBP,MZDHS2011431001,2011,DHS,2096,2970,,,1
MOZ,Cabo Delgado,3003145,Children not living with a biological parent,18.4,1,MZ,Mozambique,2011,MZ2011DHS,HC_LVAR_C_NBP,260936120,I,431002,1431002,Region,Cabo Delgado,0,,0,1,HCLVARCNBP,MZDHS2011431002,2011,DHS,2574,2783,,,1
MOZ,Nampula,206929,Children not living with a biological parent,23.6,1,MZ,Mozambique,2011,MZ2011DHS,HC_LVAR_C_NBP,260936120,I,431003,1431003,Region,Nampula,0,,0,1,HCLVARCNBP,MZDHS2011431003,2011,DHS,4906,2627,,,1
MOZ,Zambézia,4187086,Children not living with a biological parent,12.9,1,MZ,Mozambique,2011,MZ2011DHS,HC_LVAR_C_NBP,260936120,I,431004,1431004,Region,Zambézia,0,,0,1,HCLVARCNBP,MZDHS2011431004,2011,DHS,6453,3623,,,1
MOZ,Tete,4592098,Children not living with a biological parent,12,1,MZ,Mozambique,2011,MZ2011DHS,HC_LVAR_C_NBP,260936120,I,431005,1431005,Region,Tete,0,,0,1,HCLVARCNBP,MZDHS2011431005,2011,DHS,4214,3081,,,1
MOZ,Manica,6696348,Children not living with a biological parent,16.5,1,MZ,Mozambique,2011,MZ2011DHS,HC_LVAR_C_NBP,260936120,I,431006,1431006,Region,Manica,0,,0,1,HCLVARCNBP,MZDHS2011431006,2011,DHS,2275,2993,,,1
MOZ,Sofala,1171098,Children not living with a biological parent,14.1,1,MZ,Mozambique,2011,MZ2011DHS,HC_LVAR_C_NBP,260936120,I,431007,1431007,Region,Sofala,0,,0,1,HCLVARCNBP,MZDHS2011431007,2011,DHS,3067,3683,,,1
MOZ,Inhambane,5721012,Children not living with a biological parent,21.5,1,MZ,Mozambique,2011,MZ2011DHS,HC_LVAR_C_NBP,260936120,I,431008,1431008,Region,Inhambane,0,,0,1,HCLVARCNBP,MZDHS2011431008,2011,DHS,1941,2674,,,1
MOZ,Gaza,1162923,Children not living with a biological parent,24.5,1,MZ,Mozambique,2011,MZ2011DHS,HC_LVAR_C_NBP,260936120,I,431009,1431009,Region,Gaza,0,,0,1,HCLVARCNBP,MZDHS2011431009,2011,DHS,1922,3122,,,1
MOZ,Maputo Provincia,7788049,Children not living with a biological parent,21.8,1,MZ,Mozambique,2011,MZ2011DHS,HC_LVAR_C_NBP,260936120,I,431010,1431010,Region,Maputo Provincia,0,,0,1,HCLVARCNBP,MZDHS2011431010,2011,DHS,2018,2787,,,1
MOZ,Maputo Cidade,3328498,Children not living with a biological parent,18.7,1,MZ,Mozambique,2011,MZ2011DHS,HC_LVAR_C_NBP,260936120,I,431011,1431011,Region,Maputo Cidade,0,,0,1,HCLVARCNBP,MZDHS2011431011,2011,DHS,1365,2791,,,1
MOZ,Niassa,7487662,"Prevalence of orphanhood: children under 18 who are orphans - mother, father or both dead",8.7,1,MZ,Mozambique,2011,MZ2011DHS,HC_LVAR_C_P1D,260936130,I,431001,1431001,Region,Niassa,0,,0,1,HCLVARCP1D,MZDHS2011431001,2011,DHS,2096,2970,,,1
MOZ,Cabo Delgado,3003137,"Prevalence of orphanhood: children under 18 who are orphans - mother, father or both dead",10,1,MZ,Mozambique,2011,MZ2011DHS,HC_LVAR_C_P1D,260936130,I,431002,1431002,Region,Cabo Delgado,0,,0,1,HCLVARCP1D,MZDHS2011431002,2011,DHS,2574,2783,,,1
MOZ,Nampula,206913,"Prevalence of orphanhood: children under 18 who are orphans - mother, father or both dead",10.5,1,MZ,Mozambique,2011,MZ2011DHS,HC_LVAR_C_P1D,260936130,I,431003,1431003,Region,Nampula,0,,0,1,HCLVARCP1D,MZDHS2011431003,2011,DHS,4906,2627,,,1
MOZ,Zambézia,4187081,"Prevalence of orphanhood: children under 18 who are orphans - mother, father or both dead",13.7,1,MZ,Mozambique,2011,MZ2011DHS,HC_LVAR_C_P1D,260936130,I,431004,1431004,Region,Zambézia,0,,0,1,HCLVARCP1D,MZDHS2011431004,2011,DHS,6453,3623,,,1
MOZ,Tete,4592086,"Prevalence of orphanhood: children under 18 who are orphans - mother, father or both dead",10.4,1,MZ,Mozambique,2011,MZ2011DHS,HC_LVAR_C_P1D,260936130,I,431005,1431005,Region,Tete,0,,0,1,HCLVARCP1D,MZDHS2011431005,2011,DHS,4214,3081,,,1
MOZ,Manica,6696342,"Prevalence of orphanhood: children under 18 who are orphans - mother, father or both dead",17.1,1,MZ,Mozambique,2011,MZ2011DHS,HC_LVAR_C_P1D,260936130,I,431006,1431006,Region,Manica,0,,0,1,HCLVARCP1D,MZDHS2011431006,2011,DHS,2275,2993,,,1
MOZ,Sofala,1171072,"Prevalence of orphanhood: children under 18 who are orphans - mother, father or both dead",16.3,1,MZ,Mozambique,2011,MZ2011DHS,HC_LVAR_C_P1D,260936130,I,431007,1431007,Region,Sofala,0,,0,1,HCLVARCP1D,MZDHS2011431007,2011,DHS,3067,3683,,,1
MOZ,Inhambane,5721009,"Prevalence of orphanhood: children under 18 who are orphans - mother, father or both dead",12.6,1,MZ,Mozambique,2011,MZ2011DHS,HC_LVAR_C_P1D,260936130,I,431008,1431008,Region,Inhambane,0,,0,1,HCLVARCP1D,MZDHS2011431008,2011,DHS,1941,2674,,,1
MOZ,Gaza,1162902,"Prevalence of orphanhood: children under 18 who are orphans - mother, father or both dead",20.1,1,MZ,Mozambique,2011,MZ2011DHS,HC_LVAR_C_P1D,260936130,I,431009,1431009,Region,Gaza,0,,0,1,HCLVARCP1D,MZDHS2011431009,2011,DHS,1922,3122,,,1
MOZ,Maputo Provincia,7788050,"Prevalence of orphanhood: children under 18 who are orphans - mother, father or both dead",14.3,1,MZ,Mozambique,2011,MZ2011DHS,HC_LVAR_C_P1D,260936130,I,431010,1431010,Region,Maputo Provincia,0,,0,1,HCLVARCP1D,MZDHS2011431010,2011,DHS,2018,2787,,,1
MOZ,Maputo Cidade,3328528,"Prevalence of orphanhood: children under 18 who are orphans - mother, father or both dead",12.1,1,MZ,Mozambique,2011,MZ2011DHS,HC_LVAR_C_P1D,260936130,I,431011,1431011,Region,Maputo Cidade,0,,0,1,HCLVARCP1D,MZDHS2011431011,2011,DHS,1365,2791,,,1
MOZ,Niassa,7487666,Number of children,2096,0,MZ,Mozambique,2011,MZ2011DHS,HC_LVAR_C_NUM,260936140,D,431001,1431001,Region,Niassa,0,,0,1,HCLVARCNUM,MZDHS2011431001,2011,DHS,,2970,,,1
MOZ,Cabo Delgado,1162916,Number of children,2574,0,MZ,Mozambique,2011,MZ2011DHS,HC_LVAR_C_NUM,260936140,D,431002,1431002,Region,Cabo Delgado,0,,0,1,HCLVARCNUM,MZDHS2011431002,2011,DHS,,2783,,,1
MOZ,Nampula,1178471,Number of children,4906,0,MZ,Mozambique,2011,MZ2011DHS,HC_LVAR_C_NUM,260936140,D,431003,1431003,Region,Nampula,0,,0,1,HCLVARCNUM,MZDHS2011431003,2011,DHS,,2627,,,1
MOZ,Zambézia,4320898,Number of children,6453,0,MZ,Mozambique,2011,MZ2011DHS,HC_LVAR_C_NUM,260936140,D,431004,1431004,Region,Zambézia,0,,0,1,HCLVARCNUM,MZDHS2011431004,2011,DHS,,3623,,,1
MOZ,Tete,4586139,Number of children,4214,0,MZ,Mozambique,2011,MZ2011DHS,HC_LVAR_C_NUM,260936140,D,431005,1431005,Region,Tete,0,,0,1,HCLVARCNUM,MZDHS2011431005,2011,DHS,,3081,,,1
MOZ,Manica,6752396,Number of children,2275,0,MZ,Mozambique,2011,MZ2011DHS,HC_LVAR_C_NUM,260936140,D,431006,1431006,Region,Manica,0,,0,1,HCLVARCNUM,MZDHS2011431006,2011,DHS,,2993,,,1
MOZ,Sofala,1171074,Number of children,3067,0,MZ,Mozambique,2011,MZ2011DHS,HC_LVAR_C_NUM,260936140,D,431007,1431007,Region,Sofala,0,,0,1,HCLVARCNUM,MZDHS2011431007,2011,DHS,,3683,,,1
MOZ,Inhambane,5803710,Number of children,1941,0,MZ,Mozambique,2011,MZ2011DHS,HC_LVAR_C_NUM,260936140,D,431008,1431008,Region,Inhambane,0,,0,1,HCLVARCNUM,MZDHS2011431008,2011,DHS,,2674,,,1
MOZ,Gaza,1162930,Number of children,1922,0,MZ,Mozambique,2011,MZ2011DHS,HC_LVAR_C_NUM,260936140,D,431009,1431009,Region,Gaza,0,,0,1,HCLVARCNUM,MZDHS2011431009,2011,DHS,,3122,,,1
MOZ,Maputo Provincia,7787951,Number of children,2018,0,MZ,Mozambique,2011,MZ2011DHS,HC_LVAR_C_NUM,260936140,D,431010,1431010,Region,Maputo Provincia,0,,0,1,HCLVARCNUM,MZDHS2011431010,2011,DHS,,2787,,,1
MOZ,Maputo Cidade,1186327,Number of children,1365,0,MZ,Mozambique,2011,MZ2011DHS,HC_LVAR_C_NUM,260936140,D,431011,1431011,Region,Maputo Cidade,0,,0,1,HCLVARCNUM,MZDHS2011431011,2011,DHS,,2791,,,1
MOZ,Niassa,7482788,Number of children (unweighted),2970,0,MZ,Mozambique,2011,MZ2011DHS,HC_LVAR_C_UNW,260936150,U,431001,1431001,Region,Niassa,0,,0,1,HCLVARCUNW,MZDHS2011431001,2011,DHS,2096,,,,1
MOZ,Cabo Delgado,3003163,Number of children (unweighted),2783,0,MZ,Mozambique,2011,MZ2011DHS,HC_LVAR_C_UNW,260936150,U,431002,1431002,Region,Cabo Delgado,0,,0,1,HCLVARCUNW,MZDHS2011431002,2011,DHS,2574,,,,1
MOZ,Nampula,206963,Number of children (unweighted),2627,0,MZ,Mozambique,2011,MZ2011DHS,HC_LVAR_C_UNW,260936150,U,431003,1431003,Region,Nampula,0,,0,1,HCLVARCUNW,MZDHS2011431003,2011,DHS,4906,,,,1
MOZ,Zambézia,2610681,Number of children (unweighted),3623,0,MZ,Mozambique,2011,MZ2011DHS,HC_LVAR_C_UNW,260936150,U,431004,1431004,Region,Zambézia,0,,0,1,HCLVARCUNW,MZDHS2011431004,2011,DHS,6453,,,,1
MOZ,Tete,4923269,Number of children (unweighted),3081,0,MZ,Mozambique,2011,MZ2011DHS,HC_LVAR_C_UNW,260936150,U,431005,1431005,Region,Tete,0,,0,1,HCLVARCUNW,MZDHS2011431005,2011,DHS,4214,,,,1
MOZ,Manica,737103,Number of children (unweighted),2993,0,MZ,Mozambique,2011,MZ2011DHS,HC_LVAR_C_UNW,260936150,U,431006,1431006,Region,Manica,0,,0,1,HCLVARCUNW,MZDHS2011431006,2011,DHS,2275,,,,1
MOZ,Sofala,1171286,Number of children (unweighted),3683,0,MZ,Mozambique,2011,MZ2011DHS,HC_LVAR_C_UNW,260936150,U,431007,1431007,Region,Sofala,0,,0,1,HCLVARCUNW,MZDHS2011431007,2011,DHS,3067,,,,1
MOZ,Inhambane,426043,Number of children (unweighted),2674,0,MZ,Mozambique,2011,MZ2011DHS,HC_LVAR_C_UNW,260936150,U,431008,1431008,Region,Inhambane,0,,0,1,HCLVARCUNW,MZDHS2011431008,2011,DHS,1941,,,,1
MOZ,Gaza,1163147,Number of children (unweighted),3122,0,MZ,Mozambique,2011,MZ2011DHS,HC_LVAR_C_UNW,260936150,U,431009,1431009,Region,Gaza,0,,0,1,HCLVARCUNW,MZDHS2011431009,2011,DHS,1922,,,,1
MOZ,Maputo Provincia,7789357,Number of children (unweighted),2787,0,MZ,Mozambique,2011,MZ2011DHS,HC_LVAR_C_UNW,260936150,U,431010,1431010,Region,Maputo Provincia,0,,0,1,HCLVARCUNW,MZDHS2011431010,2011,DHS,2018,,,,1
MOZ,Maputo Cidade,3328488,Number of children (unweighted),2791,0,MZ,Mozambique,2011,MZ2011DHS,HC_LVAR_C_UNW,260936150,U,431011,1431011,Region,Maputo Cidade,0,,0,1,HCLVARCUNW,MZDHS2011431011,2011,DHS,1365,,,,1
MOZ,Niassa,5341226,Households with children not living with a biological parent,23.9,1,MZ,Mozambique,2015,MZ2015AIS,HC_ORPH_H_FOS,260861010,I,431001,1431001,Region,Niassa,0,,0,1,HCORPHHFOS,MZAIS2015431001,2015,AIS,370,612,,,1
MOZ,Cabo Delgado,6185043,Households with children not living with a biological parent,33.6,1,MZ,Mozambique,2015,MZ2015AIS,HC_ORPH_H_FOS,260861010,I,431002,1431002,Region,Cabo Delgado,0,,0,1,HCORPHHFOS,MZAIS2015431002,2015,AIS,753,608,,,1
MOZ,Nampula,2928114,Households with children not living with a biological parent,32.6,1,MZ,Mozambique,2015,MZ2015AIS,HC_ORPH_H_FOS,260861010,I,431003,1431003,Region,Nampula,0,,0,1,HCORPHHFOS,MZAIS2015431003,2015,AIS,1608,791,,,1
MOZ,Zambézia,6376884,Households with children not living with a biological parent,22.3,1,MZ,Mozambique,2015,MZ2015AIS,HC_ORPH_H_FOS,260861010,I,431004,1431004,Region,Zambézia,0,,0,1,HCORPHHFOS,MZAIS2015431004,2015,AIS,898,731,,,1
MOZ,Tete,3713797,Households with children not living with a biological parent,13,1,MZ,Mozambique,2015,MZ2015AIS,HC_ORPH_H_FOS,260861010,I,431005,1431005,Region,Tete,0,,0,1,HCORPHHFOS,MZAIS2015431005,2015,AIS,585,608,,,1
MOZ,Manica,7037857,Households with children not living with a biological parent,25.2,1,MZ,Mozambique,2015,MZ2015AIS,HC_ORPH_H_FOS,260861010,I,431006,1431006,Region,Manica,0,,0,1,HCORPHHFOS,MZAIS2015431006,2015,AIS,548,619,,,1
MOZ,Sofala,4069760,Households with children not living with a biological parent,27.7,1,MZ,Mozambique,2015,MZ2015AIS,HC_ORPH_H_FOS,260861010,I,431007,1431007,Region,Sofala,0,,0,1,HCORPHHFOS,MZAIS2015431007,2015,AIS,598,613,,,1
MOZ,Inhambane,4643049,Households with children not living with a biological parent,37.9,1,MZ,Mozambique,2015,MZ2015AIS,HC_ORPH_H_FOS,260861010,I,431008,1431008,Region,Inhambane,0,,0,1,HCORPHHFOS,MZAIS2015431008,2015,AIS,483,604,,,1
MOZ,Gaza,7417375,Households with children not living with a biological parent,31.2,1,MZ,Mozambique,2015,MZ2015AIS,HC_ORPH_H_FOS,260861010,I,431009,1431009,Region,Gaza,0,,0,1,HCORPHHFOS,MZAIS2015431009,2015,AIS,594,785,,,1
MOZ,Maputo Provincia,1179296,Households with children not living with a biological parent,25.8,1,MZ,Mozambique,2015,MZ2015AIS,HC_ORPH_H_FOS,260861010,I,431010,1431010,Region,Maputo Provincia,0,,0,1,HCORPHHFOS,MZAIS2015431010,2015,AIS,394,614,,,1
MOZ,Maputo Cidade,5360723,Households with children not living with a biological parent,24.8,1,MZ,Mozambique,2015,MZ2015AIS,HC_ORPH_H_FOS,260861010,I,431011,1431011,Region,Maputo Cidade,0,,0,1,HCORPHHFOS,MZAIS2015431011,2015,AIS,339,584,,,1
MOZ,Niassa,5341235,Households with double orphans,1.9,1,MZ,Mozambique,2015,MZ2015AIS,HC_ORPH_H_DBL,260861020,I,431001,1431001,Region,Niassa,0,,0,1,HCORPHHDBL,MZAIS2015431001,2015,AIS,370,612,,,1
MOZ,Cabo Delgado,6185015,Households with double orphans,1.8,1,MZ,Mozambique,2015,MZ2015AIS,HC_ORPH_H_DBL,260861020,I,431002,1431002,Region,Cabo Delgado,0,,0,1,HCORPHHDBL,MZAIS2015431002,2015,AIS,753,608,,,1
MOZ,Nampula,2928182,Households with double orphans,1.6,1,MZ,Mozambique,2015,MZ2015AIS,HC_ORPH_H_DBL,260861020,I,431003,1431003,Region,Nampula,0,,0,1,HCORPHHDBL,MZAIS2015431003,2015,AIS,1608,791,,,1
MOZ,Zambézia,6376887,Households with double orphans,4.2,1,MZ,Mozambique,2015,MZ2015AIS,HC_ORPH_H_DBL,260861020,I,431004,1431004,Region,Zambézia,0,,0,1,HCORPHHDBL,MZAIS2015431004,2015,AIS,898,731,,,1
MOZ,Tete,3713825,Households with double orphans,1.8,1,MZ,Mozambique,2015,MZ2015AIS,HC_ORPH_H_DBL,260861020,I,431005,1431005,Region,Tete,0,,0,1,HCORPHHDBL,MZAIS2015431005,2015,AIS,585,608,,,1
MOZ,Manica,7037858,Households with double orphans,5.9,1,MZ,Mozambique,2015,MZ2015AIS,HC_ORPH_H_DBL,260861020,I,431006,1431006,Region,Manica,0,,0,1,HCORPHHDBL,MZAIS2015431006,2015,AIS,548,619,,,1
MOZ,Sofala,4069752,Households with double orphans,6.6,1,MZ,Mozambique,2015,MZ2015AIS,HC_ORPH_H_DBL,260861020,I,431007,1431007,Region,Sofala,0,,0,1,HCORPHHDBL,MZAIS2015431007,2015,AIS,598,613,,,1
MOZ,Inhambane,4643027,Households with double orphans,2.3,1,MZ,Mozambique,2015,MZ2015AIS,HC_ORPH_H_DBL,260861020,I,431008,1431008,Region,Inhambane,0,,0,1,HCORPHHDBL,MZAIS2015431008,2015,AIS,483,604,,,1
MOZ,Gaza,7417396,Households with double orphans,4.1,1,MZ,Mozambique,2015,MZ2015AIS,HC_ORPH_H_DBL,260861020,I,431009,1431009,Region,Gaza,0,,0,1,HCORPHHDBL,MZAIS2015431009,2015,AIS,594,785,,,1
MOZ,Maputo Provincia,1179312,Households with double orphans,1.4,1,MZ,Mozambique,2015,MZ2015AIS,HC_ORPH_H_DBL,260861020,I,431010,1431010,Region,Maputo Provincia,0,,0,1,HCORPHHDBL,MZAIS2015431010,2015,AIS,394,614,,,1
MOZ,Maputo Cidade,5360727,Households with double orphans,3.5,1,MZ,Mozambique,2015,MZ2015AIS,HC_ORPH_H_DBL,260861020,I,431011,1431011,Region,Maputo Cidade,0,,0,1,HCORPHHDBL,MZAIS2015431011,2015,AIS,339,584,,,1
MOZ,Niassa,5341228,Households with single orphans,11.2,1,MZ,Mozambique,2015,MZ2015AIS,HC_ORPH_H_SNG,260861030,I,431001,1431001,Region,Niassa,0,,0,1,HCORPHHSNG,MZAIS2015431001,2015,AIS,370,612,,,1
MOZ,Cabo Delgado,6185023,Households with single orphans,13.9,1,MZ,Mozambique,2015,MZ2015AIS,HC_ORPH_H_SNG,260861030,I,431002,1431002,Region,Cabo Delgado,0,,0,1,HCORPHHSNG,MZAIS2015431002,2015,AIS,753,608,,,1
MOZ,Nampula,2928115,Households with single orphans,9.6,1,MZ,Mozambique,2015,MZ2015AIS,HC_ORPH_H_SNG,260861030,I,431003,1431003,Region,Nampula,0,,0,1,HCORPHHSNG,MZAIS2015431003,2015,AIS,1608,791,,,1
MOZ,Zambézia,6376885,Households with single orphans,9.9,1,MZ,Mozambique,2015,MZ2015AIS,HC_ORPH_H_SNG,260861030,I,431004,1431004,Region,Zambézia,0,,0,1,HCORPHHSNG,MZAIS2015431004,2015,AIS,898,731,,,1
MOZ,Tete,3713824,Households with single orphans,5.8,1,MZ,Mozambique,2015,MZ2015AIS,HC_ORPH_H_SNG,260861030,I,431005,1431005,Region,Tete,0,,0,1,HCORPHHSNG,MZAIS2015431005,2015,AIS,585,608,,,1
MOZ,Manica,7037862,Households with single orphans,18.2,1,MZ,Mozambique,2015,MZ2015AIS,HC_ORPH_H_SNG,260861030,I,431006,1431006,Region,Manica,0,,0,1,HCORPHHSNG,MZAIS2015431006,2015,AIS,548,619,,,1
MOZ,Sofala,4069758,Households with single orphans,22.4,1,MZ,Mozambique,2015,MZ2015AIS,HC_ORPH_H_SNG,260861030,I,431007,1431007,Region,Sofala,0,,0,1,HCORPHHSNG,MZAIS2015431007,2015,AIS,598,613,,,1
MOZ,Inhambane,4643028,Households with single orphans,15.1,1,MZ,Mozambique,2015,MZ2015AIS,HC_ORPH_H_SNG,260861030,I,431008,1431008,Region,Inhambane,0,,0,1,HCORPHHSNG,MZAIS2015431008,2015,AIS,483,604,,,1
MOZ,Gaza,7417373,Households with single orphans,21.1,1,MZ,Mozambique,2015,MZ2015AIS,HC_ORPH_H_SNG,260861030,I,431009,1431009,Region,Gaza,0,,0,1,HCORPHHSNG,MZAIS2015431009,2015,AIS,594,785,,,1
MOZ,Maputo Provincia,1179347,Households with single orphans,15.2,1,MZ,Mozambique,2015,MZ2015AIS,HC_ORPH_H_SNG,260861030,I,431010,1431010,Region,Maputo Provincia,0,,0,1,HCORPHHSNG,MZAIS2015431010,2015,AIS,394,614,,,1
MOZ,Maputo Cidade,5360725,Households with single orphans,14.8,1,MZ,Mozambique,2015,MZ2015AIS,HC_ORPH_H_SNG,260861030,I,431011,1431011,Region,Maputo Cidade,0,,0,1,HCORPHHSNG,MZAIS2015431011,2015,AIS,339,584,,,1
MOZ,Niassa,5341229,Households with orphans and/or children not living with a biological parent,29.4,1,MZ,Mozambique,2015,MZ2015AIS,HC_ORPH_H_FOR,260861040,I,431001,1431001,Region,Niassa,0,,0,1,HCORPHHFOR,MZAIS2015431001,2015,AIS,370,612,,,1
MOZ,Cabo Delgado,6185045,Households with orphans and/or children not living with a biological parent,38.4,1,MZ,Mozambique,2015,MZ2015AIS,HC_ORPH_H_FOR,260861040,I,431002,1431002,Region,Cabo Delgado,0,,0,1,HCORPHHFOR,MZAIS2015431002,2015,AIS,753,608,,,1
MOZ,Nampula,2928116,Households with orphans and/or children not living with a biological parent,35,1,MZ,Mozambique,2015,MZ2015AIS,HC_ORPH_H_FOR,260861040,I,431003,1431003,Region,Nampula,0,,0,1,HCORPHHFOR,MZAIS2015431003,2015,AIS,1608,791,,,1
MOZ,Zambézia,6376886,Households with orphans and/or children not living with a biological parent,27.4,1,MZ,Mozambique,2015,MZ2015AIS,HC_ORPH_H_FOR,260861040,I,431004,1431004,Region,Zambézia,0,,0,1,HCORPHHFOR,MZAIS2015431004,2015,AIS,898,731,,,1
MOZ,Tete,3713826,Households with orphans and/or children not living with a biological parent,16,1,MZ,Mozambique,2015,MZ2015AIS,HC_ORPH_H_FOR,260861040,I,431005,1431005,Region,Tete,0,,0,1,HCORPHHFOR,MZAIS2015431005,2015,AIS,585,608,,,1
MOZ,Manica,7037863,Households with orphans and/or children not living with a biological parent,33.9,1,MZ,Mozambique,2015,MZ2015AIS,HC_ORPH_H_FOR,260861040,I,431006,1431006,Region,Manica,0,,0,1,HCORPHHFOR,MZAIS2015431006,2015,AIS,548,619,,,1
MOZ,Sofala,4069759,Households with orphans and/or children not living with a biological parent,37.8,1,MZ,Mozambique,2015,MZ2015AIS,HC_ORPH_H_FOR,260861040,I,431007,1431007,Region,Sofala,0,,0,1,HCORPHHFOR,MZAIS2015431007,2015,AIS,598,613,,,1
MOZ,Inhambane,4643035,Households with orphans and/or children not living with a biological parent,42.2,1,MZ,Mozambique,2015,MZ2015AIS,HC_ORPH_H_FOR,260861040,I,431008,1431008,Region,Inhambane,0,,0,1,HCORPHHFOR,MZAIS2015431008,2015,AIS,483,604,,,1
MOZ,Gaza,7417374,Households with orphans and/or children not living with a biological parent,40.9,1,MZ,Mozambique,2015,MZ2015AIS,HC_ORPH_H_FOR,260861040,I,431009,1431009,Region,Gaza,0,,0,1,HCORPHHFOR,MZAIS2015431009,2015,AIS,594,785,,,1
MOZ,Maputo Provincia,1179348,Households with orphans and/or children not living with a biological parent,31.6,1,MZ,Mozambique,2015,MZ2015AIS,HC_ORPH_H_FOR,260861040,I,431010,1431010,Region,Maputo Provincia,0,,0,1,HCORPHHFOR,MZAIS2015431010,2015,AIS,394,614,,,1
MOZ,Maputo Cidade,5360726,Households with orphans and/or children not living with a biological parent,31.9,1,MZ,Mozambique,2015,MZ2015AIS,HC_ORPH_H_FOR,260861040,I,431011,1431011,Region,Maputo Cidade,0,,0,1,HCORPHHFOR,MZAIS2015431011,2015,AIS,339,584,,,1
MOZ,Niassa,5341225,Number of households,370,0,MZ,Mozambique,2015,MZ2015AIS,HC_ORPH_H_NUM,260861050,D,431001,1431001,Region,Niassa,0,,0,1,HCORPHHNUM,MZAIS2015431001,2015,AIS,,612,,,1
MOZ,Cabo Delgado,6327986,Number of households,753,0,MZ,Mozambique,2015,MZ2015AIS,HC_ORPH_H_NUM,260861050,D,431002,1431002,Region,Cabo Delgado,0,,0,1,HCORPHHNUM,MZAIS2015431002,2015,AIS,,608,,,1
MOZ,Nampula,1171963,Number of households,1608,0,MZ,Mozambique,2015,MZ2015AIS,HC_ORPH_H_NUM,260861050,D,431003,1431003,Region,Nampula,0,,0,1,HCORPHHNUM,MZAIS2015431003,2015,AIS,,791,,,1
MOZ,Zambézia,6517293,Number of households,898,0,MZ,Mozambique,2015,MZ2015AIS,HC_ORPH_H_NUM,260861050,D,431004,1431004,Region,Zambézia,0,,0,1,HCORPHHNUM,MZAIS2015431004,2015,AIS,,731,,,1
MOZ,Tete,3601202,Number of households,585,0,MZ,Mozambique,2015,MZ2015AIS,HC_ORPH_H_NUM,260861050,D,431005,1431005,Region,Tete,0,,0,1,HCORPHHNUM,MZAIS2015431005,2015,AIS,,608,,,1
MOZ,Manica,7059384,Number of households,548,0,MZ,Mozambique,2015,MZ2015AIS,HC_ORPH_H_NUM,260861050,D,431006,1431006,Region,Manica,0,,0,1,HCORPHHNUM,MZAIS2015431006,2015,AIS,,619,,,1
MOZ,Sofala,4068785,Number of households,598,0,MZ,Mozambique,2015,MZ2015AIS,HC_ORPH_H_NUM,260861050,D,431007,1431007,Region,Sofala,0,,0,1,HCORPHHNUM,MZAIS2015431007,2015,AIS,,613,,,1
MOZ,Inhambane,4643048,Number of households,483,0,MZ,Mozambique,2015,MZ2015AIS,HC_ORPH_H_NUM,260861050,D,431008,1431008,Region,Inhambane,0,,0,1,HCORPHHNUM,MZAIS2015431008,2015,AIS,,604,,,1
MOZ,Gaza,7445148,Number of households,594,0,MZ,Mozambique,2015,MZ2015AIS,HC_ORPH_H_NUM,260861050,D,431009,1431009,Region,Gaza,0,,0,1,HCORPHHNUM,MZAIS2015431009,2015,AIS,,785,,,1
MOZ,Maputo Provincia,1179349,Number of households,394,0,MZ,Mozambique,2015,MZ2015AIS,HC_ORPH_H_NUM,260861050,D,431010,1431010,Region,Maputo Provincia,0,,0,1,HCORPHHNUM,MZAIS2015431010,2015,AIS,,614,,,1
MOZ,Maputo Cidade,5501886,Number of households,339,0,MZ,Mozambique,2015,MZ2015AIS,HC_ORPH_H_NUM,260861050,D,431011,1431011,Region,Maputo Cidade,0,,0,1,HCORPHHNUM,MZAIS2015431011,2015,AIS,,584,,,1
MOZ,Niassa,1172006,Number of households (unweighted),612,0,MZ,Mozambique,2015,MZ2015AIS,HC_ORPH_H_UNW,260861060,U,431001,1431001,Region,Niassa,0,,0,1,HCORPHHUNW,MZAIS2015431001,2015,AIS,370,,,,1
MOZ,Cabo Delgado,839573,Number of households (unweighted),608,0,MZ,Mozambique,2015,MZ2015AIS,HC_ORPH_H_UNW,260861060,U,431002,1431002,Region,Cabo Delgado,0,,0,1,HCORPHHUNW,MZAIS2015431002,2015,AIS,753,,,,1
MOZ,Nampula,2928185,Number of households (unweighted),791,0,MZ,Mozambique,2015,MZ2015AIS,HC_ORPH_H_UNW,260861060,U,431003,1431003,Region,Nampula,0,,0,1,HCORPHHUNW,MZAIS2015431003,2015,AIS,1608,,,,1
MOZ,Zambézia,816553,Number of households (unweighted),731,0,MZ,Mozambique,2015,MZ2015AIS,HC_ORPH_H_UNW,260861060,U,431004,1431004,Region,Zambézia,0,,0,1,HCORPHHUNW,MZAIS2015431004,2015,AIS,898,,,,1
MOZ,Tete,1179352,Number of households (unweighted),608,0,MZ,Mozambique,2015,MZ2015AIS,HC_ORPH_H_UNW,260861060,U,431005,1431005,Region,Tete,0,,0,1,HCORPHHUNW,MZAIS2015431005,2015,AIS,585,,,,1
MOZ,Manica,301170,Number of households (unweighted),619,0,MZ,Mozambique,2015,MZ2015AIS,HC_ORPH_H_UNW,260861060,U,431006,1431006,Region,Manica,0,,0,1,HCORPHHUNW,MZAIS2015431006,2015,AIS,548,,,,1
MOZ,Sofala,3408648,Number of households (unweighted),613,0,MZ,Mozambique,2015,MZ2015AIS,HC_ORPH_H_UNW,260861060,U,431007,1431007,Region,Sofala,0,,0,1,HCORPHHUNW,MZAIS2015431007,2015,AIS,598,,,,1
MOZ,Inhambane,1179351,Number of households (unweighted),604,0,MZ,Mozambique,2015,MZ2015AIS,HC_ORPH_H_UNW,260861060,U,431008,1431008,Region,Inhambane,0,,0,1,HCORPHHUNW,MZAIS2015431008,2015,AIS,483,,,,1
MOZ,Gaza,499830,Number of households (unweighted),785,0,MZ,Mozambique,2015,MZ2015AIS,HC_ORPH_H_UNW,260861060,U,431009,1431009,Region,Gaza,0,,0,1,HCORPHHUNW,MZAIS2015431009,2015,AIS,594,,,,1
MOZ,Maputo Provincia,1179357,Number of households (unweighted),614,0,MZ,Mozambique,2015,MZ2015AIS,HC_ORPH_H_UNW,260861060,U,431010,1431010,Region,Maputo Provincia,0,,0,1,HCORPHHUNW,MZAIS2015431010,2015,AIS,394,,,,1
MOZ,Maputo Cidade,546713,Number of households (unweighted),584,0,MZ,Mozambique,2015,MZ2015AIS,HC_ORPH_H_UNW,260861060,U,431011,1431011,Region,Maputo Cidade,0,,0,1,HCORPHHUNW,MZAIS2015431011,2015,AIS,339,,,,1
MOZ,Niassa,4851972,Children living with both parents,60.4,1,MZ,Mozambique,2015,MZ2015AIS,HC_LVAR_C_BTH,260936010,I,431001,1431001,Region,Niassa,0,,0,1,HCLVARCBTH,MZAIS2015431001,2015,AIS,1113,1823,,,1
MOZ,Cabo Delgado,7310730,Children living with both parents,43.8,1,MZ,Mozambique,2015,MZ2015AIS,HC_LVAR_C_BTH,260936010,I,431002,1431002,Region,Cabo Delgado,0,,0,1,HCLVARCBTH,MZAIS2015431002,2015,AIS,1792,1458,,,1
MOZ,Nampula,1171992,Children living with both parents,52.9,1,MZ,Mozambique,2015,MZ2015AIS,HC_LVAR_C_BTH,260936010,I,431003,1431003,Region,Nampula,0,,0,1,HCLVARCBTH,MZAIS2015431003,2015,AIS,3883,1947,,,1
MOZ,Zambézia,6432584,Children living with both parents,49.4,1,MZ,Mozambique,2015,MZ2015AIS,HC_LVAR_C_BTH,260936010,I,431004,1431004,Region,Zambézia,0,,0,1,HCLVARCBTH,MZAIS2015431004,2015,AIS,2204,1775,,,1
MOZ,Tete,1179356,Children living with both parents,59.1,1,MZ,Mozambique,2015,MZ2015AIS,HC_LVAR_C_BTH,260936010,I,431005,1431005,Region,Tete,0,,0,1,HCLVARCBTH,MZAIS2015431005,2015,AIS,1362,1437,,,1
MOZ,Manica,5383498,Children living with both parents,42.9,1,MZ,Mozambique,2015,MZ2015AIS,HC_LVAR_C_BTH,260936010,I,431006,1431006,Region,Manica,0,,0,1,HCLVARCBTH,MZAIS2015431006,2015,AIS,1485,1692,,,1
MOZ,Sofala,3226805,Children living with both parents,48.6,1,MZ,Mozambique,2015,MZ2015AIS,HC_LVAR_C_BTH,260936010,I,431007,1431007,Region,Sofala,0,,0,1,HCLVARCBTH,MZAIS2015431007,2015,AIS,1696,1653,,,1
MOZ,Inhambane,4211315,Children living with both parents,36.9,1,MZ,Mozambique,2015,MZ2015AIS,HC_LVAR_C_BTH,260936010,I,431008,1431008,Region,Inhambane,0,,0,1,HCLVARCBTH,MZAIS2015431008,2015,AIS,1197,1392,,,1
MOZ,Gaza,3496812,Children living with both parents,31.4,1,MZ,Mozambique,2015,MZ2015AIS,HC_LVAR_C_BTH,260936010,I,431009,1431009,Region,Gaza,0,,0,1,HCLVARCBTH,MZAIS2015431009,2015,AIS,1529,1983,,,1
MOZ,Maputo Provincia,3020435,Children living with both parents,45.9,1,MZ,Mozambique,2015,MZ2015AIS,HC_LVAR_C_BTH,260936010,I,431010,1431010,Region,Maputo Provincia,0,,0,1,HCLVARCBTH,MZAIS2015431010,2015,AIS,777,1252,,,1
MOZ,Maputo Cidade,5910067,Children living with both parents,46.7,1,MZ,Mozambique,2015,MZ2015AIS,HC_LVAR_C_BTH,260936010,I,431011,1431011,Region,Maputo Cidade,0,,0,1,HCLVARCBTH,MZAIS2015431011,2015,AIS,678,1161,,,1
MOZ,Niassa,4851973,"Children living with mother, father alive",20.3,1,MZ,Mozambique,2015,MZ2015AIS,HC_LVAR_C_MFA,260936020,I,431001,1431001,Region,Niassa,0,,0,1,HCLVARCMFA,MZAIS2015431001,2015,AIS,1113,1823,,,1
MOZ,Cabo Delgado,7310731,"Children living with mother, father alive",24.8,1,MZ,Mozambique,2015,MZ2015AIS,HC_LVAR_C_MFA,260936020,I,431002,1431002,Region,Cabo Delgado,0,,0,1,HCLVARCMFA,MZAIS2015431002,2015,AIS,1792,1458,,,1
MOZ,Nampula,1171993,"Children living with mother, father alive",21.4,1,MZ,Mozambique,2015,MZ2015AIS,HC_LVAR_C_MFA,260936020,I,431003,1431003,Region,Nampula,0,,0,1,HCLVARCMFA,MZAIS2015431003,2015,AIS,3883,1947,,,1
MOZ,Zambézia,6432585,"Children living with mother, father alive",28.5,1,MZ,Mozambique,2015,MZ2015AIS,HC_LVAR_C_MFA,260936020,I,431004,1431004,Region,Zambézia,0,,0,1,HCLVARCMFA,MZAIS2015431004,2015,AIS,2204,1775,,,1
MOZ,Tete,1179362,"Children living with mother, father alive",27.5,1,MZ,Mozambique,2015,MZ2015AIS,HC_LVAR_C_MFA,260936020,I,431005,1431005,Region,Tete,0,,0,1,HCLVARCMFA,MZAIS2015431005,2015,AIS,1362,1437,,,1
MOZ,Manica,5383499,"Children living with mother, father alive",26,1,MZ,Mozambique,2015,MZ2015AIS,HC_LVAR_C_MFA,260936020,I,431006,1431006,Region,Manica,0,,0,1,HCLVARCMFA,MZAIS2015431006,2015,AIS,1485,1692,,,1
MOZ,Sofala,3226806,"Children living with mother, father alive",19.4,1,MZ,Mozambique,2015,MZ2015AIS,HC_LVAR_C_MFA,260936020,I,431007,1431007,Region,Sofala,0,,0,1,HCLVARCMFA,MZAIS2015431007,2015,AIS,1696,1653,,,1
MOZ,Inhambane,4211316,"Children living with mother, father alive",23.5,1,MZ,Mozambique,2015,MZ2015AIS,HC_LVAR_C_MFA,260936020,I,431008,1431008,Region,Inhambane,0,,0,1,HCLVARCMFA,MZAIS2015431008,2015,AIS,1197,1392,,,1
MOZ,Gaza,3496813,"Children living with mother, father alive",34.7,1,MZ,Mozambique,2015,MZ2015AIS,HC_LVAR_C_MFA,260936020,I,431009,1431009,Region,Gaza,0,,0,1,HCLVARCMFA,MZAIS2015431009,2015,AIS,1529,1983,,,1
MOZ,Maputo Provincia,3020436,"Children living with mother, father alive",19.5,1,MZ,Mozambique,2015,MZ2015AIS,HC_LVAR_C_MFA,260936020,I,431010,1431010,Region,Maputo Provincia,0,,0,1,HCLVARCMFA,MZAIS2015431010,2015,AIS,777,1252,,,1
MOZ,Maputo Cidade,5910068,"Children living with mother, father alive",22.2,1,MZ,Mozambique,2015,MZ2015AIS,HC_LVAR_C_MFA,260936020,I,431011,1431011,Region,Maputo Cidade,0,,0,1,HCLVARCMFA,MZAIS2015431011,2015,AIS,678,1161,,,1
MOZ,Niassa,4851974,"Children living with mother, father dead",3.9,1,MZ,Mozambique,2015,MZ2015AIS,HC_LVAR_C_MFD,260936030,I,431001,1431001,Region,Niassa,0,,0,1,HCLVARCMFD,MZAIS2015431001,2015,AIS,1113,1823,,,1
MOZ,Cabo Delgado,7310732,"Children living with mother, father dead",5.4,1,MZ,Mozambique,2015,MZ2015AIS,HC_LVAR_C_MFD,260936030,I,431002,1431002,Region,Cabo Delgado,0,,0,1,HCLVARCMFD,MZAIS2015431002,2015,AIS,1792,1458,,,1
MOZ,Nampula,1171994,"Children living with mother, father dead",2,1,MZ,Mozambique,2015,MZ2015AIS,HC_LVAR_C_MFD,260936030,I,431003,1431003,Region,Nampula,0,,0,1,HCLVARCMFD,MZAIS2015431003,2015,AIS,3883,1947,,,1
MOZ,Zambézia,6432586,"Children living with mother, father dead",4.1,1,MZ,Mozambique,2015,MZ2015AIS,HC_LVAR_C_MFD,260936030,I,431004,1431004,Region,Zambézia,0,,0,1,HCLVARCMFD,MZAIS2015431004,2015,AIS,2204,1775,,,1
MOZ,Tete,1179383,"Children living with mother, father dead",3.5,1,MZ,Mozambique,2015,MZ2015AIS,HC_LVAR_C_MFD,260936030,I,431005,1431005,Region,Tete,0,,0,1,HCLVARCMFD,MZAIS2015431005,2015,AIS,1362,1437,,,1
MOZ,Manica,5383500,"Children living with mother, father dead",8.8,1,MZ,Mozambique,2015,MZ2015AIS,HC_LVAR_C_MFD,260936030,I,431006,1431006,Region,Manica,0,,0,1,HCLVARCMFD,MZAIS2015431006,2015,AIS,1485,1692,,,1
MOZ,Sofala,3226807,"Children living with mother, father dead",9.5,1,MZ,Mozambique,2015,MZ2015AIS,HC_LVAR_C_MFD,260936030,I,431007,1431007,Region,Sofala,0,,0,1,HCLVARCMFD,MZAIS2015431007,2015,AIS,1696,1653,,,1
MOZ,Inhambane,4211317,"Children living with mother, father dead",3.8,1,MZ,Mozambique,2015,MZ2015AIS,HC_LVAR_C_MFD,260936030,I,431008,1431008,Region,Inhambane,0,,0,1,HCLVARCMFD,MZAIS2015431008,2015,AIS,1197,1392,,,1
MOZ,Gaza,3496814,"Children living with mother, father dead",9.2,1,MZ,Mozambique,2015,MZ2015AIS,HC_LVAR_C_MFD,260936030,I,431009,1431009,Region,Gaza,0,,0,1,HCLVARCMFD,MZAIS2015431009,2015,AIS,1529,1983,,,1
MOZ,Maputo Provincia,3020437,"Children living with mother, father dead",6.1,1,MZ,Mozambique,2015,MZ2015AIS,HC_LVAR_C_MFD,260936030,I,431010,1431010,Region,Maputo Provincia,0,,0,1,HCLVARCMFD,MZAIS2015431010,2015,AIS,777,1252,,,1
MOZ,Maputo Cidade,5910069,"Children living with mother, father dead",5.6,1,MZ,Mozambique,2015,MZ2015AIS,HC_LVAR_C_MFD,260936030,I,431011,1431011,Region,Maputo Cidade,0,,0,1,HCLVARCMFD,MZAIS2015431011,2015,AIS,678,1161,,,1
MOZ,Niassa,4851955,"Children living with father, mother alive",0.5,1,MZ,Mozambique,2015,MZ2015AIS,HC_LVAR_C_FMA,260936040,I,431001,1431001,Region,Niassa,0,,0,1,HCLVARCFMA,MZAIS2015431001,2015,AIS,1113,1823,,,1
MOZ,Cabo Delgado,7310727,"Children living with father, mother alive",1.3,1,MZ,Mozambique,2015,MZ2015AIS,HC_LVAR_C_FMA,260936040,I,431002,1431002,Region,Cabo Delgado,0,,0,1,HCLVARCFMA,MZAIS2015431002,2015,AIS,1792,1458,,,1
MOZ,Nampula,1171989,"Children living with father, mother alive",1.7,1,MZ,Mozambique,2015,MZ2015AIS,HC_LVAR_C_FMA,260936040,I,431003,1431003,Region,Nampula,0,,0,1,HCLVARCFMA,MZAIS2015431003,2015,AIS,3883,1947,,,1
MOZ,Zambézia,6432576,"Children living with father, mother alive",2,1,MZ,Mozambique,2015,MZ2015AIS,HC_LVAR_C_FMA,260936040,I,431004,1431004,Region,Zambézia,0,,0,1,HCLVARCFMA,MZAIS2015431004,2015,AIS,2204,1775,,,1
MOZ,Tete,1179353,"Children living with father, mother alive",1.8,1,MZ,Mozambique,2015,MZ2015AIS,HC_LVAR_C_FMA,260936040,I,431005,1431005,Region,Tete,0,,0,1,HCLVARCFMA,MZAIS2015431005,2015,AIS,1362,1437,,,1
MOZ,Manica,5383501,"Children living with father, mother alive",3.8,1,MZ,Mozambique,2015,MZ2015AIS,HC_LVAR_C_FMA,260936040,I,431006,1431006,Region,Manica,0,,0,1,HCLVARCFMA,MZAIS2015431006,2015,AIS,1485,1692,,,1
MOZ,Sofala,3226752,"Children living with father, mother alive",2.7,1,MZ,Mozambique,2015,MZ2015AIS,HC_LVAR_C_FMA,260936040,I,431007,1431007,Region,Sofala,0,,0,1,HCLVARCFMA,MZAIS2015431007,2015,AIS,1696,1653,,,1
MOZ,Inhambane,4211302,"Children living with father, mother alive",5.4,1,MZ,Mozambique,2015,MZ2015AIS,HC_LVAR_C_FMA,260936040,I,431008,1431008,Region,Inhambane,0,,0,1,HCLVARCFMA,MZAIS2015431008,2015,AIS,1197,1392,,,1
MOZ,Gaza,3496811,"Children living with father, mother alive",2.6,1,MZ,Mozambique,2015,MZ2015AIS,HC_LVAR_C_FMA,260936040,I,431009,1431009,Region,Gaza,0,,0,1,HCLVARCFMA,MZAIS2015431009,2015,AIS,1529,1983,,,1
MOZ,Maputo Provincia,3020438,"Children living with father, mother alive",4.5,1,MZ,Mozambique,2015,MZ2015AIS,HC_LVAR_C_FMA,260936040,I,431010,1431010,Region,Maputo Provincia,0,,0,1,HCLVARCFMA,MZAIS2015431010,2015,AIS,777,1252,,,1
MOZ,Maputo Cidade,5910061,"Children living with father, mother alive",5.9,1,MZ,Mozambique,2015,MZ2015AIS,HC_LVAR_C_FMA,260936040,I,431011,1431011,Region,Maputo Cidade,0,,0,1,HCLVARCFMA,MZAIS2015431011,2015,AIS,678,1161,,,1
MOZ,Niassa,4851975,"Children living with father, mother dead",0.3,1,MZ,Mozambique,2015,MZ2015AIS,HC_LVAR_C_FMD,260936050,I,431001,1431001,Region,Niassa,0,,0,1,HCLVARCFMD,MZAIS2015431001,2015,AIS,1113,1823,,,1
MOZ,Cabo Delgado,7310741,"Children living with father, mother dead",0.2,1,MZ,Mozambique,2015,MZ2015AIS,HC_LVAR_C_FMD,260936050,I,431002,1431002,Region,Cabo Delgado,0,,0,1,HCLVARCFMD,MZAIS2015431002,2015,AIS,1792,1458,,,1
MOZ,Nampula,1172001,"Children living with father, mother dead",0.4,1,MZ,Mozambique,2015,MZ2015AIS,HC_LVAR_C_FMD,260936050,I,431003,1431003,Region,Nampula,0,,0,1,HCLVARCFMD,MZAIS2015431003,2015,AIS,3883,1947,,,1
MOZ,Zambézia,6432594,"Children living with father, mother dead",0.7,1,MZ,Mozambique,2015,MZ2015AIS,HC_LVAR_C_FMD,260936050,I,431004,1431004,Region,Zambézia,0,,0,1,HCLVARCFMD,MZAIS2015431004,2015,AIS,2204,1775,,,1
MOZ,Tete,1179384,"Children living with father, mother dead",0,1,MZ,Mozambique,2015,MZ2015AIS,HC_LVAR_C_FMD,260936050,I,431005,1431005,Region,Tete,0,,0,1,HCLVARCFMD,MZAIS2015431005,2015,AIS,1362,1437,,,1
MOZ,Manica,5383504,"Children living with father, mother dead",1.8,1,MZ,Mozambique,2015,MZ2015AIS,HC_LVAR_C_FMD,260936050,I,431006,1431006,Region,Manica,0,,0,1,HCLVARCFMD,MZAIS2015431006,2015,AIS,1485,1692,,,1
MOZ,Sofala,3226810,"Children living with father, mother dead",3,1,MZ,Mozambique,2015,MZ2015AIS,HC_LVAR_C_FMD,260936050,I,431007,1431007,Region,Sofala,0,,0,1,HCLVARCFMD,MZAIS2015431007,2015,AIS,1696,1653,,,1
MOZ,Inhambane,4211318,"Children living with father, mother dead",1,1,MZ,Mozambique,2015,MZ2015AIS,HC_LVAR_C_FMD,260936050,I,431008,1431008,Region,Inhambane,0,,0,1,HCLVARCFMD,MZAIS2015431008,2015,AIS,1197,1392,,,1
MOZ,Gaza,3496815,"Children living with father, mother dead",0.8,1,MZ,Mozambique,2015,MZ2015AIS,HC_LVAR_C_FMD,260936050,I,431009,1431009,Region,Gaza,0,,0,1,HCLVARCFMD,MZAIS2015431009,2015,AIS,1529,1983,,,1
MOZ,Maputo Provincia,3020445,"Children living with father, mother dead",1,1,MZ,Mozambique,2015,MZ2015AIS,HC_LVAR_C_FMD,260936050,I,431010,1431010,Region,Maputo Provincia,0,,0,1,HCLVARCFMD,MZAIS2015431010,2015,AIS,777,1252,,,1
MOZ,Maputo Cidade,5910064,"Children living with father, mother dead",0.6,1,MZ,Mozambique,2015,MZ2015AIS,HC_LVAR_C_FMD,260936050,I,431011,1431011,Region,Maputo Cidade,0,,0,1,HCLVARCFMD,MZAIS2015431011,2015,AIS,678,1161,,,1
MOZ,Niassa,4851956,"Children living with neither parent, both alive",10.1,1,MZ,Mozambique,2015,MZ2015AIS,HC_LVAR_C_NBA,260936060,I,431001,1431001,Region,Niassa,0,,0,1,HCLVARCNBA,MZAIS2015431001,2015,AIS,1113,1823,,,1
MOZ,Cabo Delgado,7310728,"Children living with neither parent, both alive",19.2,1,MZ,Mozambique,2015,MZ2015AIS,HC_LVAR_C_NBA,260936060,I,431002,1431002,Region,Cabo Delgado,0,,0,1,HCLVARCNBA,MZAIS2015431002,2015,AIS,1792,1458,,,1
MOZ,Nampula,1171990,"Children living with neither parent, both alive",16.4,1,MZ,Mozambique,2015,MZ2015AIS,HC_LVAR_C_NBA,260936060,I,431003,1431003,Region,Nampula,0,,0,1,HCLVARCNBA,MZAIS2015431003,2015,AIS,3883,1947,,,1
MOZ,Zambézia,6432577,"Children living with neither parent, both alive",9,1,MZ,Mozambique,2015,MZ2015AIS,HC_LVAR_C_NBA,260936060,I,431004,1431004,Region,Zambézia,0,,0,1,HCLVARCNBA,MZAIS2015431004,2015,AIS,2204,1775,,,1
MOZ,Tete,1179354,"Children living with neither parent, both alive",4.8,1,MZ,Mozambique,2015,MZ2015AIS,HC_LVAR_C_NBA,260936060,I,431005,1431005,Region,Tete,0,,0,1,HCLVARCNBA,MZAIS2015431005,2015,AIS,1362,1437,,,1
MOZ,Manica,5383502,"Children living with neither parent, both alive",9,1,MZ,Mozambique,2015,MZ2015AIS,HC_LVAR_C_NBA,260936060,I,431006,1431006,Region,Manica,0,,0,1,HCLVARCNBA,MZAIS2015431006,2015,AIS,1485,1692,,,1
MOZ,Sofala,3226753,"Children living with neither parent, both alive",7.2,1,MZ,Mozambique,2015,MZ2015AIS,HC_LVAR_C_NBA,260936060,I,431007,1431007,Region,Sofala,0,,0,1,HCLVARCNBA,MZAIS2015431007,2015,AIS,1696,1653,,,1
MOZ,Inhambane,4211303,"Children living with neither parent, both alive",23.3,1,MZ,Mozambique,2015,MZ2015AIS,HC_LVAR_C_NBA,260936060,I,431008,1431008,Region,Inhambane,0,,0,1,HCLVARCNBA,MZAIS2015431008,2015,AIS,1197,1392,,,1
MOZ,Gaza,3496816,"Children living with neither parent, both alive",14.4,1,MZ,Mozambique,2015,MZ2015AIS,HC_LVAR_C_NBA,260936060,I,431009,1431009,Region,Gaza,0,,0,1,HCLVARCNBA,MZAIS2015431009,2015,AIS,1529,1983,,,1
MOZ,Maputo Provincia,3020441,"Children living with neither parent, both alive",15.7,1,MZ,Mozambique,2015,MZ2015AIS,HC_LVAR_C_NBA,260936060,I,431010,1431010,Region,Maputo Provincia,0,,0,1,HCLVARCNBA,MZAIS2015431010,2015,AIS,777,1252,,,1
MOZ,Maputo Cidade,5910062,"Children living with neither parent, both alive",12.1,1,MZ,Mozambique,2015,MZ2015AIS,HC_LVAR_C_NBA,260936060,I,431011,1431011,Region,Maputo Cidade,0,,0,1,HCLVARCNBA,MZAIS2015431011,2015,AIS,678,1161,,,1
MOZ,Niassa,4852023,"Children living with neither parent, mother alive",1,1,MZ,Mozambique,2015,MZ2015AIS,HC_LVAR_C_NMA,260936070,I,431001,1431001,Region,Niassa,0,,0,1,HCLVARCNMA,MZAIS2015431001,2015,AIS,1113,1823,,,1
MOZ,Cabo Delgado,7310742,"Children living with neither parent, mother alive",1.9,1,MZ,Mozambique,2015,MZ2015AIS,HC_LVAR_C_NMA,260936070,I,431002,1431002,Region,Cabo Delgado,0,,0,1,HCLVARCNMA,MZAIS2015431002,2015,AIS,1792,1458,,,1
MOZ,Nampula,1172002,"Children living with neither parent, mother alive",2.2,1,MZ,Mozambique,2015,MZ2015AIS,HC_LVAR_C_NMA,260936070,I,431003,1431003,Region,Nampula,0,,0,1,HCLVARCNMA,MZAIS2015431003,2015,AIS,3883,1947,,,1
MOZ,Zambézia,6432595,"Children living with neither parent, mother alive",0.8,1,MZ,Mozambique,2015,MZ2015AIS,HC_LVAR_C_NMA,260936070,I,431004,1431004,Region,Zambézia,0,,0,1,HCLVARCNMA,MZAIS2015431004,2015,AIS,2204,1775,,,1
MOZ,Tete,1179385,"Children living with neither parent, mother alive",0.9,1,MZ,Mozambique,2015,MZ2015AIS,HC_LVAR_C_NMA,260936070,I,431005,1431005,Region,Tete,0,,0,1,HCLVARCNMA,MZAIS2015431005,2015,AIS,1362,1437,,,1
MOZ,Manica,5383505,"Children living with neither parent, mother alive",2.5,1,MZ,Mozambique,2015,MZ2015AIS,HC_LVAR_C_NMA,260936070,I,431006,1431006,Region,Manica,0,,0,1,HCLVARCNMA,MZAIS2015431006,2015,AIS,1485,1692,,,1
MOZ,Sofala,3226811,"Children living with neither parent, mother alive",3.8,1,MZ,Mozambique,2015,MZ2015AIS,HC_LVAR_C_NMA,260936070,I,431007,1431007,Region,Sofala,0,,0,1,HCLVARCNMA,MZAIS2015431007,2015,AIS,1696,1653,,,1
MOZ,Inhambane,4211352,"Children living with neither parent, mother alive",2.8,1,MZ,Mozambique,2015,MZ2015AIS,HC_LVAR_C_NMA,260936070,I,431008,1431008,Region,Inhambane,0,,0,1,HCLVARCNMA,MZAIS2015431008,2015,AIS,1197,1392,,,1
MOZ,Gaza,3496817,"Children living with neither parent, mother alive",2.7,1,MZ,Mozambique,2015,MZ2015AIS,HC_LVAR_C_NMA,260936070,I,431009,1431009,Region,Gaza,0,,0,1,HCLVARCNMA,MZAIS2015431009,2015,AIS,1529,1983,,,1
MOZ,Maputo Provincia,3020451,"Children living with neither parent, mother alive",2.3,1,MZ,Mozambique,2015,MZ2015AIS,HC_LVAR_C_NMA,260936070,I,431010,1431010,Region,Maputo Provincia,0,,0,1,HCLVARCNMA,MZAIS2015431010,2015,AIS,777,1252,,,1
MOZ,Maputo Cidade,5910065,"Children living with neither parent, mother alive",1.7,1,MZ,Mozambique,2015,MZ2015AIS,HC_LVAR_C_NMA,260936070,I,431011,1431011,Region,Maputo Cidade,0,,0,1,HCLVARCNMA,MZAIS2015431011,2015,AIS,678,1161,,,1
MOZ,Niassa,4851958,"Children living with neither parent, father alive",1.2,1,MZ,Mozambique,2015,MZ2015AIS,HC_LVAR_C_NFA,260936080,I,431001,1431001,Region,Niassa,0,,0,1,HCLVARCNFA,MZAIS2015431001,2015,AIS,1113,1823,,,1
MOZ,Cabo Delgado,7310726,"Children living with neither parent, father alive",1.8,1,MZ,Mozambique,2015,MZ2015AIS,HC_LVAR_C_NFA,260936080,I,431002,1431002,Region,Cabo Delgado,0,,0,1,HCLVARCNFA,MZAIS2015431002,2015,AIS,1792,1458,,,1
MOZ,Nampula,1171995,"Children living with neither parent, father alive",2.1,1,MZ,Mozambique,2015,MZ2015AIS,HC_LVAR_C_NFA,260936080,I,431003,1431003,Region,Nampula,0,,0,1,HCLVARCNFA,MZAIS2015431003,2015,AIS,3883,1947,,,1
MOZ,Zambézia,6432587,"Children living with neither parent, father alive",1.2,1,MZ,Mozambique,2015,MZ2015AIS,HC_LVAR_C_NFA,260936080,I,431004,1431004,Region,Zambézia,0,,0,1,HCLVARCNFA,MZAIS2015431004,2015,AIS,2204,1775,,,1
MOZ,Tete,1179363,"Children living with neither parent, father alive",0.6,1,MZ,Mozambique,2015,MZ2015AIS,HC_LVAR_C_NFA,260936080,I,431005,1431005,Region,Tete,0,,0,1,HCLVARCNFA,MZAIS2015431005,2015,AIS,1362,1437,,,1
MOZ,Manica,5383507,"Children living with neither parent, father alive",1.4,1,MZ,Mozambique,2015,MZ2015AIS,HC_LVAR_C_NFA,260936080,I,431006,1431006,Region,Manica,0,,0,1,HCLVARCNFA,MZAIS2015431006,2015,AIS,1485,1692,,,1
MOZ,Sofala,3226754,"Children living with neither parent, father alive",1.4,1,MZ,Mozambique,2015,MZ2015AIS,HC_LVAR_C_NFA,260936080,I,431007,1431007,Region,Sofala,0,,0,1,HCLVARCNFA,MZAIS2015431007,2015,AIS,1696,1653,,,1
MOZ,Inhambane,4211305,"Children living with neither parent, father alive",1.9,1,MZ,Mozambique,2015,MZ2015AIS,HC_LVAR_C_NFA,260936080,I,431008,1431008,Region,Inhambane,0,,0,1,HCLVARCNFA,MZAIS2015431008,2015,AIS,1197,1392,,,1
MOZ,Gaza,3496818,"Children living with neither parent, father alive",1.4,1,MZ,Mozambique,2015,MZ2015AIS,HC_LVAR_C_NFA,260936080,I,431009,1431009,Region,Gaza,0,,0,1,HCLVARCNFA,MZAIS2015431009,2015,AIS,1529,1983,,,1
MOZ,Maputo Provincia,3020439,"Children living with neither parent, father alive",2.4,1,MZ,Mozambique,2015,MZ2015AIS,HC_LVAR_C_NFA,260936080,I,431010,1431010,Region,Maputo Provincia,0,,0,1,HCLVARCNFA,MZAIS2015431010,2015,AIS,777,1252,,,1
MOZ,Maputo Cidade,5910070,"Children living with neither parent, father alive",2.5,1,MZ,Mozambique,2015,MZ2015AIS,HC_LVAR_C_NFA,260936080,I,431011,1431011,Region,Maputo Cidade,0,,0,1,HCLVARCNFA,MZAIS2015431011,2015,AIS,678,1161,,,1
MOZ,Niassa,4851959,"Children living with neither parent, both dead",1.1,1,MZ,Mozambique,2015,MZ2015AIS,HC_LVAR_C_NBD,260936090,I,431001,1431001,Region,Niassa,0,,0,1,HCLVARCNBD,MZAIS2015431001,2015,AIS,1113,1823,,,1
MOZ,Cabo Delgado,7310733,"Children living with neither parent, both dead",1,1,MZ,Mozambique,2015,MZ2015AIS,HC_LVAR_C_NBD,260936090,I,431002,1431002,Region,Cabo Delgado,0,,0,1,HCLVARCNBD,MZAIS2015431002,2015,AIS,1792,1458,,,1
MOZ,Nampula,1171996,"Children living with neither parent, both dead",0.7,1,MZ,Mozambique,2015,MZ2015AIS,HC_LVAR_C_NBD,260936090,I,431003,1431003,Region,Nampula,0,,0,1,HCLVARCNBD,MZAIS2015431003,2015,AIS,3883,1947,,,1
MOZ,Zambézia,6432588,"Children living with neither parent, both dead",2.3,1,MZ,Mozambique,2015,MZ2015AIS,HC_LVAR_C_NBD,260936090,I,431004,1431004,Region,Zambézia,0,,0,1,HCLVARCNBD,MZAIS2015431004,2015,AIS,2204,1775,,,1
MOZ,Tete,1179365,"Children living with neither parent, both dead",1.2,1,MZ,Mozambique,2015,MZ2015AIS,HC_LVAR_C_NBD,260936090,I,431005,1431005,Region,Tete,0,,0,1,HCLVARCNBD,MZAIS2015431005,2015,AIS,1362,1437,,,1
MOZ,Manica,5383508,"Children living with neither parent, both dead",3.7,1,MZ,Mozambique,2015,MZ2015AIS,HC_LVAR_C_NBD,260936090,I,431006,1431006,Region,Manica,0,,0,1,HCLVARCNBD,MZAIS2015431006,2015,AIS,1485,1692,,,1
MOZ,Sofala,3226755,"Children living with neither parent, both dead",3,1,MZ,Mozambique,2015,MZ2015AIS,HC_LVAR_C_NBD,260936090,I,431007,1431007,Region,Sofala,0,,0,1,HCLVARCNBD,MZAIS2015431007,2015,AIS,1696,1653,,,1
MOZ,Inhambane,4211306,"Children living with neither parent, both dead",0.9,1,MZ,Mozambique,2015,MZ2015AIS,HC_LVAR_C_NBD,260936090,I,431008,1431008,Region,Inhambane,0,,0,1,HCLVARCNBD,MZAIS2015431008,2015,AIS,1197,1392,,,1
MOZ,Gaza,3496820,"Children living with neither parent, both dead",2.1,1,MZ,Mozambique,2015,MZ2015AIS,HC_LVAR_C_NBD,260936090,I,431009,1431009,Region,Gaza,0,,0,1,HCLVARCNBD,MZAIS2015431009,2015,AIS,1529,1983,,,1
MOZ,Maputo Provincia,3020440,"Children living with neither parent, both dead",0.9,1,MZ,Mozambique,2015,MZ2015AIS,HC_LVAR_C_NBD,260936090,I,431010,1431010,Region,Maputo Provincia,0,,0,1,HCLVARCNBD,MZAIS2015431010,2015,AIS,777,1252,,,1
MOZ,Maputo Cidade,5910073,"Children living with neither parent, both dead",2.1,1,MZ,Mozambique,2015,MZ2015AIS,HC_LVAR_C_NBD,260936090,I,431011,1431011,Region,Maputo Cidade,0,,0,1,HCLVARCNBD,MZAIS2015431011,2015,AIS,678,1161,,,1
MOZ,Niassa,4851970,Children with missing information on whether father/mother alive,1.3,1,MZ,Mozambique,2015,MZ2015AIS,HC_LVAR_C_NMS,260936100,I,431001,1431001,Region,Niassa,0,,0,1,HCLVARCNMS,MZAIS2015431001,2015,AIS,1113,1823,,,1
MOZ,Cabo Delgado,7310734,Children with missing information on whether father/mother alive,0.4,1,MZ,Mozambique,2015,MZ2015AIS,HC_LVAR_C_NMS,260936100,I,431002,1431002,Region,Cabo Delgado,0,,0,1,HCLVARCNMS,MZAIS2015431002,2015,AIS,1792,1458,,,1
MOZ,Nampula,1171997,Children with missing information on whether father/mother alive,0.2,1,MZ,Mozambique,2015,MZ2015AIS,HC_LVAR_C_NMS,260936100,I,431003,1431003,Region,Nampula,0,,0,1,HCLVARCNMS,MZAIS2015431003,2015,AIS,3883,1947,,,1
MOZ,Zambézia,6432589,Children with missing information on whether father/mother alive,2,1,MZ,Mozambique,2015,MZ2015AIS,HC_LVAR_C_NMS,260936100,I,431004,1431004,Region,Zambézia,0,,0,1,HCLVARCNMS,MZAIS2015431004,2015,AIS,2204,1775,,,1
MOZ,Tete,1179366,Children with missing information on whether father/mother alive,0.5,1,MZ,Mozambique,2015,MZ2015AIS,HC_LVAR_C_NMS,260936100,I,431005,1431005,Region,Tete,0,,0,1,HCLVARCNMS,MZAIS2015431005,2015,AIS,1362,1437,,,1
MOZ,Manica,5383509,Children with missing information on whether father/mother alive,0.2,1,MZ,Mozambique,2015,MZ2015AIS,HC_LVAR_C_NMS,260936100,I,431006,1431006,Region,Manica,0,,0,1,HCLVARCNMS,MZAIS2015431006,2015,AIS,1485,1692,,,1
MOZ,Sofala,3226803,Children with missing information on whether father/mother alive,1.3,1,MZ,Mozambique,2015,MZ2015AIS,HC_LVAR_C_NMS,260936100,I,431007,1431007,Region,Sofala,0,,0,1,HCLVARCNMS,MZAIS2015431007,2015,AIS,1696,1653,,,1
MOZ,Inhambane,4211313,Children with missing information on whether father/mother alive,0.5,1,MZ,Mozambique,2015,MZ2015AIS,HC_LVAR_C_NMS,260936100,I,431008,1431008,Region,Inhambane,0,,0,1,HCLVARCNMS,MZAIS2015431008,2015,AIS,1197,1392,,,1
MOZ,Gaza,3496826,Children with missing information on whether father/mother alive,0.8,1,MZ,Mozambique,2015,MZ2015AIS,HC_LVAR_C_NMS,260936100,I,431009,1431009,Region,Gaza,0,,0,1,HCLVARCNMS,MZAIS2015431009,2015,AIS,1529,1983,,,1
MOZ,Maputo Provincia,3020443,Children with missing information on whether father/mother alive,1.7,1,MZ,Mozambique,2015,MZ2015AIS,HC_LVAR_C_NMS,260936100,I,431010,1431010,Region,Maputo Provincia,0,,0,1,HCLVARCNMS,MZAIS2015431010,2015,AIS,777,1252,,,1
MOZ,Maputo Cidade,5910024,Children with missing information on whether father/mother alive,0.5,1,MZ,Mozambique,2015,MZ2015AIS,HC_LVAR_C_NMS,260936100,I,431011,1431011,Region,Maputo Cidade,0,,0,1,HCLVARCNMS,MZAIS2015431011,2015,AIS,678,1161,,,1
MOZ,Niassa,4851971,Children: Total,100,1,MZ,Mozambique,2015,MZ2015AIS,HC_LVAR_C_TOT,260936110,T,431001,1431001,Region,Niassa,0,,0,1,HCLVARCTOT,MZAIS2015431001,2015,AIS,1113,1823,,,1
MOZ,Cabo Delgado,7310740,Children: Total,100,1,MZ,Mozambique,2015,MZ2015AIS,HC_LVAR_C_TOT,260936110,T,431002,1431002,Region,Cabo Delgado,0,,0,1,HCLVARCTOT,MZAIS2015431002,2015,AIS,1792,1458,,,1
MOZ,Nampula,1171999,Children: Total,100,1,MZ,Mozambique,2015,MZ2015AIS,HC_LVAR_C_TOT,260936110,T,431003,1431003,Region,Nampula,0,,0,1,HCLVARCTOT,MZAIS2015431003,2015,AIS,3883,1947,,,1
MOZ,Zambézia,6432593,Children: Total,100,1,MZ,Mozambique,2015,MZ2015AIS,HC_LVAR_C_TOT,260936110,T,431004,1431004,Region,Zambézia,0,,0,1,HCLVARCTOT,MZAIS2015431004,2015,AIS,2204,1775,,,1
MOZ,Tete,1179387,Children: Total,100,1,MZ,Mozambique,2015,MZ2015AIS,HC_LVAR_C_TOT,260936110,T,431005,1431005,Region,Tete,0,,0,1,HCLVARCTOT,MZAIS2015431005,2015,AIS,1362,1437,,,1
MOZ,Manica,5383510,Children: Total,100,1,MZ,Mozambique,2015,MZ2015AIS,HC_LVAR_C_TOT,260936110,T,431006,1431006,Region,Manica,0,,0,1,HCLVARCTOT,MZAIS2015431006,2015,AIS,1485,1692,,,1
MOZ,Sofala,3226804,Children: Total,100,1,MZ,Mozambique,2015,MZ2015AIS,HC_LVAR_C_TOT,260936110,T,431007,1431007,Region,Sofala,0,,0,1,HCLVARCTOT,MZAIS2015431007,2015,AIS,1696,1653,,,1
MOZ,Inhambane,4211314,Children: Total,100,1,MZ,Mozambique,2015,MZ2015AIS,HC_LVAR_C_TOT,260936110,T,431008,1431008,Region,Inhambane,0,,0,1,HCLVARCTOT,MZAIS2015431008,2015,AIS,1197,1392,,,1
MOZ,Gaza,3496827,Children: Total,100,1,MZ,Mozambique,2015,MZ2015AIS,HC_LVAR_C_TOT,260936110,T,431009,1431009,Region,Gaza,0,,0,1,HCLVARCTOT,MZAIS2015431009,2015,AIS,1529,1983,,,1
MOZ,Maputo Provincia,3020444,Children: Total,100,1,MZ,Mozambique,2015,MZ2015AIS,HC_LVAR_C_TOT,260936110,T,431010,1431010,Region,Maputo Provincia,0,,0,1,HCLVARCTOT,MZAIS2015431010,2015,AIS,777,1252,,,1
MOZ,Maputo Cidade,5910025,Children: Total,100,1,MZ,Mozambique,2015,MZ2015AIS,HC_LVAR_C_TOT,260936110,T,431011,1431011,Region,Maputo Cidade,0,,0,1,HCLVARCTOT,MZAIS2015431011,2015,AIS,678,1161,,,1
MOZ,Niassa,4852024,Children not living with a biological parent,13.3,1,MZ,Mozambique,2015,MZ2015AIS,HC_LVAR_C_NBP,260936120,I,431001,1431001,Region,Niassa,0,,0,1,HCLVARCNBP,MZAIS2015431001,2015,AIS,1113,1823,,,1
MOZ,Cabo Delgado,7310743,Children not living with a biological parent,23.9,1,MZ,Mozambique,2015,MZ2015AIS,HC_LVAR_C_NBP,260936120,I,431002,1431002,Region,Cabo Delgado,0,,0,1,HCLVARCNBP,MZAIS2015431002,2015,AIS,1792,1458,,,1
MOZ,Nampula,1172003,Children not living with a biological parent,21.3,1,MZ,Mozambique,2015,MZ2015AIS,HC_LVAR_C_NBP,260936120,I,431003,1431003,Region,Nampula,0,,0,1,HCLVARCNBP,MZAIS2015431003,2015,AIS,3883,1947,,,1
MOZ,Zambézia,6432596,Children not living with a biological parent,13.4,1,MZ,Mozambique,2015,MZ2015AIS,HC_LVAR_C_NBP,260936120,I,431004,1431004,Region,Zambézia,0,,0,1,HCLVARCNBP,MZAIS2015431004,2015,AIS,2204,1775,,,1
MOZ,Tete,1179386,Children not living with a biological parent,7.6,1,MZ,Mozambique,2015,MZ2015AIS,HC_LVAR_C_NBP,260936120,I,431005,1431005,Region,Tete,0,,0,1,HCLVARCNBP,MZAIS2015431005,2015,AIS,1362,1437,,,1
MOZ,Manica,5383506,Children not living with a biological parent,16.5,1,MZ,Mozambique,2015,MZ2015AIS,HC_LVAR_C_NBP,260936120,I,431006,1431006,Region,Manica,0,,0,1,HCLVARCNBP,MZAIS2015431006,2015,AIS,1485,1692,,,1
MOZ,Sofala,3226812,Children not living with a biological parent,15.5,1,MZ,Mozambique,2015,MZ2015AIS,HC_LVAR_C_NBP,260936120,I,431007,1431007,Region,Sofala,0,,0,1,HCLVARCNBP,MZAIS2015431007,2015,AIS,1696,1653,,,1
MOZ,Inhambane,4211354,Children not living with a biological parent,28.9,1,MZ,Mozambique,2015,MZ2015AIS,HC_LVAR_C_NBP,260936120,I,431008,1431008,Region,Inhambane,0,,0,1,HCLVARCNBP,MZAIS2015431008,2015,AIS,1197,1392,,,1
MOZ,Gaza,3496828,Children not living with a biological parent,20.5,1,MZ,Mozambique,2015,MZ2015AIS,HC_LVAR_C_NBP,260936120,I,431009,1431009,Region,Gaza,0,,0,1,HCLVARCNBP,MZAIS2015431009,2015,AIS,1529,1983,,,1
MOZ,Maputo Provincia,3020452,Children not living with a biological parent,21.2,1,MZ,Mozambique,2015,MZ2015AIS,HC_LVAR_C_NBP,260936120,I,431010,1431010,Region,Maputo Provincia,0,,0,1,HCLVARCNBP,MZAIS2015431010,2015,AIS,777,1252,,,1
MOZ,Maputo Cidade,5910066,Children not living with a biological parent,18.5,1,MZ,Mozambique,2015,MZ2015AIS,HC_LVAR_C_NBP,260936120,I,431011,1431011,Region,Maputo Cidade,0,,0,1,HCLVARCNBP,MZAIS2015431011,2015,AIS,678,1161,,,1
MOZ,Niassa,4851957,"Prevalence of orphanhood: children under 18 who are orphans - mother, father or both dead",7.4,1,MZ,Mozambique,2015,MZ2015AIS,HC_LVAR_C_P1D,260936130,I,431001,1431001,Region,Niassa,0,,0,1,HCLVARCP1D,MZAIS2015431001,2015,AIS,1113,1823,,,1
MOZ,Cabo Delgado,7310729,"Prevalence of orphanhood: children under 18 who are orphans - mother, father or both dead",10.4,1,MZ,Mozambique,2015,MZ2015AIS,HC_LVAR_C_P1D,260936130,I,431002,1431002,Region,Cabo Delgado,0,,0,1,HCLVARCP1D,MZAIS2015431002,2015,AIS,1792,1458,,,1
MOZ,Nampula,1171991,"Prevalence of orphanhood: children under 18 who are orphans - mother, father or both dead",7.3,1,MZ,Mozambique,2015,MZ2015AIS,HC_LVAR_C_P1D,260936130,I,431003,1431003,Region,Nampula,0,,0,1,HCLVARCP1D,MZAIS2015431003,2015,AIS,3883,1947,,,1
MOZ,Zambézia,6432578,"Prevalence of orphanhood: children under 18 who are orphans - mother, father or both dead",9.2,1,MZ,Mozambique,2015,MZ2015AIS,HC_LVAR_C_P1D,260936130,I,431004,1431004,Region,Zambézia,0,,0,1,HCLVARCP1D,MZAIS2015431004,2015,AIS,2204,1775,,,1
MOZ,Tete,1179355,"Prevalence of orphanhood: children under 18 who are orphans - mother, father or both dead",6.2,1,MZ,Mozambique,2015,MZ2015AIS,HC_LVAR_C_P1D,260936130,I,431005,1431005,Region,Tete,0,,0,1,HCLVARCP1D,MZAIS2015431005,2015,AIS,1362,1437,,,1
MOZ,Manica,5383503,"Prevalence of orphanhood: children under 18 who are orphans - mother, father or both dead",18.2,1,MZ,Mozambique,2015,MZ2015AIS,HC_LVAR_C_P1D,260936130,I,431006,1431006,Region,Manica,0,,0,1,HCLVARCP1D,MZAIS2015431006,2015,AIS,1485,1692,,,1
MOZ,Sofala,3226756,"Prevalence of orphanhood: children under 18 who are orphans - mother, father or both dead",20.9,1,MZ,Mozambique,2015,MZ2015AIS,HC_LVAR_C_P1D,260936130,I,431007,1431007,Region,Sofala,0,,0,1,HCLVARCP1D,MZAIS2015431007,2015,AIS,1696,1653,,,1
MOZ,Inhambane,4211304,"Prevalence of orphanhood: children under 18 who are orphans - mother, father or both dead",10.4,1,MZ,Mozambique,2015,MZ2015AIS,HC_LVAR_C_P1D,260936130,I,431008,1431008,Region,Inhambane,0,,0,1,HCLVARCP1D,MZAIS2015431008,2015,AIS,1197,1392,,,1
MOZ,Gaza,3496819,"Prevalence of orphanhood: children under 18 who are orphans - mother, father or both dead",16.4,1,MZ,Mozambique,2015,MZ2015AIS,HC_LVAR_C_P1D,260936130,I,431009,1431009,Region,Gaza,0,,0,1,HCLVARCP1D,MZAIS2015431009,2015,AIS,1529,1983,,,1
MOZ,Maputo Provincia,3020442,"Prevalence of orphanhood: children under 18 who are orphans - mother, father or both dead",13.1,1,MZ,Mozambique,2015,MZ2015AIS,HC_LVAR_C_P1D,260936130,I,431010,1431010,Region,Maputo Provincia,0,,0,1,HCLVARCP1D,MZAIS2015431010,2015,AIS,777,1252,,,1
MOZ,Maputo Cidade,5910063,"Prevalence of orphanhood: children under 18 who are orphans - mother, father or both dead",12.5,1,MZ,Mozambique,2015,MZ2015AIS,HC_LVAR_C_P1D,260936130,I,431011,1431011,Region,Maputo Cidade,0,,0,1,HCLVARCP1D,MZAIS2015431011,2015,AIS,678,1161,,,1
MOZ,Niassa,4918000,Number of children,1113,0,MZ,Mozambique,2015,MZ2015AIS,HC_LVAR_C_NUM,260936140,D,431001,1431001,Region,Niassa,0,,0,1,HCLVARCNUM,MZAIS2015431001,2015,AIS,,1823,,,1
MOZ,Cabo Delgado,7357045,Number of children,1792,0,MZ,Mozambique,2015,MZ2015AIS,HC_LVAR_C_NUM,260936140,D,431002,1431002,Region,Cabo Delgado,0,,0,1,HCLVARCNUM,MZAIS2015431002,2015,AIS,,1458,,,1
MOZ,Nampula,1172000,Number of children,3883,0,MZ,Mozambique,2015,MZ2015AIS,HC_LVAR_C_NUM,260936140,D,431003,1431003,Region,Nampula,0,,0,1,HCLVARCNUM,MZAIS2015431003,2015,AIS,,1947,,,1
MOZ,Zambézia,6517294,Number of children,2204,0,MZ,Mozambique,2015,MZ2015AIS,HC_LVAR_C_NUM,260936140,D,431004,1431004,Region,Zambézia,0,,0,1,HCLVARCNUM,MZAIS2015431004,2015,AIS,,1775,,,1
MOZ,Tete,265585,Number of children,1362,0,MZ,Mozambique,2015,MZ2015AIS,HC_LVAR_C_NUM,260936140,D,431005,1431005,Region,Tete,0,,0,1,HCLVARCNUM,MZAIS2015431005,2015,AIS,,1437,,,1
MOZ,Manica,5491154,Number of children,1485,0,MZ,Mozambique,2015,MZ2015AIS,HC_LVAR_C_NUM,260936140,D,431006,1431006,Region,Manica,0,,0,1,HCLVARCNUM,MZAIS2015431006,2015,AIS,,1692,,,1
MOZ,Sofala,1179389,Number of children,1696,0,MZ,Mozambique,2015,MZ2015AIS,HC_LVAR_C_NUM,260936140,D,431007,1431007,Region,Sofala,0,,0,1,HCLVARCNUM,MZAIS2015431007,2015,AIS,,1653,,,1
MOZ,Inhambane,4329427,Number of children,1197,0,MZ,Mozambique,2015,MZ2015AIS,HC_LVAR_C_NUM,260936140,D,431008,1431008,Region,Inhambane,0,,0,1,HCLVARCNUM,MZAIS2015431008,2015,AIS,,1392,,,1
MOZ,Gaza,3582010,Number of children,1529,0,MZ,Mozambique,2015,MZ2015AIS,HC_LVAR_C_NUM,260936140,D,431009,1431009,Region,Gaza,0,,0,1,HCLVARCNUM,MZAIS2015431009,2015,AIS,,1983,,,1
MOZ,Maputo Provincia,1179390,Number of children,777,0,MZ,Mozambique,2015,MZ2015AIS,HC_LVAR_C_NUM,260936140,D,431010,1431010,Region,Maputo Provincia,0,,0,1,HCLVARCNUM,MZAIS2015431010,2015,AIS,,1252,,,1
MOZ,Maputo Cidade,6018341,Number of children,678,0,MZ,Mozambique,2015,MZ2015AIS,HC_LVAR_C_NUM,260936140,D,431011,1431011,Region,Maputo Cidade,0,,0,1,HCLVARCNUM,MZAIS2015431011,2015,AIS,,1161,,,1
MOZ,Niassa,3152032,Number of children (unweighted),1823,0,MZ,Mozambique,2015,MZ2015AIS,HC_LVAR_C_UNW,260936150,U,431001,1431001,Region,Niassa,0,,0,1,HCLVARCUNW,MZAIS2015431001,2015,AIS,1113,,,,1
MOZ,Cabo Delgado,3328490,Number of children (unweighted),1458,0,MZ,Mozambique,2015,MZ2015AIS,HC_LVAR_C_UNW,260936150,U,431002,1431002,Region,Cabo Delgado,0,,0,1,HCLVARCUNW,MZAIS2015431002,2015,AIS,1792,,,,1
MOZ,Nampula,1172042,Number of children (unweighted),1947,0,MZ,Mozambique,2015,MZ2015AIS,HC_LVAR_C_UNW,260936150,U,431003,1431003,Region,Nampula,0,,0,1,HCLVARCUNW,MZAIS2015431003,2015,AIS,3883,,,,1
MOZ,Zambézia,389430,Number of children (unweighted),1775,0,MZ,Mozambique,2015,MZ2015AIS,HC_LVAR_C_UNW,260936150,U,431004,1431004,Region,Zambézia,0,,0,1,HCLVARCUNW,MZAIS2015431004,2015,AIS,2204,,,,1
MOZ,Tete,1179388,Number of children (unweighted),1437,0,MZ,Mozambique,2015,MZ2015AIS,HC_LVAR_C_UNW,260936150,U,431005,1431005,Region,Tete,0,,0,1,HCLVARCUNW,MZAIS2015431005,2015,AIS,1362,,,,1
MOZ,Manica,360118,Number of children (unweighted),1692,0,MZ,Mozambique,2015,MZ2015AIS,HC_LVAR_C_UNW,260936150,U,431006,1431006,Region,Manica,0,,0,1,HCLVARCUNW,MZAIS2015431006,2015,AIS,1485,,,,1
MOZ,Sofala,3226809,Number of children (unweighted),1653,0,MZ,Mozambique,2015,MZ2015AIS,HC_LVAR_C_UNW,260936150,U,431007,1431007,Region,Sofala,0,,0,1,HCLVARCUNW,MZAIS2015431007,2015,AIS,1696,,,,1
MOZ,Inhambane,3161938,Number of children (unweighted),1392,0,MZ,Mozambique,2015,MZ2015AIS,HC_LVAR_C_UNW,260936150,U,431008,1431008,Region,Inhambane,0,,0,1,HCLVARCUNW,MZAIS2015431008,2015,AIS,1197,,,,1
MOZ,Gaza,643541,Number of children (unweighted),1983,0,MZ,Mozambique,2015,MZ2015AIS,HC_LVAR_C_UNW,260936150,U,431009,1431009,Region,Gaza,0,,0,1,HCLVARCUNW,MZAIS2015431009,2015,AIS,1529,,,,1
MOZ,Maputo Provincia,3020434,Number of children (unweighted),1252,0,MZ,Mozambique,2015,MZ2015AIS,HC_LVAR_C_UNW,260936150,U,431010,1431010,Region,Maputo Provincia,0,,0,1,HCLVARCUNW,MZAIS2015431010,2015,AIS,777,,,,1
MOZ,Maputo Cidade,432017,Number of children (unweighted),1161,0,MZ,Mozambique,2015,MZ2015AIS,HC_LVAR_C_UNW,260936150,U,431011,1431011,Region,Maputo Cidade,0,,0,1,HCLVARCUNW,MZAIS2015431011,2015,AIS,678,,,,1
MOZ,Niassa,4321305,Number of households,344,0,MZ,Mozambique,2018,MZ2018MIS,HC_ORPH_H_NUM,260861050,D,431001,1431001,Region,Niassa,0,,0,1,HCORPHHNUM,MZMIS2018431001,2018,MIS,,559,,,1
MOZ,Cabo Delgado,3591694,Number of households,536,0,MZ,Mozambique,2018,MZ2018MIS,HC_ORPH_H_NUM,260861050,D,431002,1431002,Region,Cabo Delgado,0,,0,1,HCORPHHNUM,MZMIS2018431002,2018,MIS,,577,,,1
MOZ,Nampula,4321832,Number of households,1277,0,MZ,Mozambique,2018,MZ2018MIS,HC_ORPH_H_NUM,260861050,D,431003,1431003,Region,Nampula,0,,0,1,HCORPHHNUM,MZMIS2018431003,2018,MIS,,559,,,1
MOZ,Zambézia,7241217,Number of households,1229,0,MZ,Mozambique,2018,MZ2018MIS,HC_ORPH_H_NUM,260861050,D,431004,1431004,Region,Zambézia,0,,0,1,HCORPHHNUM,MZMIS2018431004,2018,MIS,,588,,,1
MOZ,Tete,1179913,Number of households,569,0,MZ,Mozambique,2018,MZ2018MIS,HC_ORPH_H_NUM,260861050,D,431005,1431005,Region,Tete,0,,0,1,HCORPHHNUM,MZMIS2018431005,2018,MIS,,561,,,1
MOZ,Manica,1179950,Number of households,368,0,MZ,Mozambique,2018,MZ2018MIS,HC_ORPH_H_NUM,260861050,D,431006,1431006,Region,Manica,0,,0,1,HCORPHHNUM,MZMIS2018431006,2018,MIS,,582,,,1
MOZ,Sofala,1179955,Number of households,467,0,MZ,Mozambique,2018,MZ2018MIS,HC_ORPH_H_NUM,260861050,D,431007,1431007,Region,Sofala,0,,0,1,HCORPHHNUM,MZMIS2018431007,2018,MIS,,560,,,1
MOZ,Inhambane,7631312,Number of households,402,0,MZ,Mozambique,2018,MZ2018MIS,HC_ORPH_H_NUM,260861050,D,431008,1431008,Region,Inhambane,0,,0,1,HCORPHHNUM,MZMIS2018431008,2018,MIS,,558,,,1
MOZ,Gaza,6822003,Number of households,336,0,MZ,Mozambique,2018,MZ2018MIS,HC_ORPH_H_NUM,260861050,D,431009,1431009,Region,Gaza,0,,0,1,HCORPHHNUM,MZMIS2018431009,2018,MIS,,553,,,1
MOZ,Maputo Provincia,6195004,Number of households,371,0,MZ,Mozambique,2018,MZ2018MIS,HC_ORPH_H_NUM,260861050,D,431010,1431010,Region,Maputo Provincia,0,,0,1,HCORPHHNUM,MZMIS2018431010,2018,MIS,,572,,,1
MOZ,Maputo Cidade,5959011,Number of households,298,0,MZ,Mozambique,2018,MZ2018MIS,HC_ORPH_H_NUM,260861050,D,431011,1431011,Region,Maputo Cidade,0,,0,1,HCORPHHNUM,MZMIS2018431011,2018,MIS,,527,,,1
MOZ,Niassa,6542,Number of households (unweighted),559,0,MZ,Mozambique,2018,MZ2018MIS,HC_ORPH_H_UNW,260861060,U,431001,1431001,Region,Niassa,0,,0,1,HCORPHHUNW,MZMIS2018431001,2018,MIS,344,,,,1
MOZ,Cabo Delgado,3393963,Number of households (unweighted),577,0,MZ,Mozambique,2018,MZ2018MIS,HC_ORPH_H_UNW,260861060,U,431002,1431002,Region,Cabo Delgado,0,,0,1,HCORPHHUNW,MZMIS2018431002,2018,MIS,536,,,,1
MOZ,Nampula,1164396,Number of households (unweighted),559,0,MZ,Mozambique,2018,MZ2018MIS,HC_ORPH_H_UNW,260861060,U,431003,1431003,Region,Nampula,0,,0,1,HCORPHHUNW,MZMIS2018431003,2018,MIS,1277,,,,1
MOZ,Zambézia,628989,Number of households (unweighted),588,0,MZ,Mozambique,2018,MZ2018MIS,HC_ORPH_H_UNW,260861060,U,431004,1431004,Region,Zambézia,0,,0,1,HCORPHHUNW,MZMIS2018431004,2018,MIS,1229,,,,1
MOZ,Tete,808516,Number of households (unweighted),561,0,MZ,Mozambique,2018,MZ2018MIS,HC_ORPH_H_UNW,260861060,U,431005,1431005,Region,Tete,0,,0,1,HCORPHHUNW,MZMIS2018431005,2018,MIS,569,,,,1
MOZ,Manica,1180293,Number of households (unweighted),582,0,MZ,Mozambique,2018,MZ2018MIS,HC_ORPH_H_UNW,260861060,U,431006,1431006,Region,Manica,0,,0,1,HCORPHHUNW,MZMIS2018431006,2018,MIS,368,,,,1
MOZ,Sofala,65819,Number of households (unweighted),560,0,MZ,Mozambique,2018,MZ2018MIS,HC_ORPH_H_UNW,260861060,U,431007,1431007,Region,Sofala,0,,0,1,HCORPHHUNW,MZMIS2018431007,2018,MIS,467,,,,1
MOZ,Inhambane,7632723,Number of households (unweighted),558,0,MZ,Mozambique,2018,MZ2018MIS,HC_ORPH_H_UNW,260861060,U,431008,1431008,Region,Inhambane,0,,0,1,HCORPHHUNW,MZMIS2018431008,2018,MIS,402,,,,1
MOZ,Gaza,779899,Number of households (unweighted),553,0,MZ,Mozambique,2018,MZ2018MIS,HC_ORPH_H_UNW,260861060,U,431009,1431009,Region,Gaza,0,,0,1,HCORPHHUNW,MZMIS2018431009,2018,MIS,336,,,,1
MOZ,Maputo Provincia,3787994,Number of households (unweighted),572,0,MZ,Mozambique,2018,MZ2018MIS,HC_ORPH_H_UNW,260861060,U,431010,1431010,Region,Maputo Provincia,0,,0,1,HCORPHHUNW,MZMIS2018431010,2018,MIS,371,,,,1
MOZ,Maputo Cidade,1188113,Number of households (unweighted),527,0,MZ,Mozambique,2018,MZ2018MIS,HC_ORPH_H_UNW,260861060,U,431011,1431011,Region,Maputo Cidade,0,,0,1,HCORPHHUNW,MZMIS2018431011,2018,MIS,298,,,,1
MOZ,Niassa,2890830,Households with children not living with a biological parent,23.2,1,MZ,Mozambique,2022,MZ2022DHS,HC_ORPH_H_FOS,260861010,I,431001,1431001,Region,Niassa,0,,0,1,HCORPHHFOS,MZDHS2022431001,2022-23,DHS,897,1163,,,1
MOZ,Cabo Delgado,7043017,Households with children not living with a biological parent,31,1,MZ,Mozambique,2022,MZ2022DHS,HC_ORPH_H_FOS,260861010,I,431002,1431002,Region,Cabo Delgado,0,,0,1,HCORPHHFOS,MZDHS2022431002,2022-23,DHS,745,1443,,,1
MOZ,Nampula,3383654,Households with children not living with a biological parent,30.9,1,MZ,Mozambique,2022,MZ2022DHS,HC_ORPH_H_FOS,260861010,I,431003,1431003,Region,Nampula,0,,0,1,HCORPHHFOS,MZDHS2022431003,2022-23,DHS,3403,1568,,,1
MOZ,Zambézia,4229589,Households with children not living with a biological parent,21.7,1,MZ,Mozambique,2022,MZ2022DHS,HC_ORPH_H_FOS,260861010,I,431004,1431004,Region,Zambézia,0,,0,1,HCORPHHFOS,MZDHS2022431004,2022-23,DHS,2582,1317,,,1
MOZ,Tete,7415763,Households with children not living with a biological parent,20.6,1,MZ,Mozambique,2022,MZ2022DHS,HC_ORPH_H_FOS,260861010,I,431005,1431005,Region,Tete,0,,0,1,HCORPHHFOS,MZDHS2022431005,2022-23,DHS,1482,1310,,,1
MOZ,Manica,2681190,Households with children not living with a biological parent,23.2,1,MZ,Mozambique,2022,MZ2022DHS,HC_ORPH_H_FOS,260861010,I,431006,1431006,Region,Manica,0,,0,1,HCORPHHFOS,MZDHS2022431006,2022-23,DHS,936,1243,,,1
MOZ,Sofala,84071,Households with children not living with a biological parent,22.6,1,MZ,Mozambique,2022,MZ2022DHS,HC_ORPH_H_FOS,260861010,I,431007,1431007,Region,Sofala,0,,0,1,HCORPHHFOS,MZDHS2022431007,2022-23,DHS,931,1257,,,1
MOZ,Inhambane,2122466,Households with children not living with a biological parent,36.2,1,MZ,Mozambique,2022,MZ2022DHS,HC_ORPH_H_FOS,260861010,I,431008,1431008,Region,Inhambane,0,,0,1,HCORPHHFOS,MZDHS2022431008,2022-23,DHS,717,1273,,,1
MOZ,Gaza,6964410,Households with children not living with a biological parent,35.6,1,MZ,Mozambique,2022,MZ2022DHS,HC_ORPH_H_FOS,260861010,I,431009,1431009,Region,Gaza,0,,0,1,HCORPHHFOS,MZDHS2022431009,2022-23,DHS,692,1234,,,1
MOZ,Maputo Provincia,6349772,Households with children not living with a biological parent,21.3,1,MZ,Mozambique,2022,MZ2022DHS,HC_ORPH_H_FOS,260861010,I,431010,1431010,Region,Maputo Provincia,0,,0,1,HCORPHHFOS,MZDHS2022431010,2022-23,DHS,1276,1268,,,1
MOZ,Maputo Cidade,3924610,Households with children not living with a biological parent,21.1,1,MZ,Mozambique,2022,MZ2022DHS,HC_ORPH_H_FOS,260861010,I,431011,1431011,Region,Maputo Cidade,0,,0,1,HCORPHHFOS,MZDHS2022431011,2022-23,DHS,590,1174,,,1
MOZ,Niassa,2890832,Households with double orphans,1.5,1,MZ,Mozambique,2022,MZ2022DHS,HC_ORPH_H_DBL,260861020,I,431001,1431001,Region,Niassa,0,,0,1,HCORPHHDBL,MZDHS2022431001,2022-23,DHS,897,1163,,,1
MOZ,Cabo Delgado,7043006,Households with double orphans,3.8,1,MZ,Mozambique,2022,MZ2022DHS,HC_ORPH_H_DBL,260861020,I,431002,1431002,Region,Cabo Delgado,0,,0,1,HCORPHHDBL,MZDHS2022431002,2022-23,DHS,745,1443,,,1
MOZ,Nampula,3383653,Households with double orphans,2,1,MZ,Mozambique,2022,MZ2022DHS,HC_ORPH_H_DBL,260861020,I,431003,1431003,Region,Nampula,0,,0,1,HCORPHHDBL,MZDHS2022431003,2022-23,DHS,3403,1568,,,1
MOZ,Zambézia,4229580,Households with double orphans,2.7,1,MZ,Mozambique,2022,MZ2022DHS,HC_ORPH_H_DBL,260861020,I,431004,1431004,Region,Zambézia,0,,0,1,HCORPHHDBL,MZDHS2022431004,2022-23,DHS,2582,1317,,,1
MOZ,Tete,7415765,Households with double orphans,2.3,1,MZ,Mozambique,2022,MZ2022DHS,HC_ORPH_H_DBL,260861020,I,431005,1431005,Region,Tete,0,,0,1,HCORPHHDBL,MZDHS2022431005,2022-23,DHS,1482,1310,,,1
MOZ,Manica,2681191,Households with double orphans,3.4,1,MZ,Mozambique,2022,MZ2022DHS,HC_ORPH_H_DBL,260861020,I,431006,1431006,Region,Manica,0,,0,1,HCORPHHDBL,MZDHS2022431006,2022-23,DHS,936,1243,,,1
MOZ,Sofala,84070,Households with double orphans,3.7,1,MZ,Mozambique,2022,MZ2022DHS,HC_ORPH_H_DBL,260861020,I,431007,1431007,Region,Sofala,0,,0,1,HCORPHHDBL,MZDHS2022431007,2022-23,DHS,931,1257,,,1
MOZ,Inhambane,2122467,Households with double orphans,1.7,1,MZ,Mozambique,2022,MZ2022DHS,HC_ORPH_H_DBL,260861020,I,431008,1431008,Region,Inhambane,0,,0,1,HCORPHHDBL,MZDHS2022431008,2022-23,DHS,717,1273,,,1
MOZ,Gaza,6964409,Households with double orphans,3.5,1,MZ,Mozambique,2022,MZ2022DHS,HC_ORPH_H_DBL,260861020,I,431009,1431009,Region,Gaza,0,,0,1,HCORPHHDBL,MZDHS2022431009,2022-23,DHS,692,1234,,,1
MOZ,Maputo Provincia,6349773,Households with double orphans,1.2,1,MZ,Mozambique,2022,MZ2022DHS,HC_ORPH_H_DBL,260861020,I,431010,1431010,Region,Maputo Provincia,0,,0,1,HCORPHHDBL,MZDHS2022431010,2022-23,DHS,1276,1268,,,1
MOZ,Maputo Cidade,3924659,Households with double orphans,1.6,1,MZ,Mozambique,2022,MZ2022DHS,HC_ORPH_H_DBL,260861020,I,431011,1431011,Region,Maputo Cidade,0,,0,1,HCORPHHDBL,MZDHS2022431011,2022-23,DHS,590,1174,,,1
MOZ,Niassa,2890831,Households with single orphans,11.8,1,MZ,Mozambique,2022,MZ2022DHS,HC_ORPH_H_SNG,260861030,I,431001,1431001,Region,Niassa,0,,0,1,HCORPHHSNG,MZDHS2022431001,2022-23,DHS,897,1163,,,1
MOZ,Cabo Delgado,7043018,Households with single orphans,17.3,1,MZ,Mozambique,2022,MZ2022DHS,HC_ORPH_H_SNG,260861030,I,431002,1431002,Region,Cabo Delgado,0,,0,1,HCORPHHSNG,MZDHS2022431002,2022-23,DHS,745,1443,,,1
MOZ,Nampula,3383686,Households with single orphans,15.6,1,MZ,Mozambique,2022,MZ2022DHS,HC_ORPH_H_SNG,260861030,I,431003,1431003,Region,Nampula,0,,0,1,HCORPHHSNG,MZDHS2022431003,2022-23,DHS,3403,1568,,,1
MOZ,Zambézia,4229586,Households with single orphans,13.4,1,MZ,Mozambique,2022,MZ2022DHS,HC_ORPH_H_SNG,260861030,I,431004,1431004,Region,Zambézia,0,,0,1,HCORPHHSNG,MZDHS2022431004,2022-23,DHS,2582,1317,,,1
MOZ,Tete,7415766,Households with single orphans,10.2,1,MZ,Mozambique,2022,MZ2022DHS,HC_ORPH_H_SNG,260861030,I,431005,1431005,Region,Tete,0,,0,1,HCORPHHSNG,MZDHS2022431005,2022-23,DHS,1482,1310,,,1
MOZ,Manica,2681192,Households with single orphans,17.3,1,MZ,Mozambique,2022,MZ2022DHS,HC_ORPH_H_SNG,260861030,I,431006,1431006,Region,Manica,0,,0,1,HCORPHHSNG,MZDHS2022431006,2022-23,DHS,936,1243,,,1
MOZ,Sofala,84072,Households with single orphans,15.6,1,MZ,Mozambique,2022,MZ2022DHS,HC_ORPH_H_SNG,260861030,I,431007,1431007,Region,Sofala,0,,0,1,HCORPHHSNG,MZDHS2022431007,2022-23,DHS,931,1257,,,1
MOZ,Inhambane,2122470,Households with single orphans,14.6,1,MZ,Mozambique,2022,MZ2022DHS,HC_ORPH_H_SNG,260861030,I,431008,1431008,Region,Inhambane,0,,0,1,HCORPHHSNG,MZDHS2022431008,2022-23,DHS,717,1273,,,1
MOZ,Gaza,6964411,Households with single orphans,18.2,1,MZ,Mozambique,2022,MZ2022DHS,HC_ORPH_H_SNG,260861030,I,431009,1431009,Region,Gaza,0,,0,1,HCORPHHSNG,MZDHS2022431009,2022-23,DHS,692,1234,,,1
MOZ,Maputo Provincia,6349774,Households with single orphans,13.2,1,MZ,Mozambique,2022,MZ2022DHS,HC_ORPH_H_SNG,260861030,I,431010,1431010,Region,Maputo Provincia,0,,0,1,HCORPHHSNG,MZDHS2022431010,2022-23,DHS,1276,1268,,,1
MOZ,Maputo Cidade,3924611,Households with single orphans,12.4,1,MZ,Mozambique,2022,MZ2022DHS,HC_ORPH_H_SNG,260861030,I,431011,1431011,Region,Maputo Cidade,0,,0,1,HCORPHHSNG,MZDHS2022431011,2022-23,DHS,590,1174,,,1
MOZ,Niassa,2890837,Households with orphans and/or children not living with a biological parent,27.7,1,MZ,Mozambique,2022,MZ2022DHS,HC_ORPH_H_FOR,260861040,I,431001,1431001,Region,Niassa,0,,0,1,HCORPHHFOR,MZDHS2022431001,2022-23,DHS,897,1163,,,1
MOZ,Cabo Delgado,7043019,Households with orphans and/or children not living with a biological parent,39.1,1,MZ,Mozambique,2022,MZ2022DHS,HC_ORPH_H_FOR,260861040,I,431002,1431002,Region,Cabo Delgado,0,,0,1,HCORPHHFOR,MZDHS2022431002,2022-23,DHS,745,1443,,,1
MOZ,Nampula,3383687,Households with orphans and/or children not living with a biological parent,36.2,1,MZ,Mozambique,2022,MZ2022DHS,HC_ORPH_H_FOR,260861040,I,431003,1431003,Region,Nampula,0,,0,1,HCORPHHFOR,MZDHS2022431003,2022-23,DHS,3403,1568,,,1
MOZ,Zambézia,4229587,Households with orphans and/or children not living with a biological parent,27.3,1,MZ,Mozambique,2022,MZ2022DHS,HC_ORPH_H_FOR,260861040,I,431004,1431004,Region,Zambézia,0,,0,1,HCORPHHFOR,MZDHS2022431004,2022-23,DHS,2582,1317,,,1
MOZ,Tete,7415767,Households with orphans and/or children not living with a biological parent,25,1,MZ,Mozambique,2022,MZ2022DHS,HC_ORPH_H_FOR,260861040,I,431005,1431005,Region,Tete,0,,0,1,HCORPHHFOR,MZDHS2022431005,2022-23,DHS,1482,1310,,,1
MOZ,Manica,2681193,Households with orphans and/or children not living with a biological parent,30.4,1,MZ,Mozambique,2022,MZ2022DHS,HC_ORPH_H_FOR,260861040,I,431006,1431006,Region,Manica,0,,0,1,HCORPHHFOR,MZDHS2022431006,2022-23,DHS,936,1243,,,1
MOZ,Sofala,84073,Households with orphans and/or children not living with a biological parent,29.9,1,MZ,Mozambique,2022,MZ2022DHS,HC_ORPH_H_FOR,260861040,I,431007,1431007,Region,Sofala,0,,0,1,HCORPHHFOR,MZDHS2022431007,2022-23,DHS,931,1257,,,1
MOZ,Inhambane,2122471,Households with orphans and/or children not living with a biological parent,40.5,1,MZ,Mozambique,2022,MZ2022DHS,HC_ORPH_H_FOR,260861040,I,431008,1431008,Region,Inhambane,0,,0,1,HCORPHHFOR,MZDHS2022431008,2022-23,DHS,717,1273,,,1
MOZ,Gaza,6964412,Households with orphans and/or children not living with a biological parent,40.9,1,MZ,Mozambique,2022,MZ2022DHS,HC_ORPH_H_FOR,260861040,I,431009,1431009,Region,Gaza,0,,0,1,HCORPHHFOR,MZDHS2022431009,2022-23,DHS,692,1234,,,1
MOZ,Maputo Provincia,6349775,Households with orphans and/or children not living with a biological parent,26.8,1,MZ,Mozambique,2022,MZ2022DHS,HC_ORPH_H_FOR,260861040,I,431010,1431010,Region,Maputo Provincia,0,,0,1,HCORPHHFOR,MZDHS2022431010,2022-23,DHS,1276,1268,,,1
MOZ,Maputo Cidade,3924658,Households with orphans and/or children not living with a biological parent,25.6,1,MZ,Mozambique,2022,MZ2022DHS,HC_ORPH_H_FOR,260861040,I,431011,1431011,Region,Maputo Cidade,0,,0,1,HCORPHHFOR,MZDHS2022431011,2022-23,DHS,590,1174,,,1
MOZ,Niassa,2136120,Number of households,897,0,MZ,Mozambique,2022,MZ2022DHS,HC_ORPH_H_NUM,260861050,D,431001,1431001,Region,Niassa,0,,0,1,HCORPHHNUM,MZDHS2022431001,2022-23,DHS,,1163,,,1
MOZ,Cabo Delgado,7055682,Number of households,745,0,MZ,Mozambique,2022,MZ2022DHS,HC_ORPH_H_NUM,260861050,D,431002,1431002,Region,Cabo Delgado,0,,0,1,HCORPHHNUM,MZDHS2022431002,2022-23,DHS,,1443,,,1
MOZ,Nampula,2136067,Number of households,3403,0,MZ,Mozambique,2022,MZ2022DHS,HC_ORPH_H_NUM,260861050,D,431003,1431003,Region,Nampula,0,,0,1,HCORPHHNUM,MZDHS2022431003,2022-23,DHS,,1568,,,1
MOZ,Zambézia,4229588,Number of households,2582,0,MZ,Mozambique,2022,MZ2022DHS,HC_ORPH_H_NUM,260861050,D,431004,1431004,Region,Zambézia,0,,0,1,HCORPHHNUM,MZDHS2022431004,2022-23,DHS,,1317,,,1
MOZ,Tete,7443744,Number of households,1482,0,MZ,Mozambique,2022,MZ2022DHS,HC_ORPH_H_NUM,260861050,D,431005,1431005,Region,Tete,0,,0,1,HCORPHHNUM,MZDHS2022431005,2022-23,DHS,,1310,,,1
MOZ,Manica,2122506,Number of households,936,0,MZ,Mozambique,2022,MZ2022DHS,HC_ORPH_H_NUM,260861050,D,431006,1431006,Region,Manica,0,,0,1,HCORPHHNUM,MZDHS2022431006,2022-23,DHS,,1243,,,1
MOZ,Sofala,2115809,Number of households,931,0,MZ,Mozambique,2022,MZ2022DHS,HC_ORPH_H_NUM,260861050,D,431007,1431007,Region,Sofala,0,,0,1,HCORPHHNUM,MZDHS2022431007,2022-23,DHS,,1257,,,1
MOZ,Inhambane,2122473,Number of households,717,0,MZ,Mozambique,2022,MZ2022DHS,HC_ORPH_H_NUM,260861050,D,431008,1431008,Region,Inhambane,0,,0,1,HCORPHHNUM,MZDHS2022431008,2022-23,DHS,,1273,,,1
MOZ,Gaza,6964413,Number of households,692,0,MZ,Mozambique,2022,MZ2022DHS,HC_ORPH_H_NUM,260861050,D,431009,1431009,Region,Gaza,0,,0,1,HCORPHHNUM,MZDHS2022431009,2022-23,DHS,,1234,,,1
MOZ,Maputo Provincia,6320618,Number of households,1276,0,MZ,Mozambique,2022,MZ2022DHS,HC_ORPH_H_NUM,260861050,D,431010,1431010,Region,Maputo Provincia,0,,0,1,HCORPHHNUM,MZDHS2022431010,2022-23,DHS,,1268,,,1
MOZ,Maputo Cidade,4013820,Number of households,590,0,MZ,Mozambique,2022,MZ2022DHS,HC_ORPH_H_NUM,260861050,D,431011,1431011,Region,Maputo Cidade,0,,0,1,HCORPHHNUM,MZDHS2022431011,2022-23,DHS,,1174,,,1
MOZ,Niassa,2890851,Number of households (unweighted),1163,0,MZ,Mozambique,2022,MZ2022DHS,HC_ORPH_H_UNW,260861060,U,431001,1431001,Region,Niassa,0,,0,1,HCORPHHUNW,MZDHS2022431001,2022-23,DHS,897,,,,1
MOZ,Cabo Delgado,326958,Number of households (unweighted),1443,0,MZ,Mozambique,2022,MZ2022DHS,HC_ORPH_H_UNW,260861060,U,431002,1431002,Region,Cabo Delgado,0,,0,1,HCORPHHUNW,MZDHS2022431002,2022-23,DHS,745,,,,1
MOZ,Nampula,3383652,Number of households (unweighted),1568,0,MZ,Mozambique,2022,MZ2022DHS,HC_ORPH_H_UNW,260861060,U,431003,1431003,Region,Nampula,0,,0,1,HCORPHHUNW,MZDHS2022431003,2022-23,DHS,3403,,,,1
MOZ,Zambézia,2130004,Number of households (unweighted),1317,0,MZ,Mozambique,2022,MZ2022DHS,HC_ORPH_H_UNW,260861060,U,431004,1431004,Region,Zambézia,0,,0,1,HCORPHHUNW,MZDHS2022431004,2022-23,DHS,2582,,,,1
MOZ,Tete,697357,Number of households (unweighted),1310,0,MZ,Mozambique,2022,MZ2022DHS,HC_ORPH_H_UNW,260861060,U,431005,1431005,Region,Tete,0,,0,1,HCORPHHUNW,MZDHS2022431005,2022-23,DHS,1482,,,,1
MOZ,Manica,2681208,Number of households (unweighted),1243,0,MZ,Mozambique,2022,MZ2022DHS,HC_ORPH_H_UNW,260861060,U,431006,1431006,Region,Manica,0,,0,1,HCORPHHUNW,MZDHS2022431006,2022-23,DHS,936,,,,1
MOZ,Sofala,84098,Number of households (unweighted),1257,0,MZ,Mozambique,2022,MZ2022DHS,HC_ORPH_H_UNW,260861060,U,431007,1431007,Region,Sofala,0,,0,1,HCORPHHUNW,MZDHS2022431007,2022-23,DHS,931,,,,1
MOZ,Inhambane,2122520,Number of households (unweighted),1273,0,MZ,Mozambique,2022,MZ2022DHS,HC_ORPH_H_UNW,260861060,U,431008,1431008,Region,Inhambane,0,,0,1,HCORPHHUNW,MZDHS2022431008,2022-23,DHS,717,,,,1
MOZ,Gaza,2122508,Number of households (unweighted),1234,0,MZ,Mozambique,2022,MZ2022DHS,HC_ORPH_H_UNW,260861060,U,431009,1431009,Region,Gaza,0,,0,1,HCORPHHUNW,MZDHS2022431009,2022-23,DHS,692,,,,1
MOZ,Maputo Provincia,3315427,Number of households (unweighted),1268,0,MZ,Mozambique,2022,MZ2022DHS,HC_ORPH_H_UNW,260861060,U,431010,1431010,Region,Maputo Provincia,0,,0,1,HCORPHHUNW,MZDHS2022431010,2022-23,DHS,1276,,,,1
MOZ,Maputo Cidade,6248750,Number of households (unweighted),1174,0,MZ,Mozambique,2022,MZ2022DHS,HC_ORPH_H_UNW,260861060,U,431011,1431011,Region,Maputo Cidade,0,,0,1,HCORPHHUNW,MZDHS2022431011,2022-23,DHS,590,,,,1
MOZ,Niassa,2136153,Children living with both parents,58.7,1,MZ,Mozambique,2022,MZ2022DHS,HC_LVAR_C_BTH,260936010,I,431001,1431001,Region,Niassa,0,,0,1,HCLVARCBTH,MZDHS2022431001,2022-23,DHS,2586,3328,,,1
MOZ,Cabo Delgado,5413818,Children living with both parents,48.3,1,MZ,Mozambique,2022,MZ2022DHS,HC_LVAR_C_BTH,260936010,I,431002,1431002,Region,Cabo Delgado,0,,0,1,HCLVARCBTH,MZDHS2022431002,2022-23,DHS,2102,3954,,,1
MOZ,Nampula,3626885,Children living with both parents,52.8,1,MZ,Mozambique,2022,MZ2022DHS,HC_LVAR_C_BTH,260936010,I,431003,1431003,Region,Nampula,0,,0,1,HCLVARCBTH,MZDHS2022431003,2022-23,DHS,8989,4115,,,1
MOZ,Zambézia,2756911,Children living with both parents,62.9,1,MZ,Mozambique,2022,MZ2022DHS,HC_LVAR_C_BTH,260936010,I,431004,1431004,Region,Zambézia,0,,0,1,HCLVARCBTH,MZDHS2022431004,2022-23,DHS,6625,3322,,,1
MOZ,Tete,7177615,Children living with both parents,61,1,MZ,Mozambique,2022,MZ2022DHS,HC_LVAR_C_BTH,260936010,I,431005,1431005,Region,Tete,0,,0,1,HCLVARCBTH,MZDHS2022431005,2022-23,DHS,3636,3196,,,1
MOZ,Manica,4388470,Children living with both parents,59.5,1,MZ,Mozambique,2022,MZ2022DHS,HC_LVAR_C_BTH,260936010,I,431006,1431006,Region,Manica,0,,0,1,HCLVARCBTH,MZDHS2022431006,2022-23,DHS,2720,3575,,,1
MOZ,Sofala,4689514,Children living with both parents,63.1,1,MZ,Mozambique,2022,MZ2022DHS,HC_LVAR_C_BTH,260936010,I,431007,1431007,Region,Sofala,0,,0,1,HCLVARCBTH,MZDHS2022431007,2022-23,DHS,2389,3330,,,1
MOZ,Inhambane,2122548,Children living with both parents,34,1,MZ,Mozambique,2022,MZ2022DHS,HC_LVAR_C_BTH,260936010,I,431008,1431008,Region,Inhambane,0,,0,1,HCLVARCBTH,MZDHS2022431008,2022-23,DHS,1482,2610,,,1
MOZ,Gaza,5506127,Children living with both parents,26.9,1,MZ,Mozambique,2022,MZ2022DHS,HC_LVAR_C_BTH,260936010,I,431009,1431009,Region,Gaza,0,,0,1,HCLVARCBTH,MZDHS2022431009,2022-23,DHS,1647,2944,,,1
MOZ,Maputo Provincia,5873292,Children living with both parents,48.6,1,MZ,Mozambique,2022,MZ2022DHS,HC_LVAR_C_BTH,260936010,I,431010,1431010,Region,Maputo Provincia,0,,0,1,HCLVARCBTH,MZDHS2022431010,2022-23,DHS,2300,2299,,,1
MOZ,Maputo Cidade,981549,Children living with both parents,43.4,1,MZ,Mozambique,2022,MZ2022DHS,HC_LVAR_C_BTH,260936010,I,431011,1431011,Region,Maputo Cidade,0,,0,1,HCLVARCBTH,MZDHS2022431011,2022-23,DHS,928,1837,,,1
MOZ,Niassa,2136154,"Children living with mother, father alive",22.2,1,MZ,Mozambique,2022,MZ2022DHS,HC_LVAR_C_MFA,260936020,I,431001,1431001,Region,Niassa,0,,0,1,HCLVARCMFA,MZDHS2022431001,2022-23,DHS,2586,3328,,,1
MOZ,Cabo Delgado,5413819,"Children living with mother, father alive",23,1,MZ,Mozambique,2022,MZ2022DHS,HC_LVAR_C_MFA,260936020,I,431002,1431002,Region,Cabo Delgado,0,,0,1,HCLVARCMFA,MZDHS2022431002,2022-23,DHS,2102,3954,,,1
MOZ,Nampula,3626886,"Children living with mother, father alive",21,1,MZ,Mozambique,2022,MZ2022DHS,HC_LVAR_C_MFA,260936020,I,431003,1431003,Region,Nampula,0,,0,1,HCLVARCMFA,MZDHS2022431003,2022-23,DHS,8989,4115,,,1
MOZ,Zambézia,2756912,"Children living with mother, father alive",17.8,1,MZ,Mozambique,2022,MZ2022DHS,HC_LVAR_C_MFA,260936020,I,431004,1431004,Region,Zambézia,0,,0,1,HCLVARCMFA,MZDHS2022431004,2022-23,DHS,6625,3322,,,1
MOZ,Tete,7177616,"Children living with mother, father alive",17.9,1,MZ,Mozambique,2022,MZ2022DHS,HC_LVAR_C_MFA,260936020,I,431005,1431005,Region,Tete,0,,0,1,HCLVARCMFA,MZDHS2022431005,2022-23,DHS,3636,3196,,,1
MOZ,Manica,4388471,"Children living with mother, father alive",16.6,1,MZ,Mozambique,2022,MZ2022DHS,HC_LVAR_C_MFA,260936020,I,431006,1431006,Region,Manica,0,,0,1,HCLVARCMFA,MZDHS2022431006,2022-23,DHS,2720,3575,,,1
MOZ,Sofala,4689515,"Children living with mother, father alive",12.5,1,MZ,Mozambique,2022,MZ2022DHS,HC_LVAR_C_MFA,260936020,I,431007,1431007,Region,Sofala,0,,0,1,HCLVARCMFA,MZDHS2022431007,2022-23,DHS,2389,3330,,,1
MOZ,Inhambane,2122549,"Children living with mother, father alive",24,1,MZ,Mozambique,2022,MZ2022DHS,HC_LVAR_C_MFA,260936020,I,431008,1431008,Region,Inhambane,0,,0,1,HCLVARCMFA,MZDHS2022431008,2022-23,DHS,1482,2610,,,1
MOZ,Gaza,5506128,"Children living with mother, father alive",33.5,1,MZ,Mozambique,2022,MZ2022DHS,HC_LVAR_C_MFA,260936020,I,431009,1431009,Region,Gaza,0,,0,1,HCLVARCMFA,MZDHS2022431009,2022-23,DHS,1647,2944,,,1
MOZ,Maputo Provincia,5873299,"Children living with mother, father alive",22.5,1,MZ,Mozambique,2022,MZ2022DHS,HC_LVAR_C_MFA,260936020,I,431010,1431010,Region,Maputo Provincia,0,,0,1,HCLVARCMFA,MZDHS2022431010,2022-23,DHS,2300,2299,,,1
MOZ,Maputo Cidade,981550,"Children living with mother, father alive",24.7,1,MZ,Mozambique,2022,MZ2022DHS,HC_LVAR_C_MFA,260936020,I,431011,1431011,Region,Maputo Cidade,0,,0,1,HCLVARCMFA,MZDHS2022431011,2022-23,DHS,928,1837,,,1
MOZ,Niassa,2136155,"Children living with mother, father dead",3.7,1,MZ,Mozambique,2022,MZ2022DHS,HC_LVAR_C_MFD,260936030,I,431001,1431001,Region,Niassa,0,,0,1,HCLVARCMFD,MZDHS2022431001,2022-23,DHS,2586,3328,,,1
MOZ,Cabo Delgado,5413820,"Children living with mother, father dead",7.3,1,MZ,Mozambique,2022,MZ2022DHS,HC_LVAR_C_MFD,260936030,I,431002,1431002,Region,Cabo Delgado,0,,0,1,HCLVARCMFD,MZDHS2022431002,2022-23,DHS,2102,3954,,,1
MOZ,Nampula,3626887,"Children living with mother, father dead",3.4,1,MZ,Mozambique,2022,MZ2022DHS,HC_LVAR_C_MFD,260936030,I,431003,1431003,Region,Nampula,0,,0,1,HCLVARCMFD,MZDHS2022431003,2022-23,DHS,8989,4115,,,1
MOZ,Zambézia,2756913,"Children living with mother, father dead",4.4,1,MZ,Mozambique,2022,MZ2022DHS,HC_LVAR_C_MFD,260936030,I,431004,1431004,Region,Zambézia,0,,0,1,HCLVARCMFD,MZDHS2022431004,2022-23,DHS,6625,3322,,,1
MOZ,Tete,7177617,"Children living with mother, father dead",4.1,1,MZ,Mozambique,2022,MZ2022DHS,HC_LVAR_C_MFD,260936030,I,431005,1431005,Region,Tete,0,,0,1,HCLVARCMFD,MZDHS2022431005,2022-23,DHS,3636,3196,,,1
MOZ,Manica,4388472,"Children living with mother, father dead",6.4,1,MZ,Mozambique,2022,MZ2022DHS,HC_LVAR_C_MFD,260936030,I,431006,1431006,Region,Manica,0,,0,1,HCLVARCMFD,MZDHS2022431006,2022-23,DHS,2720,3575,,,1
MOZ,Sofala,4689516,"Children living with mother, father dead",6.4,1,MZ,Mozambique,2022,MZ2022DHS,HC_LVAR_C_MFD,260936030,I,431007,1431007,Region,Sofala,0,,0,1,HCLVARCMFD,MZDHS2022431007,2022-23,DHS,2389,3330,,,1
MOZ,Inhambane,2122550,"Children living with mother, father dead",3.5,1,MZ,Mozambique,2022,MZ2022DHS,HC_LVAR_C_MFD,260936030,I,431008,1431008,Region,Inhambane,0,,0,1,HCLVARCMFD,MZDHS2022431008,2022-23,DHS,1482,2610,,,1
MOZ,Gaza,5506129,"Children living with mother, father dead",5.8,1,MZ,Mozambique,2022,MZ2022DHS,HC_LVAR_C_MFD,260936030,I,431009,1431009,Region,Gaza,0,,0,1,HCLVARCMFD,MZDHS2022431009,2022-23,DHS,1647,2944,,,1
MOZ,Maputo Provincia,5873300,"Children living with mother, father dead",4.8,1,MZ,Mozambique,2022,MZ2022DHS,HC_LVAR_C_MFD,260936030,I,431010,1431010,Region,Maputo Provincia,0,,0,1,HCLVARCMFD,MZDHS2022431010,2022-23,DHS,2300,2299,,,1
MOZ,Maputo Cidade,981551,"Children living with mother, father dead",4.7,1,MZ,Mozambique,2022,MZ2022DHS,HC_LVAR_C_MFD,260936030,I,431011,1431011,Region,Maputo Cidade,0,,0,1,HCLVARCMFD,MZDHS2022431011,2022-23,DHS,928,1837,,,1
MOZ,Niassa,2136156,"Children living with father, mother alive",1.5,1,MZ,Mozambique,2022,MZ2022DHS,HC_LVAR_C_FMA,260936040,I,431001,1431001,Region,Niassa,0,,0,1,HCLVARCFMA,MZDHS2022431001,2022-23,DHS,2586,3328,,,1
MOZ,Cabo Delgado,5413821,"Children living with father, mother alive",1.6,1,MZ,Mozambique,2022,MZ2022DHS,HC_LVAR_C_FMA,260936040,I,431002,1431002,Region,Cabo Delgado,0,,0,1,HCLVARCFMA,MZDHS2022431002,2022-23,DHS,2102,3954,,,1
MOZ,Nampula,3626882,"Children living with father, mother alive",3.4,1,MZ,Mozambique,2022,MZ2022DHS,HC_LVAR_C_FMA,260936040,I,431003,1431003,Region,Nampula,0,,0,1,HCLVARCFMA,MZDHS2022431003,2022-23,DHS,8989,4115,,,1
MOZ,Zambézia,2756891,"Children living with father, mother alive",1.4,1,MZ,Mozambique,2022,MZ2022DHS,HC_LVAR_C_FMA,260936040,I,431004,1431004,Region,Zambézia,0,,0,1,HCLVARCFMA,MZDHS2022431004,2022-23,DHS,6625,3322,,,1
MOZ,Tete,7177608,"Children living with father, mother alive",2.1,1,MZ,Mozambique,2022,MZ2022DHS,HC_LVAR_C_FMA,260936040,I,431005,1431005,Region,Tete,0,,0,1,HCLVARCFMA,MZDHS2022431005,2022-23,DHS,3636,3196,,,1
MOZ,Manica,4388469,"Children living with father, mother alive",2.9,1,MZ,Mozambique,2022,MZ2022DHS,HC_LVAR_C_FMA,260936040,I,431006,1431006,Region,Manica,0,,0,1,HCLVARCFMA,MZDHS2022431006,2022-23,DHS,2720,3575,,,1
MOZ,Sofala,4689509,"Children living with father, mother alive",2.8,1,MZ,Mozambique,2022,MZ2022DHS,HC_LVAR_C_FMA,260936040,I,431007,1431007,Region,Sofala,0,,0,1,HCLVARCFMA,MZDHS2022431007,2022-23,DHS,2389,3330,,,1
MOZ,Inhambane,2122545,"Children living with father, mother alive",4.4,1,MZ,Mozambique,2022,MZ2022DHS,HC_LVAR_C_FMA,260936040,I,431008,1431008,Region,Inhambane,0,,0,1,HCLVARCFMA,MZDHS2022431008,2022-23,DHS,1482,2610,,,1
MOZ,Gaza,5506124,"Children living with father, mother alive",3.1,1,MZ,Mozambique,2022,MZ2022DHS,HC_LVAR_C_FMA,260936040,I,431009,1431009,Region,Gaza,0,,0,1,HCLVARCFMA,MZDHS2022431009,2022-23,DHS,1647,2944,,,1
MOZ,Maputo Provincia,5873289,"Children living with father, mother alive",4.2,1,MZ,Mozambique,2022,MZ2022DHS,HC_LVAR_C_FMA,260936040,I,431010,1431010,Region,Maputo Provincia,0,,0,1,HCLVARCFMA,MZDHS2022431010,2022-23,DHS,2300,2299,,,1
MOZ,Maputo Cidade,981546,"Children living with father, mother alive",5.1,1,MZ,Mozambique,2022,MZ2022DHS,HC_LVAR_C_FMA,260936040,I,431011,1431011,Region,Maputo Cidade,0,,0,1,HCLVARCFMA,MZDHS2022431011,2022-23,DHS,928,1837,,,1
MOZ,Niassa,2136161,"Children living with father, mother dead",0.1,1,MZ,Mozambique,2022,MZ2022DHS,HC_LVAR_C_FMD,260936050,I,431001,1431001,Region,Niassa,0,,0,1,HCLVARCFMD,MZDHS2022431001,2022-23,DHS,2586,3328,,,1
MOZ,Cabo Delgado,5413836,"Children living with father, mother dead",0.6,1,MZ,Mozambique,2022,MZ2022DHS,HC_LVAR_C_FMD,260936050,I,431002,1431002,Region,Cabo Delgado,0,,0,1,HCLVARCFMD,MZDHS2022431002,2022-23,DHS,2102,3954,,,1
MOZ,Nampula,3626898,"Children living with father, mother dead",0.8,1,MZ,Mozambique,2022,MZ2022DHS,HC_LVAR_C_FMD,260936050,I,431003,1431003,Region,Nampula,0,,0,1,HCLVARCFMD,MZDHS2022431003,2022-23,DHS,8989,4115,,,1
MOZ,Zambézia,2756914,"Children living with father, mother dead",0.6,1,MZ,Mozambique,2022,MZ2022DHS,HC_LVAR_C_FMD,260936050,I,431004,1431004,Region,Zambézia,0,,0,1,HCLVARCFMD,MZDHS2022431004,2022-23,DHS,6625,3322,,,1
MOZ,Tete,7177618,"Children living with father, mother dead",0.4,1,MZ,Mozambique,2022,MZ2022DHS,HC_LVAR_C_FMD,260936050,I,431005,1431005,Region,Tete,0,,0,1,HCLVARCFMD,MZDHS2022431005,2022-23,DHS,3636,3196,,,1
MOZ,Manica,4388475,"Children living with father, mother dead",0.8,1,MZ,Mozambique,2022,MZ2022DHS,HC_LVAR_C_FMD,260936050,I,431006,1431006,Region,Manica,0,,0,1,HCLVARCFMD,MZDHS2022431006,2022-23,DHS,2720,3575,,,1
MOZ,Sofala,4689557,"Children living with father, mother dead",1.2,1,MZ,Mozambique,2022,MZ2022DHS,HC_LVAR_C_FMD,260936050,I,431007,1431007,Region,Sofala,0,,0,1,HCLVARCFMD,MZDHS2022431007,2022-23,DHS,2389,3330,,,1
MOZ,Inhambane,2122552,"Children living with father, mother dead",1,1,MZ,Mozambique,2022,MZ2022DHS,HC_LVAR_C_FMD,260936050,I,431008,1431008,Region,Inhambane,0,,0,1,HCLVARCFMD,MZDHS2022431008,2022-23,DHS,1482,2610,,,1
MOZ,Gaza,5506152,"Children living with father, mother dead",0.7,1,MZ,Mozambique,2022,MZ2022DHS,HC_LVAR_C_FMD,260936050,I,431009,1431009,Region,Gaza,0,,0,1,HCLVARCFMD,MZDHS2022431009,2022-23,DHS,1647,2944,,,1
MOZ,Maputo Provincia,5873301,"Children living with father, mother dead",1.3,1,MZ,Mozambique,2022,MZ2022DHS,HC_LVAR_C_FMD,260936050,I,431010,1431010,Region,Maputo Provincia,0,,0,1,HCLVARCFMD,MZDHS2022431010,2022-23,DHS,2300,2299,,,1
MOZ,Maputo Cidade,981585,"Children living with father, mother dead",0.8,1,MZ,Mozambique,2022,MZ2022DHS,HC_LVAR_C_FMD,260936050,I,431011,1431011,Region,Maputo Cidade,0,,0,1,HCLVARCFMD,MZDHS2022431011,2022-23,DHS,928,1837,,,1
MOZ,Niassa,2136157,"Children living with neither parent, both alive",10.2,1,MZ,Mozambique,2022,MZ2022DHS,HC_LVAR_C_NBA,260936060,I,431001,1431001,Region,Niassa,0,,0,1,HCLVARCNBA,MZDHS2022431001,2022-23,DHS,2586,3328,,,1
MOZ,Cabo Delgado,5413822,"Children living with neither parent, both alive",12.6,1,MZ,Mozambique,2022,MZ2022DHS,HC_LVAR_C_NBA,260936060,I,431002,1431002,Region,Cabo Delgado,0,,0,1,HCLVARCNBA,MZDHS2022431002,2022-23,DHS,2102,3954,,,1
MOZ,Nampula,3626883,"Children living with neither parent, both alive",12.8,1,MZ,Mozambique,2022,MZ2022DHS,HC_LVAR_C_NBA,260936060,I,431003,1431003,Region,Nampula,0,,0,1,HCLVARCNBA,MZDHS2022431003,2022-23,DHS,8989,4115,,,1
MOZ,Zambézia,2756892,"Children living with neither parent, both alive",7.5,1,MZ,Mozambique,2022,MZ2022DHS,HC_LVAR_C_NBA,260936060,I,431004,1431004,Region,Zambézia,0,,0,1,HCLVARCNBA,MZDHS2022431004,2022-23,DHS,6625,3322,,,1
MOZ,Tete,7177609,"Children living with neither parent, both alive",10.3,1,MZ,Mozambique,2022,MZ2022DHS,HC_LVAR_C_NBA,260936060,I,431005,1431005,Region,Tete,0,,0,1,HCLVARCNBA,MZDHS2022431005,2022-23,DHS,3636,3196,,,1
MOZ,Manica,4388473,"Children living with neither parent, both alive",8,1,MZ,Mozambique,2022,MZ2022DHS,HC_LVAR_C_NBA,260936060,I,431006,1431006,Region,Manica,0,,0,1,HCLVARCNBA,MZDHS2022431006,2022-23,DHS,2720,3575,,,1
MOZ,Sofala,4689510,"Children living with neither parent, both alive",8.3,1,MZ,Mozambique,2022,MZ2022DHS,HC_LVAR_C_NBA,260936060,I,431007,1431007,Region,Sofala,0,,0,1,HCLVARCNBA,MZDHS2022431007,2022-23,DHS,2389,3330,,,1
MOZ,Inhambane,2122546,"Children living with neither parent, both alive",22.5,1,MZ,Mozambique,2022,MZ2022DHS,HC_LVAR_C_NBA,260936060,I,431008,1431008,Region,Inhambane,0,,0,1,HCLVARCNBA,MZDHS2022431008,2022-23,DHS,1482,2610,,,1
MOZ,Gaza,5506125,"Children living with neither parent, both alive",20.8,1,MZ,Mozambique,2022,MZ2022DHS,HC_LVAR_C_NBA,260936060,I,431009,1431009,Region,Gaza,0,,0,1,HCLVARCNBA,MZDHS2022431009,2022-23,DHS,1647,2944,,,1
MOZ,Maputo Provincia,5873290,"Children living with neither parent, both alive",11.8,1,MZ,Mozambique,2022,MZ2022DHS,HC_LVAR_C_NBA,260936060,I,431010,1431010,Region,Maputo Provincia,0,,0,1,HCLVARCNBA,MZDHS2022431010,2022-23,DHS,2300,2299,,,1
MOZ,Maputo Cidade,981547,"Children living with neither parent, both alive",14,1,MZ,Mozambique,2022,MZ2022DHS,HC_LVAR_C_NBA,260936060,I,431011,1431011,Region,Maputo Cidade,0,,0,1,HCLVARCNBA,MZDHS2022431011,2022-23,DHS,928,1837,,,1
MOZ,Niassa,2136162,"Children living with neither parent, mother alive",1.7,1,MZ,Mozambique,2022,MZ2022DHS,HC_LVAR_C_NMA,260936070,I,431001,1431001,Region,Niassa,0,,0,1,HCLVARCNMA,MZDHS2022431001,2022-23,DHS,2586,3328,,,1
MOZ,Cabo Delgado,5413837,"Children living with neither parent, mother alive",1.5,1,MZ,Mozambique,2022,MZ2022DHS,HC_LVAR_C_NMA,260936070,I,431002,1431002,Region,Cabo Delgado,0,,0,1,HCLVARCNMA,MZDHS2022431002,2022-23,DHS,2102,3954,,,1
MOZ,Nampula,3626899,"Children living with neither parent, mother alive",2.3,1,MZ,Mozambique,2022,MZ2022DHS,HC_LVAR_C_NMA,260936070,I,431003,1431003,Region,Nampula,0,,0,1,HCLVARCNMA,MZDHS2022431003,2022-23,DHS,8989,4115,,,1
MOZ,Zambézia,2756915,"Children living with neither parent, mother alive",1.5,1,MZ,Mozambique,2022,MZ2022DHS,HC_LVAR_C_NMA,260936070,I,431004,1431004,Region,Zambézia,0,,0,1,HCLVARCNMA,MZDHS2022431004,2022-23,DHS,6625,3322,,,1
MOZ,Tete,7177630,"Children living with neither parent, mother alive",1.8,1,MZ,Mozambique,2022,MZ2022DHS,HC_LVAR_C_NMA,260936070,I,431005,1431005,Region,Tete,0,,0,1,HCLVARCNMA,MZDHS2022431005,2022-23,DHS,3636,3196,,,1
MOZ,Manica,4388476,"Children living with neither parent, mother alive",2.4,1,MZ,Mozambique,2022,MZ2022DHS,HC_LVAR_C_NMA,260936070,I,431006,1431006,Region,Manica,0,,0,1,HCLVARCNMA,MZDHS2022431006,2022-23,DHS,2720,3575,,,1
MOZ,Sofala,4689558,"Children living with neither parent, mother alive",2.2,1,MZ,Mozambique,2022,MZ2022DHS,HC_LVAR_C_NMA,260936070,I,431007,1431007,Region,Sofala,0,,0,1,HCLVARCNMA,MZDHS2022431007,2022-23,DHS,2389,3330,,,1
MOZ,Inhambane,2122553,"Children living with neither parent, mother alive",3.6,1,MZ,Mozambique,2022,MZ2022DHS,HC_LVAR_C_NMA,260936070,I,431008,1431008,Region,Inhambane,0,,0,1,HCLVARCNMA,MZDHS2022431008,2022-23,DHS,1482,2610,,,1
MOZ,Gaza,5506153,"Children living with neither parent, mother alive",3.4,1,MZ,Mozambique,2022,MZ2022DHS,HC_LVAR_C_NMA,260936070,I,431009,1431009,Region,Gaza,0,,0,1,HCLVARCNMA,MZDHS2022431009,2022-23,DHS,1647,2944,,,1
MOZ,Maputo Provincia,5873302,"Children living with neither parent, mother alive",2.9,1,MZ,Mozambique,2022,MZ2022DHS,HC_LVAR_C_NMA,260936070,I,431010,1431010,Region,Maputo Provincia,0,,0,1,HCLVARCNMA,MZDHS2022431010,2022-23,DHS,2300,2299,,,1
MOZ,Maputo Cidade,981588,"Children living with neither parent, mother alive",2.5,1,MZ,Mozambique,2022,MZ2022DHS,HC_LVAR_C_NMA,260936070,I,431011,1431011,Region,Maputo Cidade,0,,0,1,HCLVARCNMA,MZDHS2022431011,2022-23,DHS,928,1837,,,1
MOZ,Niassa,2136163,"Children living with neither parent, father alive",1.2,1,MZ,Mozambique,2022,MZ2022DHS,HC_LVAR_C_NFA,260936080,I,431001,1431001,Region,Niassa,0,,0,1,HCLVARCNFA,MZDHS2022431001,2022-23,DHS,2586,3328,,,1
MOZ,Cabo Delgado,5413823,"Children living with neither parent, father alive",2.1,1,MZ,Mozambique,2022,MZ2022DHS,HC_LVAR_C_NFA,260936080,I,431002,1431002,Region,Cabo Delgado,0,,0,1,HCLVARCNFA,MZDHS2022431002,2022-23,DHS,2102,3954,,,1
MOZ,Nampula,3626888,"Children living with neither parent, father alive",2.2,1,MZ,Mozambique,2022,MZ2022DHS,HC_LVAR_C_NFA,260936080,I,431003,1431003,Region,Nampula,0,,0,1,HCLVARCNFA,MZDHS2022431003,2022-23,DHS,8989,4115,,,1
MOZ,Zambézia,2756906,"Children living with neither parent, father alive",1.9,1,MZ,Mozambique,2022,MZ2022DHS,HC_LVAR_C_NFA,260936080,I,431004,1431004,Region,Zambézia,0,,0,1,HCLVARCNFA,MZDHS2022431004,2022-23,DHS,6625,3322,,,1
MOZ,Tete,7177611,"Children living with neither parent, father alive",0.9,1,MZ,Mozambique,2022,MZ2022DHS,HC_LVAR_C_NFA,260936080,I,431005,1431005,Region,Tete,0,,0,1,HCLVARCNFA,MZDHS2022431005,2022-23,DHS,3636,3196,,,1
MOZ,Manica,4388478,"Children living with neither parent, father alive",1.4,1,MZ,Mozambique,2022,MZ2022DHS,HC_LVAR_C_NFA,260936080,I,431006,1431006,Region,Manica,0,,0,1,HCLVARCNFA,MZDHS2022431006,2022-23,DHS,2720,3575,,,1
MOZ,Sofala,4689495,"Children living with neither parent, father alive",1,1,MZ,Mozambique,2022,MZ2022DHS,HC_LVAR_C_NFA,260936080,I,431007,1431007,Region,Sofala,0,,0,1,HCLVARCNFA,MZDHS2022431007,2022-23,DHS,2389,3330,,,1
MOZ,Inhambane,2122540,"Children living with neither parent, father alive",1.6,1,MZ,Mozambique,2022,MZ2022DHS,HC_LVAR_C_NFA,260936080,I,431008,1431008,Region,Inhambane,0,,0,1,HCLVARCNFA,MZDHS2022431008,2022-23,DHS,1482,2610,,,1
MOZ,Gaza,5506122,"Children living with neither parent, father alive",2.8,1,MZ,Mozambique,2022,MZ2022DHS,HC_LVAR_C_NFA,260936080,I,431009,1431009,Region,Gaza,0,,0,1,HCLVARCNFA,MZDHS2022431009,2022-23,DHS,1647,2944,,,1
MOZ,Maputo Provincia,5873283,"Children living with neither parent, father alive",1.6,1,MZ,Mozambique,2022,MZ2022DHS,HC_LVAR_C_NFA,260936080,I,431010,1431010,Region,Maputo Provincia,0,,0,1,HCLVARCNFA,MZDHS2022431010,2022-23,DHS,2300,2299,,,1
MOZ,Maputo Cidade,981552,"Children living with neither parent, father alive",1.7,1,MZ,Mozambique,2022,MZ2022DHS,HC_LVAR_C_NFA,260936080,I,431011,1431011,Region,Maputo Cidade,0,,0,1,HCLVARCNFA,MZDHS2022431011,2022-23,DHS,928,1837,,,1
MOZ,Niassa,2136165,"Children living with neither parent, both dead",0.7,1,MZ,Mozambique,2022,MZ2022DHS,HC_LVAR_C_NBD,260936090,I,431001,1431001,Region,Niassa,0,,0,1,HCLVARCNBD,MZDHS2022431001,2022-23,DHS,2586,3328,,,1
MOZ,Cabo Delgado,5413828,"Children living with neither parent, both dead",2.1,1,MZ,Mozambique,2022,MZ2022DHS,HC_LVAR_C_NBD,260936090,I,431002,1431002,Region,Cabo Delgado,0,,0,1,HCLVARCNBD,MZDHS2022431002,2022-23,DHS,2102,3954,,,1
MOZ,Nampula,3626889,"Children living with neither parent, both dead",0.9,1,MZ,Mozambique,2022,MZ2022DHS,HC_LVAR_C_NBD,260936090,I,431003,1431003,Region,Nampula,0,,0,1,HCLVARCNBD,MZDHS2022431003,2022-23,DHS,8989,4115,,,1
MOZ,Zambézia,2756907,"Children living with neither parent, both dead",1.7,1,MZ,Mozambique,2022,MZ2022DHS,HC_LVAR_C_NBD,260936090,I,431004,1431004,Region,Zambézia,0,,0,1,HCLVARCNBD,MZDHS2022431004,2022-23,DHS,6625,3322,,,1
MOZ,Tete,7177612,"Children living with neither parent, both dead",1.1,1,MZ,Mozambique,2022,MZ2022DHS,HC_LVAR_C_NBD,260936090,I,431005,1431005,Region,Tete,0,,0,1,HCLVARCNBD,MZDHS2022431005,2022-23,DHS,3636,3196,,,1
MOZ,Manica,4388479,"Children living with neither parent, both dead",1.6,1,MZ,Mozambique,2022,MZ2022DHS,HC_LVAR_C_NBD,260936090,I,431006,1431006,Region,Manica,0,,0,1,HCLVARCNBD,MZDHS2022431006,2022-23,DHS,2720,3575,,,1
MOZ,Sofala,4689496,"Children living with neither parent, both dead",1.9,1,MZ,Mozambique,2022,MZ2022DHS,HC_LVAR_C_NBD,260936090,I,431007,1431007,Region,Sofala,0,,0,1,HCLVARCNBD,MZDHS2022431007,2022-23,DHS,2389,3330,,,1
MOZ,Inhambane,2122541,"Children living with neither parent, both dead",1,1,MZ,Mozambique,2022,MZ2022DHS,HC_LVAR_C_NBD,260936090,I,431008,1431008,Region,Inhambane,0,,0,1,HCLVARCNBD,MZDHS2022431008,2022-23,DHS,1482,2610,,,1
MOZ,Gaza,5506123,"Children living with neither parent, both dead",1.9,1,MZ,Mozambique,2022,MZ2022DHS,HC_LVAR_C_NBD,260936090,I,431009,1431009,Region,Gaza,0,,0,1,HCLVARCNBD,MZDHS2022431009,2022-23,DHS,1647,2944,,,1
MOZ,Maputo Provincia,5873284,"Children living with neither parent, both dead",0.8,1,MZ,Mozambique,2022,MZ2022DHS,HC_LVAR_C_NBD,260936090,I,431010,1431010,Region,Maputo Provincia,0,,0,1,HCLVARCNBD,MZDHS2022431010,2022-23,DHS,2300,2299,,,1
MOZ,Maputo Cidade,981553,"Children living with neither parent, both dead",1.1,1,MZ,Mozambique,2022,MZ2022DHS,HC_LVAR_C_NBD,260936090,I,431011,1431011,Region,Maputo Cidade,0,,0,1,HCLVARCNBD,MZDHS2022431011,2022-23,DHS,928,1837,,,1
MOZ,Niassa,2136168,Children with missing information on whether father/mother alive,0.1,1,MZ,Mozambique,2022,MZ2022DHS,HC_LVAR_C_NMS,260936100,I,431001,1431001,Region,Niassa,0,,0,1,HCLVARCNMS,MZDHS2022431001,2022-23,DHS,2586,3328,,,1
MOZ,Cabo Delgado,5413829,Children with missing information on whether father/mother alive,0.9,1,MZ,Mozambique,2022,MZ2022DHS,HC_LVAR_C_NMS,260936100,I,431002,1431002,Region,Cabo Delgado,0,,0,1,HCLVARCNMS,MZDHS2022431002,2022-23,DHS,2102,3954,,,1
MOZ,Nampula,3626896,Children with missing information on whether father/mother alive,0.3,1,MZ,Mozambique,2022,MZ2022DHS,HC_LVAR_C_NMS,260936100,I,431003,1431003,Region,Nampula,0,,0,1,HCLVARCNMS,MZDHS2022431003,2022-23,DHS,8989,4115,,,1
MOZ,Zambézia,2756908,Children with missing information on whether father/mother alive,0.3,1,MZ,Mozambique,2022,MZ2022DHS,HC_LVAR_C_NMS,260936100,I,431004,1431004,Region,Zambézia,0,,0,1,HCLVARCNMS,MZDHS2022431004,2022-23,DHS,6625,3322,,,1
MOZ,Tete,7177613,Children with missing information on whether father/mother alive,0.4,1,MZ,Mozambique,2022,MZ2022DHS,HC_LVAR_C_NMS,260936100,I,431005,1431005,Region,Tete,0,,0,1,HCLVARCNMS,MZDHS2022431005,2022-23,DHS,3636,3196,,,1
MOZ,Manica,4388480,Children with missing information on whether father/mother alive,0.4,1,MZ,Mozambique,2022,MZ2022DHS,HC_LVAR_C_NMS,260936100,I,431006,1431006,Region,Manica,0,,0,1,HCLVARCNMS,MZDHS2022431006,2022-23,DHS,2720,3575,,,1
MOZ,Sofala,4689507,Children with missing information on whether father/mother alive,0.6,1,MZ,Mozambique,2022,MZ2022DHS,HC_LVAR_C_NMS,260936100,I,431007,1431007,Region,Sofala,0,,0,1,HCLVARCNMS,MZDHS2022431007,2022-23,DHS,2389,3330,,,1
MOZ,Inhambane,2122542,Children with missing information on whether father/mother alive,4.4,1,MZ,Mozambique,2022,MZ2022DHS,HC_LVAR_C_NMS,260936100,I,431008,1431008,Region,Inhambane,0,,0,1,HCLVARCNMS,MZDHS2022431008,2022-23,DHS,1482,2610,,,1
MOZ,Gaza,5506130,Children with missing information on whether father/mother alive,1.2,1,MZ,Mozambique,2022,MZ2022DHS,HC_LVAR_C_NMS,260936100,I,431009,1431009,Region,Gaza,0,,0,1,HCLVARCNMS,MZDHS2022431009,2022-23,DHS,1647,2944,,,1
MOZ,Maputo Provincia,5873287,Children with missing information on whether father/mother alive,1.5,1,MZ,Mozambique,2022,MZ2022DHS,HC_LVAR_C_NMS,260936100,I,431010,1431010,Region,Maputo Provincia,0,,0,1,HCLVARCNMS,MZDHS2022431010,2022-23,DHS,2300,2299,,,1
MOZ,Maputo Cidade,981554,Children with missing information on whether father/mother alive,2,1,MZ,Mozambique,2022,MZ2022DHS,HC_LVAR_C_NMS,260936100,I,431011,1431011,Region,Maputo Cidade,0,,0,1,HCLVARCNMS,MZDHS2022431011,2022-23,DHS,928,1837,,,1
MOZ,Niassa,2136173,Children: Total,100,1,MZ,Mozambique,2022,MZ2022DHS,HC_LVAR_C_TOT,260936110,T,431001,1431001,Region,Niassa,0,,0,1,HCLVARCTOT,MZDHS2022431001,2022-23,DHS,2586,3328,,,1
MOZ,Cabo Delgado,5413834,Children: Total,100,1,MZ,Mozambique,2022,MZ2022DHS,HC_LVAR_C_TOT,260936110,T,431002,1431002,Region,Cabo Delgado,0,,0,1,HCLVARCTOT,MZDHS2022431002,2022-23,DHS,2102,3954,,,1
MOZ,Nampula,3626897,Children: Total,100,1,MZ,Mozambique,2022,MZ2022DHS,HC_LVAR_C_TOT,260936110,T,431003,1431003,Region,Nampula,0,,0,1,HCLVARCTOT,MZDHS2022431003,2022-23,DHS,8989,4115,,,1
MOZ,Zambézia,2756909,Children: Total,100,1,MZ,Mozambique,2022,MZ2022DHS,HC_LVAR_C_TOT,260936110,T,431004,1431004,Region,Zambézia,0,,0,1,HCLVARCTOT,MZDHS2022431004,2022-23,DHS,6625,3322,,,1
MOZ,Tete,7177614,Children: Total,100,1,MZ,Mozambique,2022,MZ2022DHS,HC_LVAR_C_TOT,260936110,T,431005,1431005,Region,Tete,0,,0,1,HCLVARCTOT,MZDHS2022431005,2022-23,DHS,3636,3196,,,1
MOZ,Manica,4388521,Children: Total,100,1,MZ,Mozambique,2022,MZ2022DHS,HC_LVAR_C_TOT,260936110,T,431006,1431006,Region,Manica,0,,0,1,HCLVARCTOT,MZDHS2022431006,2022-23,DHS,2720,3575,,,1
MOZ,Sofala,4689508,Children: Total,100,1,MZ,Mozambique,2022,MZ2022DHS,HC_LVAR_C_TOT,260936110,T,431007,1431007,Region,Sofala,0,,0,1,HCLVARCTOT,MZDHS2022431007,2022-23,DHS,2389,3330,,,1
MOZ,Inhambane,2122544,Children: Total,100,1,MZ,Mozambique,2022,MZ2022DHS,HC_LVAR_C_TOT,260936110,T,431008,1431008,Region,Inhambane,0,,0,1,HCLVARCTOT,MZDHS2022431008,2022-23,DHS,1482,2610,,,1
MOZ,Gaza,5506151,Children: Total,100,1,MZ,Mozambique,2022,MZ2022DHS,HC_LVAR_C_TOT,260936110,T,431009,1431009,Region,Gaza,0,,0,1,HCLVARCTOT,MZDHS2022431009,2022-23,DHS,1647,2944,,,1
MOZ,Maputo Provincia,5873288,Children: Total,100,1,MZ,Mozambique,2022,MZ2022DHS,HC_LVAR_C_TOT,260936110,T,431010,1431010,Region,Maputo Provincia,0,,0,1,HCLVARCTOT,MZDHS2022431010,2022-23,DHS,2300,2299,,,1
MOZ,Maputo Cidade,981584,Children: Total,100,1,MZ,Mozambique,2022,MZ2022DHS,HC_LVAR_C_TOT,260936110,T,431011,1431011,Region,Maputo Cidade,0,,0,1,HCLVARCTOT,MZDHS2022431011,2022-23,DHS,928,1837,,,1
MOZ,Niassa,2136175,Children not living with a biological parent,13.8,1,MZ,Mozambique,2022,MZ2022DHS,HC_LVAR_C_NBP,260936120,I,431001,1431001,Region,Niassa,0,,0,1,HCLVARCNBP,MZDHS2022431001,2022-23,DHS,2586,3328,,,1
MOZ,Cabo Delgado,5413849,Children not living with a biological parent,18.3,1,MZ,Mozambique,2022,MZ2022DHS,HC_LVAR_C_NBP,260936120,I,431002,1431002,Region,Cabo Delgado,0,,0,1,HCLVARCNBP,MZDHS2022431002,2022-23,DHS,2102,3954,,,1
MOZ,Nampula,3626900,Children not living with a biological parent,18.3,1,MZ,Mozambique,2022,MZ2022DHS,HC_LVAR_C_NBP,260936120,I,431003,1431003,Region,Nampula,0,,0,1,HCLVARCNBP,MZDHS2022431003,2022-23,DHS,8989,4115,,,1
MOZ,Zambézia,2756973,Children not living with a biological parent,12.6,1,MZ,Mozambique,2022,MZ2022DHS,HC_LVAR_C_NBP,260936120,I,431004,1431004,Region,Zambézia,0,,0,1,HCLVARCNBP,MZDHS2022431004,2022-23,DHS,6625,3322,,,1
MOZ,Tete,7177631,Children not living with a biological parent,14,1,MZ,Mozambique,2022,MZ2022DHS,HC_LVAR_C_NBP,260936120,I,431005,1431005,Region,Tete,0,,0,1,HCLVARCNBP,MZDHS2022431005,2022-23,DHS,3636,3196,,,1
MOZ,Manica,4388477,Children not living with a biological parent,13.4,1,MZ,Mozambique,2022,MZ2022DHS,HC_LVAR_C_NBP,260936120,I,431006,1431006,Region,Manica,0,,0,1,HCLVARCNBP,MZDHS2022431006,2022-23,DHS,2720,3575,,,1
MOZ,Sofala,4689559,Children not living with a biological parent,13.4,1,MZ,Mozambique,2022,MZ2022DHS,HC_LVAR_C_NBP,260936120,I,431007,1431007,Region,Sofala,0,,0,1,HCLVARCNBP,MZDHS2022431007,2022-23,DHS,2389,3330,,,1
MOZ,Inhambane,2122554,Children not living with a biological parent,28.7,1,MZ,Mozambique,2022,MZ2022DHS,HC_LVAR_C_NBP,260936120,I,431008,1431008,Region,Inhambane,0,,0,1,HCLVARCNBP,MZDHS2022431008,2022-23,DHS,1482,2610,,,1
MOZ,Gaza,5506154,Children not living with a biological parent,28.9,1,MZ,Mozambique,2022,MZ2022DHS,HC_LVAR_C_NBP,260936120,I,431009,1431009,Region,Gaza,0,,0,1,HCLVARCNBP,MZDHS2022431009,2022-23,DHS,1647,2944,,,1
MOZ,Maputo Provincia,5873303,Children not living with a biological parent,17.1,1,MZ,Mozambique,2022,MZ2022DHS,HC_LVAR_C_NBP,260936120,I,431010,1431010,Region,Maputo Provincia,0,,0,1,HCLVARCNBP,MZDHS2022431010,2022-23,DHS,2300,2299,,,1
MOZ,Maputo Cidade,981589,Children not living with a biological parent,19.3,1,MZ,Mozambique,2022,MZ2022DHS,HC_LVAR_C_NBP,260936120,I,431011,1431011,Region,Maputo Cidade,0,,0,1,HCLVARCNBP,MZDHS2022431011,2022-23,DHS,928,1837,,,1
MOZ,Niassa,2136166,"Prevalence of orphanhood: children under 18 who are orphans - mother, father or both dead",7.4,1,MZ,Mozambique,2022,MZ2022DHS,HC_LVAR_C_P1D,260936130,I,431001,1431001,Region,Niassa,0,,0,1,HCLVARCP1D,MZDHS2022431001,2022-23,DHS,2586,3328,,,1
MOZ,Cabo Delgado,5413835,"Prevalence of orphanhood: children under 18 who are orphans - mother, father or both dead",13.7,1,MZ,Mozambique,2022,MZ2022DHS,HC_LVAR_C_P1D,260936130,I,431002,1431002,Region,Cabo Delgado,0,,0,1,HCLVARCP1D,MZDHS2022431002,2022-23,DHS,2102,3954,,,1
MOZ,Nampula,3626884,"Prevalence of orphanhood: children under 18 who are orphans - mother, father or both dead",9.7,1,MZ,Mozambique,2022,MZ2022DHS,HC_LVAR_C_P1D,260936130,I,431003,1431003,Region,Nampula,0,,0,1,HCLVARCP1D,MZDHS2022431003,2022-23,DHS,8989,4115,,,1
MOZ,Zambézia,2756905,"Prevalence of orphanhood: children under 18 who are orphans - mother, father or both dead",10.1,1,MZ,Mozambique,2022,MZ2022DHS,HC_LVAR_C_P1D,260936130,I,431004,1431004,Region,Zambézia,0,,0,1,HCLVARCP1D,MZDHS2022431004,2022-23,DHS,6625,3322,,,1
MOZ,Tete,7177610,"Prevalence of orphanhood: children under 18 who are orphans - mother, father or both dead",8.3,1,MZ,Mozambique,2022,MZ2022DHS,HC_LVAR_C_P1D,260936130,I,431005,1431005,Region,Tete,0,,0,1,HCLVARCP1D,MZDHS2022431005,2022-23,DHS,3636,3196,,,1
MOZ,Manica,4388474,"Prevalence of orphanhood: children under 18 who are orphans - mother, father or both dead",12.7,1,MZ,Mozambique,2022,MZ2022DHS,HC_LVAR_C_P1D,260936130,I,431006,1431006,Region,Manica,0,,0,1,HCLVARCP1D,MZDHS2022431006,2022-23,DHS,2720,3575,,,1
MOZ,Sofala,4689513,"Prevalence of orphanhood: children under 18 who are orphans - mother, father or both dead",12.9,1,MZ,Mozambique,2022,MZ2022DHS,HC_LVAR_C_P1D,260936130,I,431007,1431007,Region,Sofala,0,,0,1,HCLVARCP1D,MZDHS2022431007,2022-23,DHS,2389,3330,,,1
MOZ,Inhambane,2122547,"Prevalence of orphanhood: children under 18 who are orphans - mother, father or both dead",11,1,MZ,Mozambique,2022,MZ2022DHS,HC_LVAR_C_P1D,260936130,I,431008,1431008,Region,Inhambane,0,,0,1,HCLVARCP1D,MZDHS2022431008,2022-23,DHS,1482,2610,,,1
MOZ,Gaza,5506126,"Prevalence of orphanhood: children under 18 who are orphans - mother, father or both dead",14.7,1,MZ,Mozambique,2022,MZ2022DHS,HC_LVAR_C_P1D,260936130,I,431009,1431009,Region,Gaza,0,,0,1,HCLVARCP1D,MZDHS2022431009,2022-23,DHS,1647,2944,,,1
MOZ,Maputo Provincia,5873291,"Prevalence of orphanhood: children under 18 who are orphans - mother, father or both dead",11.5,1,MZ,Mozambique,2022,MZ2022DHS,HC_LVAR_C_P1D,260936130,I,431010,1431010,Region,Maputo Provincia,0,,0,1,HCLVARCP1D,MZDHS2022431010,2022-23,DHS,2300,2299,,,1
MOZ,Maputo Cidade,981548,"Prevalence of orphanhood: children under 18 who are orphans - mother, father or both dead",11.2,1,MZ,Mozambique,2022,MZ2022DHS,HC_LVAR_C_P1D,260936130,I,431011,1431011,Region,Maputo Cidade,0,,0,1,HCLVARCP1D,MZDHS2022431011,2022-23,DHS,928,1837,,,1
MOZ,Niassa,2136174,Number of children,2586,0,MZ,Mozambique,2022,MZ2022DHS,HC_LVAR_C_NUM,260936140,D,431001,1431001,Region,Niassa,0,,0,1,HCLVARCNUM,MZDHS2022431001,2022-23,DHS,,3328,,,1
MOZ,Cabo Delgado,5460081,Number of children,2102,0,MZ,Mozambique,2022,MZ2022DHS,HC_LVAR_C_NUM,260936140,D,431002,1431002,Region,Cabo Delgado,0,,0,1,HCLVARCNUM,MZDHS2022431002,2022-23,DHS,,3954,,,1
MOZ,Nampula,3739908,Number of children,8989,0,MZ,Mozambique,2022,MZ2022DHS,HC_LVAR_C_NUM,260936140,D,431003,1431003,Region,Nampula,0,,0,1,HCLVARCNUM,MZDHS2022431003,2022-23,DHS,,4115,,,1
MOZ,Zambézia,2130010,Number of children,6625,0,MZ,Mozambique,2022,MZ2022DHS,HC_LVAR_C_NUM,260936140,D,431004,1431004,Region,Zambézia,0,,0,1,HCLVARCNUM,MZDHS2022431004,2022-23,DHS,,3322,,,1
MOZ,Tete,7199721,Number of children,3636,0,MZ,Mozambique,2022,MZ2022DHS,HC_LVAR_C_NUM,260936140,D,431005,1431005,Region,Tete,0,,0,1,HCLVARCNUM,MZDHS2022431005,2022-23,DHS,,3196,,,1
MOZ,Manica,4416843,Number of children,2720,0,MZ,Mozambique,2022,MZ2022DHS,HC_LVAR_C_NUM,260936140,D,431006,1431006,Region,Manica,0,,0,1,HCLVARCNUM,MZDHS2022431006,2022-23,DHS,,3575,,,1
MOZ,Sofala,4747990,Number of children,2389,0,MZ,Mozambique,2022,MZ2022DHS,HC_LVAR_C_NUM,260936140,D,431007,1431007,Region,Sofala,0,,0,1,HCLVARCNUM,MZDHS2022431007,2022-23,DHS,,3330,,,1
MOZ,Inhambane,2122551,Number of children,1482,0,MZ,Mozambique,2022,MZ2022DHS,HC_LVAR_C_NUM,260936140,D,431008,1431008,Region,Inhambane,0,,0,1,HCLVARCNUM,MZDHS2022431008,2022-23,DHS,,2610,,,1
MOZ,Gaza,5591435,Number of children,1647,0,MZ,Mozambique,2022,MZ2022DHS,HC_LVAR_C_NUM,260936140,D,431009,1431009,Region,Gaza,0,,0,1,HCLVARCNUM,MZDHS2022431009,2022-23,DHS,,2944,,,1
MOZ,Maputo Provincia,5981455,Number of children,2300,0,MZ,Mozambique,2022,MZ2022DHS,HC_LVAR_C_NUM,260936140,D,431010,1431010,Region,Maputo Provincia,0,,0,1,HCLVARCNUM,MZDHS2022431010,2022-23,DHS,,2299,,,1
MOZ,Maputo Cidade,691037,Number of children,928,0,MZ,Mozambique,2022,MZ2022DHS,HC_LVAR_C_NUM,260936140,D,431011,1431011,Region,Maputo Cidade,0,,0,1,HCLVARCNUM,MZDHS2022431011,2022-23,DHS,,1837,,,1
MOZ,Niassa,2136182,Number of children (unweighted),3328,0,MZ,Mozambique,2022,MZ2022DHS,HC_LVAR_C_UNW,260936150,U,431001,1431001,Region,Niassa,0,,0,1,HCLVARCUNW,MZDHS2022431001,2022-23,DHS,2586,,,,1
MOZ,Cabo Delgado,327012,Number of children (unweighted),3954,0,MZ,Mozambique,2022,MZ2022DHS,HC_LVAR_C_UNW,260936150,U,431002,1431002,Region,Cabo Delgado,0,,0,1,HCLVARCUNW,MZDHS2022431002,2022-23,DHS,2102,,,,1
MOZ,Nampula,705274,Number of children (unweighted),4115,0,MZ,Mozambique,2022,MZ2022DHS,HC_LVAR_C_UNW,260936150,U,431003,1431003,Region,Nampula,0,,0,1,HCLVARCUNW,MZDHS2022431003,2022-23,DHS,8989,,,,1
MOZ,Zambézia,2756974,Number of children (unweighted),3322,0,MZ,Mozambique,2022,MZ2022DHS,HC_LVAR_C_UNW,260936150,U,431004,1431004,Region,Zambézia,0,,0,1,HCLVARCUNW,MZDHS2022431004,2022-23,DHS,6625,,,,1
MOZ,Tete,2553809,Number of children (unweighted),3196,0,MZ,Mozambique,2022,MZ2022DHS,HC_LVAR_C_UNW,260936150,U,431005,1431005,Region,Tete,0,,0,1,HCLVARCUNW,MZDHS2022431005,2022-23,DHS,3636,,,,1
MOZ,Manica,2681253,Number of children (unweighted),3575,0,MZ,Mozambique,2022,MZ2022DHS,HC_LVAR_C_UNW,260936150,U,431006,1431006,Region,Manica,0,,0,1,HCLVARCUNW,MZDHS2022431006,2022-23,DHS,2720,,,,1
MOZ,Sofala,986123,Number of children (unweighted),3330,0,MZ,Mozambique,2022,MZ2022DHS,HC_LVAR_C_UNW,260936150,U,431007,1431007,Region,Sofala,0,,0,1,HCLVARCUNW,MZDHS2022431007,2022-23,DHS,2389,,,,1
MOZ,Inhambane,2122589,Number of children (unweighted),2610,0,MZ,Mozambique,2022,MZ2022DHS,HC_LVAR_C_UNW,260936150,U,431008,1431008,Region,Inhambane,0,,0,1,HCLVARCUNW,MZDHS2022431008,2022-23,DHS,1482,,,,1
MOZ,Gaza,775775,Number of children (unweighted),2944,0,MZ,Mozambique,2022,MZ2022DHS,HC_LVAR_C_UNW,260936150,U,431009,1431009,Region,Gaza,0,,0,1,HCLVARCUNW,MZDHS2022431009,2022-23,DHS,1647,,,,1
MOZ,Maputo Provincia,560111,Number of children (unweighted),2299,0,MZ,Mozambique,2022,MZ2022DHS,HC_LVAR_C_UNW,260936150,U,431010,1431010,Region,Maputo Provincia,0,,0,1,HCLVARCUNW,MZDHS2022431010,2022-23,DHS,2300,,,,1
MOZ,Maputo Cidade,6248380,Number of children (unweighted),1837,0,MZ,Mozambique,2022,MZ2022DHS,HC_LVAR_C_UNW,260936150,U,431011,1431011,Region,Maputo Cidade,0,,0,1,HCLVARCUNW,MZDHS2022431011,2022-23,DHS,928,,,,1
