ISO3,Location,DataId,Indicator,Value,Precision,DHS_CountryCode,CountryName,SurveyYear,SurveyId,IndicatorId,IndicatorOrder,IndicatorType,CharacteristicId,CharacteristicOrder,CharacteristicCategory,CharacteristicLabel,ByVariableId,ByVariableLabel,IsTotal,IsPreferred,SDRID,RegionId,SurveyYearLabel,SurveyType,DenominatorWeighted,DenominatorUnweighted,CILow,CIHigh,LevelRank
MOZ,Niassa,7694147,Households using an improved water source,3.3,1,MZ,Mozambique,1997,MZ1997DHS,WS_SRCE_H_IMP,250161010,I,431001,1431001,Region,Niassa,0,,0,1,WSSRCEHIMP,MZDHS1997431001,1997,DHS,547,900,,,1
MOZ,Cabo Delgado,637163,Households using an improved water source,36.4,1,MZ,Mozambique,1997,MZ1997DHS,WS_SRCE_H_IMP,250161010,I,431002,1431002,Region,Cabo Delgado,0,,0,1,WSSRCEHIMP,MZDHS1997431002,1997,DHS,761,860,,,1
MOZ,Nampula,3020954,Households using an improved water source,13.6,1,MZ,Mozambique,1997,MZ1997DHS,WS_SRCE_H_IMP,250161010,I,431003,1431003,Region,Nampula,0,,0,1,WSSRCEHIMP,MZDHS1997431003,1997,DHS,1766,1067,,,1
MOZ,Zambézia,6430566,Households using an improved water source,6.9,1,MZ,Mozambique,1997,MZ1997DHS,WS_SRCE_H_IMP,250161010,I,431004,1431004,Region,Zambézia,0,,0,1,WSSRCEHIMP,MZDHS1997431004,1997,DHS,1755,1008,,,1
MOZ,Tete,6830335,Households using an improved water source,10.4,1,MZ,Mozambique,1997,MZ1997DHS,WS_SRCE_H_IMP,250161010,I,431005,1431005,Region,Tete,0,,0,1,WSSRCEHIMP,MZDHS1997431005,1997,DHS,418,670,,,1
MOZ,Manica,4858135,Households using an improved water source,12.6,1,MZ,Mozambique,1997,MZ1997DHS,WS_SRCE_H_IMP,250161010,I,431006,1431006,Region,Manica,0,,0,1,WSSRCEHIMP,MZDHS1997431006,1997,DHS,432,782,,,1
MOZ,Sofala,7485876,Households using an improved water source,19.4,1,MZ,Mozambique,1997,MZ1997DHS,WS_SRCE_H_IMP,250161010,I,431007,1431007,Region,Sofala,0,,0,1,WSSRCEHIMP,MZDHS1997431007,1997,DHS,993,941,,,1
MOZ,Inhambane,7102363,Households using an improved water source,11.9,1,MZ,Mozambique,1997,MZ1997DHS,WS_SRCE_H_IMP,250161010,I,431008,1431008,Region,Inhambane,0,,0,1,WSSRCEHIMP,MZDHS1997431008,1997,DHS,820,812,,,1
MOZ,Gaza,5819949,Households using an improved water source,21,1,MZ,Mozambique,1997,MZ1997DHS,WS_SRCE_H_IMP,250161010,I,431009,1431009,Region,Gaza,0,,0,1,WSSRCEHIMP,MZDHS1997431009,1997,DHS,784,826,,,1
MOZ,Maputo Provincia,1174797,Households using an improved water source,61.7,1,MZ,Mozambique,1997,MZ1997DHS,WS_SRCE_H_IMP,250161010,I,431010,1431010,Region,Maputo Provincia,0,,0,1,WSSRCEHIMP,MZDHS1997431010,1997,DHS,573,628,,,1
MOZ,Maputo Cidade,7310756,Households using an improved water source,83.3,1,MZ,Mozambique,1997,MZ1997DHS,WS_SRCE_H_IMP,250161010,I,431011,1431011,Region,Maputo Cidade,0,,0,1,WSSRCEHIMP,MZDHS1997431011,1997,DHS,433,788,,,1
MOZ,Niassa,7694140,Households using water piped into dwelling,0.1,1,MZ,Mozambique,1997,MZ1997DHS,WS_SRCE_H_PIP,250161020,I,431001,1431001,Region,Niassa,0,,0,1,WSSRCEHPIP,MZDHS1997431001,1997,DHS,547,900,,,1
MOZ,Cabo Delgado,637168,Households using water piped into dwelling,0,1,MZ,Mozambique,1997,MZ1997DHS,WS_SRCE_H_PIP,250161020,I,431002,1431002,Region,Cabo Delgado,0,,0,1,WSSRCEHPIP,MZDHS1997431002,1997,DHS,761,860,,,1
MOZ,Nampula,3020544,Households using water piped into dwelling,0.2,1,MZ,Mozambique,1997,MZ1997DHS,WS_SRCE_H_PIP,250161020,I,431003,1431003,Region,Nampula,0,,0,1,WSSRCEHPIP,MZDHS1997431003,1997,DHS,1766,1067,,,1
MOZ,Zambézia,6430470,Households using water piped into dwelling,1,1,MZ,Mozambique,1997,MZ1997DHS,WS_SRCE_H_PIP,250161020,I,431004,1431004,Region,Zambézia,0,,0,1,WSSRCEHPIP,MZDHS1997431004,1997,DHS,1755,1008,,,1
MOZ,Tete,6830328,Households using water piped into dwelling,1.3,1,MZ,Mozambique,1997,MZ1997DHS,WS_SRCE_H_PIP,250161020,I,431005,1431005,Region,Tete,0,,0,1,WSSRCEHPIP,MZDHS1997431005,1997,DHS,418,670,,,1
MOZ,Manica,4858137,Households using water piped into dwelling,0.3,1,MZ,Mozambique,1997,MZ1997DHS,WS_SRCE_H_PIP,250161020,I,431006,1431006,Region,Manica,0,,0,1,WSSRCEHPIP,MZDHS1997431006,1997,DHS,432,782,,,1
MOZ,Sofala,7485878,Households using water piped into dwelling,3.1,1,MZ,Mozambique,1997,MZ1997DHS,WS_SRCE_H_PIP,250161020,I,431007,1431007,Region,Sofala,0,,0,1,WSSRCEHPIP,MZDHS1997431007,1997,DHS,993,941,,,1
MOZ,Inhambane,7102380,Households using water piped into dwelling,0.7,1,MZ,Mozambique,1997,MZ1997DHS,WS_SRCE_H_PIP,250161020,I,431008,1431008,Region,Inhambane,0,,0,1,WSSRCEHPIP,MZDHS1997431008,1997,DHS,820,812,,,1
MOZ,Gaza,5819960,Households using water piped into dwelling,5.2,1,MZ,Mozambique,1997,MZ1997DHS,WS_SRCE_H_PIP,250161020,I,431009,1431009,Region,Gaza,0,,0,1,WSSRCEHPIP,MZDHS1997431009,1997,DHS,784,826,,,1
MOZ,Maputo Provincia,1174812,Households using water piped into dwelling,38.4,1,MZ,Mozambique,1997,MZ1997DHS,WS_SRCE_H_PIP,250161020,I,431010,1431010,Region,Maputo Provincia,0,,0,1,WSSRCEHPIP,MZDHS1997431010,1997,DHS,573,628,,,1
MOZ,Maputo Cidade,7310774,Households using water piped into dwelling,28.4,1,MZ,Mozambique,1997,MZ1997DHS,WS_SRCE_H_PIP,250161020,I,431011,1431011,Region,Maputo Cidade,0,,0,1,WSSRCEHPIP,MZDHS1997431011,1997,DHS,433,788,,,1
MOZ,Niassa,7694141,Households using a public tap/standpipe,1.5,1,MZ,Mozambique,1997,MZ1997DHS,WS_SRCE_H_TAP,250161030,I,431001,1431001,Region,Niassa,0,,0,1,WSSRCEHTAP,MZDHS1997431001,1997,DHS,547,900,,,1
MOZ,Cabo Delgado,637169,Households using a public tap/standpipe,35.5,1,MZ,Mozambique,1997,MZ1997DHS,WS_SRCE_H_TAP,250161030,I,431002,1431002,Region,Cabo Delgado,0,,0,1,WSSRCEHTAP,MZDHS1997431002,1997,DHS,761,860,,,1
MOZ,Nampula,3020545,Households using a public tap/standpipe,8.8,1,MZ,Mozambique,1997,MZ1997DHS,WS_SRCE_H_TAP,250161030,I,431003,1431003,Region,Nampula,0,,0,1,WSSRCEHTAP,MZDHS1997431003,1997,DHS,1766,1067,,,1
MOZ,Zambézia,6430471,Households using a public tap/standpipe,4.7,1,MZ,Mozambique,1997,MZ1997DHS,WS_SRCE_H_TAP,250161030,I,431004,1431004,Region,Zambézia,0,,0,1,WSSRCEHTAP,MZDHS1997431004,1997,DHS,1755,1008,,,1
MOZ,Tete,6830332,Households using a public tap/standpipe,7.3,1,MZ,Mozambique,1997,MZ1997DHS,WS_SRCE_H_TAP,250161030,I,431005,1431005,Region,Tete,0,,0,1,WSSRCEHTAP,MZDHS1997431005,1997,DHS,418,670,,,1
MOZ,Manica,4858138,Households using a public tap/standpipe,11,1,MZ,Mozambique,1997,MZ1997DHS,WS_SRCE_H_TAP,250161030,I,431006,1431006,Region,Manica,0,,0,1,WSSRCEHTAP,MZDHS1997431006,1997,DHS,432,782,,,1
MOZ,Sofala,7485879,Households using a public tap/standpipe,7.9,1,MZ,Mozambique,1997,MZ1997DHS,WS_SRCE_H_TAP,250161030,I,431007,1431007,Region,Sofala,0,,0,1,WSSRCEHTAP,MZDHS1997431007,1997,DHS,993,941,,,1
MOZ,Inhambane,7102381,Households using a public tap/standpipe,6.7,1,MZ,Mozambique,1997,MZ1997DHS,WS_SRCE_H_TAP,250161030,I,431008,1431008,Region,Inhambane,0,,0,1,WSSRCEHTAP,MZDHS1997431008,1997,DHS,820,812,,,1
MOZ,Gaza,5819961,Households using a public tap/standpipe,10.7,1,MZ,Mozambique,1997,MZ1997DHS,WS_SRCE_H_TAP,250161030,I,431009,1431009,Region,Gaza,0,,0,1,WSSRCEHTAP,MZDHS1997431009,1997,DHS,784,826,,,1
MOZ,Maputo Provincia,1174813,Households using a public tap/standpipe,7.9,1,MZ,Mozambique,1997,MZ1997DHS,WS_SRCE_H_TAP,250161030,I,431010,1431010,Region,Maputo Provincia,0,,0,1,WSSRCEHTAP,MZDHS1997431010,1997,DHS,573,628,,,1
MOZ,Maputo Cidade,7310788,Households using a public tap/standpipe,16.7,1,MZ,Mozambique,1997,MZ1997DHS,WS_SRCE_H_TAP,250161030,I,431011,1431011,Region,Maputo Cidade,0,,0,1,WSSRCEHTAP,MZDHS1997431011,1997,DHS,433,788,,,1
MOZ,Niassa,7694136,Households using rainwater,0.6,1,MZ,Mozambique,1997,MZ1997DHS,WS_SRCE_H_RNW,250161070,I,431001,1431001,Region,Niassa,0,,0,1,WSSRCEHRNW,MZDHS1997431001,1997,DHS,547,900,,,1
MOZ,Cabo Delgado,637159,Households using rainwater,0.2,1,MZ,Mozambique,1997,MZ1997DHS,WS_SRCE_H_RNW,250161070,I,431002,1431002,Region,Cabo Delgado,0,,0,1,WSSRCEHRNW,MZDHS1997431002,1997,DHS,761,860,,,1
MOZ,Nampula,3020915,Households using rainwater,0.1,1,MZ,Mozambique,1997,MZ1997DHS,WS_SRCE_H_RNW,250161070,I,431003,1431003,Region,Nampula,0,,0,1,WSSRCEHRNW,MZDHS1997431003,1997,DHS,1766,1067,,,1
MOZ,Zambézia,6430466,Households using rainwater,0.1,1,MZ,Mozambique,1997,MZ1997DHS,WS_SRCE_H_RNW,250161070,I,431004,1431004,Region,Zambézia,0,,0,1,WSSRCEHRNW,MZDHS1997431004,1997,DHS,1755,1008,,,1
MOZ,Tete,6830327,Households using rainwater,0,1,MZ,Mozambique,1997,MZ1997DHS,WS_SRCE_H_RNW,250161070,I,431005,1431005,Region,Tete,0,,0,1,WSSRCEHRNW,MZDHS1997431005,1997,DHS,418,670,,,1
MOZ,Manica,4858143,Households using rainwater,0,1,MZ,Mozambique,1997,MZ1997DHS,WS_SRCE_H_RNW,250161070,I,431006,1431006,Region,Manica,0,,0,1,WSSRCEHRNW,MZDHS1997431006,1997,DHS,432,782,,,1
MOZ,Sofala,7485874,Households using rainwater,0,1,MZ,Mozambique,1997,MZ1997DHS,WS_SRCE_H_RNW,250161070,I,431007,1431007,Region,Sofala,0,,0,1,WSSRCEHRNW,MZDHS1997431007,1997,DHS,993,941,,,1
MOZ,Inhambane,7102376,Households using rainwater,2.8,1,MZ,Mozambique,1997,MZ1997DHS,WS_SRCE_H_RNW,250161070,I,431008,1431008,Region,Inhambane,0,,0,1,WSSRCEHRNW,MZDHS1997431008,1997,DHS,820,812,,,1
MOZ,Gaza,5819955,Households using rainwater,1.1,1,MZ,Mozambique,1997,MZ1997DHS,WS_SRCE_H_RNW,250161070,I,431009,1431009,Region,Gaza,0,,0,1,WSSRCEHRNW,MZDHS1997431009,1997,DHS,784,826,,,1
MOZ,Maputo Provincia,1174811,Households using rainwater,0.8,1,MZ,Mozambique,1997,MZ1997DHS,WS_SRCE_H_RNW,250161070,I,431010,1431010,Region,Maputo Provincia,0,,0,1,WSSRCEHRNW,MZDHS1997431010,1997,DHS,573,628,,,1
MOZ,Maputo Cidade,7310773,Households using rainwater,0,1,MZ,Mozambique,1997,MZ1997DHS,WS_SRCE_H_RNW,250161070,I,431011,1431011,Region,Maputo Cidade,0,,0,1,WSSRCEHRNW,MZDHS1997431011,1997,DHS,433,788,,,1
MOZ,Niassa,7694146,Households using tanker truck,0,1,MZ,Mozambique,1997,MZ1997DHS,WS_SRCE_H_TNK,250161074,I,431001,1431001,Region,Niassa,0,,0,1,WSSRCEHTNK,MZDHS1997431001,1997,DHS,547,900,,,1
MOZ,Cabo Delgado,637211,Households using tanker truck,0,1,MZ,Mozambique,1997,MZ1997DHS,WS_SRCE_H_TNK,250161074,I,431002,1431002,Region,Cabo Delgado,0,,0,1,WSSRCEHTNK,MZDHS1997431002,1997,DHS,761,860,,,1
MOZ,Nampula,3020560,Households using tanker truck,0,1,MZ,Mozambique,1997,MZ1997DHS,WS_SRCE_H_TNK,250161074,I,431003,1431003,Region,Nampula,0,,0,1,WSSRCEHTNK,MZDHS1997431003,1997,DHS,1766,1067,,,1
MOZ,Zambézia,6430489,Households using tanker truck,0,1,MZ,Mozambique,1997,MZ1997DHS,WS_SRCE_H_TNK,250161074,I,431004,1431004,Region,Zambézia,0,,0,1,WSSRCEHTNK,MZDHS1997431004,1997,DHS,1755,1008,,,1
MOZ,Tete,6830337,Households using tanker truck,0,1,MZ,Mozambique,1997,MZ1997DHS,WS_SRCE_H_TNK,250161074,I,431005,1431005,Region,Tete,0,,0,1,WSSRCEHTNK,MZDHS1997431005,1997,DHS,418,670,,,1
MOZ,Manica,4858125,Households using tanker truck,0,1,MZ,Mozambique,1997,MZ1997DHS,WS_SRCE_H_TNK,250161074,I,431006,1431006,Region,Manica,0,,0,1,WSSRCEHTNK,MZDHS1997431006,1997,DHS,432,782,,,1
MOZ,Sofala,7485887,Households using tanker truck,0,1,MZ,Mozambique,1997,MZ1997DHS,WS_SRCE_H_TNK,250161074,I,431007,1431007,Region,Sofala,0,,0,1,WSSRCEHTNK,MZDHS1997431007,1997,DHS,993,941,,,1
MOZ,Inhambane,7102388,Households using tanker truck,0,1,MZ,Mozambique,1997,MZ1997DHS,WS_SRCE_H_TNK,250161074,I,431008,1431008,Region,Inhambane,0,,0,1,WSSRCEHTNK,MZDHS1997431008,1997,DHS,820,812,,,1
MOZ,Gaza,5819957,Households using tanker truck,0,1,MZ,Mozambique,1997,MZ1997DHS,WS_SRCE_H_TNK,250161074,I,431009,1431009,Region,Gaza,0,,0,1,WSSRCEHTNK,MZDHS1997431009,1997,DHS,784,826,,,1
MOZ,Maputo Provincia,1174855,Households using tanker truck,0,1,MZ,Mozambique,1997,MZ1997DHS,WS_SRCE_H_TNK,250161074,I,431010,1431010,Region,Maputo Provincia,0,,0,1,WSSRCEHTNK,MZDHS1997431010,1997,DHS,573,628,,,1
MOZ,Maputo Cidade,7310770,Households using tanker truck,0.1,1,MZ,Mozambique,1997,MZ1997DHS,WS_SRCE_H_TNK,250161074,I,431011,1431011,Region,Maputo Cidade,0,,0,1,WSSRCEHTNK,MZDHS1997431011,1997,DHS,433,788,,,1
MOZ,Niassa,7694135,Households using an unimproved water source,96,1,MZ,Mozambique,1997,MZ1997DHS,WS_SRCE_H_NIM,250161090,I,431001,1431001,Region,Niassa,0,,0,1,WSSRCEHNIM,MZDHS1997431001,1997,DHS,547,900,,,1
MOZ,Cabo Delgado,637158,Households using an unimproved water source,61.2,1,MZ,Mozambique,1997,MZ1997DHS,WS_SRCE_H_NIM,250161090,I,431002,1431002,Region,Cabo Delgado,0,,0,1,WSSRCEHNIM,MZDHS1997431002,1997,DHS,761,860,,,1
MOZ,Nampula,3020914,Households using an unimproved water source,86.3,1,MZ,Mozambique,1997,MZ1997DHS,WS_SRCE_H_NIM,250161090,I,431003,1431003,Region,Nampula,0,,0,1,WSSRCEHNIM,MZDHS1997431003,1997,DHS,1766,1067,,,1
MOZ,Zambézia,6430465,Households using an unimproved water source,92.6,1,MZ,Mozambique,1997,MZ1997DHS,WS_SRCE_H_NIM,250161090,I,431004,1431004,Region,Zambézia,0,,0,1,WSSRCEHNIM,MZDHS1997431004,1997,DHS,1755,1008,,,1
MOZ,Tete,6830326,Households using an unimproved water source,88.4,1,MZ,Mozambique,1997,MZ1997DHS,WS_SRCE_H_NIM,250161090,I,431005,1431005,Region,Tete,0,,0,1,WSSRCEHNIM,MZDHS1997431005,1997,DHS,418,670,,,1
MOZ,Manica,4858133,Households using an unimproved water source,87,1,MZ,Mozambique,1997,MZ1997DHS,WS_SRCE_H_NIM,250161090,I,431006,1431006,Region,Manica,0,,0,1,WSSRCEHNIM,MZDHS1997431006,1997,DHS,432,782,,,1
MOZ,Sofala,7485873,Households using an unimproved water source,80.4,1,MZ,Mozambique,1997,MZ1997DHS,WS_SRCE_H_NIM,250161090,I,431007,1431007,Region,Sofala,0,,0,1,WSSRCEHNIM,MZDHS1997431007,1997,DHS,993,941,,,1
MOZ,Inhambane,7102375,Households using an unimproved water source,87.8,1,MZ,Mozambique,1997,MZ1997DHS,WS_SRCE_H_NIM,250161090,I,431008,1431008,Region,Inhambane,0,,0,1,WSSRCEHNIM,MZDHS1997431008,1997,DHS,820,812,,,1
MOZ,Gaza,5819954,Households using an unimproved water source,78.7,1,MZ,Mozambique,1997,MZ1997DHS,WS_SRCE_H_NIM,250161090,I,431009,1431009,Region,Gaza,0,,0,1,WSSRCEHNIM,MZDHS1997431009,1997,DHS,784,826,,,1
MOZ,Maputo Provincia,1174810,Households using an unimproved water source,37.6,1,MZ,Mozambique,1997,MZ1997DHS,WS_SRCE_H_NIM,250161090,I,431010,1431010,Region,Maputo Provincia,0,,0,1,WSSRCEHNIM,MZDHS1997431010,1997,DHS,573,628,,,1
MOZ,Maputo Cidade,7310772,Households using an unimproved water source,16.1,1,MZ,Mozambique,1997,MZ1997DHS,WS_SRCE_H_NIM,250161090,I,431011,1431011,Region,Maputo Cidade,0,,0,1,WSSRCEHNIM,MZDHS1997431011,1997,DHS,433,788,,,1
MOZ,Niassa,7694145,Households using surface water,20.3,1,MZ,Mozambique,1997,MZ1997DHS,WS_SRCE_H_SRF,250161130,I,431001,1431001,Region,Niassa,0,,0,1,WSSRCEHSRF,MZDHS1997431001,1997,DHS,547,900,,,1
MOZ,Cabo Delgado,637210,Households using surface water,14.2,1,MZ,Mozambique,1997,MZ1997DHS,WS_SRCE_H_SRF,250161130,I,431002,1431002,Region,Cabo Delgado,0,,0,1,WSSRCEHSRF,MZDHS1997431002,1997,DHS,761,860,,,1
MOZ,Nampula,3020559,Households using surface water,12,1,MZ,Mozambique,1997,MZ1997DHS,WS_SRCE_H_SRF,250161130,I,431003,1431003,Region,Nampula,0,,0,1,WSSRCEHSRF,MZDHS1997431003,1997,DHS,1766,1067,,,1
MOZ,Zambézia,6430488,Households using surface water,29.9,1,MZ,Mozambique,1997,MZ1997DHS,WS_SRCE_H_SRF,250161130,I,431004,1431004,Region,Zambézia,0,,0,1,WSSRCEHSRF,MZDHS1997431004,1997,DHS,1755,1008,,,1
MOZ,Tete,6830334,Households using surface water,6.6,1,MZ,Mozambique,1997,MZ1997DHS,WS_SRCE_H_SRF,250161130,I,431005,1431005,Region,Tete,0,,0,1,WSSRCEHSRF,MZDHS1997431005,1997,DHS,418,670,,,1
MOZ,Manica,4858134,Households using surface water,17.3,1,MZ,Mozambique,1997,MZ1997DHS,WS_SRCE_H_SRF,250161130,I,431006,1431006,Region,Manica,0,,0,1,WSSRCEHSRF,MZDHS1997431006,1997,DHS,432,782,,,1
MOZ,Sofala,7485875,Households using surface water,16,1,MZ,Mozambique,1997,MZ1997DHS,WS_SRCE_H_SRF,250161130,I,431007,1431007,Region,Sofala,0,,0,1,WSSRCEHSRF,MZDHS1997431007,1997,DHS,993,941,,,1
MOZ,Inhambane,7102387,Households using surface water,10.1,1,MZ,Mozambique,1997,MZ1997DHS,WS_SRCE_H_SRF,250161130,I,431008,1431008,Region,Inhambane,0,,0,1,WSSRCEHSRF,MZDHS1997431008,1997,DHS,820,812,,,1
MOZ,Gaza,5819956,Households using surface water,10.9,1,MZ,Mozambique,1997,MZ1997DHS,WS_SRCE_H_SRF,250161130,I,431009,1431009,Region,Gaza,0,,0,1,WSSRCEHSRF,MZDHS1997431009,1997,DHS,784,826,,,1
MOZ,Maputo Provincia,1174845,Households using surface water,5,1,MZ,Mozambique,1997,MZ1997DHS,WS_SRCE_H_SRF,250161130,I,431010,1431010,Region,Maputo Provincia,0,,0,1,WSSRCEHSRF,MZDHS1997431010,1997,DHS,573,628,,,1
MOZ,Maputo Cidade,7310769,Households using surface water,0,1,MZ,Mozambique,1997,MZ1997DHS,WS_SRCE_H_SRF,250161130,I,431011,1431011,Region,Maputo Cidade,0,,0,1,WSSRCEHSRF,MZDHS1997431011,1997,DHS,433,788,,,1
MOZ,Niassa,7694149,Households with don't know or missing information on water source,0.6,1,MZ,Mozambique,1997,MZ1997DHS,WS_SRCE_H_DKM,250161150,S,431001,1431001,Region,Niassa,0,,0,1,WSSRCEHDKM,MZDHS1997431001,1997,DHS,547,900,,,1
MOZ,Cabo Delgado,637165,Households with don't know or missing information on water source,2.4,1,MZ,Mozambique,1997,MZ1997DHS,WS_SRCE_H_DKM,250161150,S,431002,1431002,Region,Cabo Delgado,0,,0,1,WSSRCEHDKM,MZDHS1997431002,1997,DHS,761,860,,,1
MOZ,Nampula,3020541,Households with don't know or missing information on water source,0.1,1,MZ,Mozambique,1997,MZ1997DHS,WS_SRCE_H_DKM,250161150,S,431003,1431003,Region,Nampula,0,,0,1,WSSRCEHDKM,MZDHS1997431003,1997,DHS,1766,1067,,,1
MOZ,Zambézia,6430568,Households with don't know or missing information on water source,0.5,1,MZ,Mozambique,1997,MZ1997DHS,WS_SRCE_H_DKM,250161150,S,431004,1431004,Region,Zambézia,0,,0,1,WSSRCEHDKM,MZDHS1997431004,1997,DHS,1755,1008,,,1
MOZ,Tete,6830338,Households with don't know or missing information on water source,1.2,1,MZ,Mozambique,1997,MZ1997DHS,WS_SRCE_H_DKM,250161150,S,431005,1431005,Region,Tete,0,,0,1,WSSRCEHDKM,MZDHS1997431005,1997,DHS,418,670,,,1
MOZ,Manica,4858140,Households with don't know or missing information on water source,0.4,1,MZ,Mozambique,1997,MZ1997DHS,WS_SRCE_H_DKM,250161150,S,431006,1431006,Region,Manica,0,,0,1,WSSRCEHDKM,MZDHS1997431006,1997,DHS,432,782,,,1
MOZ,Sofala,7485881,Households with don't know or missing information on water source,0.2,1,MZ,Mozambique,1997,MZ1997DHS,WS_SRCE_H_DKM,250161150,S,431007,1431007,Region,Sofala,0,,0,1,WSSRCEHDKM,MZDHS1997431007,1997,DHS,993,941,,,1
MOZ,Inhambane,7102365,Households with don't know or missing information on water source,0.3,1,MZ,Mozambique,1997,MZ1997DHS,WS_SRCE_H_DKM,250161150,S,431008,1431008,Region,Inhambane,0,,0,1,WSSRCEHDKM,MZDHS1997431008,1997,DHS,820,812,,,1
MOZ,Gaza,5819951,Households with don't know or missing information on water source,0.3,1,MZ,Mozambique,1997,MZ1997DHS,WS_SRCE_H_DKM,250161150,S,431009,1431009,Region,Gaza,0,,0,1,WSSRCEHDKM,MZDHS1997431009,1997,DHS,784,826,,,1
MOZ,Maputo Provincia,1174804,Households with don't know or missing information on water source,0.7,1,MZ,Mozambique,1997,MZ1997DHS,WS_SRCE_H_DKM,250161150,S,431010,1431010,Region,Maputo Provincia,0,,0,1,WSSRCEHDKM,MZDHS1997431010,1997,DHS,573,628,,,1
MOZ,Maputo Cidade,7310758,Households with don't know or missing information on water source,0.6,1,MZ,Mozambique,1997,MZ1997DHS,WS_SRCE_H_DKM,250161150,S,431011,1431011,Region,Maputo Cidade,0,,0,1,WSSRCEHDKM,MZDHS1997431011,1997,DHS,433,788,,,1
MOZ,Niassa,7694137,Households: Total,100,1,MZ,Mozambique,1997,MZ1997DHS,WS_SRCE_H_TOT,250161160,T,431001,1431001,Region,Niassa,0,,0,1,WSSRCEHTOT,MZDHS1997431001,1997,DHS,547,900,,,1
MOZ,Cabo Delgado,637160,Households: Total,100,1,MZ,Mozambique,1997,MZ1997DHS,WS_SRCE_H_TOT,250161160,T,431002,1431002,Region,Cabo Delgado,0,,0,1,WSSRCEHTOT,MZDHS1997431002,1997,DHS,761,860,,,1
MOZ,Nampula,3020916,Households: Total,100,1,MZ,Mozambique,1997,MZ1997DHS,WS_SRCE_H_TOT,250161160,T,431003,1431003,Region,Nampula,0,,0,1,WSSRCEHTOT,MZDHS1997431003,1997,DHS,1766,1067,,,1
MOZ,Zambézia,6430467,Households: Total,100,1,MZ,Mozambique,1997,MZ1997DHS,WS_SRCE_H_TOT,250161160,T,431004,1431004,Region,Zambézia,0,,0,1,WSSRCEHTOT,MZDHS1997431004,1997,DHS,1755,1008,,,1
MOZ,Tete,6830329,Households: Total,100,1,MZ,Mozambique,1997,MZ1997DHS,WS_SRCE_H_TOT,250161160,T,431005,1431005,Region,Tete,0,,0,1,WSSRCEHTOT,MZDHS1997431005,1997,DHS,418,670,,,1
MOZ,Manica,4858144,Households: Total,100,1,MZ,Mozambique,1997,MZ1997DHS,WS_SRCE_H_TOT,250161160,T,431006,1431006,Region,Manica,0,,0,1,WSSRCEHTOT,MZDHS1997431006,1997,DHS,432,782,,,1
MOZ,Sofala,7485884,Households: Total,100,1,MZ,Mozambique,1997,MZ1997DHS,WS_SRCE_H_TOT,250161160,T,431007,1431007,Region,Sofala,0,,0,1,WSSRCEHTOT,MZDHS1997431007,1997,DHS,993,941,,,1
MOZ,Inhambane,7102377,Households: Total,100,1,MZ,Mozambique,1997,MZ1997DHS,WS_SRCE_H_TOT,250161160,T,431008,1431008,Region,Inhambane,0,,0,1,WSSRCEHTOT,MZDHS1997431008,1997,DHS,820,812,,,1
MOZ,Gaza,5819958,Households: Total,100,1,MZ,Mozambique,1997,MZ1997DHS,WS_SRCE_H_TOT,250161160,T,431009,1431009,Region,Gaza,0,,0,1,WSSRCEHTOT,MZDHS1997431009,1997,DHS,784,826,,,1
MOZ,Maputo Provincia,1174819,Households: Total,100,1,MZ,Mozambique,1997,MZ1997DHS,WS_SRCE_H_TOT,250161160,T,431010,1431010,Region,Maputo Provincia,0,,0,1,WSSRCEHTOT,MZDHS1997431010,1997,DHS,573,628,,,1
MOZ,Maputo Cidade,7310744,Households: Total,100,1,MZ,Mozambique,1997,MZ1997DHS,WS_SRCE_H_TOT,250161160,T,431011,1431011,Region,Maputo Cidade,0,,0,1,WSSRCEHTOT,MZDHS1997431011,1997,DHS,433,788,,,1
MOZ,Niassa,7696761,Population using an improved water source,3.6,1,MZ,Mozambique,1997,MZ1997DHS,WS_SRCE_P_IMP,250162010,I,431001,1431001,Region,Niassa,0,,0,1,WSSRCEPIMP,MZDHS1997431001,1997,DHS,2237,3731,,,1
MOZ,Cabo Delgado,3163513,Population using an improved water source,36.6,1,MZ,Mozambique,1997,MZ1997DHS,WS_SRCE_P_IMP,250162010,I,431002,1431002,Region,Cabo Delgado,0,,0,1,WSSRCEPIMP,MZDHS1997431002,1997,DHS,2875,3303,,,1
MOZ,Nampula,6767727,Population using an improved water source,18.3,1,MZ,Mozambique,1997,MZ1997DHS,WS_SRCE_P_IMP,250162010,I,431003,1431003,Region,Nampula,0,,0,1,WSSRCEPIMP,MZDHS1997431003,1997,DHS,7035,4452,,,1
MOZ,Zambézia,1160724,Population using an improved water source,10.3,1,MZ,Mozambique,1997,MZ1997DHS,WS_SRCE_P_IMP,250162010,I,431004,1431004,Region,Zambézia,0,,0,1,WSSRCEPIMP,MZDHS1997431004,1997,DHS,7009,3952,,,1
MOZ,Tete,6919910,Population using an improved water source,11.7,1,MZ,Mozambique,1997,MZ1997DHS,WS_SRCE_P_IMP,250162010,I,431005,1431005,Region,Tete,0,,0,1,WSSRCEPIMP,MZDHS1997431005,1997,DHS,1888,3103,,,1
MOZ,Manica,3318258,Population using an improved water source,12,1,MZ,Mozambique,1997,MZ1997DHS,WS_SRCE_P_IMP,250162010,I,431006,1431006,Region,Manica,0,,0,1,WSSRCEPIMP,MZDHS1997431006,1997,DHS,2442,4406,,,1
MOZ,Sofala,7485497,Population using an improved water source,19.9,1,MZ,Mozambique,1997,MZ1997DHS,WS_SRCE_P_IMP,250162010,I,431007,1431007,Region,Sofala,0,,0,1,WSSRCEPIMP,MZDHS1997431007,1997,DHS,5747,4962,,,1
MOZ,Inhambane,7385425,Population using an improved water source,11.8,1,MZ,Mozambique,1997,MZ1997DHS,WS_SRCE_P_IMP,250162010,I,431008,1431008,Region,Inhambane,0,,0,1,WSSRCEPIMP,MZDHS1997431008,1997,DHS,3907,3784,,,1
MOZ,Gaza,1174830,Population using an improved water source,28.5,1,MZ,Mozambique,1997,MZ1997DHS,WS_SRCE_P_IMP,250162010,I,431009,1431009,Region,Gaza,0,,0,1,WSSRCEPIMP,MZDHS1997431009,1997,DHS,4283,4381,,,1
MOZ,Maputo Provincia,4894157,Population using an improved water source,68.2,1,MZ,Mozambique,1997,MZ1997DHS,WS_SRCE_P_IMP,250162010,I,431010,1431010,Region,Maputo Provincia,0,,0,1,WSSRCEPIMP,MZDHS1997431010,1997,DHS,3044,3305,,,1
MOZ,Maputo Cidade,1174840,Population using an improved water source,87.8,1,MZ,Mozambique,1997,MZ1997DHS,WS_SRCE_P_IMP,250162010,I,431011,1431011,Region,Maputo Cidade,0,,0,1,WSSRCEPIMP,MZDHS1997431011,1997,DHS,2425,4594,,,1
MOZ,Niassa,7696767,Population using water piped into dwelling,0.1,1,MZ,Mozambique,1997,MZ1997DHS,WS_SRCE_P_PIP,250162020,I,431001,1431001,Region,Niassa,0,,0,1,WSSRCEPPIP,MZDHS1997431001,1997,DHS,2237,3731,,,1
MOZ,Cabo Delgado,3163517,Population using water piped into dwelling,0,1,MZ,Mozambique,1997,MZ1997DHS,WS_SRCE_P_PIP,250162020,I,431002,1431002,Region,Cabo Delgado,0,,0,1,WSSRCEPPIP,MZDHS1997431002,1997,DHS,2875,3303,,,1
MOZ,Nampula,6767732,Population using water piped into dwelling,0.4,1,MZ,Mozambique,1997,MZ1997DHS,WS_SRCE_P_PIP,250162020,I,431003,1431003,Region,Nampula,0,,0,1,WSSRCEPPIP,MZDHS1997431003,1997,DHS,7035,4452,,,1
MOZ,Zambézia,1160731,Population using water piped into dwelling,1.4,1,MZ,Mozambique,1997,MZ1997DHS,WS_SRCE_P_PIP,250162020,I,431004,1431004,Region,Zambézia,0,,0,1,WSSRCEPPIP,MZDHS1997431004,1997,DHS,7009,3952,,,1
MOZ,Tete,6919912,Population using water piped into dwelling,1.8,1,MZ,Mozambique,1997,MZ1997DHS,WS_SRCE_P_PIP,250162020,I,431005,1431005,Region,Tete,0,,0,1,WSSRCEPPIP,MZDHS1997431005,1997,DHS,1888,3103,,,1
MOZ,Manica,3318263,Population using water piped into dwelling,0.4,1,MZ,Mozambique,1997,MZ1997DHS,WS_SRCE_P_PIP,250162020,I,431006,1431006,Region,Manica,0,,0,1,WSSRCEPPIP,MZDHS1997431006,1997,DHS,2442,4406,,,1
MOZ,Sofala,7485499,Population using water piped into dwelling,3.5,1,MZ,Mozambique,1997,MZ1997DHS,WS_SRCE_P_PIP,250162020,I,431007,1431007,Region,Sofala,0,,0,1,WSSRCEPPIP,MZDHS1997431007,1997,DHS,5747,4962,,,1
MOZ,Inhambane,7385430,Population using water piped into dwelling,0.8,1,MZ,Mozambique,1997,MZ1997DHS,WS_SRCE_P_PIP,250162020,I,431008,1431008,Region,Inhambane,0,,0,1,WSSRCEPPIP,MZDHS1997431008,1997,DHS,3907,3784,,,1
MOZ,Gaza,1174829,Population using water piped into dwelling,6.7,1,MZ,Mozambique,1997,MZ1997DHS,WS_SRCE_P_PIP,250162020,I,431009,1431009,Region,Gaza,0,,0,1,WSSRCEPPIP,MZDHS1997431009,1997,DHS,4283,4381,,,1
MOZ,Maputo Provincia,4894184,Population using water piped into dwelling,45.6,1,MZ,Mozambique,1997,MZ1997DHS,WS_SRCE_P_PIP,250162020,I,431010,1431010,Region,Maputo Provincia,0,,0,1,WSSRCEPPIP,MZDHS1997431010,1997,DHS,3044,3305,,,1
MOZ,Maputo Cidade,1174851,Population using water piped into dwelling,30,1,MZ,Mozambique,1997,MZ1997DHS,WS_SRCE_P_PIP,250162020,I,431011,1431011,Region,Maputo Cidade,0,,0,1,WSSRCEPPIP,MZDHS1997431011,1997,DHS,2425,4594,,,1
MOZ,Niassa,7696762,Population using a public tap/standpipe,2,1,MZ,Mozambique,1997,MZ1997DHS,WS_SRCE_P_TAP,250162030,I,431001,1431001,Region,Niassa,0,,0,1,WSSRCEPTAP,MZDHS1997431001,1997,DHS,2237,3731,,,1
MOZ,Cabo Delgado,3163514,Population using a public tap/standpipe,35.4,1,MZ,Mozambique,1997,MZ1997DHS,WS_SRCE_P_TAP,250162030,I,431002,1431002,Region,Cabo Delgado,0,,0,1,WSSRCEPTAP,MZDHS1997431002,1997,DHS,2875,3303,,,1
MOZ,Nampula,6767728,Population using a public tap/standpipe,11.4,1,MZ,Mozambique,1997,MZ1997DHS,WS_SRCE_P_TAP,250162030,I,431003,1431003,Region,Nampula,0,,0,1,WSSRCEPTAP,MZDHS1997431003,1997,DHS,7035,4452,,,1
MOZ,Zambézia,1160727,Population using a public tap/standpipe,6.7,1,MZ,Mozambique,1997,MZ1997DHS,WS_SRCE_P_TAP,250162030,I,431004,1431004,Region,Zambézia,0,,0,1,WSSRCEPTAP,MZDHS1997431004,1997,DHS,7009,3952,,,1
MOZ,Tete,6919911,Population using a public tap/standpipe,8,1,MZ,Mozambique,1997,MZ1997DHS,WS_SRCE_P_TAP,250162030,I,431005,1431005,Region,Tete,0,,0,1,WSSRCEPTAP,MZDHS1997431005,1997,DHS,1888,3103,,,1
MOZ,Manica,3318259,Population using a public tap/standpipe,10.4,1,MZ,Mozambique,1997,MZ1997DHS,WS_SRCE_P_TAP,250162030,I,431006,1431006,Region,Manica,0,,0,1,WSSRCEPTAP,MZDHS1997431006,1997,DHS,2442,4406,,,1
MOZ,Sofala,7485498,Population using a public tap/standpipe,7.7,1,MZ,Mozambique,1997,MZ1997DHS,WS_SRCE_P_TAP,250162030,I,431007,1431007,Region,Sofala,0,,0,1,WSSRCEPTAP,MZDHS1997431007,1997,DHS,5747,4962,,,1
MOZ,Inhambane,7385426,Population using a public tap/standpipe,6.8,1,MZ,Mozambique,1997,MZ1997DHS,WS_SRCE_P_TAP,250162030,I,431008,1431008,Region,Inhambane,0,,0,1,WSSRCEPTAP,MZDHS1997431008,1997,DHS,3907,3784,,,1
MOZ,Gaza,1174842,Population using a public tap/standpipe,12.3,1,MZ,Mozambique,1997,MZ1997DHS,WS_SRCE_P_TAP,250162030,I,431009,1431009,Region,Gaza,0,,0,1,WSSRCEPTAP,MZDHS1997431009,1997,DHS,4283,4381,,,1
MOZ,Maputo Provincia,4894158,Population using a public tap/standpipe,6.5,1,MZ,Mozambique,1997,MZ1997DHS,WS_SRCE_P_TAP,250162030,I,431010,1431010,Region,Maputo Provincia,0,,0,1,WSSRCEPTAP,MZDHS1997431010,1997,DHS,3044,3305,,,1
MOZ,Maputo Cidade,1174841,Population using a public tap/standpipe,17.6,1,MZ,Mozambique,1997,MZ1997DHS,WS_SRCE_P_TAP,250162030,I,431011,1431011,Region,Maputo Cidade,0,,0,1,WSSRCEPTAP,MZDHS1997431011,1997,DHS,2425,4594,,,1
MOZ,Niassa,7696766,Population using rainwater,0.4,1,MZ,Mozambique,1997,MZ1997DHS,WS_SRCE_P_RNW,250162070,I,431001,1431001,Region,Niassa,0,,0,1,WSSRCEPRNW,MZDHS1997431001,1997,DHS,2237,3731,,,1
MOZ,Cabo Delgado,3163523,Population using rainwater,0.3,1,MZ,Mozambique,1997,MZ1997DHS,WS_SRCE_P_RNW,250162070,I,431002,1431002,Region,Cabo Delgado,0,,0,1,WSSRCEPRNW,MZDHS1997431002,1997,DHS,2875,3303,,,1
MOZ,Nampula,6767724,Population using rainwater,0.1,1,MZ,Mozambique,1997,MZ1997DHS,WS_SRCE_P_RNW,250162070,I,431003,1431003,Region,Nampula,0,,0,1,WSSRCEPRNW,MZDHS1997431003,1997,DHS,7035,4452,,,1
MOZ,Zambézia,1160741,Population using rainwater,0.2,1,MZ,Mozambique,1997,MZ1997DHS,WS_SRCE_P_RNW,250162070,I,431004,1431004,Region,Zambézia,0,,0,1,WSSRCEPRNW,MZDHS1997431004,1997,DHS,7009,3952,,,1
MOZ,Tete,6919894,Population using rainwater,0,1,MZ,Mozambique,1997,MZ1997DHS,WS_SRCE_P_RNW,250162070,I,431005,1431005,Region,Tete,0,,0,1,WSSRCEPRNW,MZDHS1997431005,1997,DHS,1888,3103,,,1
MOZ,Manica,3318268,Population using rainwater,0,1,MZ,Mozambique,1997,MZ1997DHS,WS_SRCE_P_RNW,250162070,I,431006,1431006,Region,Manica,0,,0,1,WSSRCEPRNW,MZDHS1997431006,1997,DHS,2442,4406,,,1
MOZ,Sofala,7485508,Population using rainwater,0,1,MZ,Mozambique,1997,MZ1997DHS,WS_SRCE_P_RNW,250162070,I,431007,1431007,Region,Sofala,0,,0,1,WSSRCEPRNW,MZDHS1997431007,1997,DHS,5747,4962,,,1
MOZ,Inhambane,7385417,Population using rainwater,3.1,1,MZ,Mozambique,1997,MZ1997DHS,WS_SRCE_P_RNW,250162070,I,431008,1431008,Region,Inhambane,0,,0,1,WSSRCEPRNW,MZDHS1997431008,1997,DHS,3907,3784,,,1
MOZ,Gaza,1174837,Population using rainwater,1.7,1,MZ,Mozambique,1997,MZ1997DHS,WS_SRCE_P_RNW,250162070,I,431009,1431009,Region,Gaza,0,,0,1,WSSRCEPRNW,MZDHS1997431009,1997,DHS,4283,4381,,,1
MOZ,Maputo Provincia,4894156,Population using rainwater,0.9,1,MZ,Mozambique,1997,MZ1997DHS,WS_SRCE_P_RNW,250162070,I,431010,1431010,Region,Maputo Provincia,0,,0,1,WSSRCEPRNW,MZDHS1997431010,1997,DHS,3044,3305,,,1
MOZ,Maputo Cidade,1174859,Population using rainwater,0,1,MZ,Mozambique,1997,MZ1997DHS,WS_SRCE_P_RNW,250162070,I,431011,1431011,Region,Maputo Cidade,0,,0,1,WSSRCEPRNW,MZDHS1997431011,1997,DHS,2425,4594,,,1
MOZ,Niassa,7696773,Population using tanker truck,0,1,MZ,Mozambique,1997,MZ1997DHS,WS_SRCE_P_TNK,250162074,I,431001,1431001,Region,Niassa,0,,0,1,WSSRCEPTNK,MZDHS1997431001,1997,DHS,2237,3731,,,1
MOZ,Cabo Delgado,3163531,Population using tanker truck,0,1,MZ,Mozambique,1997,MZ1997DHS,WS_SRCE_P_TNK,250162074,I,431002,1431002,Region,Cabo Delgado,0,,0,1,WSSRCEPTNK,MZDHS1997431002,1997,DHS,2875,3303,,,1
MOZ,Nampula,6767739,Population using tanker truck,0,1,MZ,Mozambique,1997,MZ1997DHS,WS_SRCE_P_TNK,250162074,I,431003,1431003,Region,Nampula,0,,0,1,WSSRCEPTNK,MZDHS1997431003,1997,DHS,7035,4452,,,1
MOZ,Zambézia,1160746,Population using tanker truck,0,1,MZ,Mozambique,1997,MZ1997DHS,WS_SRCE_P_TNK,250162074,I,431004,1431004,Region,Zambézia,0,,0,1,WSSRCEPTNK,MZDHS1997431004,1997,DHS,7009,3952,,,1
MOZ,Tete,6919906,Population using tanker truck,0,1,MZ,Mozambique,1997,MZ1997DHS,WS_SRCE_P_TNK,250162074,I,431005,1431005,Region,Tete,0,,0,1,WSSRCEPTNK,MZDHS1997431005,1997,DHS,1888,3103,,,1
MOZ,Manica,3318273,Population using tanker truck,0,1,MZ,Mozambique,1997,MZ1997DHS,WS_SRCE_P_TNK,250162074,I,431006,1431006,Region,Manica,0,,0,1,WSSRCEPTNK,MZDHS1997431006,1997,DHS,2442,4406,,,1
MOZ,Sofala,7485513,Population using tanker truck,0,1,MZ,Mozambique,1997,MZ1997DHS,WS_SRCE_P_TNK,250162074,I,431007,1431007,Region,Sofala,0,,0,1,WSSRCEPTNK,MZDHS1997431007,1997,DHS,5747,4962,,,1
MOZ,Inhambane,7385422,Population using tanker truck,0,1,MZ,Mozambique,1997,MZ1997DHS,WS_SRCE_P_TNK,250162074,I,431008,1431008,Region,Inhambane,0,,0,1,WSSRCEPTNK,MZDHS1997431008,1997,DHS,3907,3784,,,1
MOZ,Gaza,1174856,Population using tanker truck,0,1,MZ,Mozambique,1997,MZ1997DHS,WS_SRCE_P_TNK,250162074,I,431009,1431009,Region,Gaza,0,,0,1,WSSRCEPTNK,MZDHS1997431009,1997,DHS,4283,4381,,,1
MOZ,Maputo Provincia,4894161,Population using tanker truck,0,1,MZ,Mozambique,1997,MZ1997DHS,WS_SRCE_P_TNK,250162074,I,431010,1431010,Region,Maputo Provincia,0,,0,1,WSSRCEPTNK,MZDHS1997431010,1997,DHS,3044,3305,,,1
MOZ,Maputo Cidade,1174907,Population using tanker truck,0,1,MZ,Mozambique,1997,MZ1997DHS,WS_SRCE_P_TNK,250162074,I,431011,1431011,Region,Maputo Cidade,0,,0,1,WSSRCEPTNK,MZDHS1997431011,1997,DHS,2425,4594,,,1
MOZ,Niassa,7696768,Population using an unimproved water source,95.9,1,MZ,Mozambique,1997,MZ1997DHS,WS_SRCE_P_NIM,250162090,I,431001,1431001,Region,Niassa,0,,0,1,WSSRCEPNIM,MZDHS1997431001,1997,DHS,2237,3731,,,1
MOZ,Cabo Delgado,3163518,Population using an unimproved water source,61.2,1,MZ,Mozambique,1997,MZ1997DHS,WS_SRCE_P_NIM,250162090,I,431002,1431002,Region,Cabo Delgado,0,,0,1,WSSRCEPNIM,MZDHS1997431002,1997,DHS,2875,3303,,,1
MOZ,Nampula,6767733,Population using an unimproved water source,81.7,1,MZ,Mozambique,1997,MZ1997DHS,WS_SRCE_P_NIM,250162090,I,431003,1431003,Region,Nampula,0,,0,1,WSSRCEPNIM,MZDHS1997431003,1997,DHS,7035,4452,,,1
MOZ,Zambézia,1160732,Population using an unimproved water source,89.3,1,MZ,Mozambique,1997,MZ1997DHS,WS_SRCE_P_NIM,250162090,I,431004,1431004,Region,Zambézia,0,,0,1,WSSRCEPNIM,MZDHS1997431004,1997,DHS,7009,3952,,,1
MOZ,Tete,6919913,Population using an unimproved water source,86.7,1,MZ,Mozambique,1997,MZ1997DHS,WS_SRCE_P_NIM,250162090,I,431005,1431005,Region,Tete,0,,0,1,WSSRCEPNIM,MZDHS1997431005,1997,DHS,1888,3103,,,1
MOZ,Manica,3318264,Population using an unimproved water source,87.9,1,MZ,Mozambique,1997,MZ1997DHS,WS_SRCE_P_NIM,250162090,I,431006,1431006,Region,Manica,0,,0,1,WSSRCEPNIM,MZDHS1997431006,1997,DHS,2442,4406,,,1
MOZ,Sofala,7485500,Population using an unimproved water source,79.9,1,MZ,Mozambique,1997,MZ1997DHS,WS_SRCE_P_NIM,250162090,I,431007,1431007,Region,Sofala,0,,0,1,WSSRCEPNIM,MZDHS1997431007,1997,DHS,5747,4962,,,1
MOZ,Inhambane,7385431,Population using an unimproved water source,87.1,1,MZ,Mozambique,1997,MZ1997DHS,WS_SRCE_P_NIM,250162090,I,431008,1431008,Region,Inhambane,0,,0,1,WSSRCEPNIM,MZDHS1997431008,1997,DHS,3907,3784,,,1
MOZ,Gaza,1174831,Population using an unimproved water source,70.8,1,MZ,Mozambique,1997,MZ1997DHS,WS_SRCE_P_NIM,250162090,I,431009,1431009,Region,Gaza,0,,0,1,WSSRCEPNIM,MZDHS1997431009,1997,DHS,4283,4381,,,1
MOZ,Maputo Provincia,4894152,Population using an unimproved water source,31.4,1,MZ,Mozambique,1997,MZ1997DHS,WS_SRCE_P_NIM,250162090,I,431010,1431010,Region,Maputo Provincia,0,,0,1,WSSRCEPNIM,MZDHS1997431010,1997,DHS,3044,3305,,,1
MOZ,Maputo Cidade,1174852,Population using an unimproved water source,11.3,1,MZ,Mozambique,1997,MZ1997DHS,WS_SRCE_P_NIM,250162090,I,431011,1431011,Region,Maputo Cidade,0,,0,1,WSSRCEPNIM,MZDHS1997431011,1997,DHS,2425,4594,,,1
MOZ,Niassa,7696772,Population using surface water,20.4,1,MZ,Mozambique,1997,MZ1997DHS,WS_SRCE_P_SRF,250162130,I,431001,1431001,Region,Niassa,0,,0,1,WSSRCEPSRF,MZDHS1997431001,1997,DHS,2237,3731,,,1
MOZ,Cabo Delgado,3163529,Population using surface water,14.3,1,MZ,Mozambique,1997,MZ1997DHS,WS_SRCE_P_SRF,250162130,I,431002,1431002,Region,Cabo Delgado,0,,0,1,WSSRCEPSRF,MZDHS1997431002,1997,DHS,2875,3303,,,1
MOZ,Nampula,6767738,Population using surface water,10.1,1,MZ,Mozambique,1997,MZ1997DHS,WS_SRCE_P_SRF,250162130,I,431003,1431003,Region,Nampula,0,,0,1,WSSRCEPSRF,MZDHS1997431003,1997,DHS,7035,4452,,,1
MOZ,Zambézia,1160745,Population using surface water,29.7,1,MZ,Mozambique,1997,MZ1997DHS,WS_SRCE_P_SRF,250162130,I,431004,1431004,Region,Zambézia,0,,0,1,WSSRCEPSRF,MZDHS1997431004,1997,DHS,7009,3952,,,1
MOZ,Tete,6919904,Population using surface water,6.2,1,MZ,Mozambique,1997,MZ1997DHS,WS_SRCE_P_SRF,250162130,I,431005,1431005,Region,Tete,0,,0,1,WSSRCEPSRF,MZDHS1997431005,1997,DHS,1888,3103,,,1
MOZ,Manica,3318272,Population using surface water,18.3,1,MZ,Mozambique,1997,MZ1997DHS,WS_SRCE_P_SRF,250162130,I,431006,1431006,Region,Manica,0,,0,1,WSSRCEPSRF,MZDHS1997431006,1997,DHS,2442,4406,,,1
MOZ,Sofala,7485512,Population using surface water,19.9,1,MZ,Mozambique,1997,MZ1997DHS,WS_SRCE_P_SRF,250162130,I,431007,1431007,Region,Sofala,0,,0,1,WSSRCEPSRF,MZDHS1997431007,1997,DHS,5747,4962,,,1
MOZ,Inhambane,7385421,Population using surface water,12.7,1,MZ,Mozambique,1997,MZ1997DHS,WS_SRCE_P_SRF,250162130,I,431008,1431008,Region,Inhambane,0,,0,1,WSSRCEPSRF,MZDHS1997431008,1997,DHS,3907,3784,,,1
MOZ,Gaza,1174850,Population using surface water,11.8,1,MZ,Mozambique,1997,MZ1997DHS,WS_SRCE_P_SRF,250162130,I,431009,1431009,Region,Gaza,0,,0,1,WSSRCEPSRF,MZDHS1997431009,1997,DHS,4283,4381,,,1
MOZ,Maputo Provincia,4894160,Population using surface water,6.4,1,MZ,Mozambique,1997,MZ1997DHS,WS_SRCE_P_SRF,250162130,I,431010,1431010,Region,Maputo Provincia,0,,0,1,WSSRCEPSRF,MZDHS1997431010,1997,DHS,3044,3305,,,1
MOZ,Maputo Cidade,1174906,Population using surface water,0,1,MZ,Mozambique,1997,MZ1997DHS,WS_SRCE_P_SRF,250162130,I,431011,1431011,Region,Maputo Cidade,0,,0,1,WSSRCEPSRF,MZDHS1997431011,1997,DHS,2425,4594,,,1
MOZ,Niassa,7696774,Population with don't know or missing information on water source,0.5,1,MZ,Mozambique,1997,MZ1997DHS,WS_SRCE_P_DKM,250162150,S,431001,1431001,Region,Niassa,0,,0,1,WSSRCEPDKM,MZDHS1997431001,1997,DHS,2237,3731,,,1
MOZ,Cabo Delgado,3163532,Population with don't know or missing information on water source,2.2,1,MZ,Mozambique,1997,MZ1997DHS,WS_SRCE_P_DKM,250162150,S,431002,1431002,Region,Cabo Delgado,0,,0,1,WSSRCEPDKM,MZDHS1997431002,1997,DHS,2875,3303,,,1
MOZ,Nampula,6767740,Population with don't know or missing information on water source,0.1,1,MZ,Mozambique,1997,MZ1997DHS,WS_SRCE_P_DKM,250162150,S,431003,1431003,Region,Nampula,0,,0,1,WSSRCEPDKM,MZDHS1997431003,1997,DHS,7035,4452,,,1
MOZ,Zambézia,1160747,Population with don't know or missing information on water source,0.4,1,MZ,Mozambique,1997,MZ1997DHS,WS_SRCE_P_DKM,250162150,S,431004,1431004,Region,Zambézia,0,,0,1,WSSRCEPDKM,MZDHS1997431004,1997,DHS,7009,3952,,,1
MOZ,Tete,6919907,Population with don't know or missing information on water source,1.5,1,MZ,Mozambique,1997,MZ1997DHS,WS_SRCE_P_DKM,250162150,S,431005,1431005,Region,Tete,0,,0,1,WSSRCEPDKM,MZDHS1997431005,1997,DHS,1888,3103,,,1
MOZ,Manica,3318274,Population with don't know or missing information on water source,0.1,1,MZ,Mozambique,1997,MZ1997DHS,WS_SRCE_P_DKM,250162150,S,431006,1431006,Region,Manica,0,,0,1,WSSRCEPDKM,MZDHS1997431006,1997,DHS,2442,4406,,,1
MOZ,Sofala,7485514,Population with don't know or missing information on water source,0.2,1,MZ,Mozambique,1997,MZ1997DHS,WS_SRCE_P_DKM,250162150,S,431007,1431007,Region,Sofala,0,,0,1,WSSRCEPDKM,MZDHS1997431007,1997,DHS,5747,4962,,,1
MOZ,Inhambane,7385423,Population with don't know or missing information on water source,1.1,1,MZ,Mozambique,1997,MZ1997DHS,WS_SRCE_P_DKM,250162150,S,431008,1431008,Region,Inhambane,0,,0,1,WSSRCEPDKM,MZDHS1997431008,1997,DHS,3907,3784,,,1
MOZ,Gaza,1174857,Population with don't know or missing information on water source,0.6,1,MZ,Mozambique,1997,MZ1997DHS,WS_SRCE_P_DKM,250162150,S,431009,1431009,Region,Gaza,0,,0,1,WSSRCEPDKM,MZDHS1997431009,1997,DHS,4283,4381,,,1
MOZ,Maputo Provincia,4894162,Population with don't know or missing information on water source,0.4,1,MZ,Mozambique,1997,MZ1997DHS,WS_SRCE_P_DKM,250162150,S,431010,1431010,Region,Maputo Provincia,0,,0,1,WSSRCEPDKM,MZDHS1997431010,1997,DHS,3044,3305,,,1
MOZ,Maputo Cidade,1174928,Population with don't know or missing information on water source,0.9,1,MZ,Mozambique,1997,MZ1997DHS,WS_SRCE_P_DKM,250162150,S,431011,1431011,Region,Maputo Cidade,0,,0,1,WSSRCEPDKM,MZDHS1997431011,1997,DHS,2425,4594,,,1
MOZ,Niassa,7696769,Population: Total,100,1,MZ,Mozambique,1997,MZ1997DHS,WS_SRCE_P_TOT,250162160,T,431001,1431001,Region,Niassa,0,,0,1,WSSRCEPTOT,MZDHS1997431001,1997,DHS,2237,3731,,,1
MOZ,Cabo Delgado,3163519,Population: Total,100,1,MZ,Mozambique,1997,MZ1997DHS,WS_SRCE_P_TOT,250162160,T,431002,1431002,Region,Cabo Delgado,0,,0,1,WSSRCEPTOT,MZDHS1997431002,1997,DHS,2875,3303,,,1
MOZ,Nampula,6767734,Population: Total,100,1,MZ,Mozambique,1997,MZ1997DHS,WS_SRCE_P_TOT,250162160,T,431003,1431003,Region,Nampula,0,,0,1,WSSRCEPTOT,MZDHS1997431003,1997,DHS,7035,4452,,,1
MOZ,Zambézia,1160733,Population: Total,100,1,MZ,Mozambique,1997,MZ1997DHS,WS_SRCE_P_TOT,250162160,T,431004,1431004,Region,Zambézia,0,,0,1,WSSRCEPTOT,MZDHS1997431004,1997,DHS,7009,3952,,,1
MOZ,Tete,6919914,Population: Total,100,1,MZ,Mozambique,1997,MZ1997DHS,WS_SRCE_P_TOT,250162160,T,431005,1431005,Region,Tete,0,,0,1,WSSRCEPTOT,MZDHS1997431005,1997,DHS,1888,3103,,,1
MOZ,Manica,3318265,Population: Total,100,1,MZ,Mozambique,1997,MZ1997DHS,WS_SRCE_P_TOT,250162160,T,431006,1431006,Region,Manica,0,,0,1,WSSRCEPTOT,MZDHS1997431006,1997,DHS,2442,4406,,,1
MOZ,Sofala,7485501,Population: Total,100,1,MZ,Mozambique,1997,MZ1997DHS,WS_SRCE_P_TOT,250162160,T,431007,1431007,Region,Sofala,0,,0,1,WSSRCEPTOT,MZDHS1997431007,1997,DHS,5747,4962,,,1
MOZ,Inhambane,7385432,Population: Total,100,1,MZ,Mozambique,1997,MZ1997DHS,WS_SRCE_P_TOT,250162160,T,431008,1431008,Region,Inhambane,0,,0,1,WSSRCEPTOT,MZDHS1997431008,1997,DHS,3907,3784,,,1
MOZ,Gaza,1174832,Population: Total,100,1,MZ,Mozambique,1997,MZ1997DHS,WS_SRCE_P_TOT,250162160,T,431009,1431009,Region,Gaza,0,,0,1,WSSRCEPTOT,MZDHS1997431009,1997,DHS,4283,4381,,,1
MOZ,Maputo Provincia,4894153,Population: Total,100,1,MZ,Mozambique,1997,MZ1997DHS,WS_SRCE_P_TOT,250162160,T,431010,1431010,Region,Maputo Provincia,0,,0,1,WSSRCEPTOT,MZDHS1997431010,1997,DHS,3044,3305,,,1
MOZ,Maputo Cidade,1174909,Population: Total,100,1,MZ,Mozambique,1997,MZ1997DHS,WS_SRCE_P_TOT,250162160,T,431011,1431011,Region,Maputo Cidade,0,,0,1,WSSRCEPTOT,MZDHS1997431011,1997,DHS,2425,4594,,,1
MOZ,Niassa,7694150,Households with water on the premises,13.6,1,MZ,Mozambique,1997,MZ1997DHS,WS_TIME_H_ONP,250201010,I,431001,1431001,Region,Niassa,0,,0,1,WSTIMEHONP,MZDHS1997431001,1997,DHS,547,900,,,1
MOZ,Cabo Delgado,637166,Households with water on the premises,2.2,1,MZ,Mozambique,1997,MZ1997DHS,WS_TIME_H_ONP,250201010,I,431002,1431002,Region,Cabo Delgado,0,,0,1,WSTIMEHONP,MZDHS1997431002,1997,DHS,761,860,,,1
MOZ,Nampula,3020542,Households with water on the premises,1.6,1,MZ,Mozambique,1997,MZ1997DHS,WS_TIME_H_ONP,250201010,I,431003,1431003,Region,Nampula,0,,0,1,WSTIMEHONP,MZDHS1997431003,1997,DHS,1766,1067,,,1
MOZ,Zambézia,6430463,Households with water on the premises,8.1,1,MZ,Mozambique,1997,MZ1997DHS,WS_TIME_H_ONP,250201010,I,431004,1431004,Region,Zambézia,0,,0,1,WSTIMEHONP,MZDHS1997431004,1997,DHS,1755,1008,,,1
MOZ,Tete,6830339,Households with water on the premises,1.4,1,MZ,Mozambique,1997,MZ1997DHS,WS_TIME_H_ONP,250201010,I,431005,1431005,Region,Tete,0,,0,1,WSTIMEHONP,MZDHS1997431005,1997,DHS,418,670,,,1
MOZ,Manica,4858141,Households with water on the premises,4.2,1,MZ,Mozambique,1997,MZ1997DHS,WS_TIME_H_ONP,250201010,I,431006,1431006,Region,Manica,0,,0,1,WSTIMEHONP,MZDHS1997431006,1997,DHS,432,782,,,1
MOZ,Sofala,7485882,Households with water on the premises,8.1,1,MZ,Mozambique,1997,MZ1997DHS,WS_TIME_H_ONP,250201010,I,431007,1431007,Region,Sofala,0,,0,1,WSTIMEHONP,MZDHS1997431007,1997,DHS,993,941,,,1
MOZ,Inhambane,7102372,Households with water on the premises,6.5,1,MZ,Mozambique,1997,MZ1997DHS,WS_TIME_H_ONP,250201010,I,431008,1431008,Region,Inhambane,0,,0,1,WSTIMEHONP,MZDHS1997431008,1997,DHS,820,812,,,1
MOZ,Gaza,5819952,Households with water on the premises,18.3,1,MZ,Mozambique,1997,MZ1997DHS,WS_TIME_H_ONP,250201010,I,431009,1431009,Region,Gaza,0,,0,1,WSTIMEHONP,MZDHS1997431009,1997,DHS,784,826,,,1
MOZ,Maputo Provincia,1174805,Households with water on the premises,47.9,1,MZ,Mozambique,1997,MZ1997DHS,WS_TIME_H_ONP,250201010,I,431010,1431010,Region,Maputo Provincia,0,,0,1,WSTIMEHONP,MZDHS1997431010,1997,DHS,573,628,,,1
MOZ,Maputo Cidade,7310745,Households with water on the premises,32.3,1,MZ,Mozambique,1997,MZ1997DHS,WS_TIME_H_ONP,250201010,I,431011,1431011,Region,Maputo Cidade,0,,0,1,WSTIMEHONP,MZDHS1997431011,1997,DHS,433,788,,,1
MOZ,Niassa,7694138,Households with water 30 minutes or less away round trip,77,1,MZ,Mozambique,1997,MZ1997DHS,WS_TIME_H_L30,250201020,I,431001,1431001,Region,Niassa,0,,0,1,WSTIMEHL30,MZDHS1997431001,1997,DHS,547,900,,,1
MOZ,Cabo Delgado,637161,Households with water 30 minutes or less away round trip,54.4,1,MZ,Mozambique,1997,MZ1997DHS,WS_TIME_H_L30,250201020,I,431002,1431002,Region,Cabo Delgado,0,,0,1,WSTIMEHL30,MZDHS1997431002,1997,DHS,761,860,,,1
MOZ,Nampula,3020917,Households with water 30 minutes or less away round trip,73.5,1,MZ,Mozambique,1997,MZ1997DHS,WS_TIME_H_L30,250201020,I,431003,1431003,Region,Nampula,0,,0,1,WSTIMEHL30,MZDHS1997431003,1997,DHS,1766,1067,,,1
MOZ,Zambézia,6430468,Households with water 30 minutes or less away round trip,67.6,1,MZ,Mozambique,1997,MZ1997DHS,WS_TIME_H_L30,250201020,I,431004,1431004,Region,Zambézia,0,,0,1,WSTIMEHL30,MZDHS1997431004,1997,DHS,1755,1008,,,1
MOZ,Tete,6830330,Households with water 30 minutes or less away round trip,75.6,1,MZ,Mozambique,1997,MZ1997DHS,WS_TIME_H_L30,250201020,I,431005,1431005,Region,Tete,0,,0,1,WSTIMEHL30,MZDHS1997431005,1997,DHS,418,670,,,1
MOZ,Manica,4858145,Households with water 30 minutes or less away round trip,79.1,1,MZ,Mozambique,1997,MZ1997DHS,WS_TIME_H_L30,250201020,I,431006,1431006,Region,Manica,0,,0,1,WSTIMEHL30,MZDHS1997431006,1997,DHS,432,782,,,1
MOZ,Sofala,7485885,Households with water 30 minutes or less away round trip,83.7,1,MZ,Mozambique,1997,MZ1997DHS,WS_TIME_H_L30,250201020,I,431007,1431007,Region,Sofala,0,,0,1,WSTIMEHL30,MZDHS1997431007,1997,DHS,993,941,,,1
MOZ,Inhambane,7102378,Households with water 30 minutes or less away round trip,54.1,1,MZ,Mozambique,1997,MZ1997DHS,WS_TIME_H_L30,250201020,I,431008,1431008,Region,Inhambane,0,,0,1,WSTIMEHL30,MZDHS1997431008,1997,DHS,820,812,,,1
MOZ,Gaza,5819959,Households with water 30 minutes or less away round trip,51.1,1,MZ,Mozambique,1997,MZ1997DHS,WS_TIME_H_L30,250201020,I,431009,1431009,Region,Gaza,0,,0,1,WSTIMEHL30,MZDHS1997431009,1997,DHS,784,826,,,1
MOZ,Maputo Provincia,1174820,Households with water 30 minutes or less away round trip,45.9,1,MZ,Mozambique,1997,MZ1997DHS,WS_TIME_H_L30,250201020,I,431010,1431010,Region,Maputo Provincia,0,,0,1,WSTIMEHL30,MZDHS1997431010,1997,DHS,573,628,,,1
MOZ,Maputo Cidade,7310747,Households with water 30 minutes or less away round trip,64.4,1,MZ,Mozambique,1997,MZ1997DHS,WS_TIME_H_L30,250201020,I,431011,1431011,Region,Maputo Cidade,0,,0,1,WSTIMEHL30,MZDHS1997431011,1997,DHS,433,788,,,1
MOZ,Niassa,7694143,Households with water more than 30 minutes away round trip,8.3,1,MZ,Mozambique,1997,MZ1997DHS,WS_TIME_H_M30,250201030,I,431001,1431001,Region,Niassa,0,,0,1,WSTIMEHM30,MZDHS1997431001,1997,DHS,547,900,,,1
MOZ,Cabo Delgado,637171,Households with water more than 30 minutes away round trip,41.1,1,MZ,Mozambique,1997,MZ1997DHS,WS_TIME_H_M30,250201030,I,431002,1431002,Region,Cabo Delgado,0,,0,1,WSTIMEHM30,MZDHS1997431002,1997,DHS,761,860,,,1
MOZ,Nampula,3020547,Households with water more than 30 minutes away round trip,24.8,1,MZ,Mozambique,1997,MZ1997DHS,WS_TIME_H_M30,250201030,I,431003,1431003,Region,Nampula,0,,0,1,WSTIMEHM30,MZDHS1997431003,1997,DHS,1766,1067,,,1
MOZ,Zambézia,6430484,Households with water more than 30 minutes away round trip,22.9,1,MZ,Mozambique,1997,MZ1997DHS,WS_TIME_H_M30,250201030,I,431004,1431004,Region,Zambézia,0,,0,1,WSTIMEHM30,MZDHS1997431004,1997,DHS,1755,1008,,,1
MOZ,Tete,6830367,Households with water more than 30 minutes away round trip,21.6,1,MZ,Mozambique,1997,MZ1997DHS,WS_TIME_H_M30,250201030,I,431005,1431005,Region,Tete,0,,0,1,WSTIMEHM30,MZDHS1997431005,1997,DHS,418,670,,,1
MOZ,Manica,4858147,Households with water more than 30 minutes away round trip,16.3,1,MZ,Mozambique,1997,MZ1997DHS,WS_TIME_H_M30,250201030,I,431006,1431006,Region,Manica,0,,0,1,WSTIMEHM30,MZDHS1997431006,1997,DHS,432,782,,,1
MOZ,Sofala,7485888,Households with water more than 30 minutes away round trip,7.6,1,MZ,Mozambique,1997,MZ1997DHS,WS_TIME_H_M30,250201030,I,431007,1431007,Region,Sofala,0,,0,1,WSTIMEHM30,MZDHS1997431007,1997,DHS,993,941,,,1
MOZ,Inhambane,7102383,Households with water more than 30 minutes away round trip,38.4,1,MZ,Mozambique,1997,MZ1997DHS,WS_TIME_H_M30,250201030,I,431008,1431008,Region,Inhambane,0,,0,1,WSTIMEHM30,MZDHS1997431008,1997,DHS,820,812,,,1
MOZ,Gaza,5819963,Households with water more than 30 minutes away round trip,30.4,1,MZ,Mozambique,1997,MZ1997DHS,WS_TIME_H_M30,250201030,I,431009,1431009,Region,Gaza,0,,0,1,WSTIMEHM30,MZDHS1997431009,1997,DHS,784,826,,,1
MOZ,Maputo Provincia,1174815,Households with water more than 30 minutes away round trip,4.9,1,MZ,Mozambique,1997,MZ1997DHS,WS_TIME_H_M30,250201030,I,431010,1431010,Region,Maputo Provincia,0,,0,1,WSTIMEHM30,MZDHS1997431010,1997,DHS,573,628,,,1
MOZ,Maputo Cidade,7310749,Households with water more than 30 minutes away round trip,1,1,MZ,Mozambique,1997,MZ1997DHS,WS_TIME_H_M30,250201030,I,431011,1431011,Region,Maputo Cidade,0,,0,1,WSTIMEHM30,MZDHS1997431011,1997,DHS,433,788,,,1
MOZ,Niassa,7694144,Household with unknown or missing information on round trip time to water,1,1,MZ,Mozambique,1997,MZ1997DHS,WS_TIME_H_DKM,250201040,S,431001,1431001,Region,Niassa,0,,0,1,WSTIMEHDKM,MZDHS1997431001,1997,DHS,547,900,,,1
MOZ,Cabo Delgado,637195,Household with unknown or missing information on round trip time to water,2.4,1,MZ,Mozambique,1997,MZ1997DHS,WS_TIME_H_DKM,250201040,S,431002,1431002,Region,Cabo Delgado,0,,0,1,WSTIMEHDKM,MZDHS1997431002,1997,DHS,761,860,,,1
MOZ,Nampula,3020548,Household with unknown or missing information on round trip time to water,0,1,MZ,Mozambique,1997,MZ1997DHS,WS_TIME_H_DKM,250201040,S,431003,1431003,Region,Nampula,0,,0,1,WSTIMEHDKM,MZDHS1997431003,1997,DHS,1766,1067,,,1
MOZ,Zambézia,6430485,Household with unknown or missing information on round trip time to water,1.4,1,MZ,Mozambique,1997,MZ1997DHS,WS_TIME_H_DKM,250201040,S,431004,1431004,Region,Zambézia,0,,0,1,WSTIMEHDKM,MZDHS1997431004,1997,DHS,1755,1008,,,1
MOZ,Tete,6830368,Household with unknown or missing information on round trip time to water,1.4,1,MZ,Mozambique,1997,MZ1997DHS,WS_TIME_H_DKM,250201040,S,431005,1431005,Region,Tete,0,,0,1,WSTIMEHDKM,MZDHS1997431005,1997,DHS,418,670,,,1
MOZ,Manica,4858148,Household with unknown or missing information on round trip time to water,0.4,1,MZ,Mozambique,1997,MZ1997DHS,WS_TIME_H_DKM,250201040,S,431006,1431006,Region,Manica,0,,0,1,WSTIMEHDKM,MZDHS1997431006,1997,DHS,432,782,,,1
MOZ,Sofala,7485889,Household with unknown or missing information on round trip time to water,0.6,1,MZ,Mozambique,1997,MZ1997DHS,WS_TIME_H_DKM,250201040,S,431007,1431007,Region,Sofala,0,,0,1,WSTIMEHDKM,MZDHS1997431007,1997,DHS,993,941,,,1
MOZ,Inhambane,7102384,Household with unknown or missing information on round trip time to water,1,1,MZ,Mozambique,1997,MZ1997DHS,WS_TIME_H_DKM,250201040,S,431008,1431008,Region,Inhambane,0,,0,1,WSTIMEHDKM,MZDHS1997431008,1997,DHS,820,812,,,1
MOZ,Gaza,5819964,Household with unknown or missing information on round trip time to water,0.3,1,MZ,Mozambique,1997,MZ1997DHS,WS_TIME_H_DKM,250201040,S,431009,1431009,Region,Gaza,0,,0,1,WSTIMEHDKM,MZDHS1997431009,1997,DHS,784,826,,,1
MOZ,Maputo Provincia,1174816,Household with unknown or missing information on round trip time to water,1.2,1,MZ,Mozambique,1997,MZ1997DHS,WS_TIME_H_DKM,250201040,S,431010,1431010,Region,Maputo Provincia,0,,0,1,WSTIMEHDKM,MZDHS1997431010,1997,DHS,573,628,,,1
MOZ,Maputo Cidade,7310750,Household with unknown or missing information on round trip time to water,2.3,1,MZ,Mozambique,1997,MZ1997DHS,WS_TIME_H_DKM,250201040,S,431011,1431011,Region,Maputo Cidade,0,,0,1,WSTIMEHDKM,MZDHS1997431011,1997,DHS,433,788,,,1
MOZ,Niassa,7694170,Households: Total,100,1,MZ,Mozambique,1997,MZ1997DHS,WS_TIME_H_TOT,250201050,T,431001,1431001,Region,Niassa,0,,0,1,WSTIMEHTOT,MZDHS1997431001,1997,DHS,547,900,,,1
MOZ,Cabo Delgado,637196,Households: Total,100,1,MZ,Mozambique,1997,MZ1997DHS,WS_TIME_H_TOT,250201050,T,431002,1431002,Region,Cabo Delgado,0,,0,1,WSTIMEHTOT,MZDHS1997431002,1997,DHS,761,860,,,1
MOZ,Nampula,3020557,Households: Total,100,1,MZ,Mozambique,1997,MZ1997DHS,WS_TIME_H_TOT,250201050,T,431003,1431003,Region,Nampula,0,,0,1,WSTIMEHTOT,MZDHS1997431003,1997,DHS,1766,1067,,,1
MOZ,Zambézia,6430486,Households: Total,100,1,MZ,Mozambique,1997,MZ1997DHS,WS_TIME_H_TOT,250201050,T,431004,1431004,Region,Zambézia,0,,0,1,WSTIMEHTOT,MZDHS1997431004,1997,DHS,1755,1008,,,1
MOZ,Tete,6830369,Households: Total,100,1,MZ,Mozambique,1997,MZ1997DHS,WS_TIME_H_TOT,250201050,T,431005,1431005,Region,Tete,0,,0,1,WSTIMEHTOT,MZDHS1997431005,1997,DHS,418,670,,,1
MOZ,Manica,4858170,Households: Total,100,1,MZ,Mozambique,1997,MZ1997DHS,WS_TIME_H_TOT,250201050,T,431006,1431006,Region,Manica,0,,0,1,WSTIMEHTOT,MZDHS1997431006,1997,DHS,432,782,,,1
MOZ,Sofala,7485890,Households: Total,100,1,MZ,Mozambique,1997,MZ1997DHS,WS_TIME_H_TOT,250201050,T,431007,1431007,Region,Sofala,0,,0,1,WSTIMEHTOT,MZDHS1997431007,1997,DHS,993,941,,,1
MOZ,Inhambane,7102385,Households: Total,100,1,MZ,Mozambique,1997,MZ1997DHS,WS_TIME_H_TOT,250201050,T,431008,1431008,Region,Inhambane,0,,0,1,WSTIMEHTOT,MZDHS1997431008,1997,DHS,820,812,,,1
MOZ,Gaza,5819965,Households: Total,100,1,MZ,Mozambique,1997,MZ1997DHS,WS_TIME_H_TOT,250201050,T,431009,1431009,Region,Gaza,0,,0,1,WSTIMEHTOT,MZDHS1997431009,1997,DHS,784,826,,,1
MOZ,Maputo Provincia,1174817,Households: Total,100,1,MZ,Mozambique,1997,MZ1997DHS,WS_TIME_H_TOT,250201050,T,431010,1431010,Region,Maputo Provincia,0,,0,1,WSTIMEHTOT,MZDHS1997431010,1997,DHS,573,628,,,1
MOZ,Maputo Cidade,7310751,Households: Total,100,1,MZ,Mozambique,1997,MZ1997DHS,WS_TIME_H_TOT,250201050,T,431011,1431011,Region,Maputo Cidade,0,,0,1,WSTIMEHTOT,MZDHS1997431011,1997,DHS,433,788,,,1
MOZ,Niassa,7696763,Population with water on the premises,14.6,1,MZ,Mozambique,1997,MZ1997DHS,WS_TIME_P_ONP,250202010,I,431001,1431001,Region,Niassa,0,,0,1,WSTIMEPONP,MZDHS1997431001,1997,DHS,2237,3731,,,1
MOZ,Cabo Delgado,3163515,Population with water on the premises,2.4,1,MZ,Mozambique,1997,MZ1997DHS,WS_TIME_P_ONP,250202010,I,431002,1431002,Region,Cabo Delgado,0,,0,1,WSTIMEPONP,MZDHS1997431002,1997,DHS,2875,3303,,,1
MOZ,Nampula,6767729,Population with water on the premises,2.1,1,MZ,Mozambique,1997,MZ1997DHS,WS_TIME_P_ONP,250202010,I,431003,1431003,Region,Nampula,0,,0,1,WSTIMEPONP,MZDHS1997431003,1997,DHS,7035,4452,,,1
MOZ,Zambézia,1160728,Population with water on the premises,7.8,1,MZ,Mozambique,1997,MZ1997DHS,WS_TIME_P_ONP,250202010,I,431004,1431004,Region,Zambézia,0,,0,1,WSTIMEPONP,MZDHS1997431004,1997,DHS,7009,3952,,,1
MOZ,Tete,6919916,Population with water on the premises,1.9,1,MZ,Mozambique,1997,MZ1997DHS,WS_TIME_P_ONP,250202010,I,431005,1431005,Region,Tete,0,,0,1,WSTIMEPONP,MZDHS1997431005,1997,DHS,1888,3103,,,1
MOZ,Manica,3318260,Population with water on the premises,4.8,1,MZ,Mozambique,1997,MZ1997DHS,WS_TIME_P_ONP,250202010,I,431006,1431006,Region,Manica,0,,0,1,WSTIMEPONP,MZDHS1997431006,1997,DHS,2442,4406,,,1
MOZ,Sofala,7485504,Population with water on the premises,8,1,MZ,Mozambique,1997,MZ1997DHS,WS_TIME_P_ONP,250202010,I,431007,1431007,Region,Sofala,0,,0,1,WSTIMEPONP,MZDHS1997431007,1997,DHS,5747,4962,,,1
MOZ,Inhambane,7385427,Population with water on the premises,8.2,1,MZ,Mozambique,1997,MZ1997DHS,WS_TIME_P_ONP,250202010,I,431008,1431008,Region,Inhambane,0,,0,1,WSTIMEPONP,MZDHS1997431008,1997,DHS,3907,3784,,,1
MOZ,Gaza,1174846,Population with water on the premises,20.1,1,MZ,Mozambique,1997,MZ1997DHS,WS_TIME_P_ONP,250202010,I,431009,1431009,Region,Gaza,0,,0,1,WSTIMEPONP,MZDHS1997431009,1997,DHS,4283,4381,,,1
MOZ,Maputo Provincia,4894181,Population with water on the premises,53.3,1,MZ,Mozambique,1997,MZ1997DHS,WS_TIME_P_ONP,250202010,I,431010,1431010,Region,Maputo Provincia,0,,0,1,WSTIMEPONP,MZDHS1997431010,1997,DHS,3044,3305,,,1
MOZ,Maputo Cidade,1174924,Population with water on the premises,33.9,1,MZ,Mozambique,1997,MZ1997DHS,WS_TIME_P_ONP,250202010,I,431011,1431011,Region,Maputo Cidade,0,,0,1,WSTIMEPONP,MZDHS1997431011,1997,DHS,2425,4594,,,1
MOZ,Niassa,7696770,Population with water 30 minutes or less away round trip,76.5,1,MZ,Mozambique,1997,MZ1997DHS,WS_TIME_P_L30,250202020,I,431001,1431001,Region,Niassa,0,,0,1,WSTIMEPL30,MZDHS1997431001,1997,DHS,2237,3731,,,1
MOZ,Cabo Delgado,3163520,Population with water 30 minutes or less away round trip,53.6,1,MZ,Mozambique,1997,MZ1997DHS,WS_TIME_P_L30,250202020,I,431002,1431002,Region,Cabo Delgado,0,,0,1,WSTIMEPL30,MZDHS1997431002,1997,DHS,2875,3303,,,1
MOZ,Nampula,6767735,Population with water 30 minutes or less away round trip,74.2,1,MZ,Mozambique,1997,MZ1997DHS,WS_TIME_P_L30,250202020,I,431003,1431003,Region,Nampula,0,,0,1,WSTIMEPL30,MZDHS1997431003,1997,DHS,7035,4452,,,1
MOZ,Zambézia,1160739,Population with water 30 minutes or less away round trip,65.3,1,MZ,Mozambique,1997,MZ1997DHS,WS_TIME_P_L30,250202020,I,431004,1431004,Region,Zambézia,0,,0,1,WSTIMEPL30,MZDHS1997431004,1997,DHS,7009,3952,,,1
MOZ,Tete,6919915,Population with water 30 minutes or less away round trip,74.3,1,MZ,Mozambique,1997,MZ1997DHS,WS_TIME_P_L30,250202020,I,431005,1431005,Region,Tete,0,,0,1,WSTIMEPL30,MZDHS1997431005,1997,DHS,1888,3103,,,1
MOZ,Manica,3318266,Population with water 30 minutes or less away round trip,80.4,1,MZ,Mozambique,1997,MZ1997DHS,WS_TIME_P_L30,250202020,I,431006,1431006,Region,Manica,0,,0,1,WSTIMEPL30,MZDHS1997431006,1997,DHS,2442,4406,,,1
MOZ,Sofala,7485502,Population with water 30 minutes or less away round trip,83,1,MZ,Mozambique,1997,MZ1997DHS,WS_TIME_P_L30,250202020,I,431007,1431007,Region,Sofala,0,,0,1,WSTIMEPL30,MZDHS1997431007,1997,DHS,5747,4962,,,1
MOZ,Inhambane,7385407,Population with water 30 minutes or less away round trip,49,1,MZ,Mozambique,1997,MZ1997DHS,WS_TIME_P_L30,250202020,I,431008,1431008,Region,Inhambane,0,,0,1,WSTIMEPL30,MZDHS1997431008,1997,DHS,3907,3784,,,1
MOZ,Gaza,1174833,Population with water 30 minutes or less away round trip,54.7,1,MZ,Mozambique,1997,MZ1997DHS,WS_TIME_P_L30,250202020,I,431009,1431009,Region,Gaza,0,,0,1,WSTIMEPL30,MZDHS1997431009,1997,DHS,4283,4381,,,1
MOZ,Maputo Provincia,4894166,Population with water 30 minutes or less away round trip,41.4,1,MZ,Mozambique,1997,MZ1997DHS,WS_TIME_P_L30,250202020,I,431010,1431010,Region,Maputo Provincia,0,,0,1,WSTIMEPL30,MZDHS1997431010,1997,DHS,3044,3305,,,1
MOZ,Maputo Cidade,1174910,Population with water 30 minutes or less away round trip,63.1,1,MZ,Mozambique,1997,MZ1997DHS,WS_TIME_P_L30,250202020,I,431011,1431011,Region,Maputo Cidade,0,,0,1,WSTIMEPL30,MZDHS1997431011,1997,DHS,2425,4594,,,1
MOZ,Niassa,7696777,Population with water more than 30 minutes away round trip,8.2,1,MZ,Mozambique,1997,MZ1997DHS,WS_TIME_P_M30,250202030,I,431001,1431001,Region,Niassa,0,,0,1,WSTIMEPM30,MZDHS1997431001,1997,DHS,2237,3731,,,1
MOZ,Cabo Delgado,3163516,Population with water more than 30 minutes away round trip,41.8,1,MZ,Mozambique,1997,MZ1997DHS,WS_TIME_P_M30,250202030,I,431002,1431002,Region,Cabo Delgado,0,,0,1,WSTIMEPM30,MZDHS1997431002,1997,DHS,2875,3303,,,1
MOZ,Nampula,6767730,Population with water more than 30 minutes away round trip,23.6,1,MZ,Mozambique,1997,MZ1997DHS,WS_TIME_P_M30,250202030,I,431003,1431003,Region,Nampula,0,,0,1,WSTIMEPM30,MZDHS1997431003,1997,DHS,7035,4452,,,1
MOZ,Zambézia,1160729,Population with water more than 30 minutes away round trip,25.1,1,MZ,Mozambique,1997,MZ1997DHS,WS_TIME_P_M30,250202030,I,431004,1431004,Region,Zambézia,0,,0,1,WSTIMEPM30,MZDHS1997431004,1997,DHS,7009,3952,,,1
MOZ,Tete,6919964,Population with water more than 30 minutes away round trip,22.1,1,MZ,Mozambique,1997,MZ1997DHS,WS_TIME_P_M30,250202030,I,431005,1431005,Region,Tete,0,,0,1,WSTIMEPM30,MZDHS1997431005,1997,DHS,1888,3103,,,1
MOZ,Manica,3318261,Population with water more than 30 minutes away round trip,14.8,1,MZ,Mozambique,1997,MZ1997DHS,WS_TIME_P_M30,250202030,I,431006,1431006,Region,Manica,0,,0,1,WSTIMEPM30,MZDHS1997431006,1997,DHS,2442,4406,,,1
MOZ,Sofala,7485505,Population with water more than 30 minutes away round trip,8.3,1,MZ,Mozambique,1997,MZ1997DHS,WS_TIME_P_M30,250202030,I,431007,1431007,Region,Sofala,0,,0,1,WSTIMEPM30,MZDHS1997431007,1997,DHS,5747,4962,,,1
MOZ,Inhambane,7385428,Population with water more than 30 minutes away round trip,41.4,1,MZ,Mozambique,1997,MZ1997DHS,WS_TIME_P_M30,250202030,I,431008,1431008,Region,Inhambane,0,,0,1,WSTIMEPM30,MZDHS1997431008,1997,DHS,3907,3784,,,1
MOZ,Gaza,1174847,Population with water more than 30 minutes away round trip,24.6,1,MZ,Mozambique,1997,MZ1997DHS,WS_TIME_P_M30,250202030,I,431009,1431009,Region,Gaza,0,,0,1,WSTIMEPM30,MZDHS1997431009,1997,DHS,4283,4381,,,1
MOZ,Maputo Provincia,4894182,Population with water more than 30 minutes away round trip,4.6,1,MZ,Mozambique,1997,MZ1997DHS,WS_TIME_P_M30,250202030,I,431010,1431010,Region,Maputo Provincia,0,,0,1,WSTIMEPM30,MZDHS1997431010,1997,DHS,3044,3305,,,1
MOZ,Maputo Cidade,1174925,Population with water more than 30 minutes away round trip,0.6,1,MZ,Mozambique,1997,MZ1997DHS,WS_TIME_P_M30,250202030,I,431011,1431011,Region,Maputo Cidade,0,,0,1,WSTIMEPM30,MZDHS1997431011,1997,DHS,2425,4594,,,1
MOZ,Niassa,7696775,Population with unknown or missing information on round trip time to water,0.6,1,MZ,Mozambique,1997,MZ1997DHS,WS_TIME_P_DKM,250202040,S,431001,1431001,Region,Niassa,0,,0,1,WSTIMEPDKM,MZDHS1997431001,1997,DHS,2237,3731,,,1
MOZ,Cabo Delgado,3163524,Population with unknown or missing information on round trip time to water,2.2,1,MZ,Mozambique,1997,MZ1997DHS,WS_TIME_P_DKM,250202040,S,431002,1431002,Region,Cabo Delgado,0,,0,1,WSTIMEPDKM,MZDHS1997431002,1997,DHS,2875,3303,,,1
MOZ,Nampula,6767725,Population with unknown or missing information on round trip time to water,0.1,1,MZ,Mozambique,1997,MZ1997DHS,WS_TIME_P_DKM,250202040,S,431003,1431003,Region,Nampula,0,,0,1,WSTIMEPDKM,MZDHS1997431003,1997,DHS,7035,4452,,,1
MOZ,Zambézia,1160742,Population with unknown or missing information on round trip time to water,1.8,1,MZ,Mozambique,1997,MZ1997DHS,WS_TIME_P_DKM,250202040,S,431004,1431004,Region,Zambézia,0,,0,1,WSTIMEPDKM,MZDHS1997431004,1997,DHS,7009,3952,,,1
MOZ,Tete,6919901,Population with unknown or missing information on round trip time to water,1.7,1,MZ,Mozambique,1997,MZ1997DHS,WS_TIME_P_DKM,250202040,S,431005,1431005,Region,Tete,0,,0,1,WSTIMEPDKM,MZDHS1997431005,1997,DHS,1888,3103,,,1
MOZ,Manica,3318269,Population with unknown or missing information on round trip time to water,0.1,1,MZ,Mozambique,1997,MZ1997DHS,WS_TIME_P_DKM,250202040,S,431006,1431006,Region,Manica,0,,0,1,WSTIMEPDKM,MZDHS1997431006,1997,DHS,2442,4406,,,1
MOZ,Sofala,7485509,Population with unknown or missing information on round trip time to water,0.7,1,MZ,Mozambique,1997,MZ1997DHS,WS_TIME_P_DKM,250202040,S,431007,1431007,Region,Sofala,0,,0,1,WSTIMEPDKM,MZDHS1997431007,1997,DHS,5747,4962,,,1
MOZ,Inhambane,7385418,Population with unknown or missing information on round trip time to water,1.4,1,MZ,Mozambique,1997,MZ1997DHS,WS_TIME_P_DKM,250202040,S,431008,1431008,Region,Inhambane,0,,0,1,WSTIMEPDKM,MZDHS1997431008,1997,DHS,3907,3784,,,1
MOZ,Gaza,1174838,Population with unknown or missing information on round trip time to water,0.6,1,MZ,Mozambique,1997,MZ1997DHS,WS_TIME_P_DKM,250202040,S,431009,1431009,Region,Gaza,0,,0,1,WSTIMEPDKM,MZDHS1997431009,1997,DHS,4283,4381,,,1
MOZ,Maputo Provincia,4894163,Population with unknown or missing information on round trip time to water,0.6,1,MZ,Mozambique,1997,MZ1997DHS,WS_TIME_P_DKM,250202040,S,431010,1431010,Region,Maputo Provincia,0,,0,1,WSTIMEPDKM,MZDHS1997431010,1997,DHS,3044,3305,,,1
MOZ,Maputo Cidade,1174916,Population with unknown or missing information on round trip time to water,2.3,1,MZ,Mozambique,1997,MZ1997DHS,WS_TIME_P_DKM,250202040,S,431011,1431011,Region,Maputo Cidade,0,,0,1,WSTIMEPDKM,MZDHS1997431011,1997,DHS,2425,4594,,,1
MOZ,Niassa,7696776,Population: Total,100,1,MZ,Mozambique,1997,MZ1997DHS,WS_TIME_P_TOT,250202050,T,431001,1431001,Region,Niassa,0,,0,1,WSTIMEPTOT,MZDHS1997431001,1997,DHS,2237,3731,,,1
MOZ,Cabo Delgado,3163525,Population: Total,100,1,MZ,Mozambique,1997,MZ1997DHS,WS_TIME_P_TOT,250202050,T,431002,1431002,Region,Cabo Delgado,0,,0,1,WSTIMEPTOT,MZDHS1997431002,1997,DHS,2875,3303,,,1
MOZ,Nampula,6767726,Population: Total,100,1,MZ,Mozambique,1997,MZ1997DHS,WS_TIME_P_TOT,250202050,T,431003,1431003,Region,Nampula,0,,0,1,WSTIMEPTOT,MZDHS1997431003,1997,DHS,7035,4452,,,1
MOZ,Zambézia,1160743,Population: Total,100,1,MZ,Mozambique,1997,MZ1997DHS,WS_TIME_P_TOT,250202050,T,431004,1431004,Region,Zambézia,0,,0,1,WSTIMEPTOT,MZDHS1997431004,1997,DHS,7009,3952,,,1
MOZ,Tete,6919902,Population: Total,100,1,MZ,Mozambique,1997,MZ1997DHS,WS_TIME_P_TOT,250202050,T,431005,1431005,Region,Tete,0,,0,1,WSTIMEPTOT,MZDHS1997431005,1997,DHS,1888,3103,,,1
MOZ,Manica,3318270,Population: Total,100,1,MZ,Mozambique,1997,MZ1997DHS,WS_TIME_P_TOT,250202050,T,431006,1431006,Region,Manica,0,,0,1,WSTIMEPTOT,MZDHS1997431006,1997,DHS,2442,4406,,,1
MOZ,Sofala,7485510,Population: Total,100,1,MZ,Mozambique,1997,MZ1997DHS,WS_TIME_P_TOT,250202050,T,431007,1431007,Region,Sofala,0,,0,1,WSTIMEPTOT,MZDHS1997431007,1997,DHS,5747,4962,,,1
MOZ,Inhambane,7385419,Population: Total,100,1,MZ,Mozambique,1997,MZ1997DHS,WS_TIME_P_TOT,250202050,T,431008,1431008,Region,Inhambane,0,,0,1,WSTIMEPTOT,MZDHS1997431008,1997,DHS,3907,3784,,,1
MOZ,Gaza,1174839,Population: Total,100,1,MZ,Mozambique,1997,MZ1997DHS,WS_TIME_P_TOT,250202050,T,431009,1431009,Region,Gaza,0,,0,1,WSTIMEPTOT,MZDHS1997431009,1997,DHS,4283,4381,,,1
MOZ,Maputo Provincia,4894164,Population: Total,100,1,MZ,Mozambique,1997,MZ1997DHS,WS_TIME_P_TOT,250202050,T,431010,1431010,Region,Maputo Provincia,0,,0,1,WSTIMEPTOT,MZDHS1997431010,1997,DHS,3044,3305,,,1
MOZ,Maputo Cidade,1174923,Population: Total,100,1,MZ,Mozambique,1997,MZ1997DHS,WS_TIME_P_TOT,250202050,T,431011,1431011,Region,Maputo Cidade,0,,0,1,WSTIMEPTOT,MZDHS1997431011,1997,DHS,2425,4594,,,1
MOZ,Niassa,7690734,Number of households,547,0,MZ,Mozambique,1997,MZ1997DHS,WS_WTRT_H_NUM,250231100,D,431001,1431001,Region,Niassa,0,,0,1,WSWTRTHNUM,MZDHS1997431001,1997,DHS,,900,,,1
MOZ,Cabo Delgado,1152842,Number of households,761,0,MZ,Mozambique,1997,MZ1997DHS,WS_WTRT_H_NUM,250231100,D,431002,1431002,Region,Cabo Delgado,0,,0,1,WSWTRTHNUM,MZDHS1997431002,1997,DHS,,860,,,1
MOZ,Nampula,1152845,Number of households,1766,0,MZ,Mozambique,1997,MZ1997DHS,WS_WTRT_H_NUM,250231100,D,431003,1431003,Region,Nampula,0,,0,1,WSWTRTHNUM,MZDHS1997431003,1997,DHS,,1067,,,1
MOZ,Zambézia,6408163,Number of households,1755,0,MZ,Mozambique,1997,MZ1997DHS,WS_WTRT_H_NUM,250231100,D,431004,1431004,Region,Zambézia,0,,0,1,WSWTRTHNUM,MZDHS1997431004,1997,DHS,,1008,,,1
MOZ,Tete,6830366,Number of households,418,0,MZ,Mozambique,1997,MZ1997DHS,WS_WTRT_H_NUM,250231100,D,431005,1431005,Region,Tete,0,,0,1,WSWTRTHNUM,MZDHS1997431005,1997,DHS,,670,,,1
MOZ,Manica,4992932,Number of households,432,0,MZ,Mozambique,1997,MZ1997DHS,WS_WTRT_H_NUM,250231100,D,431006,1431006,Region,Manica,0,,0,1,WSWTRTHNUM,MZDHS1997431006,1997,DHS,,782,,,1
MOZ,Sofala,7485578,Number of households,993,0,MZ,Mozambique,1997,MZ1997DHS,WS_WTRT_H_NUM,250231100,D,431007,1431007,Region,Sofala,0,,0,1,WSWTRTHNUM,MZDHS1997431007,1997,DHS,,941,,,1
MOZ,Inhambane,7114400,Number of households,820,0,MZ,Mozambique,1997,MZ1997DHS,WS_WTRT_H_NUM,250231100,D,431008,1431008,Region,Inhambane,0,,0,1,WSWTRTHNUM,MZDHS1997431008,1997,DHS,,812,,,1
MOZ,Gaza,5959171,Number of households,784,0,MZ,Mozambique,1997,MZ1997DHS,WS_WTRT_H_NUM,250231100,D,431009,1431009,Region,Gaza,0,,0,1,WSWTRTHNUM,MZDHS1997431009,1997,DHS,,826,,,1
MOZ,Maputo Provincia,1174807,Number of households,573,0,MZ,Mozambique,1997,MZ1997DHS,WS_WTRT_H_NUM,250231100,D,431010,1431010,Region,Maputo Provincia,0,,0,1,WSWTRTHNUM,MZDHS1997431010,1997,DHS,,628,,,1
MOZ,Maputo Cidade,7356942,Number of households,433,0,MZ,Mozambique,1997,MZ1997DHS,WS_WTRT_H_NUM,250231100,D,431011,1431011,Region,Maputo Cidade,0,,0,1,WSWTRTHNUM,MZDHS1997431011,1997,DHS,,788,,,1
MOZ,Niassa,7691001,Number of households (unweighted),900,0,MZ,Mozambique,1997,MZ1997DHS,WS_WTRT_H_UNW,250231110,U,431001,1431001,Region,Niassa,0,,0,1,WSWTRTHUNW,MZDHS1997431001,1997,DHS,547,,,,1
MOZ,Cabo Delgado,637212,Number of households (unweighted),860,0,MZ,Mozambique,1997,MZ1997DHS,WS_WTRT_H_UNW,250231110,U,431002,1431002,Region,Cabo Delgado,0,,0,1,WSWTRTHUNW,MZDHS1997431002,1997,DHS,761,,,,1
MOZ,Nampula,3020581,Number of households (unweighted),1067,0,MZ,Mozambique,1997,MZ1997DHS,WS_WTRT_H_UNW,250231110,U,431003,1431003,Region,Nampula,0,,0,1,WSWTRTHUNW,MZDHS1997431003,1997,DHS,1766,,,,1
MOZ,Zambézia,4188218,Number of households (unweighted),1008,0,MZ,Mozambique,1997,MZ1997DHS,WS_WTRT_H_UNW,250231110,U,431004,1431004,Region,Zambézia,0,,0,1,WSWTRTHUNW,MZDHS1997431004,1997,DHS,1755,,,,1
MOZ,Tete,1168103,Number of households (unweighted),670,0,MZ,Mozambique,1997,MZ1997DHS,WS_WTRT_H_UNW,250231110,U,431005,1431005,Region,Tete,0,,0,1,WSWTRTHUNW,MZDHS1997431005,1997,DHS,418,,,,1
MOZ,Manica,559694,Number of households (unweighted),782,0,MZ,Mozambique,1997,MZ1997DHS,WS_WTRT_H_UNW,250231110,U,431006,1431006,Region,Manica,0,,0,1,WSWTRTHUNW,MZDHS1997431006,1997,DHS,432,,,,1
MOZ,Sofala,7498420,Number of households (unweighted),941,0,MZ,Mozambique,1997,MZ1997DHS,WS_WTRT_H_UNW,250231110,U,431007,1431007,Region,Sofala,0,,0,1,WSWTRTHUNW,MZDHS1997431007,1997,DHS,993,,,,1
MOZ,Inhambane,2850971,Number of households (unweighted),812,0,MZ,Mozambique,1997,MZ1997DHS,WS_WTRT_H_UNW,250231110,U,431008,1431008,Region,Inhambane,0,,0,1,WSWTRTHUNW,MZDHS1997431008,1997,DHS,820,,,,1
MOZ,Gaza,3386157,Number of households (unweighted),826,0,MZ,Mozambique,1997,MZ1997DHS,WS_WTRT_H_UNW,250231110,U,431009,1431009,Region,Gaza,0,,0,1,WSWTRTHUNW,MZDHS1997431009,1997,DHS,784,,,,1
MOZ,Maputo Provincia,1174912,Number of households (unweighted),628,0,MZ,Mozambique,1997,MZ1997DHS,WS_WTRT_H_UNW,250231110,U,431010,1431010,Region,Maputo Provincia,0,,0,1,WSWTRTHUNW,MZDHS1997431010,1997,DHS,573,,,,1
MOZ,Maputo Cidade,3328553,Number of households (unweighted),788,0,MZ,Mozambique,1997,MZ1997DHS,WS_WTRT_H_UNW,250231110,U,431011,1431011,Region,Maputo Cidade,0,,0,1,WSWTRTHUNW,MZDHS1997431011,1997,DHS,433,,,,1
MOZ,Niassa,7696782,Number of persons,2237,0,MZ,Mozambique,1997,MZ1997DHS,WS_WTRT_P_NUM,250232100,D,431001,1431001,Region,Niassa,0,,0,1,WSWTRTPNUM,MZDHS1997431001,1997,DHS,,3731,,,1
MOZ,Cabo Delgado,1152841,Number of persons,2875,0,MZ,Mozambique,1997,MZ1997DHS,WS_WTRT_P_NUM,250232100,D,431002,1431002,Region,Cabo Delgado,0,,0,1,WSWTRTPNUM,MZDHS1997431002,1997,DHS,,3303,,,1
MOZ,Nampula,6822040,Number of persons,7035,0,MZ,Mozambique,1997,MZ1997DHS,WS_WTRT_P_NUM,250232100,D,431003,1431003,Region,Nampula,0,,0,1,WSWTRTPNUM,MZDHS1997431003,1997,DHS,,4452,,,1
MOZ,Zambézia,2790854,Number of persons,7009,0,MZ,Mozambique,1997,MZ1997DHS,WS_WTRT_P_NUM,250232100,D,431004,1431004,Region,Zambézia,0,,0,1,WSWTRTPNUM,MZDHS1997431004,1997,DHS,,3952,,,1
MOZ,Tete,6951265,Number of persons,1888,0,MZ,Mozambique,1997,MZ1997DHS,WS_WTRT_P_NUM,250232100,D,431005,1431005,Region,Tete,0,,0,1,WSWTRTPNUM,MZDHS1997431005,1997,DHS,,3103,,,1
MOZ,Manica,1160749,Number of persons,2442,0,MZ,Mozambique,1997,MZ1997DHS,WS_WTRT_P_NUM,250232100,D,431006,1431006,Region,Manica,0,,0,1,WSWTRTPNUM,MZDHS1997431006,1997,DHS,,4406,,,1
MOZ,Sofala,7485579,Number of persons,5747,0,MZ,Mozambique,1997,MZ1997DHS,WS_WTRT_P_NUM,250232100,D,431007,1431007,Region,Sofala,0,,0,1,WSWTRTPNUM,MZDHS1997431007,1997,DHS,,4962,,,1
MOZ,Inhambane,7397360,Number of persons,3907,0,MZ,Mozambique,1997,MZ1997DHS,WS_WTRT_P_NUM,250232100,D,431008,1431008,Region,Inhambane,0,,0,1,WSWTRTPNUM,MZDHS1997431008,1997,DHS,,3784,,,1
MOZ,Gaza,1174861,Number of persons,4283,0,MZ,Mozambique,1997,MZ1997DHS,WS_WTRT_P_NUM,250232100,D,431009,1431009,Region,Gaza,0,,0,1,WSWTRTPNUM,MZDHS1997431009,1997,DHS,,4381,,,1
MOZ,Maputo Provincia,5006453,Number of persons,3044,0,MZ,Mozambique,1997,MZ1997DHS,WS_WTRT_P_NUM,250232100,D,431010,1431010,Region,Maputo Provincia,0,,0,1,WSWTRTPNUM,MZDHS1997431010,1997,DHS,,3305,,,1
MOZ,Maputo Cidade,1174942,Number of persons,2425,0,MZ,Mozambique,1997,MZ1997DHS,WS_WTRT_P_NUM,250232100,D,431011,1431011,Region,Maputo Cidade,0,,0,1,WSWTRTPNUM,MZDHS1997431011,1997,DHS,,4594,,,1
MOZ,Niassa,7690642,Number of persons (unweighted),3731,0,MZ,Mozambique,1997,MZ1997DHS,WS_WTRT_P_UNW,250232110,U,431001,1431001,Region,Niassa,0,,0,1,WSWTRTPUNW,MZDHS1997431001,1997,DHS,2237,,,,1
MOZ,Cabo Delgado,3163530,Number of persons (unweighted),3303,0,MZ,Mozambique,1997,MZ1997DHS,WS_WTRT_P_UNW,250232110,U,431002,1431002,Region,Cabo Delgado,0,,0,1,WSWTRTPUNW,MZDHS1997431002,1997,DHS,2875,,,,1
MOZ,Nampula,661005,Number of persons (unweighted),4452,0,MZ,Mozambique,1997,MZ1997DHS,WS_WTRT_P_UNW,250232110,U,431003,1431003,Region,Nampula,0,,0,1,WSWTRTPUNW,MZDHS1997431003,1997,DHS,7035,,,,1
MOZ,Zambézia,4321469,Number of persons (unweighted),3952,0,MZ,Mozambique,1997,MZ1997DHS,WS_WTRT_P_UNW,250232110,U,431004,1431004,Region,Zambézia,0,,0,1,WSWTRTPUNW,MZDHS1997431004,1997,DHS,7009,,,,1
MOZ,Tete,508920,Number of persons (unweighted),3103,0,MZ,Mozambique,1997,MZ1997DHS,WS_WTRT_P_UNW,250232110,U,431005,1431005,Region,Tete,0,,0,1,WSWTRTPUNW,MZDHS1997431005,1997,DHS,1888,,,,1
MOZ,Manica,3318303,Number of persons (unweighted),4406,0,MZ,Mozambique,1997,MZ1997DHS,WS_WTRT_P_UNW,250232110,U,431006,1431006,Region,Manica,0,,0,1,WSWTRTPUNW,MZDHS1997431006,1997,DHS,2442,,,,1
MOZ,Sofala,7498350,Number of persons (unweighted),4962,0,MZ,Mozambique,1997,MZ1997DHS,WS_WTRT_P_UNW,250232110,U,431007,1431007,Region,Sofala,0,,0,1,WSWTRTPUNW,MZDHS1997431007,1997,DHS,5747,,,,1
MOZ,Inhambane,2611428,Number of persons (unweighted),3784,0,MZ,Mozambique,1997,MZ1997DHS,WS_WTRT_P_UNW,250232110,U,431008,1431008,Region,Inhambane,0,,0,1,WSWTRTPUNW,MZDHS1997431008,1997,DHS,3907,,,,1
MOZ,Gaza,1174863,Number of persons (unweighted),4381,0,MZ,Mozambique,1997,MZ1997DHS,WS_WTRT_P_UNW,250232110,U,431009,1431009,Region,Gaza,0,,0,1,WSWTRTPUNW,MZDHS1997431009,1997,DHS,4283,,,,1
MOZ,Maputo Provincia,213798,Number of persons (unweighted),3305,0,MZ,Mozambique,1997,MZ1997DHS,WS_WTRT_P_UNW,250232110,U,431010,1431010,Region,Maputo Provincia,0,,0,1,WSWTRTPUNW,MZDHS1997431010,1997,DHS,3044,,,,1
MOZ,Maputo Cidade,1174972,Number of persons (unweighted),4594,0,MZ,Mozambique,1997,MZ1997DHS,WS_WTRT_P_UNW,250232110,U,431011,1431011,Region,Maputo Cidade,0,,0,1,WSWTRTPUNW,MZDHS1997431011,1997,DHS,2425,,,,1
MOZ,Niassa,3891595,Households using an improved water source,28.7,1,MZ,Mozambique,2003,MZ2003DHS,WS_SRCE_H_IMP,250161010,I,431001,1431001,Region,Niassa,0,,0,1,WSSRCEHIMP,MZDHS2003431001,2003,DHS,642,994,,,1
MOZ,Cabo Delgado,4209541,Households using an improved water source,42.9,1,MZ,Mozambique,2003,MZ2003DHS,WS_SRCE_H_IMP,250161010,I,431002,1431002,Region,Cabo Delgado,0,,0,1,WSSRCEHIMP,MZDHS2003431002,2003,DHS,1248,1083,,,1
MOZ,Nampula,3547202,Households using an improved water source,26.2,1,MZ,Mozambique,2003,MZ2003DHS,WS_SRCE_H_IMP,250161010,I,431003,1431003,Region,Nampula,0,,0,1,WSSRCEHIMP,MZDHS2003431003,2003,DHS,2524,1355,,,1
MOZ,Zambézia,2995293,Households using an improved water source,20.7,1,MZ,Mozambique,2003,MZ2003DHS,WS_SRCE_H_IMP,250161010,I,431004,1431004,Region,Zambézia,0,,0,1,WSSRCEHIMP,MZDHS2003431004,2003,DHS,2270,1370,,,1
MOZ,Tete,464532,Households using an improved water source,39.8,1,MZ,Mozambique,2003,MZ2003DHS,WS_SRCE_H_IMP,250161010,I,431005,1431005,Region,Tete,0,,0,1,WSSRCEHIMP,MZDHS2003431005,2003,DHS,1054,1137,,,1
MOZ,Manica,1168552,Households using an improved water source,59.5,1,MZ,Mozambique,2003,MZ2003DHS,WS_SRCE_H_IMP,250161010,I,431006,1431006,Region,Manica,0,,0,1,WSSRCEHIMP,MZDHS2003431006,2003,DHS,691,1016,,,1
MOZ,Sofala,645679,Households using an improved water source,53.4,1,MZ,Mozambique,2003,MZ2003DHS,WS_SRCE_H_IMP,250161010,I,431007,1431007,Region,Sofala,0,,0,1,WSSRCEHIMP,MZDHS2003431007,2003,DHS,769,1083,,,1
MOZ,Inhambane,6533856,Households using an improved water source,43.3,1,MZ,Mozambique,2003,MZ2003DHS,WS_SRCE_H_IMP,250161010,I,431008,1431008,Region,Inhambane,0,,0,1,WSSRCEHIMP,MZDHS2003431008,2003,DHS,1056,1114,,,1
MOZ,Gaza,4412541,Households using an improved water source,53.5,1,MZ,Mozambique,2003,MZ2003DHS,WS_SRCE_H_IMP,250161010,I,431009,1431009,Region,Gaza,0,,0,1,WSSRCEHIMP,MZDHS2003431009,2003,DHS,606,1112,,,1
MOZ,Maputo Provincia,5859423,Households using an improved water source,81.8,1,MZ,Mozambique,2003,MZ2003DHS,WS_SRCE_H_IMP,250161010,I,431010,1431010,Region,Maputo Provincia,0,,0,1,WSSRCEHIMP,MZDHS2003431010,2003,DHS,814,1015,,,1
MOZ,Maputo Cidade,4195011,Households using an improved water source,98.8,1,MZ,Mozambique,2003,MZ2003DHS,WS_SRCE_H_IMP,250161010,I,431011,1431011,Region,Maputo Cidade,0,,0,1,WSSRCEHIMP,MZDHS2003431011,2003,DHS,642,1036,,,1
MOZ,Niassa,3891603,Households using a public tap/standpipe,4.7,1,MZ,Mozambique,2003,MZ2003DHS,WS_SRCE_H_TAP,250161030,I,431001,1431001,Region,Niassa,0,,0,1,WSSRCEHTAP,MZDHS2003431001,2003,DHS,642,994,,,1
MOZ,Cabo Delgado,4209494,Households using a public tap/standpipe,10.8,1,MZ,Mozambique,2003,MZ2003DHS,WS_SRCE_H_TAP,250161030,I,431002,1431002,Region,Cabo Delgado,0,,0,1,WSSRCEHTAP,MZDHS2003431002,2003,DHS,1248,1083,,,1
MOZ,Nampula,3547218,Households using a public tap/standpipe,10.5,1,MZ,Mozambique,2003,MZ2003DHS,WS_SRCE_H_TAP,250161030,I,431003,1431003,Region,Nampula,0,,0,1,WSSRCEHTAP,MZDHS2003431003,2003,DHS,2524,1355,,,1
MOZ,Zambézia,2995313,Households using a public tap/standpipe,7.3,1,MZ,Mozambique,2003,MZ2003DHS,WS_SRCE_H_TAP,250161030,I,431004,1431004,Region,Zambézia,0,,0,1,WSSRCEHTAP,MZDHS2003431004,2003,DHS,2270,1370,,,1
MOZ,Tete,464546,Households using a public tap/standpipe,3.8,1,MZ,Mozambique,2003,MZ2003DHS,WS_SRCE_H_TAP,250161030,I,431005,1431005,Region,Tete,0,,0,1,WSSRCEHTAP,MZDHS2003431005,2003,DHS,1054,1137,,,1
MOZ,Manica,1168557,Households using a public tap/standpipe,13.2,1,MZ,Mozambique,2003,MZ2003DHS,WS_SRCE_H_TAP,250161030,I,431006,1431006,Region,Manica,0,,0,1,WSSRCEHTAP,MZDHS2003431006,2003,DHS,691,1016,,,1
MOZ,Sofala,645687,Households using a public tap/standpipe,8.4,1,MZ,Mozambique,2003,MZ2003DHS,WS_SRCE_H_TAP,250161030,I,431007,1431007,Region,Sofala,0,,0,1,WSSRCEHTAP,MZDHS2003431007,2003,DHS,769,1083,,,1
MOZ,Inhambane,6533868,Households using a public tap/standpipe,2.7,1,MZ,Mozambique,2003,MZ2003DHS,WS_SRCE_H_TAP,250161030,I,431008,1431008,Region,Inhambane,0,,0,1,WSSRCEHTAP,MZDHS2003431008,2003,DHS,1056,1114,,,1
MOZ,Gaza,4412563,Households using a public tap/standpipe,3.6,1,MZ,Mozambique,2003,MZ2003DHS,WS_SRCE_H_TAP,250161030,I,431009,1431009,Region,Gaza,0,,0,1,WSSRCEHTAP,MZDHS2003431009,2003,DHS,606,1112,,,1
MOZ,Maputo Provincia,5859427,Households using a public tap/standpipe,8.1,1,MZ,Mozambique,2003,MZ2003DHS,WS_SRCE_H_TAP,250161030,I,431010,1431010,Region,Maputo Provincia,0,,0,1,WSSRCEHTAP,MZDHS2003431010,2003,DHS,814,1015,,,1
MOZ,Maputo Cidade,4195008,Households using a public tap/standpipe,26.8,1,MZ,Mozambique,2003,MZ2003DHS,WS_SRCE_H_TAP,250161030,I,431011,1431011,Region,Maputo Cidade,0,,0,1,WSSRCEHTAP,MZDHS2003431011,2003,DHS,642,1036,,,1
MOZ,Niassa,3891605,Households using a protected well,15.2,1,MZ,Mozambique,2003,MZ2003DHS,WS_SRCE_H_PWL,250161050,I,431001,1431001,Region,Niassa,0,,0,1,WSSRCEHPWL,MZDHS2003431001,2003,DHS,642,994,,,1
MOZ,Cabo Delgado,4209496,Households using a protected well,24.3,1,MZ,Mozambique,2003,MZ2003DHS,WS_SRCE_H_PWL,250161050,I,431002,1431002,Region,Cabo Delgado,0,,0,1,WSSRCEHPWL,MZDHS2003431002,2003,DHS,1248,1083,,,1
MOZ,Nampula,3547220,Households using a protected well,5.2,1,MZ,Mozambique,2003,MZ2003DHS,WS_SRCE_H_PWL,250161050,I,431003,1431003,Region,Nampula,0,,0,1,WSSRCEHPWL,MZDHS2003431003,2003,DHS,2524,1355,,,1
MOZ,Zambézia,2995315,Households using a protected well,6.9,1,MZ,Mozambique,2003,MZ2003DHS,WS_SRCE_H_PWL,250161050,I,431004,1431004,Region,Zambézia,0,,0,1,WSSRCEHPWL,MZDHS2003431004,2003,DHS,2270,1370,,,1
MOZ,Tete,464548,Households using a protected well,29.8,1,MZ,Mozambique,2003,MZ2003DHS,WS_SRCE_H_PWL,250161050,I,431005,1431005,Region,Tete,0,,0,1,WSSRCEHPWL,MZDHS2003431005,2003,DHS,1054,1137,,,1
MOZ,Manica,1168582,Households using a protected well,23.9,1,MZ,Mozambique,2003,MZ2003DHS,WS_SRCE_H_PWL,250161050,I,431006,1431006,Region,Manica,0,,0,1,WSSRCEHPWL,MZDHS2003431006,2003,DHS,691,1016,,,1
MOZ,Sofala,645695,Households using a protected well,19.5,1,MZ,Mozambique,2003,MZ2003DHS,WS_SRCE_H_PWL,250161050,I,431007,1431007,Region,Sofala,0,,0,1,WSSRCEHPWL,MZDHS2003431007,2003,DHS,769,1083,,,1
MOZ,Inhambane,6533870,Households using a protected well,20.7,1,MZ,Mozambique,2003,MZ2003DHS,WS_SRCE_H_PWL,250161050,I,431008,1431008,Region,Inhambane,0,,0,1,WSSRCEHPWL,MZDHS2003431008,2003,DHS,1056,1114,,,1
MOZ,Gaza,4412565,Households using a protected well,35.5,1,MZ,Mozambique,2003,MZ2003DHS,WS_SRCE_H_PWL,250161050,I,431009,1431009,Region,Gaza,0,,0,1,WSSRCEHPWL,MZDHS2003431009,2003,DHS,606,1112,,,1
MOZ,Maputo Provincia,5859457,Households using a protected well,13.2,1,MZ,Mozambique,2003,MZ2003DHS,WS_SRCE_H_PWL,250161050,I,431010,1431010,Region,Maputo Provincia,0,,0,1,WSSRCEHPWL,MZDHS2003431010,2003,DHS,814,1015,,,1
MOZ,Maputo Cidade,4195010,Households using a protected well,0.7,1,MZ,Mozambique,2003,MZ2003DHS,WS_SRCE_H_PWL,250161050,I,431011,1431011,Region,Maputo Cidade,0,,0,1,WSSRCEHPWL,MZDHS2003431011,2003,DHS,642,1036,,,1
MOZ,Niassa,3891591,Households using rainwater,0,1,MZ,Mozambique,2003,MZ2003DHS,WS_SRCE_H_RNW,250161070,I,431001,1431001,Region,Niassa,0,,0,1,WSSRCEHRNW,MZDHS2003431001,2003,DHS,642,994,,,1
MOZ,Cabo Delgado,4209537,Households using rainwater,0,1,MZ,Mozambique,2003,MZ2003DHS,WS_SRCE_H_RNW,250161070,I,431002,1431002,Region,Cabo Delgado,0,,0,1,WSSRCEHRNW,MZDHS2003431002,2003,DHS,1248,1083,,,1
MOZ,Nampula,3547201,Households using rainwater,0,1,MZ,Mozambique,2003,MZ2003DHS,WS_SRCE_H_RNW,250161070,I,431003,1431003,Region,Nampula,0,,0,1,WSSRCEHRNW,MZDHS2003431003,2003,DHS,2524,1355,,,1
MOZ,Zambézia,2995289,Households using rainwater,0,1,MZ,Mozambique,2003,MZ2003DHS,WS_SRCE_H_RNW,250161070,I,431004,1431004,Region,Zambézia,0,,0,1,WSSRCEHRNW,MZDHS2003431004,2003,DHS,2270,1370,,,1
MOZ,Tete,464529,Households using rainwater,0,1,MZ,Mozambique,2003,MZ2003DHS,WS_SRCE_H_RNW,250161070,I,431005,1431005,Region,Tete,0,,0,1,WSSRCEHRNW,MZDHS2003431005,2003,DHS,1054,1137,,,1
MOZ,Manica,1168546,Households using rainwater,0,1,MZ,Mozambique,2003,MZ2003DHS,WS_SRCE_H_RNW,250161070,I,431006,1431006,Region,Manica,0,,0,1,WSSRCEHRNW,MZDHS2003431006,2003,DHS,691,1016,,,1
MOZ,Sofala,645797,Households using rainwater,0.1,1,MZ,Mozambique,2003,MZ2003DHS,WS_SRCE_H_RNW,250161070,I,431007,1431007,Region,Sofala,0,,0,1,WSSRCEHRNW,MZDHS2003431007,2003,DHS,769,1083,,,1
MOZ,Inhambane,6533853,Households using rainwater,5.7,1,MZ,Mozambique,2003,MZ2003DHS,WS_SRCE_H_RNW,250161070,I,431008,1431008,Region,Inhambane,0,,0,1,WSSRCEHRNW,MZDHS2003431008,2003,DHS,1056,1114,,,1
MOZ,Gaza,4412545,Households using rainwater,1.6,1,MZ,Mozambique,2003,MZ2003DHS,WS_SRCE_H_RNW,250161070,I,431009,1431009,Region,Gaza,0,,0,1,WSSRCEHRNW,MZDHS2003431009,2003,DHS,606,1112,,,1
MOZ,Maputo Provincia,5859417,Households using rainwater,0,1,MZ,Mozambique,2003,MZ2003DHS,WS_SRCE_H_RNW,250161070,I,431010,1431010,Region,Maputo Provincia,0,,0,1,WSSRCEHRNW,MZDHS2003431010,2003,DHS,814,1015,,,1
MOZ,Maputo Cidade,4195004,Households using rainwater,0,1,MZ,Mozambique,2003,MZ2003DHS,WS_SRCE_H_RNW,250161070,I,431011,1431011,Region,Maputo Cidade,0,,0,1,WSSRCEHRNW,MZDHS2003431011,2003,DHS,642,1036,,,1
MOZ,Niassa,3891590,Households using an unimproved water source,71.2,1,MZ,Mozambique,2003,MZ2003DHS,WS_SRCE_H_NIM,250161090,I,431001,1431001,Region,Niassa,0,,0,1,WSSRCEHNIM,MZDHS2003431001,2003,DHS,642,994,,,1
MOZ,Cabo Delgado,4209536,Households using an unimproved water source,56.8,1,MZ,Mozambique,2003,MZ2003DHS,WS_SRCE_H_NIM,250161090,I,431002,1431002,Region,Cabo Delgado,0,,0,1,WSSRCEHNIM,MZDHS2003431002,2003,DHS,1248,1083,,,1
MOZ,Nampula,3547200,Households using an unimproved water source,73.8,1,MZ,Mozambique,2003,MZ2003DHS,WS_SRCE_H_NIM,250161090,I,431003,1431003,Region,Nampula,0,,0,1,WSSRCEHNIM,MZDHS2003431003,2003,DHS,2524,1355,,,1
MOZ,Zambézia,2995288,Households using an unimproved water source,79.1,1,MZ,Mozambique,2003,MZ2003DHS,WS_SRCE_H_NIM,250161090,I,431004,1431004,Region,Zambézia,0,,0,1,WSSRCEHNIM,MZDHS2003431004,2003,DHS,2270,1370,,,1
MOZ,Tete,464528,Households using an unimproved water source,60.2,1,MZ,Mozambique,2003,MZ2003DHS,WS_SRCE_H_NIM,250161090,I,431005,1431005,Region,Tete,0,,0,1,WSSRCEHNIM,MZDHS2003431005,2003,DHS,1054,1137,,,1
MOZ,Manica,1168545,Households using an unimproved water source,40.5,1,MZ,Mozambique,2003,MZ2003DHS,WS_SRCE_H_NIM,250161090,I,431006,1431006,Region,Manica,0,,0,1,WSSRCEHNIM,MZDHS2003431006,2003,DHS,691,1016,,,1
MOZ,Sofala,645793,Households using an unimproved water source,46.6,1,MZ,Mozambique,2003,MZ2003DHS,WS_SRCE_H_NIM,250161090,I,431007,1431007,Region,Sofala,0,,0,1,WSSRCEHNIM,MZDHS2003431007,2003,DHS,769,1083,,,1
MOZ,Inhambane,6533852,Households using an unimproved water source,56.7,1,MZ,Mozambique,2003,MZ2003DHS,WS_SRCE_H_NIM,250161090,I,431008,1431008,Region,Inhambane,0,,0,1,WSSRCEHNIM,MZDHS2003431008,2003,DHS,1056,1114,,,1
MOZ,Gaza,4412543,Households using an unimproved water source,46.5,1,MZ,Mozambique,2003,MZ2003DHS,WS_SRCE_H_NIM,250161090,I,431009,1431009,Region,Gaza,0,,0,1,WSSRCEHNIM,MZDHS2003431009,2003,DHS,606,1112,,,1
MOZ,Maputo Provincia,5859416,Households using an unimproved water source,18.2,1,MZ,Mozambique,2003,MZ2003DHS,WS_SRCE_H_NIM,250161090,I,431010,1431010,Region,Maputo Provincia,0,,0,1,WSSRCEHNIM,MZDHS2003431010,2003,DHS,814,1015,,,1
MOZ,Maputo Cidade,4195003,Households using an unimproved water source,1.2,1,MZ,Mozambique,2003,MZ2003DHS,WS_SRCE_H_NIM,250161090,I,431011,1431011,Region,Maputo Cidade,0,,0,1,WSSRCEHNIM,MZDHS2003431011,2003,DHS,642,1036,,,1
MOZ,Niassa,3891596,Households using an unprotected well water,39.7,1,MZ,Mozambique,2003,MZ2003DHS,WS_SRCE_H_UWL,250161100,I,431001,1431001,Region,Niassa,0,,0,1,WSSRCEHUWL,MZDHS2003431001,2003,DHS,642,994,,,1
MOZ,Cabo Delgado,4209542,Households using an unprotected well water,44.9,1,MZ,Mozambique,2003,MZ2003DHS,WS_SRCE_H_UWL,250161100,I,431002,1431002,Region,Cabo Delgado,0,,0,1,WSSRCEHUWL,MZDHS2003431002,2003,DHS,1248,1083,,,1
MOZ,Nampula,3547203,Households using an unprotected well water,59.1,1,MZ,Mozambique,2003,MZ2003DHS,WS_SRCE_H_UWL,250161100,I,431003,1431003,Region,Nampula,0,,0,1,WSSRCEHUWL,MZDHS2003431003,2003,DHS,2524,1355,,,1
MOZ,Zambézia,2995294,Households using an unprotected well water,57.6,1,MZ,Mozambique,2003,MZ2003DHS,WS_SRCE_H_UWL,250161100,I,431004,1431004,Region,Zambézia,0,,0,1,WSSRCEHUWL,MZDHS2003431004,2003,DHS,2270,1370,,,1
MOZ,Tete,464533,Households using an unprotected well water,31.1,1,MZ,Mozambique,2003,MZ2003DHS,WS_SRCE_H_UWL,250161100,I,431005,1431005,Region,Tete,0,,0,1,WSSRCEHUWL,MZDHS2003431005,2003,DHS,1054,1137,,,1
MOZ,Manica,1168553,Households using an unprotected well water,18.5,1,MZ,Mozambique,2003,MZ2003DHS,WS_SRCE_H_UWL,250161100,I,431006,1431006,Region,Manica,0,,0,1,WSSRCEHUWL,MZDHS2003431006,2003,DHS,691,1016,,,1
MOZ,Sofala,645680,Households using an unprotected well water,29.8,1,MZ,Mozambique,2003,MZ2003DHS,WS_SRCE_H_UWL,250161100,I,431007,1431007,Region,Sofala,0,,0,1,WSSRCEHUWL,MZDHS2003431007,2003,DHS,769,1083,,,1
MOZ,Inhambane,6533857,Households using an unprotected well water,48.1,1,MZ,Mozambique,2003,MZ2003DHS,WS_SRCE_H_UWL,250161100,I,431008,1431008,Region,Inhambane,0,,0,1,WSSRCEHUWL,MZDHS2003431008,2003,DHS,1056,1114,,,1
MOZ,Gaza,4412542,Households using an unprotected well water,31.1,1,MZ,Mozambique,2003,MZ2003DHS,WS_SRCE_H_UWL,250161100,I,431009,1431009,Region,Gaza,0,,0,1,WSSRCEHUWL,MZDHS2003431009,2003,DHS,606,1112,,,1
MOZ,Maputo Provincia,5859424,Households using an unprotected well water,8.7,1,MZ,Mozambique,2003,MZ2003DHS,WS_SRCE_H_UWL,250161100,I,431010,1431010,Region,Maputo Provincia,0,,0,1,WSSRCEHUWL,MZDHS2003431010,2003,DHS,814,1015,,,1
MOZ,Maputo Cidade,4195014,Households using an unprotected well water,0.1,1,MZ,Mozambique,2003,MZ2003DHS,WS_SRCE_H_UWL,250161100,I,431011,1431011,Region,Maputo Cidade,0,,0,1,WSSRCEHUWL,MZDHS2003431011,2003,DHS,642,1036,,,1
MOZ,Niassa,3891600,Households using surface water,26.5,1,MZ,Mozambique,2003,MZ2003DHS,WS_SRCE_H_SRF,250161130,I,431001,1431001,Region,Niassa,0,,0,1,WSSRCEHSRF,MZDHS2003431001,2003,DHS,642,994,,,1
MOZ,Cabo Delgado,4209491,Households using surface water,8.3,1,MZ,Mozambique,2003,MZ2003DHS,WS_SRCE_H_SRF,250161130,I,431002,1431002,Region,Cabo Delgado,0,,0,1,WSSRCEHSRF,MZDHS2003431002,2003,DHS,1248,1083,,,1
MOZ,Nampula,3547204,Households using surface water,14.7,1,MZ,Mozambique,2003,MZ2003DHS,WS_SRCE_H_SRF,250161130,I,431003,1431003,Region,Nampula,0,,0,1,WSSRCEHSRF,MZDHS2003431003,2003,DHS,2524,1355,,,1
MOZ,Zambézia,2995298,Households using surface water,21.4,1,MZ,Mozambique,2003,MZ2003DHS,WS_SRCE_H_SRF,250161130,I,431004,1431004,Region,Zambézia,0,,0,1,WSSRCEHSRF,MZDHS2003431004,2003,DHS,2270,1370,,,1
MOZ,Tete,464534,Households using surface water,27.7,1,MZ,Mozambique,2003,MZ2003DHS,WS_SRCE_H_SRF,250161130,I,431005,1431005,Region,Tete,0,,0,1,WSSRCEHSRF,MZDHS2003431005,2003,DHS,1054,1137,,,1
MOZ,Manica,1168549,Households using surface water,21.6,1,MZ,Mozambique,2003,MZ2003DHS,WS_SRCE_H_SRF,250161130,I,431006,1431006,Region,Manica,0,,0,1,WSSRCEHSRF,MZDHS2003431006,2003,DHS,691,1016,,,1
MOZ,Sofala,645684,Households using surface water,16,1,MZ,Mozambique,2003,MZ2003DHS,WS_SRCE_H_SRF,250161130,I,431007,1431007,Region,Sofala,0,,0,1,WSSRCEHSRF,MZDHS2003431007,2003,DHS,769,1083,,,1
MOZ,Inhambane,6533861,Households using surface water,8,1,MZ,Mozambique,2003,MZ2003DHS,WS_SRCE_H_SRF,250161130,I,431008,1431008,Region,Inhambane,0,,0,1,WSSRCEHSRF,MZDHS2003431008,2003,DHS,1056,1114,,,1
MOZ,Gaza,4412544,Households using surface water,13.8,1,MZ,Mozambique,2003,MZ2003DHS,WS_SRCE_H_SRF,250161130,I,431009,1431009,Region,Gaza,0,,0,1,WSSRCEHSRF,MZDHS2003431009,2003,DHS,606,1112,,,1
MOZ,Maputo Provincia,5859421,Households using surface water,7.3,1,MZ,Mozambique,2003,MZ2003DHS,WS_SRCE_H_SRF,250161130,I,431010,1431010,Region,Maputo Provincia,0,,0,1,WSSRCEHSRF,MZDHS2003431010,2003,DHS,814,1015,,,1
MOZ,Maputo Cidade,4195017,Households using surface water,0,1,MZ,Mozambique,2003,MZ2003DHS,WS_SRCE_H_SRF,250161130,I,431011,1431011,Region,Maputo Cidade,0,,0,1,WSSRCEHSRF,MZDHS2003431011,2003,DHS,642,1036,,,1
MOZ,Niassa,3891601,Households using other water source,5,1,MZ,Mozambique,2003,MZ2003DHS,WS_SRCE_H_OTH,250161140,I,431001,1431001,Region,Niassa,0,,0,1,WSSRCEHOTH,MZDHS2003431001,2003,DHS,642,994,,,1
MOZ,Cabo Delgado,4209492,Households using other water source,3.6,1,MZ,Mozambique,2003,MZ2003DHS,WS_SRCE_H_OTH,250161140,I,431002,1431002,Region,Cabo Delgado,0,,0,1,WSSRCEHOTH,MZDHS2003431002,2003,DHS,1248,1083,,,1
MOZ,Nampula,3547216,Households using other water source,0,1,MZ,Mozambique,2003,MZ2003DHS,WS_SRCE_H_OTH,250161140,I,431003,1431003,Region,Nampula,0,,0,1,WSSRCEHOTH,MZDHS2003431003,2003,DHS,2524,1355,,,1
MOZ,Zambézia,2995311,Households using other water source,0.2,1,MZ,Mozambique,2003,MZ2003DHS,WS_SRCE_H_OTH,250161140,I,431004,1431004,Region,Zambézia,0,,0,1,WSSRCEHOTH,MZDHS2003431004,2003,DHS,2270,1370,,,1
MOZ,Tete,464536,Households using other water source,1.5,1,MZ,Mozambique,2003,MZ2003DHS,WS_SRCE_H_OTH,250161140,I,431005,1431005,Region,Tete,0,,0,1,WSSRCEHOTH,MZDHS2003431005,2003,DHS,1054,1137,,,1
MOZ,Manica,1168550,Households using other water source,0.5,1,MZ,Mozambique,2003,MZ2003DHS,WS_SRCE_H_OTH,250161140,I,431006,1431006,Region,Manica,0,,0,1,WSSRCEHOTH,MZDHS2003431006,2003,DHS,691,1016,,,1
MOZ,Sofala,645685,Households using other water source,0.8,1,MZ,Mozambique,2003,MZ2003DHS,WS_SRCE_H_OTH,250161140,I,431007,1431007,Region,Sofala,0,,0,1,WSSRCEHOTH,MZDHS2003431007,2003,DHS,769,1083,,,1
MOZ,Inhambane,6533862,Households using other water source,0.6,1,MZ,Mozambique,2003,MZ2003DHS,WS_SRCE_H_OTH,250161140,I,431008,1431008,Region,Inhambane,0,,0,1,WSSRCEHOTH,MZDHS2003431008,2003,DHS,1056,1114,,,1
MOZ,Gaza,4412548,Households using other water source,1.6,1,MZ,Mozambique,2003,MZ2003DHS,WS_SRCE_H_OTH,250161140,I,431009,1431009,Region,Gaza,0,,0,1,WSSRCEHOTH,MZDHS2003431009,2003,DHS,606,1112,,,1
MOZ,Maputo Provincia,5859422,Households using other water source,2.2,1,MZ,Mozambique,2003,MZ2003DHS,WS_SRCE_H_OTH,250161140,I,431010,1431010,Region,Maputo Provincia,0,,0,1,WSSRCEHOTH,MZDHS2003431010,2003,DHS,814,1015,,,1
MOZ,Maputo Cidade,4195018,Households using other water source,1.1,1,MZ,Mozambique,2003,MZ2003DHS,WS_SRCE_H_OTH,250161140,I,431011,1431011,Region,Maputo Cidade,0,,0,1,WSSRCEHOTH,MZDHS2003431011,2003,DHS,642,1036,,,1
MOZ,Niassa,3891597,Households with don't know or missing information on water source,0.1,1,MZ,Mozambique,2003,MZ2003DHS,WS_SRCE_H_DKM,250161150,S,431001,1431001,Region,Niassa,0,,0,1,WSSRCEHDKM,MZDHS2003431001,2003,DHS,642,994,,,1
MOZ,Cabo Delgado,4209543,Households with don't know or missing information on water source,0.3,1,MZ,Mozambique,2003,MZ2003DHS,WS_SRCE_H_DKM,250161150,S,431002,1431002,Region,Cabo Delgado,0,,0,1,WSSRCEHDKM,MZDHS2003431002,2003,DHS,1248,1083,,,1
MOZ,Nampula,3547213,Households with don't know or missing information on water source,0,1,MZ,Mozambique,2003,MZ2003DHS,WS_SRCE_H_DKM,250161150,S,431003,1431003,Region,Nampula,0,,0,1,WSSRCEHDKM,MZDHS2003431003,2003,DHS,2524,1355,,,1
MOZ,Zambézia,2995295,Households with don't know or missing information on water source,0.1,1,MZ,Mozambique,2003,MZ2003DHS,WS_SRCE_H_DKM,250161150,S,431004,1431004,Region,Zambézia,0,,0,1,WSSRCEHDKM,MZDHS2003431004,2003,DHS,2270,1370,,,1
MOZ,Tete,464543,Households with don't know or missing information on water source,0,1,MZ,Mozambique,2003,MZ2003DHS,WS_SRCE_H_DKM,250161150,S,431005,1431005,Region,Tete,0,,0,1,WSSRCEHDKM,MZDHS2003431005,2003,DHS,1054,1137,,,1
MOZ,Manica,1168554,Households with don't know or missing information on water source,0,1,MZ,Mozambique,2003,MZ2003DHS,WS_SRCE_H_DKM,250161150,S,431006,1431006,Region,Manica,0,,0,1,WSSRCEHDKM,MZDHS2003431006,2003,DHS,691,1016,,,1
MOZ,Sofala,645681,Households with don't know or missing information on water source,0,1,MZ,Mozambique,2003,MZ2003DHS,WS_SRCE_H_DKM,250161150,S,431007,1431007,Region,Sofala,0,,0,1,WSSRCEHDKM,MZDHS2003431007,2003,DHS,769,1083,,,1
MOZ,Inhambane,6533858,Households with don't know or missing information on water source,0,1,MZ,Mozambique,2003,MZ2003DHS,WS_SRCE_H_DKM,250161150,S,431008,1431008,Region,Inhambane,0,,0,1,WSSRCEHDKM,MZDHS2003431008,2003,DHS,1056,1114,,,1
MOZ,Gaza,4412549,Households with don't know or missing information on water source,0,1,MZ,Mozambique,2003,MZ2003DHS,WS_SRCE_H_DKM,250161150,S,431009,1431009,Region,Gaza,0,,0,1,WSSRCEHDKM,MZDHS2003431009,2003,DHS,606,1112,,,1
MOZ,Maputo Provincia,5859425,Households with don't know or missing information on water source,0,1,MZ,Mozambique,2003,MZ2003DHS,WS_SRCE_H_DKM,250161150,S,431010,1431010,Region,Maputo Provincia,0,,0,1,WSSRCEHDKM,MZDHS2003431010,2003,DHS,814,1015,,,1
MOZ,Maputo Cidade,4195015,Households with don't know or missing information on water source,0,1,MZ,Mozambique,2003,MZ2003DHS,WS_SRCE_H_DKM,250161150,S,431011,1431011,Region,Maputo Cidade,0,,0,1,WSSRCEHDKM,MZDHS2003431011,2003,DHS,642,1036,,,1
MOZ,Niassa,3891592,Households: Total,100,1,MZ,Mozambique,2003,MZ2003DHS,WS_SRCE_H_TOT,250161160,T,431001,1431001,Region,Niassa,0,,0,1,WSSRCEHTOT,MZDHS2003431001,2003,DHS,642,994,,,1
MOZ,Cabo Delgado,4209538,Households: Total,100,1,MZ,Mozambique,2003,MZ2003DHS,WS_SRCE_H_TOT,250161160,T,431002,1431002,Region,Cabo Delgado,0,,0,1,WSSRCEHTOT,MZDHS2003431002,2003,DHS,1248,1083,,,1
MOZ,Nampula,3547205,Households: Total,100,1,MZ,Mozambique,2003,MZ2003DHS,WS_SRCE_H_TOT,250161160,T,431003,1431003,Region,Nampula,0,,0,1,WSSRCEHTOT,MZDHS2003431003,2003,DHS,2524,1355,,,1
MOZ,Zambézia,2995290,Households: Total,100,1,MZ,Mozambique,2003,MZ2003DHS,WS_SRCE_H_TOT,250161160,T,431004,1431004,Region,Zambézia,0,,0,1,WSSRCEHTOT,MZDHS2003431004,2003,DHS,2270,1370,,,1
MOZ,Tete,464530,Households: Total,100,1,MZ,Mozambique,2003,MZ2003DHS,WS_SRCE_H_TOT,250161160,T,431005,1431005,Region,Tete,0,,0,1,WSSRCEHTOT,MZDHS2003431005,2003,DHS,1054,1137,,,1
MOZ,Manica,1168547,Households: Total,100,1,MZ,Mozambique,2003,MZ2003DHS,WS_SRCE_H_TOT,250161160,T,431006,1431006,Region,Manica,0,,0,1,WSSRCEHTOT,MZDHS2003431006,2003,DHS,691,1016,,,1
MOZ,Sofala,645798,Households: Total,100,1,MZ,Mozambique,2003,MZ2003DHS,WS_SRCE_H_TOT,250161160,T,431007,1431007,Region,Sofala,0,,0,1,WSSRCEHTOT,MZDHS2003431007,2003,DHS,769,1083,,,1
MOZ,Inhambane,6533854,Households: Total,100,1,MZ,Mozambique,2003,MZ2003DHS,WS_SRCE_H_TOT,250161160,T,431008,1431008,Region,Inhambane,0,,0,1,WSSRCEHTOT,MZDHS2003431008,2003,DHS,1056,1114,,,1
MOZ,Gaza,4412546,Households: Total,100,1,MZ,Mozambique,2003,MZ2003DHS,WS_SRCE_H_TOT,250161160,T,431009,1431009,Region,Gaza,0,,0,1,WSSRCEHTOT,MZDHS2003431009,2003,DHS,606,1112,,,1
MOZ,Maputo Provincia,5859418,Households: Total,100,1,MZ,Mozambique,2003,MZ2003DHS,WS_SRCE_H_TOT,250161160,T,431010,1431010,Region,Maputo Provincia,0,,0,1,WSSRCEHTOT,MZDHS2003431010,2003,DHS,814,1015,,,1
MOZ,Maputo Cidade,4195005,Households: Total,100,1,MZ,Mozambique,2003,MZ2003DHS,WS_SRCE_H_TOT,250161160,T,431011,1431011,Region,Maputo Cidade,0,,0,1,WSSRCEHTOT,MZDHS2003431011,2003,DHS,642,1036,,,1
MOZ,Niassa,4127736,Population using an improved water source,33.3,1,MZ,Mozambique,2003,MZ2003DHS,WS_SRCE_P_IMP,250162010,I,431001,1431001,Region,Niassa,0,,0,1,WSSRCEPIMP,MZDHS2003431001,2003,DHS,2832,4740,,,1
MOZ,Cabo Delgado,6418446,Population using an improved water source,45.2,1,MZ,Mozambique,2003,MZ2003DHS,WS_SRCE_P_IMP,250162010,I,431002,1431002,Region,Cabo Delgado,0,,0,1,WSSRCEPIMP,MZDHS2003431002,2003,DHS,5317,4599,,,1
MOZ,Nampula,3868021,Population using an improved water source,31.2,1,MZ,Mozambique,2003,MZ2003DHS,WS_SRCE_P_IMP,250162010,I,431003,1431003,Region,Nampula,0,,0,1,WSSRCEPIMP,MZDHS2003431003,2003,DHS,11839,6196,,,1
MOZ,Zambézia,234452,Population using an improved water source,22,1,MZ,Mozambique,2003,MZ2003DHS,WS_SRCE_P_IMP,250162010,I,431004,1431004,Region,Zambézia,0,,0,1,WSSRCEPIMP,MZDHS2003431004,2003,DHS,9849,5997,,,1
MOZ,Tete,3226869,Population using an improved water source,40.2,1,MZ,Mozambique,2003,MZ2003DHS,WS_SRCE_P_IMP,250162010,I,431005,1431005,Region,Tete,0,,0,1,WSSRCEPIMP,MZDHS2003431005,2003,DHS,5139,5593,,,1
MOZ,Manica,4225795,Population using an improved water source,61.3,1,MZ,Mozambique,2003,MZ2003DHS,WS_SRCE_P_IMP,250162010,I,431006,1431006,Region,Manica,0,,0,1,WSSRCEPIMP,MZDHS2003431006,2003,DHS,4185,6193,,,1
MOZ,Sofala,7117593,Population using an improved water source,51.5,1,MZ,Mozambique,2003,MZ2003DHS,WS_SRCE_P_IMP,250162010,I,431007,1431007,Region,Sofala,0,,0,1,WSSRCEPIMP,MZDHS2003431007,2003,DHS,4302,6171,,,1
MOZ,Inhambane,3017075,Population using an improved water source,43.5,1,MZ,Mozambique,2003,MZ2003DHS,WS_SRCE_P_IMP,250162010,I,431008,1431008,Region,Inhambane,0,,0,1,WSSRCEPIMP,MZDHS2003431008,2003,DHS,4973,5331,,,1
MOZ,Gaza,5111815,Population using an improved water source,52.7,1,MZ,Mozambique,2003,MZ2003DHS,WS_SRCE_P_IMP,250162010,I,431009,1431009,Region,Gaza,0,,0,1,WSSRCEPIMP,MZDHS2003431009,2003,DHS,2952,5599,,,1
MOZ,Maputo Provincia,1168568,Population using an improved water source,83.5,1,MZ,Mozambique,2003,MZ2003DHS,WS_SRCE_P_IMP,250162010,I,431010,1431010,Region,Maputo Provincia,0,,0,1,WSSRCEPIMP,MZDHS2003431010,2003,DHS,4296,5385,,,1
MOZ,Maputo Cidade,4868648,Population using an improved water source,99.5,1,MZ,Mozambique,2003,MZ2003DHS,WS_SRCE_P_IMP,250162010,I,431011,1431011,Region,Maputo Cidade,0,,0,1,WSSRCEPIMP,MZDHS2003431011,2003,DHS,4083,6458,,,1
MOZ,Niassa,4127737,Population using a public tap/standpipe,5.6,1,MZ,Mozambique,2003,MZ2003DHS,WS_SRCE_P_TAP,250162030,I,431001,1431001,Region,Niassa,0,,0,1,WSSRCEPTAP,MZDHS2003431001,2003,DHS,2832,4740,,,1
MOZ,Cabo Delgado,6418447,Population using a public tap/standpipe,10.9,1,MZ,Mozambique,2003,MZ2003DHS,WS_SRCE_P_TAP,250162030,I,431002,1431002,Region,Cabo Delgado,0,,0,1,WSSRCEPTAP,MZDHS2003431002,2003,DHS,5317,4599,,,1
MOZ,Nampula,3868022,Population using a public tap/standpipe,12.5,1,MZ,Mozambique,2003,MZ2003DHS,WS_SRCE_P_TAP,250162030,I,431003,1431003,Region,Nampula,0,,0,1,WSSRCEPTAP,MZDHS2003431003,2003,DHS,11839,6196,,,1
MOZ,Zambézia,234453,Population using a public tap/standpipe,7.8,1,MZ,Mozambique,2003,MZ2003DHS,WS_SRCE_P_TAP,250162030,I,431004,1431004,Region,Zambézia,0,,0,1,WSSRCEPTAP,MZDHS2003431004,2003,DHS,9849,5997,,,1
MOZ,Tete,3226870,Population using a public tap/standpipe,4.6,1,MZ,Mozambique,2003,MZ2003DHS,WS_SRCE_P_TAP,250162030,I,431005,1431005,Region,Tete,0,,0,1,WSSRCEPTAP,MZDHS2003431005,2003,DHS,5139,5593,,,1
MOZ,Manica,4225796,Population using a public tap/standpipe,12.3,1,MZ,Mozambique,2003,MZ2003DHS,WS_SRCE_P_TAP,250162030,I,431006,1431006,Region,Manica,0,,0,1,WSSRCEPTAP,MZDHS2003431006,2003,DHS,4185,6193,,,1
MOZ,Sofala,7117594,Population using a public tap/standpipe,8.6,1,MZ,Mozambique,2003,MZ2003DHS,WS_SRCE_P_TAP,250162030,I,431007,1431007,Region,Sofala,0,,0,1,WSSRCEPTAP,MZDHS2003431007,2003,DHS,4302,6171,,,1
MOZ,Inhambane,3017076,Population using a public tap/standpipe,2.7,1,MZ,Mozambique,2003,MZ2003DHS,WS_SRCE_P_TAP,250162030,I,431008,1431008,Region,Inhambane,0,,0,1,WSSRCEPTAP,MZDHS2003431008,2003,DHS,4973,5331,,,1
MOZ,Gaza,5111816,Population using a public tap/standpipe,4.3,1,MZ,Mozambique,2003,MZ2003DHS,WS_SRCE_P_TAP,250162030,I,431009,1431009,Region,Gaza,0,,0,1,WSSRCEPTAP,MZDHS2003431009,2003,DHS,2952,5599,,,1
MOZ,Maputo Provincia,1168569,Population using a public tap/standpipe,7.4,1,MZ,Mozambique,2003,MZ2003DHS,WS_SRCE_P_TAP,250162030,I,431010,1431010,Region,Maputo Provincia,0,,0,1,WSSRCEPTAP,MZDHS2003431010,2003,DHS,4296,5385,,,1
MOZ,Maputo Cidade,4868649,Population using a public tap/standpipe,28.4,1,MZ,Mozambique,2003,MZ2003DHS,WS_SRCE_P_TAP,250162030,I,431011,1431011,Region,Maputo Cidade,0,,0,1,WSSRCEPTAP,MZDHS2003431011,2003,DHS,4083,6458,,,1
MOZ,Niassa,4127740,Population using a protected well,17.2,1,MZ,Mozambique,2003,MZ2003DHS,WS_SRCE_P_PWL,250162050,I,431001,1431001,Region,Niassa,0,,0,1,WSSRCEPPWL,MZDHS2003431001,2003,DHS,2832,4740,,,1
MOZ,Cabo Delgado,6418453,Population using a protected well,23.4,1,MZ,Mozambique,2003,MZ2003DHS,WS_SRCE_P_PWL,250162050,I,431002,1431002,Region,Cabo Delgado,0,,0,1,WSSRCEPPWL,MZDHS2003431002,2003,DHS,5317,4599,,,1
MOZ,Nampula,3868049,Population using a protected well,5.3,1,MZ,Mozambique,2003,MZ2003DHS,WS_SRCE_P_PWL,250162050,I,431003,1431003,Region,Nampula,0,,0,1,WSSRCEPPWL,MZDHS2003431003,2003,DHS,11839,6196,,,1
MOZ,Zambézia,234459,Population using a protected well,7.2,1,MZ,Mozambique,2003,MZ2003DHS,WS_SRCE_P_PWL,250162050,I,431004,1431004,Region,Zambézia,0,,0,1,WSSRCEPPWL,MZDHS2003431004,2003,DHS,9849,5997,,,1
MOZ,Tete,3226875,Population using a protected well,27.9,1,MZ,Mozambique,2003,MZ2003DHS,WS_SRCE_P_PWL,250162050,I,431005,1431005,Region,Tete,0,,0,1,WSSRCEPPWL,MZDHS2003431005,2003,DHS,5139,5593,,,1
MOZ,Manica,4225787,Population using a protected well,25.5,1,MZ,Mozambique,2003,MZ2003DHS,WS_SRCE_P_PWL,250162050,I,431006,1431006,Region,Manica,0,,0,1,WSSRCEPPWL,MZDHS2003431006,2003,DHS,4185,6193,,,1
MOZ,Sofala,7117604,Population using a protected well,19.1,1,MZ,Mozambique,2003,MZ2003DHS,WS_SRCE_P_PWL,250162050,I,431007,1431007,Region,Sofala,0,,0,1,WSSRCEPPWL,MZDHS2003431007,2003,DHS,4302,6171,,,1
MOZ,Inhambane,3017082,Population using a protected well,19.7,1,MZ,Mozambique,2003,MZ2003DHS,WS_SRCE_P_PWL,250162050,I,431008,1431008,Region,Inhambane,0,,0,1,WSSRCEPPWL,MZDHS2003431008,2003,DHS,4973,5331,,,1
MOZ,Gaza,5111820,Population using a protected well,32.8,1,MZ,Mozambique,2003,MZ2003DHS,WS_SRCE_P_PWL,250162050,I,431009,1431009,Region,Gaza,0,,0,1,WSSRCEPPWL,MZDHS2003431009,2003,DHS,2952,5599,,,1
MOZ,Maputo Provincia,1168575,Population using a protected well,12.4,1,MZ,Mozambique,2003,MZ2003DHS,WS_SRCE_P_PWL,250162050,I,431010,1431010,Region,Maputo Provincia,0,,0,1,WSSRCEPPWL,MZDHS2003431010,2003,DHS,4296,5385,,,1
MOZ,Maputo Cidade,4868641,Population using a protected well,0.6,1,MZ,Mozambique,2003,MZ2003DHS,WS_SRCE_P_PWL,250162050,I,431011,1431011,Region,Maputo Cidade,0,,0,1,WSSRCEPPWL,MZDHS2003431011,2003,DHS,4083,6458,,,1
MOZ,Niassa,4127749,Population using rainwater,0,1,MZ,Mozambique,2003,MZ2003DHS,WS_SRCE_P_RNW,250162070,I,431001,1431001,Region,Niassa,0,,0,1,WSSRCEPRNW,MZDHS2003431001,2003,DHS,2832,4740,,,1
MOZ,Cabo Delgado,6418454,Population using rainwater,0,1,MZ,Mozambique,2003,MZ2003DHS,WS_SRCE_P_RNW,250162070,I,431002,1431002,Region,Cabo Delgado,0,,0,1,WSSRCEPRNW,MZDHS2003431002,2003,DHS,5317,4599,,,1
MOZ,Nampula,3868050,Population using rainwater,0,1,MZ,Mozambique,2003,MZ2003DHS,WS_SRCE_P_RNW,250162070,I,431003,1431003,Region,Nampula,0,,0,1,WSSRCEPRNW,MZDHS2003431003,2003,DHS,11839,6196,,,1
MOZ,Zambézia,234460,Population using rainwater,0,1,MZ,Mozambique,2003,MZ2003DHS,WS_SRCE_P_RNW,250162070,I,431004,1431004,Region,Zambézia,0,,0,1,WSSRCEPRNW,MZDHS2003431004,2003,DHS,9849,5997,,,1
MOZ,Tete,3226876,Population using rainwater,0,1,MZ,Mozambique,2003,MZ2003DHS,WS_SRCE_P_RNW,250162070,I,431005,1431005,Region,Tete,0,,0,1,WSSRCEPRNW,MZDHS2003431005,2003,DHS,5139,5593,,,1
MOZ,Manica,4225792,Population using rainwater,0,1,MZ,Mozambique,2003,MZ2003DHS,WS_SRCE_P_RNW,250162070,I,431006,1431006,Region,Manica,0,,0,1,WSSRCEPRNW,MZDHS2003431006,2003,DHS,4185,6193,,,1
MOZ,Sofala,7117605,Population using rainwater,0.1,1,MZ,Mozambique,2003,MZ2003DHS,WS_SRCE_P_RNW,250162070,I,431007,1431007,Region,Sofala,0,,0,1,WSSRCEPRNW,MZDHS2003431007,2003,DHS,4302,6171,,,1
MOZ,Inhambane,3017083,Population using rainwater,5.5,1,MZ,Mozambique,2003,MZ2003DHS,WS_SRCE_P_RNW,250162070,I,431008,1431008,Region,Inhambane,0,,0,1,WSSRCEPRNW,MZDHS2003431008,2003,DHS,4973,5331,,,1
MOZ,Gaza,5111821,Population using rainwater,1.5,1,MZ,Mozambique,2003,MZ2003DHS,WS_SRCE_P_RNW,250162070,I,431009,1431009,Region,Gaza,0,,0,1,WSSRCEPRNW,MZDHS2003431009,2003,DHS,2952,5599,,,1
MOZ,Maputo Provincia,1168576,Population using rainwater,0.1,1,MZ,Mozambique,2003,MZ2003DHS,WS_SRCE_P_RNW,250162070,I,431010,1431010,Region,Maputo Provincia,0,,0,1,WSSRCEPRNW,MZDHS2003431010,2003,DHS,4296,5385,,,1
MOZ,Maputo Cidade,4868642,Population using rainwater,0,1,MZ,Mozambique,2003,MZ2003DHS,WS_SRCE_P_RNW,250162070,I,431011,1431011,Region,Maputo Cidade,0,,0,1,WSSRCEPRNW,MZDHS2003431011,2003,DHS,4083,6458,,,1
MOZ,Niassa,4127742,Population using an unimproved water source,66.5,1,MZ,Mozambique,2003,MZ2003DHS,WS_SRCE_P_NIM,250162090,I,431001,1431001,Region,Niassa,0,,0,1,WSSRCEPNIM,MZDHS2003431001,2003,DHS,2832,4740,,,1
MOZ,Cabo Delgado,6418442,Population using an unimproved water source,54.6,1,MZ,Mozambique,2003,MZ2003DHS,WS_SRCE_P_NIM,250162090,I,431002,1431002,Region,Cabo Delgado,0,,0,1,WSSRCEPNIM,MZDHS2003431002,2003,DHS,5317,4599,,,1
MOZ,Nampula,3868017,Population using an unimproved water source,68.8,1,MZ,Mozambique,2003,MZ2003DHS,WS_SRCE_P_NIM,250162090,I,431003,1431003,Region,Nampula,0,,0,1,WSSRCEPNIM,MZDHS2003431003,2003,DHS,11839,6196,,,1
MOZ,Zambézia,234448,Population using an unimproved water source,77.9,1,MZ,Mozambique,2003,MZ2003DHS,WS_SRCE_P_NIM,250162090,I,431004,1431004,Region,Zambézia,0,,0,1,WSSRCEPNIM,MZDHS2003431004,2003,DHS,9849,5997,,,1
MOZ,Tete,3226866,Population using an unimproved water source,59.8,1,MZ,Mozambique,2003,MZ2003DHS,WS_SRCE_P_NIM,250162090,I,431005,1431005,Region,Tete,0,,0,1,WSSRCEPNIM,MZDHS2003431005,2003,DHS,5139,5593,,,1
MOZ,Manica,4225788,Population using an unimproved water source,38.7,1,MZ,Mozambique,2003,MZ2003DHS,WS_SRCE_P_NIM,250162090,I,431006,1431006,Region,Manica,0,,0,1,WSSRCEPNIM,MZDHS2003431006,2003,DHS,4185,6193,,,1
MOZ,Sofala,7117599,Population using an unimproved water source,48.5,1,MZ,Mozambique,2003,MZ2003DHS,WS_SRCE_P_NIM,250162090,I,431007,1431007,Region,Sofala,0,,0,1,WSSRCEPNIM,MZDHS2003431007,2003,DHS,4302,6171,,,1
MOZ,Inhambane,3017071,Population using an unimproved water source,56.5,1,MZ,Mozambique,2003,MZ2003DHS,WS_SRCE_P_NIM,250162090,I,431008,1431008,Region,Inhambane,0,,0,1,WSSRCEPNIM,MZDHS2003431008,2003,DHS,4973,5331,,,1
MOZ,Gaza,5111818,Population using an unimproved water source,47.3,1,MZ,Mozambique,2003,MZ2003DHS,WS_SRCE_P_NIM,250162090,I,431009,1431009,Region,Gaza,0,,0,1,WSSRCEPNIM,MZDHS2003431009,2003,DHS,2952,5599,,,1
MOZ,Maputo Provincia,1168564,Population using an unimproved water source,16.5,1,MZ,Mozambique,2003,MZ2003DHS,WS_SRCE_P_NIM,250162090,I,431010,1431010,Region,Maputo Provincia,0,,0,1,WSSRCEPNIM,MZDHS2003431010,2003,DHS,4296,5385,,,1
MOZ,Maputo Cidade,4868643,Population using an unimproved water source,0.5,1,MZ,Mozambique,2003,MZ2003DHS,WS_SRCE_P_NIM,250162090,I,431011,1431011,Region,Maputo Cidade,0,,0,1,WSSRCEPNIM,MZDHS2003431011,2003,DHS,4083,6458,,,1
MOZ,Niassa,4127738,Population using an unprotected well water,36.9,1,MZ,Mozambique,2003,MZ2003DHS,WS_SRCE_P_UWL,250162100,I,431001,1431001,Region,Niassa,0,,0,1,WSSRCEPUWL,MZDHS2003431001,2003,DHS,2832,4740,,,1
MOZ,Cabo Delgado,6418448,Population using an unprotected well water,43.3,1,MZ,Mozambique,2003,MZ2003DHS,WS_SRCE_P_UWL,250162100,I,431002,1431002,Region,Cabo Delgado,0,,0,1,WSSRCEPUWL,MZDHS2003431002,2003,DHS,5317,4599,,,1
MOZ,Nampula,3868023,Population using an unprotected well water,55,1,MZ,Mozambique,2003,MZ2003DHS,WS_SRCE_P_UWL,250162100,I,431003,1431003,Region,Nampula,0,,0,1,WSSRCEPUWL,MZDHS2003431003,2003,DHS,11839,6196,,,1
MOZ,Zambézia,234454,Population using an unprotected well water,56.8,1,MZ,Mozambique,2003,MZ2003DHS,WS_SRCE_P_UWL,250162100,I,431004,1431004,Region,Zambézia,0,,0,1,WSSRCEPUWL,MZDHS2003431004,2003,DHS,9849,5997,,,1
MOZ,Tete,3226871,Population using an unprotected well water,29.6,1,MZ,Mozambique,2003,MZ2003DHS,WS_SRCE_P_UWL,250162100,I,431005,1431005,Region,Tete,0,,0,1,WSSRCEPUWL,MZDHS2003431005,2003,DHS,5139,5593,,,1
MOZ,Manica,4225797,Population using an unprotected well water,17.6,1,MZ,Mozambique,2003,MZ2003DHS,WS_SRCE_P_UWL,250162100,I,431006,1431006,Region,Manica,0,,0,1,WSSRCEPUWL,MZDHS2003431006,2003,DHS,4185,6193,,,1
MOZ,Sofala,7117595,Population using an unprotected well water,30.1,1,MZ,Mozambique,2003,MZ2003DHS,WS_SRCE_P_UWL,250162100,I,431007,1431007,Region,Sofala,0,,0,1,WSSRCEPUWL,MZDHS2003431007,2003,DHS,4302,6171,,,1
MOZ,Inhambane,3017077,Population using an unprotected well water,48.7,1,MZ,Mozambique,2003,MZ2003DHS,WS_SRCE_P_UWL,250162100,I,431008,1431008,Region,Inhambane,0,,0,1,WSSRCEPUWL,MZDHS2003431008,2003,DHS,4973,5331,,,1
MOZ,Gaza,5111817,Population using an unprotected well water,31,1,MZ,Mozambique,2003,MZ2003DHS,WS_SRCE_P_UWL,250162100,I,431009,1431009,Region,Gaza,0,,0,1,WSSRCEPUWL,MZDHS2003431009,2003,DHS,2952,5599,,,1
MOZ,Maputo Provincia,1168570,Population using an unprotected well water,8.3,1,MZ,Mozambique,2003,MZ2003DHS,WS_SRCE_P_UWL,250162100,I,431010,1431010,Region,Maputo Provincia,0,,0,1,WSSRCEPUWL,MZDHS2003431010,2003,DHS,4296,5385,,,1
MOZ,Maputo Cidade,4868650,Population using an unprotected well water,0.1,1,MZ,Mozambique,2003,MZ2003DHS,WS_SRCE_P_UWL,250162100,I,431011,1431011,Region,Maputo Cidade,0,,0,1,WSSRCEPUWL,MZDHS2003431011,2003,DHS,4083,6458,,,1
MOZ,Niassa,4127764,Population using surface water,24.6,1,MZ,Mozambique,2003,MZ2003DHS,WS_SRCE_P_SRF,250162130,I,431001,1431001,Region,Niassa,0,,0,1,WSSRCEPSRF,MZDHS2003431001,2003,DHS,2832,4740,,,1
MOZ,Cabo Delgado,6418508,Population using surface water,7.3,1,MZ,Mozambique,2003,MZ2003DHS,WS_SRCE_P_SRF,250162130,I,431002,1431002,Region,Cabo Delgado,0,,0,1,WSSRCEPSRF,MZDHS2003431002,2003,DHS,5317,4599,,,1
MOZ,Nampula,3868054,Population using surface water,13.7,1,MZ,Mozambique,2003,MZ2003DHS,WS_SRCE_P_SRF,250162130,I,431003,1431003,Region,Nampula,0,,0,1,WSSRCEPSRF,MZDHS2003431003,2003,DHS,11839,6196,,,1
MOZ,Zambézia,234474,Population using surface water,20.9,1,MZ,Mozambique,2003,MZ2003DHS,WS_SRCE_P_SRF,250162130,I,431004,1431004,Region,Zambézia,0,,0,1,WSSRCEPSRF,MZDHS2003431004,2003,DHS,9849,5997,,,1
MOZ,Tete,3226887,Population using surface water,28.7,1,MZ,Mozambique,2003,MZ2003DHS,WS_SRCE_P_SRF,250162130,I,431005,1431005,Region,Tete,0,,0,1,WSSRCEPSRF,MZDHS2003431005,2003,DHS,5139,5593,,,1
MOZ,Manica,4225807,Population using surface water,20.6,1,MZ,Mozambique,2003,MZ2003DHS,WS_SRCE_P_SRF,250162130,I,431006,1431006,Region,Manica,0,,0,1,WSSRCEPSRF,MZDHS2003431006,2003,DHS,4185,6193,,,1
MOZ,Sofala,7117609,Population using surface water,18.1,1,MZ,Mozambique,2003,MZ2003DHS,WS_SRCE_P_SRF,250162130,I,431007,1431007,Region,Sofala,0,,0,1,WSSRCEPSRF,MZDHS2003431007,2003,DHS,4302,6171,,,1
MOZ,Inhambane,3017107,Population using surface water,7.2,1,MZ,Mozambique,2003,MZ2003DHS,WS_SRCE_P_SRF,250162130,I,431008,1431008,Region,Inhambane,0,,0,1,WSSRCEPSRF,MZDHS2003431008,2003,DHS,4973,5331,,,1
MOZ,Gaza,5111823,Population using surface water,14.8,1,MZ,Mozambique,2003,MZ2003DHS,WS_SRCE_P_SRF,250162130,I,431009,1431009,Region,Gaza,0,,0,1,WSSRCEPSRF,MZDHS2003431009,2003,DHS,2952,5599,,,1
MOZ,Maputo Provincia,1168580,Population using surface water,6.3,1,MZ,Mozambique,2003,MZ2003DHS,WS_SRCE_P_SRF,250162130,I,431010,1431010,Region,Maputo Provincia,0,,0,1,WSSRCEPSRF,MZDHS2003431010,2003,DHS,4296,5385,,,1
MOZ,Maputo Cidade,4868635,Population using surface water,0,1,MZ,Mozambique,2003,MZ2003DHS,WS_SRCE_P_SRF,250162130,I,431011,1431011,Region,Maputo Cidade,0,,0,1,WSSRCEPSRF,MZDHS2003431011,2003,DHS,4083,6458,,,1
MOZ,Niassa,4127718,Population using other water source,5,1,MZ,Mozambique,2003,MZ2003DHS,WS_SRCE_P_OTH,250162140,I,431001,1431001,Region,Niassa,0,,0,1,WSSRCEPOTH,MZDHS2003431001,2003,DHS,2832,4740,,,1
MOZ,Cabo Delgado,6418509,Population using other water source,4.1,1,MZ,Mozambique,2003,MZ2003DHS,WS_SRCE_P_OTH,250162140,I,431002,1431002,Region,Cabo Delgado,0,,0,1,WSSRCEPOTH,MZDHS2003431002,2003,DHS,5317,4599,,,1
MOZ,Nampula,3868055,Population using other water source,0.1,1,MZ,Mozambique,2003,MZ2003DHS,WS_SRCE_P_OTH,250162140,I,431003,1431003,Region,Nampula,0,,0,1,WSSRCEPOTH,MZDHS2003431003,2003,DHS,11839,6196,,,1
MOZ,Zambézia,234475,Population using other water source,0.2,1,MZ,Mozambique,2003,MZ2003DHS,WS_SRCE_P_OTH,250162140,I,431004,1431004,Region,Zambézia,0,,0,1,WSSRCEPOTH,MZDHS2003431004,2003,DHS,9849,5997,,,1
MOZ,Tete,3226888,Population using other water source,1.4,1,MZ,Mozambique,2003,MZ2003DHS,WS_SRCE_P_OTH,250162140,I,431005,1431005,Region,Tete,0,,0,1,WSSRCEPOTH,MZDHS2003431005,2003,DHS,5139,5593,,,1
MOZ,Manica,4225827,Population using other water source,0.5,1,MZ,Mozambique,2003,MZ2003DHS,WS_SRCE_P_OTH,250162140,I,431006,1431006,Region,Manica,0,,0,1,WSSRCEPOTH,MZDHS2003431006,2003,DHS,4185,6193,,,1
MOZ,Sofala,7117610,Population using other water source,0.3,1,MZ,Mozambique,2003,MZ2003DHS,WS_SRCE_P_OTH,250162140,I,431007,1431007,Region,Sofala,0,,0,1,WSSRCEPOTH,MZDHS2003431007,2003,DHS,4302,6171,,,1
MOZ,Inhambane,3017108,Population using other water source,0.7,1,MZ,Mozambique,2003,MZ2003DHS,WS_SRCE_P_OTH,250162140,I,431008,1431008,Region,Inhambane,0,,0,1,WSSRCEPOTH,MZDHS2003431008,2003,DHS,4973,5331,,,1
MOZ,Gaza,5111723,Population using other water source,1.4,1,MZ,Mozambique,2003,MZ2003DHS,WS_SRCE_P_OTH,250162140,I,431009,1431009,Region,Gaza,0,,0,1,WSSRCEPOTH,MZDHS2003431009,2003,DHS,2952,5599,,,1
MOZ,Maputo Provincia,1168581,Population using other water source,1.9,1,MZ,Mozambique,2003,MZ2003DHS,WS_SRCE_P_OTH,250162140,I,431010,1431010,Region,Maputo Provincia,0,,0,1,WSSRCEPOTH,MZDHS2003431010,2003,DHS,4296,5385,,,1
MOZ,Maputo Cidade,4868636,Population using other water source,0.5,1,MZ,Mozambique,2003,MZ2003DHS,WS_SRCE_P_OTH,250162140,I,431011,1431011,Region,Maputo Cidade,0,,0,1,WSSRCEPOTH,MZDHS2003431011,2003,DHS,4083,6458,,,1
MOZ,Niassa,4127719,Population with don't know or missing information on water source,0.2,1,MZ,Mozambique,2003,MZ2003DHS,WS_SRCE_P_DKM,250162150,S,431001,1431001,Region,Niassa,0,,0,1,WSSRCEPDKM,MZDHS2003431001,2003,DHS,2832,4740,,,1
MOZ,Cabo Delgado,6418510,Population with don't know or missing information on water source,0.1,1,MZ,Mozambique,2003,MZ2003DHS,WS_SRCE_P_DKM,250162150,S,431002,1431002,Region,Cabo Delgado,0,,0,1,WSSRCEPDKM,MZDHS2003431002,2003,DHS,5317,4599,,,1
MOZ,Nampula,3868056,Population with don't know or missing information on water source,0,1,MZ,Mozambique,2003,MZ2003DHS,WS_SRCE_P_DKM,250162150,S,431003,1431003,Region,Nampula,0,,0,1,WSSRCEPDKM,MZDHS2003431003,2003,DHS,11839,6196,,,1
MOZ,Zambézia,234495,Population with don't know or missing information on water source,0.2,1,MZ,Mozambique,2003,MZ2003DHS,WS_SRCE_P_DKM,250162150,S,431004,1431004,Region,Zambézia,0,,0,1,WSSRCEPDKM,MZDHS2003431004,2003,DHS,9849,5997,,,1
MOZ,Tete,3226889,Population with don't know or missing information on water source,0,1,MZ,Mozambique,2003,MZ2003DHS,WS_SRCE_P_DKM,250162150,S,431005,1431005,Region,Tete,0,,0,1,WSSRCEPDKM,MZDHS2003431005,2003,DHS,5139,5593,,,1
MOZ,Manica,4225828,Population with don't know or missing information on water source,0,1,MZ,Mozambique,2003,MZ2003DHS,WS_SRCE_P_DKM,250162150,S,431006,1431006,Region,Manica,0,,0,1,WSSRCEPDKM,MZDHS2003431006,2003,DHS,4185,6193,,,1
MOZ,Sofala,7117611,Population with don't know or missing information on water source,0,1,MZ,Mozambique,2003,MZ2003DHS,WS_SRCE_P_DKM,250162150,S,431007,1431007,Region,Sofala,0,,0,1,WSSRCEPDKM,MZDHS2003431007,2003,DHS,4302,6171,,,1
MOZ,Inhambane,3017109,Population with don't know or missing information on water source,0,1,MZ,Mozambique,2003,MZ2003DHS,WS_SRCE_P_DKM,250162150,S,431008,1431008,Region,Inhambane,0,,0,1,WSSRCEPDKM,MZDHS2003431008,2003,DHS,4973,5331,,,1
MOZ,Gaza,5111724,Population with don't know or missing information on water source,0,1,MZ,Mozambique,2003,MZ2003DHS,WS_SRCE_P_DKM,250162150,S,431009,1431009,Region,Gaza,0,,0,1,WSSRCEPDKM,MZDHS2003431009,2003,DHS,2952,5599,,,1
MOZ,Maputo Provincia,1168588,Population with don't know or missing information on water source,0,1,MZ,Mozambique,2003,MZ2003DHS,WS_SRCE_P_DKM,250162150,S,431010,1431010,Region,Maputo Provincia,0,,0,1,WSSRCEPDKM,MZDHS2003431010,2003,DHS,4296,5385,,,1
MOZ,Maputo Cidade,4868637,Population with don't know or missing information on water source,0,1,MZ,Mozambique,2003,MZ2003DHS,WS_SRCE_P_DKM,250162150,S,431011,1431011,Region,Maputo Cidade,0,,0,1,WSSRCEPDKM,MZDHS2003431011,2003,DHS,4083,6458,,,1
MOZ,Niassa,4127743,Population: Total,100,1,MZ,Mozambique,2003,MZ2003DHS,WS_SRCE_P_TOT,250162160,T,431001,1431001,Region,Niassa,0,,0,1,WSSRCEPTOT,MZDHS2003431001,2003,DHS,2832,4740,,,1
MOZ,Cabo Delgado,6418443,Population: Total,100,1,MZ,Mozambique,2003,MZ2003DHS,WS_SRCE_P_TOT,250162160,T,431002,1431002,Region,Cabo Delgado,0,,0,1,WSSRCEPTOT,MZDHS2003431002,2003,DHS,5317,4599,,,1
MOZ,Nampula,3868018,Population: Total,100,1,MZ,Mozambique,2003,MZ2003DHS,WS_SRCE_P_TOT,250162160,T,431003,1431003,Region,Nampula,0,,0,1,WSSRCEPTOT,MZDHS2003431003,2003,DHS,11839,6196,,,1
MOZ,Zambézia,234449,Population: Total,100,1,MZ,Mozambique,2003,MZ2003DHS,WS_SRCE_P_TOT,250162160,T,431004,1431004,Region,Zambézia,0,,0,1,WSSRCEPTOT,MZDHS2003431004,2003,DHS,9849,5997,,,1
MOZ,Tete,3226867,Population: Total,100,1,MZ,Mozambique,2003,MZ2003DHS,WS_SRCE_P_TOT,250162160,T,431005,1431005,Region,Tete,0,,0,1,WSSRCEPTOT,MZDHS2003431005,2003,DHS,5139,5593,,,1
MOZ,Manica,4225789,Population: Total,100,1,MZ,Mozambique,2003,MZ2003DHS,WS_SRCE_P_TOT,250162160,T,431006,1431006,Region,Manica,0,,0,1,WSSRCEPTOT,MZDHS2003431006,2003,DHS,4185,6193,,,1
MOZ,Sofala,7117600,Population: Total,100,1,MZ,Mozambique,2003,MZ2003DHS,WS_SRCE_P_TOT,250162160,T,431007,1431007,Region,Sofala,0,,0,1,WSSRCEPTOT,MZDHS2003431007,2003,DHS,4302,6171,,,1
MOZ,Inhambane,3017072,Population: Total,100,1,MZ,Mozambique,2003,MZ2003DHS,WS_SRCE_P_TOT,250162160,T,431008,1431008,Region,Inhambane,0,,0,1,WSSRCEPTOT,MZDHS2003431008,2003,DHS,4973,5331,,,1
MOZ,Gaza,5111824,Population: Total,100,1,MZ,Mozambique,2003,MZ2003DHS,WS_SRCE_P_TOT,250162160,T,431009,1431009,Region,Gaza,0,,0,1,WSSRCEPTOT,MZDHS2003431009,2003,DHS,2952,5599,,,1
MOZ,Maputo Provincia,1168565,Population: Total,100,1,MZ,Mozambique,2003,MZ2003DHS,WS_SRCE_P_TOT,250162160,T,431010,1431010,Region,Maputo Provincia,0,,0,1,WSSRCEPTOT,MZDHS2003431010,2003,DHS,4296,5385,,,1
MOZ,Maputo Cidade,4868644,Population: Total,100,1,MZ,Mozambique,2003,MZ2003DHS,WS_SRCE_P_TOT,250162160,T,431011,1431011,Region,Maputo Cidade,0,,0,1,WSSRCEPTOT,MZDHS2003431011,2003,DHS,4083,6458,,,1
MOZ,Niassa,3891598,Households with water on the premises,4,1,MZ,Mozambique,2003,MZ2003DHS,WS_TIME_H_ONP,250201010,I,431001,1431001,Region,Niassa,0,,0,1,WSTIMEHONP,MZDHS2003431001,2003,DHS,642,994,,,1
MOZ,Cabo Delgado,4209576,Households with water on the premises,3.1,1,MZ,Mozambique,2003,MZ2003DHS,WS_TIME_H_ONP,250201010,I,431002,1431002,Region,Cabo Delgado,0,,0,1,WSTIMEHONP,MZDHS2003431002,2003,DHS,1248,1083,,,1
MOZ,Nampula,3547214,Households with water on the premises,1.4,1,MZ,Mozambique,2003,MZ2003DHS,WS_TIME_H_ONP,250201010,I,431003,1431003,Region,Nampula,0,,0,1,WSTIMEHONP,MZDHS2003431003,2003,DHS,2524,1355,,,1
MOZ,Zambézia,2995296,Households with water on the premises,3.5,1,MZ,Mozambique,2003,MZ2003DHS,WS_TIME_H_ONP,250201010,I,431004,1431004,Region,Zambézia,0,,0,1,WSTIMEHONP,MZDHS2003431004,2003,DHS,2270,1370,,,1
MOZ,Tete,464544,Households with water on the premises,3.9,1,MZ,Mozambique,2003,MZ2003DHS,WS_TIME_H_ONP,250201010,I,431005,1431005,Region,Tete,0,,0,1,WSTIMEHONP,MZDHS2003431005,2003,DHS,1054,1137,,,1
MOZ,Manica,1168555,Households with water on the premises,10.8,1,MZ,Mozambique,2003,MZ2003DHS,WS_TIME_H_ONP,250201010,I,431006,1431006,Region,Manica,0,,0,1,WSTIMEHONP,MZDHS2003431006,2003,DHS,691,1016,,,1
MOZ,Sofala,645682,Households with water on the premises,8.5,1,MZ,Mozambique,2003,MZ2003DHS,WS_TIME_H_ONP,250201010,I,431007,1431007,Region,Sofala,0,,0,1,WSTIMEHONP,MZDHS2003431007,2003,DHS,769,1083,,,1
MOZ,Inhambane,6533859,Households with water on the premises,12.1,1,MZ,Mozambique,2003,MZ2003DHS,WS_TIME_H_ONP,250201010,I,431008,1431008,Region,Inhambane,0,,0,1,WSTIMEHONP,MZDHS2003431008,2003,DHS,1056,1114,,,1
MOZ,Gaza,4412550,Households with water on the premises,5.2,1,MZ,Mozambique,2003,MZ2003DHS,WS_TIME_H_ONP,250201010,I,431009,1431009,Region,Gaza,0,,0,1,WSTIMEHONP,MZDHS2003431009,2003,DHS,606,1112,,,1
MOZ,Maputo Provincia,5859458,Households with water on the premises,28.3,1,MZ,Mozambique,2003,MZ2003DHS,WS_TIME_H_ONP,250201010,I,431010,1431010,Region,Maputo Provincia,0,,0,1,WSTIMEHONP,MZDHS2003431010,2003,DHS,814,1015,,,1
MOZ,Maputo Cidade,4195016,Households with water on the premises,40.7,1,MZ,Mozambique,2003,MZ2003DHS,WS_TIME_H_ONP,250201010,I,431011,1431011,Region,Maputo Cidade,0,,0,1,WSTIMEHONP,MZDHS2003431011,2003,DHS,642,1036,,,1
MOZ,Niassa,3891593,Households with water 30 minutes or less away round trip,77.4,1,MZ,Mozambique,2003,MZ2003DHS,WS_TIME_H_L30,250201020,I,431001,1431001,Region,Niassa,0,,0,1,WSTIMEHL30,MZDHS2003431001,2003,DHS,642,994,,,1
MOZ,Cabo Delgado,4209539,Households with water 30 minutes or less away round trip,60.2,1,MZ,Mozambique,2003,MZ2003DHS,WS_TIME_H_L30,250201020,I,431002,1431002,Region,Cabo Delgado,0,,0,1,WSTIMEHL30,MZDHS2003431002,2003,DHS,1248,1083,,,1
MOZ,Nampula,3547206,Households with water 30 minutes or less away round trip,72.3,1,MZ,Mozambique,2003,MZ2003DHS,WS_TIME_H_L30,250201020,I,431003,1431003,Region,Nampula,0,,0,1,WSTIMEHL30,MZDHS2003431003,2003,DHS,2524,1355,,,1
MOZ,Zambézia,2995291,Households with water 30 minutes or less away round trip,64,1,MZ,Mozambique,2003,MZ2003DHS,WS_TIME_H_L30,250201020,I,431004,1431004,Region,Zambézia,0,,0,1,WSTIMEHL30,MZDHS2003431004,2003,DHS,2270,1370,,,1
MOZ,Tete,464531,Households with water 30 minutes or less away round trip,71.7,1,MZ,Mozambique,2003,MZ2003DHS,WS_TIME_H_L30,250201020,I,431005,1431005,Region,Tete,0,,0,1,WSTIMEHL30,MZDHS2003431005,2003,DHS,1054,1137,,,1
MOZ,Manica,1168548,Households with water 30 minutes or less away round trip,62.6,1,MZ,Mozambique,2003,MZ2003DHS,WS_TIME_H_L30,250201020,I,431006,1431006,Region,Manica,0,,0,1,WSTIMEHL30,MZDHS2003431006,2003,DHS,691,1016,,,1
MOZ,Sofala,645799,Households with water 30 minutes or less away round trip,72,1,MZ,Mozambique,2003,MZ2003DHS,WS_TIME_H_L30,250201020,I,431007,1431007,Region,Sofala,0,,0,1,WSTIMEHL30,MZDHS2003431007,2003,DHS,769,1083,,,1
MOZ,Inhambane,6533855,Households with water 30 minutes or less away round trip,55,1,MZ,Mozambique,2003,MZ2003DHS,WS_TIME_H_L30,250201020,I,431008,1431008,Region,Inhambane,0,,0,1,WSTIMEHL30,MZDHS2003431008,2003,DHS,1056,1114,,,1
MOZ,Gaza,4412547,Households with water 30 minutes or less away round trip,57,1,MZ,Mozambique,2003,MZ2003DHS,WS_TIME_H_L30,250201020,I,431009,1431009,Region,Gaza,0,,0,1,WSTIMEHL30,MZDHS2003431009,2003,DHS,606,1112,,,1
MOZ,Maputo Provincia,5859419,Households with water 30 minutes or less away round trip,56.7,1,MZ,Mozambique,2003,MZ2003DHS,WS_TIME_H_L30,250201020,I,431010,1431010,Region,Maputo Provincia,0,,0,1,WSTIMEHL30,MZDHS2003431010,2003,DHS,814,1015,,,1
MOZ,Maputo Cidade,4195006,Households with water 30 minutes or less away round trip,58.3,1,MZ,Mozambique,2003,MZ2003DHS,WS_TIME_H_L30,250201020,I,431011,1431011,Region,Maputo Cidade,0,,0,1,WSTIMEHL30,MZDHS2003431011,2003,DHS,642,1036,,,1
MOZ,Niassa,3891606,Households with water more than 30 minutes away round trip,18.2,1,MZ,Mozambique,2003,MZ2003DHS,WS_TIME_H_M30,250201030,I,431001,1431001,Region,Niassa,0,,0,1,WSTIMEHM30,MZDHS2003431001,2003,DHS,642,994,,,1
MOZ,Cabo Delgado,4209497,Households with water more than 30 minutes away round trip,36.5,1,MZ,Mozambique,2003,MZ2003DHS,WS_TIME_H_M30,250201030,I,431002,1431002,Region,Cabo Delgado,0,,0,1,WSTIMEHM30,MZDHS2003431002,2003,DHS,1248,1083,,,1
MOZ,Nampula,3547221,Households with water more than 30 minutes away round trip,26.2,1,MZ,Mozambique,2003,MZ2003DHS,WS_TIME_H_M30,250201030,I,431003,1431003,Region,Nampula,0,,0,1,WSTIMEHM30,MZDHS2003431003,2003,DHS,2524,1355,,,1
MOZ,Zambézia,2995322,Households with water more than 30 minutes away round trip,32.5,1,MZ,Mozambique,2003,MZ2003DHS,WS_TIME_H_M30,250201030,I,431004,1431004,Region,Zambézia,0,,0,1,WSTIMEHM30,MZDHS2003431004,2003,DHS,2270,1370,,,1
MOZ,Tete,464569,Households with water more than 30 minutes away round trip,24.3,1,MZ,Mozambique,2003,MZ2003DHS,WS_TIME_H_M30,250201030,I,431005,1431005,Region,Tete,0,,0,1,WSTIMEHM30,MZDHS2003431005,2003,DHS,1054,1137,,,1
MOZ,Manica,1168583,Households with water more than 30 minutes away round trip,26.4,1,MZ,Mozambique,2003,MZ2003DHS,WS_TIME_H_M30,250201030,I,431006,1431006,Region,Manica,0,,0,1,WSTIMEHM30,MZDHS2003431006,2003,DHS,691,1016,,,1
MOZ,Sofala,645696,Households with water more than 30 minutes away round trip,19.5,1,MZ,Mozambique,2003,MZ2003DHS,WS_TIME_H_M30,250201030,I,431007,1431007,Region,Sofala,0,,0,1,WSTIMEHM30,MZDHS2003431007,2003,DHS,769,1083,,,1
MOZ,Inhambane,6533871,Households with water more than 30 minutes away round trip,32.9,1,MZ,Mozambique,2003,MZ2003DHS,WS_TIME_H_M30,250201030,I,431008,1431008,Region,Inhambane,0,,0,1,WSTIMEHM30,MZDHS2003431008,2003,DHS,1056,1114,,,1
MOZ,Gaza,4412566,Households with water more than 30 minutes away round trip,37.9,1,MZ,Mozambique,2003,MZ2003DHS,WS_TIME_H_M30,250201030,I,431009,1431009,Region,Gaza,0,,0,1,WSTIMEHM30,MZDHS2003431009,2003,DHS,606,1112,,,1
MOZ,Maputo Provincia,5859460,Households with water more than 30 minutes away round trip,15,1,MZ,Mozambique,2003,MZ2003DHS,WS_TIME_H_M30,250201030,I,431010,1431010,Region,Maputo Provincia,0,,0,1,WSTIMEHM30,MZDHS2003431010,2003,DHS,814,1015,,,1
MOZ,Maputo Cidade,4195019,Households with water more than 30 minutes away round trip,1,1,MZ,Mozambique,2003,MZ2003DHS,WS_TIME_H_M30,250201030,I,431011,1431011,Region,Maputo Cidade,0,,0,1,WSTIMEHM30,MZDHS2003431011,2003,DHS,642,1036,,,1
MOZ,Niassa,3891607,Household with unknown or missing information on round trip time to water,0.4,1,MZ,Mozambique,2003,MZ2003DHS,WS_TIME_H_DKM,250201040,S,431001,1431001,Region,Niassa,0,,0,1,WSTIMEHDKM,MZDHS2003431001,2003,DHS,642,994,,,1
MOZ,Cabo Delgado,4209498,Household with unknown or missing information on round trip time to water,0.2,1,MZ,Mozambique,2003,MZ2003DHS,WS_TIME_H_DKM,250201040,S,431002,1431002,Region,Cabo Delgado,0,,0,1,WSTIMEHDKM,MZDHS2003431002,2003,DHS,1248,1083,,,1
MOZ,Nampula,3547222,Household with unknown or missing information on round trip time to water,0.1,1,MZ,Mozambique,2003,MZ2003DHS,WS_TIME_H_DKM,250201040,S,431003,1431003,Region,Nampula,0,,0,1,WSTIMEHDKM,MZDHS2003431003,2003,DHS,2524,1355,,,1
MOZ,Zambézia,2995323,Household with unknown or missing information on round trip time to water,0,1,MZ,Mozambique,2003,MZ2003DHS,WS_TIME_H_DKM,250201040,S,431004,1431004,Region,Zambézia,0,,0,1,WSTIMEHDKM,MZDHS2003431004,2003,DHS,2270,1370,,,1
MOZ,Tete,464570,Household with unknown or missing information on round trip time to water,0,1,MZ,Mozambique,2003,MZ2003DHS,WS_TIME_H_DKM,250201040,S,431005,1431005,Region,Tete,0,,0,1,WSTIMEHDKM,MZDHS2003431005,2003,DHS,1054,1137,,,1
MOZ,Manica,1168584,Household with unknown or missing information on round trip time to water,0.2,1,MZ,Mozambique,2003,MZ2003DHS,WS_TIME_H_DKM,250201040,S,431006,1431006,Region,Manica,0,,0,1,WSTIMEHDKM,MZDHS2003431006,2003,DHS,691,1016,,,1
MOZ,Sofala,645697,Household with unknown or missing information on round trip time to water,0,1,MZ,Mozambique,2003,MZ2003DHS,WS_TIME_H_DKM,250201040,S,431007,1431007,Region,Sofala,0,,0,1,WSTIMEHDKM,MZDHS2003431007,2003,DHS,769,1083,,,1
MOZ,Inhambane,6533872,Household with unknown or missing information on round trip time to water,0,1,MZ,Mozambique,2003,MZ2003DHS,WS_TIME_H_DKM,250201040,S,431008,1431008,Region,Inhambane,0,,0,1,WSTIMEHDKM,MZDHS2003431008,2003,DHS,1056,1114,,,1
MOZ,Gaza,4412567,Household with unknown or missing information on round trip time to water,0,1,MZ,Mozambique,2003,MZ2003DHS,WS_TIME_H_DKM,250201040,S,431009,1431009,Region,Gaza,0,,0,1,WSTIMEHDKM,MZDHS2003431009,2003,DHS,606,1112,,,1
MOZ,Maputo Provincia,5859461,Household with unknown or missing information on round trip time to water,0,1,MZ,Mozambique,2003,MZ2003DHS,WS_TIME_H_DKM,250201040,S,431010,1431010,Region,Maputo Provincia,0,,0,1,WSTIMEHDKM,MZDHS2003431010,2003,DHS,814,1015,,,1
MOZ,Maputo Cidade,4195020,Household with unknown or missing information on round trip time to water,0,1,MZ,Mozambique,2003,MZ2003DHS,WS_TIME_H_DKM,250201040,S,431011,1431011,Region,Maputo Cidade,0,,0,1,WSTIMEHDKM,MZDHS2003431011,2003,DHS,642,1036,,,1
MOZ,Niassa,3891608,Households: Total,100,1,MZ,Mozambique,2003,MZ2003DHS,WS_TIME_H_TOT,250201050,T,431001,1431001,Region,Niassa,0,,0,1,WSTIMEHTOT,MZDHS2003431001,2003,DHS,642,994,,,1
MOZ,Cabo Delgado,4209499,Households: Total,100,1,MZ,Mozambique,2003,MZ2003DHS,WS_TIME_H_TOT,250201050,T,431002,1431002,Region,Cabo Delgado,0,,0,1,WSTIMEHTOT,MZDHS2003431002,2003,DHS,1248,1083,,,1
MOZ,Nampula,3547239,Households: Total,100,1,MZ,Mozambique,2003,MZ2003DHS,WS_TIME_H_TOT,250201050,T,431003,1431003,Region,Nampula,0,,0,1,WSTIMEHTOT,MZDHS2003431003,2003,DHS,2524,1355,,,1
MOZ,Zambézia,2995329,Households: Total,100,1,MZ,Mozambique,2003,MZ2003DHS,WS_TIME_H_TOT,250201050,T,431004,1431004,Region,Zambézia,0,,0,1,WSTIMEHTOT,MZDHS2003431004,2003,DHS,2270,1370,,,1
MOZ,Tete,464571,Households: Total,100,1,MZ,Mozambique,2003,MZ2003DHS,WS_TIME_H_TOT,250201050,T,431005,1431005,Region,Tete,0,,0,1,WSTIMEHTOT,MZDHS2003431005,2003,DHS,1054,1137,,,1
MOZ,Manica,1168586,Households: Total,100,1,MZ,Mozambique,2003,MZ2003DHS,WS_TIME_H_TOT,250201050,T,431006,1431006,Region,Manica,0,,0,1,WSTIMEHTOT,MZDHS2003431006,2003,DHS,691,1016,,,1
MOZ,Sofala,645698,Households: Total,100,1,MZ,Mozambique,2003,MZ2003DHS,WS_TIME_H_TOT,250201050,T,431007,1431007,Region,Sofala,0,,0,1,WSTIMEHTOT,MZDHS2003431007,2003,DHS,769,1083,,,1
MOZ,Inhambane,6533873,Households: Total,100,1,MZ,Mozambique,2003,MZ2003DHS,WS_TIME_H_TOT,250201050,T,431008,1431008,Region,Inhambane,0,,0,1,WSTIMEHTOT,MZDHS2003431008,2003,DHS,1056,1114,,,1
MOZ,Gaza,4412568,Households: Total,100,1,MZ,Mozambique,2003,MZ2003DHS,WS_TIME_H_TOT,250201050,T,431009,1431009,Region,Gaza,0,,0,1,WSTIMEHTOT,MZDHS2003431009,2003,DHS,606,1112,,,1
MOZ,Maputo Provincia,5859478,Households: Total,100,1,MZ,Mozambique,2003,MZ2003DHS,WS_TIME_H_TOT,250201050,T,431010,1431010,Region,Maputo Provincia,0,,0,1,WSTIMEHTOT,MZDHS2003431010,2003,DHS,814,1015,,,1
MOZ,Maputo Cidade,4195021,Households: Total,100,1,MZ,Mozambique,2003,MZ2003DHS,WS_TIME_H_TOT,250201050,T,431011,1431011,Region,Maputo Cidade,0,,0,1,WSTIMEHTOT,MZDHS2003431011,2003,DHS,642,1036,,,1
MOZ,Niassa,4127746,Population with water on the premises,5.3,1,MZ,Mozambique,2003,MZ2003DHS,WS_TIME_P_ONP,250202010,I,431001,1431001,Region,Niassa,0,,0,1,WSTIMEPONP,MZDHS2003431001,2003,DHS,2832,4740,,,1
MOZ,Cabo Delgado,6418449,Population with water on the premises,4.2,1,MZ,Mozambique,2003,MZ2003DHS,WS_TIME_P_ONP,250202010,I,431002,1431002,Region,Cabo Delgado,0,,0,1,WSTIMEPONP,MZDHS2003431002,2003,DHS,5317,4599,,,1
MOZ,Nampula,3868024,Population with water on the premises,2,1,MZ,Mozambique,2003,MZ2003DHS,WS_TIME_P_ONP,250202010,I,431003,1431003,Region,Nampula,0,,0,1,WSTIMEPONP,MZDHS2003431003,2003,DHS,11839,6196,,,1
MOZ,Zambézia,234455,Population with water on the premises,4,1,MZ,Mozambique,2003,MZ2003DHS,WS_TIME_P_ONP,250202010,I,431004,1431004,Region,Zambézia,0,,0,1,WSTIMEPONP,MZDHS2003431004,2003,DHS,9849,5997,,,1
MOZ,Tete,3226872,Population with water on the premises,5.5,1,MZ,Mozambique,2003,MZ2003DHS,WS_TIME_P_ONP,250202010,I,431005,1431005,Region,Tete,0,,0,1,WSTIMEPONP,MZDHS2003431005,2003,DHS,5139,5593,,,1
MOZ,Manica,4225803,Population with water on the premises,12.2,1,MZ,Mozambique,2003,MZ2003DHS,WS_TIME_P_ONP,250202010,I,431006,1431006,Region,Manica,0,,0,1,WSTIMEPONP,MZDHS2003431006,2003,DHS,4185,6193,,,1
MOZ,Sofala,7117596,Population with water on the premises,8.8,1,MZ,Mozambique,2003,MZ2003DHS,WS_TIME_P_ONP,250202010,I,431007,1431007,Region,Sofala,0,,0,1,WSTIMEPONP,MZDHS2003431007,2003,DHS,4302,6171,,,1
MOZ,Inhambane,3017078,Population with water on the premises,13,1,MZ,Mozambique,2003,MZ2003DHS,WS_TIME_P_ONP,250202010,I,431008,1431008,Region,Inhambane,0,,0,1,WSTIMEPONP,MZDHS2003431008,2003,DHS,4973,5331,,,1
MOZ,Gaza,5111720,Population with water on the premises,5.8,1,MZ,Mozambique,2003,MZ2003DHS,WS_TIME_P_ONP,250202010,I,431009,1431009,Region,Gaza,0,,0,1,WSTIMEPONP,MZDHS2003431009,2003,DHS,2952,5599,,,1
MOZ,Maputo Provincia,1168571,Population with water on the premises,32.3,1,MZ,Mozambique,2003,MZ2003DHS,WS_TIME_P_ONP,250202010,I,431010,1431010,Region,Maputo Provincia,0,,0,1,WSTIMEPONP,MZDHS2003431010,2003,DHS,4296,5385,,,1
MOZ,Maputo Cidade,4868652,Population with water on the premises,42.1,1,MZ,Mozambique,2003,MZ2003DHS,WS_TIME_P_ONP,250202010,I,431011,1431011,Region,Maputo Cidade,0,,0,1,WSTIMEPONP,MZDHS2003431011,2003,DHS,4083,6458,,,1
MOZ,Niassa,4127744,Population with water 30 minutes or less away round trip,76.3,1,MZ,Mozambique,2003,MZ2003DHS,WS_TIME_P_L30,250202020,I,431001,1431001,Region,Niassa,0,,0,1,WSTIMEPL30,MZDHS2003431001,2003,DHS,2832,4740,,,1
MOZ,Cabo Delgado,6418444,Population with water 30 minutes or less away round trip,58.7,1,MZ,Mozambique,2003,MZ2003DHS,WS_TIME_P_L30,250202020,I,431002,1431002,Region,Cabo Delgado,0,,0,1,WSTIMEPL30,MZDHS2003431002,2003,DHS,5317,4599,,,1
MOZ,Nampula,3868019,Population with water 30 minutes or less away round trip,71.7,1,MZ,Mozambique,2003,MZ2003DHS,WS_TIME_P_L30,250202020,I,431003,1431003,Region,Nampula,0,,0,1,WSTIMEPL30,MZDHS2003431003,2003,DHS,11839,6196,,,1
MOZ,Zambézia,234450,Population with water 30 minutes or less away round trip,63.3,1,MZ,Mozambique,2003,MZ2003DHS,WS_TIME_P_L30,250202020,I,431004,1431004,Region,Zambézia,0,,0,1,WSTIMEPL30,MZDHS2003431004,2003,DHS,9849,5997,,,1
MOZ,Tete,3226868,Population with water 30 minutes or less away round trip,72,1,MZ,Mozambique,2003,MZ2003DHS,WS_TIME_P_L30,250202020,I,431005,1431005,Region,Tete,0,,0,1,WSTIMEPL30,MZDHS2003431005,2003,DHS,5139,5593,,,1
MOZ,Manica,4225790,Population with water 30 minutes or less away round trip,60.8,1,MZ,Mozambique,2003,MZ2003DHS,WS_TIME_P_L30,250202020,I,431006,1431006,Region,Manica,0,,0,1,WSTIMEPL30,MZDHS2003431006,2003,DHS,4185,6193,,,1
MOZ,Sofala,7117601,Population with water 30 minutes or less away round trip,69.8,1,MZ,Mozambique,2003,MZ2003DHS,WS_TIME_P_L30,250202020,I,431007,1431007,Region,Sofala,0,,0,1,WSTIMEPL30,MZDHS2003431007,2003,DHS,4302,6171,,,1
MOZ,Inhambane,3017073,Population with water 30 minutes or less away round trip,54,1,MZ,Mozambique,2003,MZ2003DHS,WS_TIME_P_L30,250202020,I,431008,1431008,Region,Inhambane,0,,0,1,WSTIMEPL30,MZDHS2003431008,2003,DHS,4973,5331,,,1
MOZ,Gaza,5111825,Population with water 30 minutes or less away round trip,56.5,1,MZ,Mozambique,2003,MZ2003DHS,WS_TIME_P_L30,250202020,I,431009,1431009,Region,Gaza,0,,0,1,WSTIMEPL30,MZDHS2003431009,2003,DHS,2952,5599,,,1
MOZ,Maputo Provincia,1168566,Population with water 30 minutes or less away round trip,53.2,1,MZ,Mozambique,2003,MZ2003DHS,WS_TIME_P_L30,250202020,I,431010,1431010,Region,Maputo Provincia,0,,0,1,WSTIMEPL30,MZDHS2003431010,2003,DHS,4296,5385,,,1
MOZ,Maputo Cidade,4868645,Population with water 30 minutes or less away round trip,56.6,1,MZ,Mozambique,2003,MZ2003DHS,WS_TIME_P_L30,250202020,I,431011,1431011,Region,Maputo Cidade,0,,0,1,WSTIMEPL30,MZDHS2003431011,2003,DHS,4083,6458,,,1
MOZ,Niassa,4127747,Population with water more than 30 minutes away round trip,17.9,1,MZ,Mozambique,2003,MZ2003DHS,WS_TIME_P_M30,250202030,I,431001,1431001,Region,Niassa,0,,0,1,WSTIMEPM30,MZDHS2003431001,2003,DHS,2832,4740,,,1
MOZ,Cabo Delgado,6418450,Population with water more than 30 minutes away round trip,37,1,MZ,Mozambique,2003,MZ2003DHS,WS_TIME_P_M30,250202030,I,431002,1431002,Region,Cabo Delgado,0,,0,1,WSTIMEPM30,MZDHS2003431002,2003,DHS,5317,4599,,,1
MOZ,Nampula,3868025,Population with water more than 30 minutes away round trip,26.2,1,MZ,Mozambique,2003,MZ2003DHS,WS_TIME_P_M30,250202030,I,431003,1431003,Region,Nampula,0,,0,1,WSTIMEPM30,MZDHS2003431003,2003,DHS,11839,6196,,,1
MOZ,Zambézia,234456,Population with water more than 30 minutes away round trip,32.7,1,MZ,Mozambique,2003,MZ2003DHS,WS_TIME_P_M30,250202030,I,431004,1431004,Region,Zambézia,0,,0,1,WSTIMEPM30,MZDHS2003431004,2003,DHS,9849,5997,,,1
MOZ,Tete,3226873,Population with water more than 30 minutes away round trip,22.5,1,MZ,Mozambique,2003,MZ2003DHS,WS_TIME_P_M30,250202030,I,431005,1431005,Region,Tete,0,,0,1,WSTIMEPM30,MZDHS2003431005,2003,DHS,5139,5593,,,1
MOZ,Manica,4225804,Population with water more than 30 minutes away round trip,26.8,1,MZ,Mozambique,2003,MZ2003DHS,WS_TIME_P_M30,250202030,I,431006,1431006,Region,Manica,0,,0,1,WSTIMEPM30,MZDHS2003431006,2003,DHS,4185,6193,,,1
MOZ,Sofala,7117597,Population with water more than 30 minutes away round trip,21.4,1,MZ,Mozambique,2003,MZ2003DHS,WS_TIME_P_M30,250202030,I,431007,1431007,Region,Sofala,0,,0,1,WSTIMEPM30,MZDHS2003431007,2003,DHS,4302,6171,,,1
MOZ,Inhambane,3017079,Population with water more than 30 minutes away round trip,33,1,MZ,Mozambique,2003,MZ2003DHS,WS_TIME_P_M30,250202030,I,431008,1431008,Region,Inhambane,0,,0,1,WSTIMEPM30,MZDHS2003431008,2003,DHS,4973,5331,,,1
MOZ,Gaza,5111721,Population with water more than 30 minutes away round trip,37.8,1,MZ,Mozambique,2003,MZ2003DHS,WS_TIME_P_M30,250202030,I,431009,1431009,Region,Gaza,0,,0,1,WSTIMEPM30,MZDHS2003431009,2003,DHS,2952,5599,,,1
MOZ,Maputo Provincia,1168572,Population with water more than 30 minutes away round trip,14.5,1,MZ,Mozambique,2003,MZ2003DHS,WS_TIME_P_M30,250202030,I,431010,1431010,Region,Maputo Provincia,0,,0,1,WSTIMEPM30,MZDHS2003431010,2003,DHS,4296,5385,,,1
MOZ,Maputo Cidade,4868653,Population with water more than 30 minutes away round trip,1.4,1,MZ,Mozambique,2003,MZ2003DHS,WS_TIME_P_M30,250202030,I,431011,1431011,Region,Maputo Cidade,0,,0,1,WSTIMEPM30,MZDHS2003431011,2003,DHS,4083,6458,,,1
MOZ,Niassa,4127750,Population with unknown or missing information on round trip time to water,0.5,1,MZ,Mozambique,2003,MZ2003DHS,WS_TIME_P_DKM,250202040,S,431001,1431001,Region,Niassa,0,,0,1,WSTIMEPDKM,MZDHS2003431001,2003,DHS,2832,4740,,,1
MOZ,Cabo Delgado,6418455,Population with unknown or missing information on round trip time to water,0.1,1,MZ,Mozambique,2003,MZ2003DHS,WS_TIME_P_DKM,250202040,S,431002,1431002,Region,Cabo Delgado,0,,0,1,WSTIMEPDKM,MZDHS2003431002,2003,DHS,5317,4599,,,1
MOZ,Nampula,3868051,Population with unknown or missing information on round trip time to water,0.1,1,MZ,Mozambique,2003,MZ2003DHS,WS_TIME_P_DKM,250202040,S,431003,1431003,Region,Nampula,0,,0,1,WSTIMEPDKM,MZDHS2003431003,2003,DHS,11839,6196,,,1
MOZ,Zambézia,234471,Population with unknown or missing information on round trip time to water,0,1,MZ,Mozambique,2003,MZ2003DHS,WS_TIME_P_DKM,250202040,S,431004,1431004,Region,Zambézia,0,,0,1,WSTIMEPDKM,MZDHS2003431004,2003,DHS,9849,5997,,,1
MOZ,Tete,3226877,Population with unknown or missing information on round trip time to water,0,1,MZ,Mozambique,2003,MZ2003DHS,WS_TIME_P_DKM,250202040,S,431005,1431005,Region,Tete,0,,0,1,WSTIMEPDKM,MZDHS2003431005,2003,DHS,5139,5593,,,1
MOZ,Manica,4225793,Population with unknown or missing information on round trip time to water,0.1,1,MZ,Mozambique,2003,MZ2003DHS,WS_TIME_P_DKM,250202040,S,431006,1431006,Region,Manica,0,,0,1,WSTIMEPDKM,MZDHS2003431006,2003,DHS,4185,6193,,,1
MOZ,Sofala,7117606,Population with unknown or missing information on round trip time to water,0,1,MZ,Mozambique,2003,MZ2003DHS,WS_TIME_P_DKM,250202040,S,431007,1431007,Region,Sofala,0,,0,1,WSTIMEPDKM,MZDHS2003431007,2003,DHS,4302,6171,,,1
MOZ,Inhambane,3017084,Population with unknown or missing information on round trip time to water,0,1,MZ,Mozambique,2003,MZ2003DHS,WS_TIME_P_DKM,250202040,S,431008,1431008,Region,Inhambane,0,,0,1,WSTIMEPDKM,MZDHS2003431008,2003,DHS,4973,5331,,,1
MOZ,Gaza,5111717,Population with unknown or missing information on round trip time to water,0,1,MZ,Mozambique,2003,MZ2003DHS,WS_TIME_P_DKM,250202040,S,431009,1431009,Region,Gaza,0,,0,1,WSTIMEPDKM,MZDHS2003431009,2003,DHS,2952,5599,,,1
MOZ,Maputo Provincia,1168577,Population with unknown or missing information on round trip time to water,0,1,MZ,Mozambique,2003,MZ2003DHS,WS_TIME_P_DKM,250202040,S,431010,1431010,Region,Maputo Provincia,0,,0,1,WSTIMEPDKM,MZDHS2003431010,2003,DHS,4296,5385,,,1
MOZ,Maputo Cidade,4868646,Population with unknown or missing information on round trip time to water,0,1,MZ,Mozambique,2003,MZ2003DHS,WS_TIME_P_DKM,250202040,S,431011,1431011,Region,Maputo Cidade,0,,0,1,WSTIMEPDKM,MZDHS2003431011,2003,DHS,4083,6458,,,1
MOZ,Niassa,4127763,Population: Total,100,1,MZ,Mozambique,2003,MZ2003DHS,WS_TIME_P_TOT,250202050,T,431001,1431001,Region,Niassa,0,,0,1,WSTIMEPTOT,MZDHS2003431001,2003,DHS,2832,4740,,,1
MOZ,Cabo Delgado,6418456,Population: Total,100,1,MZ,Mozambique,2003,MZ2003DHS,WS_TIME_P_TOT,250202050,T,431002,1431002,Region,Cabo Delgado,0,,0,1,WSTIMEPTOT,MZDHS2003431002,2003,DHS,5317,4599,,,1
MOZ,Nampula,3868052,Population: Total,100,1,MZ,Mozambique,2003,MZ2003DHS,WS_TIME_P_TOT,250202050,T,431003,1431003,Region,Nampula,0,,0,1,WSTIMEPTOT,MZDHS2003431003,2003,DHS,11839,6196,,,1
MOZ,Zambézia,234472,Population: Total,100,1,MZ,Mozambique,2003,MZ2003DHS,WS_TIME_P_TOT,250202050,T,431004,1431004,Region,Zambézia,0,,0,1,WSTIMEPTOT,MZDHS2003431004,2003,DHS,9849,5997,,,1
MOZ,Tete,3226879,Population: Total,100,1,MZ,Mozambique,2003,MZ2003DHS,WS_TIME_P_TOT,250202050,T,431005,1431005,Region,Tete,0,,0,1,WSTIMEPTOT,MZDHS2003431005,2003,DHS,5139,5593,,,1
MOZ,Manica,4225794,Population: Total,100,1,MZ,Mozambique,2003,MZ2003DHS,WS_TIME_P_TOT,250202050,T,431006,1431006,Region,Manica,0,,0,1,WSTIMEPTOT,MZDHS2003431006,2003,DHS,4185,6193,,,1
MOZ,Sofala,7117607,Population: Total,100,1,MZ,Mozambique,2003,MZ2003DHS,WS_TIME_P_TOT,250202050,T,431007,1431007,Region,Sofala,0,,0,1,WSTIMEPTOT,MZDHS2003431007,2003,DHS,4302,6171,,,1
MOZ,Inhambane,3017085,Population: Total,100,1,MZ,Mozambique,2003,MZ2003DHS,WS_TIME_P_TOT,250202050,T,431008,1431008,Region,Inhambane,0,,0,1,WSTIMEPTOT,MZDHS2003431008,2003,DHS,4973,5331,,,1
MOZ,Gaza,5111718,Population: Total,100,1,MZ,Mozambique,2003,MZ2003DHS,WS_TIME_P_TOT,250202050,T,431009,1431009,Region,Gaza,0,,0,1,WSTIMEPTOT,MZDHS2003431009,2003,DHS,2952,5599,,,1
MOZ,Maputo Provincia,1168578,Population: Total,100,1,MZ,Mozambique,2003,MZ2003DHS,WS_TIME_P_TOT,250202050,T,431010,1431010,Region,Maputo Provincia,0,,0,1,WSTIMEPTOT,MZDHS2003431010,2003,DHS,4296,5385,,,1
MOZ,Maputo Cidade,4868647,Population: Total,100,1,MZ,Mozambique,2003,MZ2003DHS,WS_TIME_P_TOT,250202050,T,431011,1431011,Region,Maputo Cidade,0,,0,1,WSTIMEPTOT,MZDHS2003431011,2003,DHS,4083,6458,,,1
MOZ,Niassa,3890022,Number of households,642,0,MZ,Mozambique,2003,MZ2003DHS,WS_WTRT_H_NUM,250231100,D,431001,1431001,Region,Niassa,0,,0,1,WSWTRTHNUM,MZDHS2003431001,2003,DHS,,994,,,1
MOZ,Cabo Delgado,4329484,Number of households,1248,0,MZ,Mozambique,2003,MZ2003DHS,WS_WTRT_H_NUM,250231100,D,431002,1431002,Region,Cabo Delgado,0,,0,1,WSWTRTHNUM,MZDHS2003431002,2003,DHS,,1083,,,1
MOZ,Nampula,3864587,Number of households,2524,0,MZ,Mozambique,2003,MZ2003DHS,WS_WTRT_H_NUM,250231100,D,431003,1431003,Region,Nampula,0,,0,1,WSWTRTHNUM,MZDHS2003431003,2003,DHS,,1355,,,1
MOZ,Zambézia,151201,Number of households,2270,0,MZ,Mozambique,2003,MZ2003DHS,WS_WTRT_H_NUM,250231100,D,431004,1431004,Region,Zambézia,0,,0,1,WSWTRTHNUM,MZDHS2003431004,2003,DHS,,1370,,,1
MOZ,Tete,1153196,Number of households,1054,0,MZ,Mozambique,2003,MZ2003DHS,WS_WTRT_H_NUM,250231100,D,431005,1431005,Region,Tete,0,,0,1,WSWTRTHNUM,MZDHS2003431005,2003,DHS,,1137,,,1
MOZ,Manica,1168559,Number of households,691,0,MZ,Mozambique,2003,MZ2003DHS,WS_WTRT_H_NUM,250231100,D,431006,1431006,Region,Manica,0,,0,1,WSWTRTHNUM,MZDHS2003431006,2003,DHS,,1016,,,1
MOZ,Sofala,1161278,Number of households,769,0,MZ,Mozambique,2003,MZ2003DHS,WS_WTRT_H_NUM,250231100,D,431007,1431007,Region,Sofala,0,,0,1,WSWTRTHNUM,MZDHS2003431007,2003,DHS,,1083,,,1
MOZ,Inhambane,6633413,Number of households,1056,0,MZ,Mozambique,2003,MZ2003DHS,WS_WTRT_H_NUM,250231100,D,431008,1431008,Region,Inhambane,0,,0,1,WSWTRTHNUM,MZDHS2003431008,2003,DHS,,1114,,,1
MOZ,Gaza,4471483,Number of households,606,0,MZ,Mozambique,2003,MZ2003DHS,WS_WTRT_H_NUM,250231100,D,431009,1431009,Region,Gaza,0,,0,1,WSWTRTHNUM,MZDHS2003431009,2003,DHS,,1112,,,1
MOZ,Maputo Provincia,5945261,Number of households,814,0,MZ,Mozambique,2003,MZ2003DHS,WS_WTRT_H_NUM,250231100,D,431010,1431010,Region,Maputo Provincia,0,,0,1,WSWTRTHNUM,MZDHS2003431010,2003,DHS,,1015,,,1
MOZ,Maputo Cidade,4290814,Number of households,642,0,MZ,Mozambique,2003,MZ2003DHS,WS_WTRT_H_NUM,250231100,D,431011,1431011,Region,Maputo Cidade,0,,0,1,WSWTRTHNUM,MZDHS2003431011,2003,DHS,,1036,,,1
MOZ,Niassa,3405338,Number of households (unweighted),994,0,MZ,Mozambique,2003,MZ2003DHS,WS_WTRT_H_UNW,250231110,U,431001,1431001,Region,Niassa,0,,0,1,WSWTRTHUNW,MZDHS2003431001,2003,DHS,642,,,,1
MOZ,Cabo Delgado,3180800,Number of households (unweighted),1083,0,MZ,Mozambique,2003,MZ2003DHS,WS_WTRT_H_UNW,250231110,U,431002,1431002,Region,Cabo Delgado,0,,0,1,WSWTRTHUNW,MZDHS2003431002,2003,DHS,1248,,,,1
MOZ,Nampula,716639,Number of households (unweighted),1355,0,MZ,Mozambique,2003,MZ2003DHS,WS_WTRT_H_UNW,250231110,U,431003,1431003,Region,Nampula,0,,0,1,WSWTRTHUNW,MZDHS2003431003,2003,DHS,2524,,,,1
MOZ,Zambézia,5095656,Number of households (unweighted),1370,0,MZ,Mozambique,2003,MZ2003DHS,WS_WTRT_H_UNW,250231110,U,431004,1431004,Region,Zambézia,0,,0,1,WSWTRTHUNW,MZDHS2003431004,2003,DHS,2270,,,,1
MOZ,Tete,464527,Number of households (unweighted),1137,0,MZ,Mozambique,2003,MZ2003DHS,WS_WTRT_H_UNW,250231110,U,431005,1431005,Region,Tete,0,,0,1,WSWTRTHUNW,MZDHS2003431005,2003,DHS,1054,,,,1
MOZ,Manica,1168602,Number of households (unweighted),1016,0,MZ,Mozambique,2003,MZ2003DHS,WS_WTRT_H_UNW,250231110,U,431006,1431006,Region,Manica,0,,0,1,WSWTRTHUNW,MZDHS2003431006,2003,DHS,691,,,,1
MOZ,Sofala,645735,Number of households (unweighted),1083,0,MZ,Mozambique,2003,MZ2003DHS,WS_WTRT_H_UNW,250231110,U,431007,1431007,Region,Sofala,0,,0,1,WSWTRTHUNW,MZDHS2003431007,2003,DHS,769,,,,1
MOZ,Inhambane,4262645,Number of households (unweighted),1114,0,MZ,Mozambique,2003,MZ2003DHS,WS_WTRT_H_UNW,250231110,U,431008,1431008,Region,Inhambane,0,,0,1,WSWTRTHUNW,MZDHS2003431008,2003,DHS,1056,,,,1
MOZ,Gaza,2830896,Number of households (unweighted),1112,0,MZ,Mozambique,2003,MZ2003DHS,WS_WTRT_H_UNW,250231110,U,431009,1431009,Region,Gaza,0,,0,1,WSWTRTHUNW,MZDHS2003431009,2003,DHS,606,,,,1
MOZ,Maputo Provincia,825621,Number of households (unweighted),1015,0,MZ,Mozambique,2003,MZ2003DHS,WS_WTRT_H_UNW,250231110,U,431010,1431010,Region,Maputo Provincia,0,,0,1,WSWTRTHUNW,MZDHS2003431010,2003,DHS,814,,,,1
MOZ,Maputo Cidade,2942910,Number of households (unweighted),1036,0,MZ,Mozambique,2003,MZ2003DHS,WS_WTRT_H_UNW,250231110,U,431011,1431011,Region,Maputo Cidade,0,,0,1,WSWTRTHUNW,MZDHS2003431011,2003,DHS,642,,,,1
MOZ,Niassa,4214603,Number of persons,2832,0,MZ,Mozambique,2003,MZ2003DHS,WS_WTRT_P_NUM,250232100,D,431001,1431001,Region,Niassa,0,,0,1,WSWTRTPNUM,MZDHS2003431001,2003,DHS,,4740,,,1
MOZ,Cabo Delgado,6503208,Number of persons,5317,0,MZ,Mozambique,2003,MZ2003DHS,WS_WTRT_P_NUM,250232100,D,431002,1431002,Region,Cabo Delgado,0,,0,1,WSWTRTPNUM,MZDHS2003431002,2003,DHS,,4599,,,1
MOZ,Nampula,3868096,Number of persons,11839,0,MZ,Mozambique,2003,MZ2003DHS,WS_WTRT_P_NUM,250232100,D,431003,1431003,Region,Nampula,0,,0,1,WSWTRTPNUM,MZDHS2003431003,2003,DHS,,6196,,,1
MOZ,Zambézia,151202,Number of persons,9849,0,MZ,Mozambique,2003,MZ2003DHS,WS_WTRT_P_NUM,250232100,D,431004,1431004,Region,Zambézia,0,,0,1,WSWTRTPNUM,MZDHS2003431004,2003,DHS,,5997,,,1
MOZ,Tete,1153197,Number of persons,5139,0,MZ,Mozambique,2003,MZ2003DHS,WS_WTRT_P_NUM,250232100,D,431005,1431005,Region,Tete,0,,0,1,WSWTRTPNUM,MZDHS2003431005,2003,DHS,,5593,,,1
MOZ,Manica,4314533,Number of persons,4185,0,MZ,Mozambique,2003,MZ2003DHS,WS_WTRT_P_NUM,250232100,D,431006,1431006,Region,Manica,0,,0,1,WSWTRTPNUM,MZDHS2003431006,2003,DHS,,6193,,,1
MOZ,Sofala,7147884,Number of persons,4302,0,MZ,Mozambique,2003,MZ2003DHS,WS_WTRT_P_NUM,250232100,D,431007,1431007,Region,Sofala,0,,0,1,WSWTRTPNUM,MZDHS2003431007,2003,DHS,,6171,,,1
MOZ,Inhambane,3191720,Number of persons,4973,0,MZ,Mozambique,2003,MZ2003DHS,WS_WTRT_P_NUM,250232100,D,431008,1431008,Region,Inhambane,0,,0,1,WSWTRTPNUM,MZDHS2003431008,2003,DHS,,5331,,,1
MOZ,Gaza,5244365,Number of persons,2952,0,MZ,Mozambique,2003,MZ2003DHS,WS_WTRT_P_NUM,250232100,D,431009,1431009,Region,Gaza,0,,0,1,WSWTRTPNUM,MZDHS2003431009,2003,DHS,,5599,,,1
MOZ,Maputo Provincia,1168650,Number of persons,4296,0,MZ,Mozambique,2003,MZ2003DHS,WS_WTRT_P_NUM,250232100,D,431010,1431010,Region,Maputo Provincia,0,,0,1,WSWTRTPNUM,MZDHS2003431010,2003,DHS,,5385,,,1
MOZ,Maputo Cidade,4868639,Number of persons,4083,0,MZ,Mozambique,2003,MZ2003DHS,WS_WTRT_P_NUM,250232100,D,431011,1431011,Region,Maputo Cidade,0,,0,1,WSWTRTPNUM,MZDHS2003431011,2003,DHS,,6458,,,1
MOZ,Niassa,3177930,Number of persons (unweighted),4740,0,MZ,Mozambique,2003,MZ2003DHS,WS_WTRT_P_UNW,250232110,U,431001,1431001,Region,Niassa,0,,0,1,WSWTRTPUNW,MZDHS2003431001,2003,DHS,2832,,,,1
MOZ,Cabo Delgado,402930,Number of persons (unweighted),4599,0,MZ,Mozambique,2003,MZ2003DHS,WS_WTRT_P_UNW,250232110,U,431002,1431002,Region,Cabo Delgado,0,,0,1,WSWTRTPUNW,MZDHS2003431002,2003,DHS,5317,,,,1
MOZ,Nampula,1153191,Number of persons (unweighted),6196,0,MZ,Mozambique,2003,MZ2003DHS,WS_WTRT_P_UNW,250232110,U,431003,1431003,Region,Nampula,0,,0,1,WSWTRTPUNW,MZDHS2003431003,2003,DHS,11839,,,,1
MOZ,Zambézia,5044850,Number of persons (unweighted),5997,0,MZ,Mozambique,2003,MZ2003DHS,WS_WTRT_P_UNW,250232110,U,431004,1431004,Region,Zambézia,0,,0,1,WSWTRTPUNW,MZDHS2003431004,2003,DHS,9849,,,,1
MOZ,Tete,3226932,Number of persons (unweighted),5593,0,MZ,Mozambique,2003,MZ2003DHS,WS_WTRT_P_UNW,250232110,U,431005,1431005,Region,Tete,0,,0,1,WSWTRTPUNW,MZDHS2003431005,2003,DHS,5139,,,,1
MOZ,Manica,3153669,Number of persons (unweighted),6193,0,MZ,Mozambique,2003,MZ2003DHS,WS_WTRT_P_UNW,250232110,U,431006,1431006,Region,Manica,0,,0,1,WSWTRTPUNW,MZDHS2003431006,2003,DHS,4185,,,,1
MOZ,Sofala,760413,Number of persons (unweighted),6171,0,MZ,Mozambique,2003,MZ2003DHS,WS_WTRT_P_UNW,250232110,U,431007,1431007,Region,Sofala,0,,0,1,WSWTRTPUNW,MZDHS2003431007,2003,DHS,4302,,,,1
MOZ,Inhambane,4337764,Number of persons (unweighted),5331,0,MZ,Mozambique,2003,MZ2003DHS,WS_WTRT_P_UNW,250232110,U,431008,1431008,Region,Inhambane,0,,0,1,WSWTRTPUNW,MZDHS2003431008,2003,DHS,4973,,,,1
MOZ,Gaza,438740,Number of persons (unweighted),5599,0,MZ,Mozambique,2003,MZ2003DHS,WS_WTRT_P_UNW,250232110,U,431009,1431009,Region,Gaza,0,,0,1,WSWTRTPUNW,MZDHS2003431009,2003,DHS,2952,,,,1
MOZ,Maputo Provincia,1168649,Number of persons (unweighted),5385,0,MZ,Mozambique,2003,MZ2003DHS,WS_WTRT_P_UNW,250232110,U,431010,1431010,Region,Maputo Provincia,0,,0,1,WSWTRTPUNW,MZDHS2003431010,2003,DHS,4296,,,,1
MOZ,Maputo Cidade,1175478,Number of persons (unweighted),6458,0,MZ,Mozambique,2003,MZ2003DHS,WS_WTRT_P_UNW,250232110,U,431011,1431011,Region,Maputo Cidade,0,,0,1,WSWTRTPUNW,MZDHS2003431011,2003,DHS,4083,,,,1
MOZ,Niassa,4339114,Households using an improved water source,78.7,1,MZ,Mozambique,2009,MZ2009AIS,WS_SRCE_H_IMP,250161010,I,431001,1431001,Region,Niassa,0,,0,1,WSSRCEHIMP,MZAIS2009431001,2009,AIS,353,506,,,1
MOZ,Cabo Delgado,6521724,Households using an improved water source,38.6,1,MZ,Mozambique,2009,MZ2009AIS,WS_SRCE_H_IMP,250161010,I,431002,1431002,Region,Cabo Delgado,0,,0,1,WSSRCEHIMP,MZAIS2009431002,2009,AIS,538,546,,,1
MOZ,Nampula,5796941,Households using an improved water source,46.4,1,MZ,Mozambique,2009,MZ2009AIS,WS_SRCE_H_IMP,250161010,I,431003,1431003,Region,Nampula,0,,0,1,WSSRCEHIMP,MZAIS2009431003,2009,AIS,1309,679,,,1
MOZ,Zambézia,1177172,Households using an improved water source,23.3,1,MZ,Mozambique,2009,MZ2009AIS,WS_SRCE_H_IMP,250161010,I,431004,1431004,Region,Zambézia,0,,0,1,WSSRCEHIMP,MZAIS2009431004,2009,AIS,1200,685,,,1
MOZ,Tete,5312002,Households using an improved water source,46.6,1,MZ,Mozambique,2009,MZ2009AIS,WS_SRCE_H_IMP,250161010,I,431005,1431005,Region,Tete,0,,0,1,WSSRCEHIMP,MZAIS2009431005,2009,AIS,525,543,,,1
MOZ,Manica,3100514,Households using an improved water source,45.7,1,MZ,Mozambique,2009,MZ2009AIS,WS_SRCE_H_IMP,250161010,I,431006,1431006,Region,Manica,0,,0,1,WSSRCEHIMP,MZAIS2009431006,2009,AIS,371,510,,,1
MOZ,Sofala,6484217,Households using an improved water source,70.5,1,MZ,Mozambique,2009,MZ2009AIS,WS_SRCE_H_IMP,250161010,I,431007,1431007,Region,Sofala,0,,0,1,WSSRCEHIMP,MZAIS2009431007,2009,AIS,445,552,,,1
MOZ,Inhambane,4828557,Households using an improved water source,68.1,1,MZ,Mozambique,2009,MZ2009AIS,WS_SRCE_H_IMP,250161010,I,431008,1431008,Region,Inhambane,0,,0,1,WSSRCEHIMP,MZAIS2009431008,2009,AIS,377,527,,,1
MOZ,Gaza,7125990,Households using an improved water source,65.9,1,MZ,Mozambique,2009,MZ2009AIS,WS_SRCE_H_IMP,250161010,I,431009,1431009,Region,Gaza,0,,0,1,WSSRCEHIMP,MZAIS2009431009,2009,AIS,335,504,,,1
MOZ,Maputo Provincia,3301014,Households using an improved water source,72.9,1,MZ,Mozambique,2009,MZ2009AIS,WS_SRCE_H_IMP,250161010,I,431010,1431010,Region,Maputo Provincia,0,,0,1,WSSRCEHIMP,MZAIS2009431010,2009,AIS,354,474,,,1
MOZ,Maputo Cidade,1169242,Households using an improved water source,99.7,1,MZ,Mozambique,2009,MZ2009AIS,WS_SRCE_H_IMP,250161010,I,431011,1431011,Region,Maputo Cidade,0,,0,1,WSSRCEHIMP,MZAIS2009431011,2009,AIS,293,571,,,1
MOZ,Niassa,4339108,Households using water piped into dwelling,0.1,1,MZ,Mozambique,2009,MZ2009AIS,WS_SRCE_H_PIP,250161020,I,431001,1431001,Region,Niassa,0,,0,1,WSSRCEHPIP,MZAIS2009431001,2009,AIS,353,506,,,1
MOZ,Cabo Delgado,6521728,Households using water piped into dwelling,1,1,MZ,Mozambique,2009,MZ2009AIS,WS_SRCE_H_PIP,250161020,I,431002,1431002,Region,Cabo Delgado,0,,0,1,WSSRCEHPIP,MZAIS2009431002,2009,AIS,538,546,,,1
MOZ,Nampula,5796913,Households using water piped into dwelling,1.7,1,MZ,Mozambique,2009,MZ2009AIS,WS_SRCE_H_PIP,250161020,I,431003,1431003,Region,Nampula,0,,0,1,WSSRCEHPIP,MZAIS2009431003,2009,AIS,1309,679,,,1
MOZ,Zambézia,1177145,Households using water piped into dwelling,0.6,1,MZ,Mozambique,2009,MZ2009AIS,WS_SRCE_H_PIP,250161020,I,431004,1431004,Region,Zambézia,0,,0,1,WSSRCEHPIP,MZAIS2009431004,2009,AIS,1200,685,,,1
MOZ,Tete,5312005,Households using water piped into dwelling,1,1,MZ,Mozambique,2009,MZ2009AIS,WS_SRCE_H_PIP,250161020,I,431005,1431005,Region,Tete,0,,0,1,WSSRCEHPIP,MZAIS2009431005,2009,AIS,525,543,,,1
MOZ,Manica,3100510,Households using water piped into dwelling,0.1,1,MZ,Mozambique,2009,MZ2009AIS,WS_SRCE_H_PIP,250161020,I,431006,1431006,Region,Manica,0,,0,1,WSSRCEHPIP,MZAIS2009431006,2009,AIS,371,510,,,1
MOZ,Sofala,6484231,Households using water piped into dwelling,1.1,1,MZ,Mozambique,2009,MZ2009AIS,WS_SRCE_H_PIP,250161020,I,431007,1431007,Region,Sofala,0,,0,1,WSSRCEHPIP,MZAIS2009431007,2009,AIS,445,552,,,1
MOZ,Inhambane,4828562,Households using water piped into dwelling,0.7,1,MZ,Mozambique,2009,MZ2009AIS,WS_SRCE_H_PIP,250161020,I,431008,1431008,Region,Inhambane,0,,0,1,WSSRCEHPIP,MZAIS2009431008,2009,AIS,377,527,,,1
MOZ,Gaza,7125991,Households using water piped into dwelling,0.3,1,MZ,Mozambique,2009,MZ2009AIS,WS_SRCE_H_PIP,250161020,I,431009,1431009,Region,Gaza,0,,0,1,WSSRCEHPIP,MZAIS2009431009,2009,AIS,335,504,,,1
MOZ,Maputo Provincia,3301015,Households using water piped into dwelling,2,1,MZ,Mozambique,2009,MZ2009AIS,WS_SRCE_H_PIP,250161020,I,431010,1431010,Region,Maputo Provincia,0,,0,1,WSSRCEHPIP,MZAIS2009431010,2009,AIS,354,474,,,1
MOZ,Maputo Cidade,1169229,Households using water piped into dwelling,17.3,1,MZ,Mozambique,2009,MZ2009AIS,WS_SRCE_H_PIP,250161020,I,431011,1431011,Region,Maputo Cidade,0,,0,1,WSSRCEHPIP,MZAIS2009431011,2009,AIS,293,571,,,1
MOZ,Niassa,4339110,Households using a public tap/standpipe,16,1,MZ,Mozambique,2009,MZ2009AIS,WS_SRCE_H_TAP,250161030,I,431001,1431001,Region,Niassa,0,,0,1,WSSRCEHTAP,MZAIS2009431001,2009,AIS,353,506,,,1
MOZ,Cabo Delgado,6521730,Households using a public tap/standpipe,10,1,MZ,Mozambique,2009,MZ2009AIS,WS_SRCE_H_TAP,250161030,I,431002,1431002,Region,Cabo Delgado,0,,0,1,WSSRCEHTAP,MZAIS2009431002,2009,AIS,538,546,,,1
MOZ,Nampula,5796915,Households using a public tap/standpipe,27.6,1,MZ,Mozambique,2009,MZ2009AIS,WS_SRCE_H_TAP,250161030,I,431003,1431003,Region,Nampula,0,,0,1,WSSRCEHTAP,MZAIS2009431003,2009,AIS,1309,679,,,1
MOZ,Zambézia,1177163,Households using a public tap/standpipe,0.7,1,MZ,Mozambique,2009,MZ2009AIS,WS_SRCE_H_TAP,250161030,I,431004,1431004,Region,Zambézia,0,,0,1,WSSRCEHTAP,MZAIS2009431004,2009,AIS,1200,685,,,1
MOZ,Tete,5312007,Households using a public tap/standpipe,20.1,1,MZ,Mozambique,2009,MZ2009AIS,WS_SRCE_H_TAP,250161030,I,431005,1431005,Region,Tete,0,,0,1,WSSRCEHTAP,MZAIS2009431005,2009,AIS,525,543,,,1
MOZ,Manica,3100520,Households using a public tap/standpipe,6.3,1,MZ,Mozambique,2009,MZ2009AIS,WS_SRCE_H_TAP,250161030,I,431006,1431006,Region,Manica,0,,0,1,WSSRCEHTAP,MZAIS2009431006,2009,AIS,371,510,,,1
MOZ,Sofala,6484233,Households using a public tap/standpipe,20.7,1,MZ,Mozambique,2009,MZ2009AIS,WS_SRCE_H_TAP,250161030,I,431007,1431007,Region,Sofala,0,,0,1,WSSRCEHTAP,MZAIS2009431007,2009,AIS,445,552,,,1
MOZ,Inhambane,4828564,Households using a public tap/standpipe,24.8,1,MZ,Mozambique,2009,MZ2009AIS,WS_SRCE_H_TAP,250161030,I,431008,1431008,Region,Inhambane,0,,0,1,WSSRCEHTAP,MZAIS2009431008,2009,AIS,377,527,,,1
MOZ,Gaza,7126010,Households using a public tap/standpipe,25.4,1,MZ,Mozambique,2009,MZ2009AIS,WS_SRCE_H_TAP,250161030,I,431009,1431009,Region,Gaza,0,,0,1,WSSRCEHTAP,MZAIS2009431009,2009,AIS,335,504,,,1
MOZ,Maputo Provincia,3301017,Households using a public tap/standpipe,21.4,1,MZ,Mozambique,2009,MZ2009AIS,WS_SRCE_H_TAP,250161030,I,431010,1431010,Region,Maputo Provincia,0,,0,1,WSSRCEHTAP,MZAIS2009431010,2009,AIS,354,474,,,1
MOZ,Maputo Cidade,1169231,Households using a public tap/standpipe,34.7,1,MZ,Mozambique,2009,MZ2009AIS,WS_SRCE_H_TAP,250161030,I,431011,1431011,Region,Maputo Cidade,0,,0,1,WSSRCEHTAP,MZAIS2009431011,2009,AIS,293,571,,,1
MOZ,Niassa,4339112,Households using a tubewell/borehole,45.3,1,MZ,Mozambique,2009,MZ2009AIS,WS_SRCE_H_TUB,250161040,I,431001,1431001,Region,Niassa,0,,0,1,WSSRCEHTUB,MZAIS2009431001,2009,AIS,353,506,,,1
MOZ,Cabo Delgado,6521732,Households using a tubewell/borehole,17.4,1,MZ,Mozambique,2009,MZ2009AIS,WS_SRCE_H_TUB,250161040,I,431002,1431002,Region,Cabo Delgado,0,,0,1,WSSRCEHTUB,MZAIS2009431002,2009,AIS,538,546,,,1
MOZ,Nampula,5796917,Households using a tubewell/borehole,11.1,1,MZ,Mozambique,2009,MZ2009AIS,WS_SRCE_H_TUB,250161040,I,431003,1431003,Region,Nampula,0,,0,1,WSSRCEHTUB,MZAIS2009431003,2009,AIS,1309,679,,,1
MOZ,Zambézia,1177165,Households using a tubewell/borehole,11.3,1,MZ,Mozambique,2009,MZ2009AIS,WS_SRCE_H_TUB,250161040,I,431004,1431004,Region,Zambézia,0,,0,1,WSSRCEHTUB,MZAIS2009431004,2009,AIS,1200,685,,,1
MOZ,Tete,5312009,Households using a tubewell/borehole,12.5,1,MZ,Mozambique,2009,MZ2009AIS,WS_SRCE_H_TUB,250161040,I,431005,1431005,Region,Tete,0,,0,1,WSSRCEHTUB,MZAIS2009431005,2009,AIS,525,543,,,1
MOZ,Manica,3100522,Households using a tubewell/borehole,16.9,1,MZ,Mozambique,2009,MZ2009AIS,WS_SRCE_H_TUB,250161040,I,431006,1431006,Region,Manica,0,,0,1,WSSRCEHTUB,MZAIS2009431006,2009,AIS,371,510,,,1
MOZ,Sofala,6484235,Households using a tubewell/borehole,23,1,MZ,Mozambique,2009,MZ2009AIS,WS_SRCE_H_TUB,250161040,I,431007,1431007,Region,Sofala,0,,0,1,WSSRCEHTUB,MZAIS2009431007,2009,AIS,445,552,,,1
MOZ,Inhambane,4828572,Households using a tubewell/borehole,23.6,1,MZ,Mozambique,2009,MZ2009AIS,WS_SRCE_H_TUB,250161040,I,431008,1431008,Region,Inhambane,0,,0,1,WSSRCEHTUB,MZAIS2009431008,2009,AIS,377,527,,,1
MOZ,Gaza,7126012,Households using a tubewell/borehole,8.2,1,MZ,Mozambique,2009,MZ2009AIS,WS_SRCE_H_TUB,250161040,I,431009,1431009,Region,Gaza,0,,0,1,WSSRCEHTUB,MZAIS2009431009,2009,AIS,335,504,,,1
MOZ,Maputo Provincia,3301019,Households using a tubewell/borehole,3,1,MZ,Mozambique,2009,MZ2009AIS,WS_SRCE_H_TUB,250161040,I,431010,1431010,Region,Maputo Provincia,0,,0,1,WSSRCEHTUB,MZAIS2009431010,2009,AIS,354,474,,,1
MOZ,Maputo Cidade,1169238,Households using a tubewell/borehole,0.6,1,MZ,Mozambique,2009,MZ2009AIS,WS_SRCE_H_TUB,250161040,I,431011,1431011,Region,Maputo Cidade,0,,0,1,WSSRCEHTUB,MZAIS2009431011,2009,AIS,293,571,,,1
MOZ,Niassa,4339113,Households using a protected well,15.3,1,MZ,Mozambique,2009,MZ2009AIS,WS_SRCE_H_PWL,250161050,I,431001,1431001,Region,Niassa,0,,0,1,WSSRCEHPWL,MZAIS2009431001,2009,AIS,353,506,,,1
MOZ,Cabo Delgado,6521733,Households using a protected well,5.6,1,MZ,Mozambique,2009,MZ2009AIS,WS_SRCE_H_PWL,250161050,I,431002,1431002,Region,Cabo Delgado,0,,0,1,WSSRCEHPWL,MZAIS2009431002,2009,AIS,538,546,,,1
MOZ,Nampula,5796918,Households using a protected well,1.5,1,MZ,Mozambique,2009,MZ2009AIS,WS_SRCE_H_PWL,250161050,I,431003,1431003,Region,Nampula,0,,0,1,WSSRCEHPWL,MZAIS2009431003,2009,AIS,1309,679,,,1
MOZ,Zambézia,1177179,Households using a protected well,6.5,1,MZ,Mozambique,2009,MZ2009AIS,WS_SRCE_H_PWL,250161050,I,431004,1431004,Region,Zambézia,0,,0,1,WSSRCEHPWL,MZAIS2009431004,2009,AIS,1200,685,,,1
MOZ,Tete,5312010,Households using a protected well,6.8,1,MZ,Mozambique,2009,MZ2009AIS,WS_SRCE_H_PWL,250161050,I,431005,1431005,Region,Tete,0,,0,1,WSSRCEHPWL,MZAIS2009431005,2009,AIS,525,543,,,1
MOZ,Manica,3100523,Households using a protected well,20.2,1,MZ,Mozambique,2009,MZ2009AIS,WS_SRCE_H_PWL,250161050,I,431006,1431006,Region,Manica,0,,0,1,WSSRCEHPWL,MZAIS2009431006,2009,AIS,371,510,,,1
MOZ,Sofala,6484236,Households using a protected well,4.8,1,MZ,Mozambique,2009,MZ2009AIS,WS_SRCE_H_PWL,250161050,I,431007,1431007,Region,Sofala,0,,0,1,WSSRCEHPWL,MZAIS2009431007,2009,AIS,445,552,,,1
MOZ,Inhambane,4828573,Households using a protected well,13.4,1,MZ,Mozambique,2009,MZ2009AIS,WS_SRCE_H_PWL,250161050,I,431008,1431008,Region,Inhambane,0,,0,1,WSSRCEHPWL,MZAIS2009431008,2009,AIS,377,527,,,1
MOZ,Gaza,7125984,Households using a protected well,17.8,1,MZ,Mozambique,2009,MZ2009AIS,WS_SRCE_H_PWL,250161050,I,431009,1431009,Region,Gaza,0,,0,1,WSSRCEHPWL,MZAIS2009431009,2009,AIS,335,504,,,1
MOZ,Maputo Provincia,3301020,Households using a protected well,7.5,1,MZ,Mozambique,2009,MZ2009AIS,WS_SRCE_H_PWL,250161050,I,431010,1431010,Region,Maputo Provincia,0,,0,1,WSSRCEHPWL,MZAIS2009431010,2009,AIS,354,474,,,1
MOZ,Maputo Cidade,1169239,Households using a protected well,0.7,1,MZ,Mozambique,2009,MZ2009AIS,WS_SRCE_H_PWL,250161050,I,431011,1431011,Region,Maputo Cidade,0,,0,1,WSSRCEHPWL,MZAIS2009431011,2009,AIS,293,571,,,1
MOZ,Niassa,4339116,Households using a protected spring,0.1,1,MZ,Mozambique,2009,MZ2009AIS,WS_SRCE_H_PSG,250161060,I,431001,1431001,Region,Niassa,0,,0,1,WSSRCEHPSG,MZAIS2009431001,2009,AIS,353,506,,,1
MOZ,Cabo Delgado,6521726,Households using a protected spring,0,1,MZ,Mozambique,2009,MZ2009AIS,WS_SRCE_H_PSG,250161060,I,431002,1431002,Region,Cabo Delgado,0,,0,1,WSSRCEHPSG,MZAIS2009431002,2009,AIS,538,546,,,1
MOZ,Nampula,5796943,Households using a protected spring,0.1,1,MZ,Mozambique,2009,MZ2009AIS,WS_SRCE_H_PSG,250161060,I,431003,1431003,Region,Nampula,0,,0,1,WSSRCEHPSG,MZAIS2009431003,2009,AIS,1309,679,,,1
MOZ,Zambézia,1177175,Households using a protected spring,0.1,1,MZ,Mozambique,2009,MZ2009AIS,WS_SRCE_H_PSG,250161060,I,431004,1431004,Region,Zambézia,0,,0,1,WSSRCEHPSG,MZAIS2009431004,2009,AIS,1200,685,,,1
MOZ,Tete,5312004,Households using a protected spring,0,1,MZ,Mozambique,2009,MZ2009AIS,WS_SRCE_H_PSG,250161060,I,431005,1431005,Region,Tete,0,,0,1,WSSRCEHPSG,MZAIS2009431005,2009,AIS,525,543,,,1
MOZ,Manica,3100516,Households using a protected spring,1.3,1,MZ,Mozambique,2009,MZ2009AIS,WS_SRCE_H_PSG,250161060,I,431006,1431006,Region,Manica,0,,0,1,WSSRCEHPSG,MZAIS2009431006,2009,AIS,371,510,,,1
MOZ,Sofala,6484219,Households using a protected spring,0.1,1,MZ,Mozambique,2009,MZ2009AIS,WS_SRCE_H_PSG,250161060,I,431007,1431007,Region,Sofala,0,,0,1,WSSRCEHPSG,MZAIS2009431007,2009,AIS,445,552,,,1
MOZ,Inhambane,4828559,Households using a protected spring,0.1,1,MZ,Mozambique,2009,MZ2009AIS,WS_SRCE_H_PSG,250161060,I,431008,1431008,Region,Inhambane,0,,0,1,WSSRCEHPSG,MZAIS2009431008,2009,AIS,377,527,,,1
MOZ,Gaza,7126014,Households using a protected spring,0,1,MZ,Mozambique,2009,MZ2009AIS,WS_SRCE_H_PSG,250161060,I,431009,1431009,Region,Gaza,0,,0,1,WSSRCEHPSG,MZAIS2009431009,2009,AIS,335,504,,,1
MOZ,Maputo Provincia,3301024,Households using a protected spring,0.1,1,MZ,Mozambique,2009,MZ2009AIS,WS_SRCE_H_PSG,250161060,I,431010,1431010,Region,Maputo Provincia,0,,0,1,WSSRCEHPSG,MZAIS2009431010,2009,AIS,354,474,,,1
MOZ,Maputo Cidade,1169244,Households using a protected spring,0,1,MZ,Mozambique,2009,MZ2009AIS,WS_SRCE_H_PSG,250161060,I,431011,1431011,Region,Maputo Cidade,0,,0,1,WSSRCEHPSG,MZAIS2009431011,2009,AIS,293,571,,,1
MOZ,Niassa,4339120,Households using rainwater,0,1,MZ,Mozambique,2009,MZ2009AIS,WS_SRCE_H_RNW,250161070,I,431001,1431001,Region,Niassa,0,,0,1,WSSRCEHRNW,MZAIS2009431001,2009,AIS,353,506,,,1
MOZ,Cabo Delgado,6521723,Households using rainwater,0,1,MZ,Mozambique,2009,MZ2009AIS,WS_SRCE_H_RNW,250161070,I,431002,1431002,Region,Cabo Delgado,0,,0,1,WSSRCEHRNW,MZAIS2009431002,2009,AIS,538,546,,,1
MOZ,Nampula,5796920,Households using rainwater,0.1,1,MZ,Mozambique,2009,MZ2009AIS,WS_SRCE_H_RNW,250161070,I,431003,1431003,Region,Nampula,0,,0,1,WSSRCEHRNW,MZAIS2009431003,2009,AIS,1309,679,,,1
MOZ,Zambézia,1177180,Households using rainwater,0,1,MZ,Mozambique,2009,MZ2009AIS,WS_SRCE_H_RNW,250161070,I,431004,1431004,Region,Zambézia,0,,0,1,WSSRCEHRNW,MZAIS2009431004,2009,AIS,1200,685,,,1
MOZ,Tete,5312012,Households using rainwater,0,1,MZ,Mozambique,2009,MZ2009AIS,WS_SRCE_H_RNW,250161070,I,431005,1431005,Region,Tete,0,,0,1,WSSRCEHRNW,MZAIS2009431005,2009,AIS,525,543,,,1
MOZ,Manica,3100512,Households using rainwater,0,1,MZ,Mozambique,2009,MZ2009AIS,WS_SRCE_H_RNW,250161070,I,431006,1431006,Region,Manica,0,,0,1,WSSRCEHRNW,MZAIS2009431006,2009,AIS,371,510,,,1
MOZ,Sofala,6484223,Households using rainwater,0,1,MZ,Mozambique,2009,MZ2009AIS,WS_SRCE_H_RNW,250161070,I,431007,1431007,Region,Sofala,0,,0,1,WSSRCEHRNW,MZAIS2009431007,2009,AIS,445,552,,,1
MOZ,Inhambane,4828556,Households using rainwater,0.6,1,MZ,Mozambique,2009,MZ2009AIS,WS_SRCE_H_RNW,250161070,I,431008,1431008,Region,Inhambane,0,,0,1,WSSRCEHRNW,MZAIS2009431008,2009,AIS,377,527,,,1
MOZ,Gaza,7125982,Households using rainwater,1.9,1,MZ,Mozambique,2009,MZ2009AIS,WS_SRCE_H_RNW,250161070,I,431009,1431009,Region,Gaza,0,,0,1,WSSRCEHRNW,MZAIS2009431009,2009,AIS,335,504,,,1
MOZ,Maputo Provincia,3301028,Households using rainwater,0,1,MZ,Mozambique,2009,MZ2009AIS,WS_SRCE_H_RNW,250161070,I,431010,1431010,Region,Maputo Provincia,0,,0,1,WSSRCEHRNW,MZAIS2009431010,2009,AIS,354,474,,,1
MOZ,Maputo Cidade,1169240,Households using rainwater,0,1,MZ,Mozambique,2009,MZ2009AIS,WS_SRCE_H_RNW,250161070,I,431011,1431011,Region,Maputo Cidade,0,,0,1,WSSRCEHRNW,MZAIS2009431011,2009,AIS,293,571,,,1
MOZ,Niassa,4339124,Households using tanker truck,0,1,MZ,Mozambique,2009,MZ2009AIS,WS_SRCE_H_TNK,250161074,I,431001,1431001,Region,Niassa,0,,0,1,WSSRCEHTNK,MZAIS2009431001,2009,AIS,353,506,,,1
MOZ,Cabo Delgado,6521740,Households using tanker truck,0,1,MZ,Mozambique,2009,MZ2009AIS,WS_SRCE_H_TNK,250161074,I,431002,1431002,Region,Cabo Delgado,0,,0,1,WSSRCEHTNK,MZAIS2009431002,2009,AIS,538,546,,,1
MOZ,Nampula,5796934,Households using tanker truck,0.3,1,MZ,Mozambique,2009,MZ2009AIS,WS_SRCE_H_TNK,250161074,I,431003,1431003,Region,Nampula,0,,0,1,WSSRCEHTNK,MZAIS2009431003,2009,AIS,1309,679,,,1
MOZ,Zambézia,1177169,Households using tanker truck,0,1,MZ,Mozambique,2009,MZ2009AIS,WS_SRCE_H_TNK,250161074,I,431004,1431004,Region,Zambézia,0,,0,1,WSSRCEHTNK,MZAIS2009431004,2009,AIS,1200,685,,,1
MOZ,Tete,5312015,Households using tanker truck,0,1,MZ,Mozambique,2009,MZ2009AIS,WS_SRCE_H_TNK,250161074,I,431005,1431005,Region,Tete,0,,0,1,WSSRCEHTNK,MZAIS2009431005,2009,AIS,525,543,,,1
MOZ,Manica,3100539,Households using tanker truck,0,1,MZ,Mozambique,2009,MZ2009AIS,WS_SRCE_H_TNK,250161074,I,431006,1431006,Region,Manica,0,,0,1,WSSRCEHTNK,MZAIS2009431006,2009,AIS,371,510,,,1
MOZ,Sofala,6484304,Households using tanker truck,0,1,MZ,Mozambique,2009,MZ2009AIS,WS_SRCE_H_TNK,250161074,I,431007,1431007,Region,Sofala,0,,0,1,WSSRCEHTNK,MZAIS2009431007,2009,AIS,445,552,,,1
MOZ,Inhambane,4828582,Households using tanker truck,0,1,MZ,Mozambique,2009,MZ2009AIS,WS_SRCE_H_TNK,250161074,I,431008,1431008,Region,Inhambane,0,,0,1,WSSRCEHTNK,MZAIS2009431008,2009,AIS,377,527,,,1
MOZ,Gaza,7125987,Households using tanker truck,0,1,MZ,Mozambique,2009,MZ2009AIS,WS_SRCE_H_TNK,250161074,I,431009,1431009,Region,Gaza,0,,0,1,WSSRCEHTNK,MZAIS2009431009,2009,AIS,335,504,,,1
MOZ,Maputo Provincia,3301045,Households using tanker truck,0.8,1,MZ,Mozambique,2009,MZ2009AIS,WS_SRCE_H_TNK,250161074,I,431010,1431010,Region,Maputo Provincia,0,,0,1,WSSRCEHTNK,MZAIS2009431010,2009,AIS,354,474,,,1
MOZ,Maputo Cidade,1169234,Households using tanker truck,0,1,MZ,Mozambique,2009,MZ2009AIS,WS_SRCE_H_TNK,250161074,I,431011,1431011,Region,Maputo Cidade,0,,0,1,WSSRCEHTNK,MZAIS2009431011,2009,AIS,293,571,,,1
MOZ,Niassa,4339117,Households using bottled water,0,1,MZ,Mozambique,2009,MZ2009AIS,WS_SRCE_H_BOT,250161080,I,431001,1431001,Region,Niassa,0,,0,1,WSSRCEHBOT,MZAIS2009431001,2009,AIS,353,506,,,1
MOZ,Cabo Delgado,6521727,Households using bottled water,0,1,MZ,Mozambique,2009,MZ2009AIS,WS_SRCE_H_BOT,250161080,I,431002,1431002,Region,Cabo Delgado,0,,0,1,WSSRCEHBOT,MZAIS2009431002,2009,AIS,538,546,,,1
MOZ,Nampula,5796944,Households using bottled water,0.2,1,MZ,Mozambique,2009,MZ2009AIS,WS_SRCE_H_BOT,250161080,I,431003,1431003,Region,Nampula,0,,0,1,WSSRCEHBOT,MZAIS2009431003,2009,AIS,1309,679,,,1
MOZ,Zambézia,1177176,Households using bottled water,0,1,MZ,Mozambique,2009,MZ2009AIS,WS_SRCE_H_BOT,250161080,I,431004,1431004,Region,Zambézia,0,,0,1,WSSRCEHBOT,MZAIS2009431004,2009,AIS,1200,685,,,1
MOZ,Tete,5312017,Households using bottled water,0.8,1,MZ,Mozambique,2009,MZ2009AIS,WS_SRCE_H_BOT,250161080,I,431005,1431005,Region,Tete,0,,0,1,WSSRCEHBOT,MZAIS2009431005,2009,AIS,525,543,,,1
MOZ,Manica,3100517,Households using bottled water,0,1,MZ,Mozambique,2009,MZ2009AIS,WS_SRCE_H_BOT,250161080,I,431006,1431006,Region,Manica,0,,0,1,WSSRCEHBOT,MZAIS2009431006,2009,AIS,371,510,,,1
MOZ,Sofala,6484220,Households using bottled water,0,1,MZ,Mozambique,2009,MZ2009AIS,WS_SRCE_H_BOT,250161080,I,431007,1431007,Region,Sofala,0,,0,1,WSSRCEHBOT,MZAIS2009431007,2009,AIS,445,552,,,1
MOZ,Inhambane,4828560,Households using bottled water,0,1,MZ,Mozambique,2009,MZ2009AIS,WS_SRCE_H_BOT,250161080,I,431008,1431008,Region,Inhambane,0,,0,1,WSSRCEHBOT,MZAIS2009431008,2009,AIS,377,527,,,1
MOZ,Gaza,7125979,Households using bottled water,0,1,MZ,Mozambique,2009,MZ2009AIS,WS_SRCE_H_BOT,250161080,I,431009,1431009,Region,Gaza,0,,0,1,WSSRCEHBOT,MZAIS2009431009,2009,AIS,335,504,,,1
MOZ,Maputo Provincia,3301025,Households using bottled water,0,1,MZ,Mozambique,2009,MZ2009AIS,WS_SRCE_H_BOT,250161080,I,431010,1431010,Region,Maputo Provincia,0,,0,1,WSSRCEHBOT,MZAIS2009431010,2009,AIS,354,474,,,1
MOZ,Maputo Cidade,1169255,Households using bottled water,2.2,1,MZ,Mozambique,2009,MZ2009AIS,WS_SRCE_H_BOT,250161080,I,431011,1431011,Region,Maputo Cidade,0,,0,1,WSSRCEHBOT,MZAIS2009431011,2009,AIS,293,571,,,1
MOZ,Niassa,4339119,Households using an unimproved water source,18.8,1,MZ,Mozambique,2009,MZ2009AIS,WS_SRCE_H_NIM,250161090,I,431001,1431001,Region,Niassa,0,,0,1,WSSRCEHNIM,MZAIS2009431001,2009,AIS,353,506,,,1
MOZ,Cabo Delgado,6521722,Households using an unimproved water source,61.4,1,MZ,Mozambique,2009,MZ2009AIS,WS_SRCE_H_NIM,250161090,I,431002,1431002,Region,Cabo Delgado,0,,0,1,WSSRCEHNIM,MZAIS2009431002,2009,AIS,538,546,,,1
MOZ,Nampula,5796919,Households using an unimproved water source,53.6,1,MZ,Mozambique,2009,MZ2009AIS,WS_SRCE_H_NIM,250161090,I,431003,1431003,Region,Nampula,0,,0,1,WSSRCEHNIM,MZAIS2009431003,2009,AIS,1309,679,,,1
MOZ,Zambézia,1177166,Households using an unimproved water source,76.7,1,MZ,Mozambique,2009,MZ2009AIS,WS_SRCE_H_NIM,250161090,I,431004,1431004,Region,Zambézia,0,,0,1,WSSRCEHNIM,MZAIS2009431004,2009,AIS,1200,685,,,1
MOZ,Tete,5312011,Households using an unimproved water source,53.4,1,MZ,Mozambique,2009,MZ2009AIS,WS_SRCE_H_NIM,250161090,I,431005,1431005,Region,Tete,0,,0,1,WSSRCEHNIM,MZAIS2009431005,2009,AIS,525,543,,,1
MOZ,Manica,3100511,Households using an unimproved water source,54.1,1,MZ,Mozambique,2009,MZ2009AIS,WS_SRCE_H_NIM,250161090,I,431006,1431006,Region,Manica,0,,0,1,WSSRCEHNIM,MZAIS2009431006,2009,AIS,371,510,,,1
MOZ,Sofala,6484222,Households using an unimproved water source,29.5,1,MZ,Mozambique,2009,MZ2009AIS,WS_SRCE_H_NIM,250161090,I,431007,1431007,Region,Sofala,0,,0,1,WSSRCEHNIM,MZAIS2009431007,2009,AIS,445,552,,,1
MOZ,Inhambane,4828555,Households using an unimproved water source,31.9,1,MZ,Mozambique,2009,MZ2009AIS,WS_SRCE_H_NIM,250161090,I,431008,1431008,Region,Inhambane,0,,0,1,WSSRCEHNIM,MZAIS2009431008,2009,AIS,377,527,,,1
MOZ,Gaza,7125981,Households using an unimproved water source,34.1,1,MZ,Mozambique,2009,MZ2009AIS,WS_SRCE_H_NIM,250161090,I,431009,1431009,Region,Gaza,0,,0,1,WSSRCEHNIM,MZAIS2009431009,2009,AIS,335,504,,,1
MOZ,Maputo Provincia,3301027,Households using an unimproved water source,25.8,1,MZ,Mozambique,2009,MZ2009AIS,WS_SRCE_H_NIM,250161090,I,431010,1431010,Region,Maputo Provincia,0,,0,1,WSSRCEHNIM,MZAIS2009431010,2009,AIS,354,474,,,1
MOZ,Maputo Cidade,1169228,Households using an unimproved water source,0.3,1,MZ,Mozambique,2009,MZ2009AIS,WS_SRCE_H_NIM,250161090,I,431011,1431011,Region,Maputo Cidade,0,,0,1,WSSRCEHNIM,MZAIS2009431011,2009,AIS,293,571,,,1
MOZ,Niassa,4339115,Households using an unprotected well water,10.6,1,MZ,Mozambique,2009,MZ2009AIS,WS_SRCE_H_UWL,250161100,I,431001,1431001,Region,Niassa,0,,0,1,WSSRCEHUWL,MZAIS2009431001,2009,AIS,353,506,,,1
MOZ,Cabo Delgado,6521725,Households using an unprotected well water,44,1,MZ,Mozambique,2009,MZ2009AIS,WS_SRCE_H_UWL,250161100,I,431002,1431002,Region,Cabo Delgado,0,,0,1,WSSRCEHUWL,MZAIS2009431002,2009,AIS,538,546,,,1
MOZ,Nampula,5796942,Households using an unprotected well water,38.2,1,MZ,Mozambique,2009,MZ2009AIS,WS_SRCE_H_UWL,250161100,I,431003,1431003,Region,Nampula,0,,0,1,WSSRCEHUWL,MZAIS2009431003,2009,AIS,1309,679,,,1
MOZ,Zambézia,1177174,Households using an unprotected well water,60.6,1,MZ,Mozambique,2009,MZ2009AIS,WS_SRCE_H_UWL,250161100,I,431004,1431004,Region,Zambézia,0,,0,1,WSSRCEHUWL,MZAIS2009431004,2009,AIS,1200,685,,,1
MOZ,Tete,5312003,Households using an unprotected well water,21,1,MZ,Mozambique,2009,MZ2009AIS,WS_SRCE_H_UWL,250161100,I,431005,1431005,Region,Tete,0,,0,1,WSSRCEHUWL,MZAIS2009431005,2009,AIS,525,543,,,1
MOZ,Manica,3100515,Households using an unprotected well water,23.1,1,MZ,Mozambique,2009,MZ2009AIS,WS_SRCE_H_UWL,250161100,I,431006,1431006,Region,Manica,0,,0,1,WSSRCEHUWL,MZAIS2009431006,2009,AIS,371,510,,,1
MOZ,Sofala,6484218,Households using an unprotected well water,23.2,1,MZ,Mozambique,2009,MZ2009AIS,WS_SRCE_H_UWL,250161100,I,431007,1431007,Region,Sofala,0,,0,1,WSSRCEHUWL,MZAIS2009431007,2009,AIS,445,552,,,1
MOZ,Inhambane,4828558,Households using an unprotected well water,25.7,1,MZ,Mozambique,2009,MZ2009AIS,WS_SRCE_H_UWL,250161100,I,431008,1431008,Region,Inhambane,0,,0,1,WSSRCEHUWL,MZAIS2009431008,2009,AIS,377,527,,,1
MOZ,Gaza,7126013,Households using an unprotected well water,27.7,1,MZ,Mozambique,2009,MZ2009AIS,WS_SRCE_H_UWL,250161100,I,431009,1431009,Region,Gaza,0,,0,1,WSSRCEHUWL,MZAIS2009431009,2009,AIS,335,504,,,1
MOZ,Maputo Provincia,3301023,Households using an unprotected well water,19.6,1,MZ,Mozambique,2009,MZ2009AIS,WS_SRCE_H_UWL,250161100,I,431010,1431010,Region,Maputo Provincia,0,,0,1,WSSRCEHUWL,MZAIS2009431010,2009,AIS,354,474,,,1
MOZ,Maputo Cidade,1169243,Households using an unprotected well water,0,1,MZ,Mozambique,2009,MZ2009AIS,WS_SRCE_H_UWL,250161100,I,431011,1431011,Region,Maputo Cidade,0,,0,1,WSSRCEHUWL,MZAIS2009431011,2009,AIS,293,571,,,1
MOZ,Niassa,4339122,Households using an unprotected spring,0.7,1,MZ,Mozambique,2009,MZ2009AIS,WS_SRCE_H_USG,250161110,I,431001,1431001,Region,Niassa,0,,0,1,WSSRCEHUSG,MZAIS2009431001,2009,AIS,353,506,,,1
MOZ,Cabo Delgado,6521734,Households using an unprotected spring,4.7,1,MZ,Mozambique,2009,MZ2009AIS,WS_SRCE_H_USG,250161110,I,431002,1431002,Region,Cabo Delgado,0,,0,1,WSSRCEHUSG,MZAIS2009431002,2009,AIS,538,546,,,1
MOZ,Nampula,5796922,Households using an unprotected spring,6.7,1,MZ,Mozambique,2009,MZ2009AIS,WS_SRCE_H_USG,250161110,I,431003,1431003,Region,Nampula,0,,0,1,WSSRCEHUSG,MZAIS2009431003,2009,AIS,1309,679,,,1
MOZ,Zambézia,1177167,Households using an unprotected spring,6.6,1,MZ,Mozambique,2009,MZ2009AIS,WS_SRCE_H_USG,250161110,I,431004,1431004,Region,Zambézia,0,,0,1,WSSRCEHUSG,MZAIS2009431004,2009,AIS,1200,685,,,1
MOZ,Tete,5312000,Households using an unprotected spring,3.9,1,MZ,Mozambique,2009,MZ2009AIS,WS_SRCE_H_USG,250161110,I,431005,1431005,Region,Tete,0,,0,1,WSSRCEHUSG,MZAIS2009431005,2009,AIS,525,543,,,1
MOZ,Manica,3100524,Households using an unprotected spring,3,1,MZ,Mozambique,2009,MZ2009AIS,WS_SRCE_H_USG,250161110,I,431006,1431006,Region,Manica,0,,0,1,WSSRCEHUSG,MZAIS2009431006,2009,AIS,371,510,,,1
MOZ,Sofala,6484302,Households using an unprotected spring,2.8,1,MZ,Mozambique,2009,MZ2009AIS,WS_SRCE_H_USG,250161110,I,431007,1431007,Region,Sofala,0,,0,1,WSSRCEHUSG,MZAIS2009431007,2009,AIS,445,552,,,1
MOZ,Inhambane,4828580,Households using an unprotected spring,2,1,MZ,Mozambique,2009,MZ2009AIS,WS_SRCE_H_USG,250161110,I,431008,1431008,Region,Inhambane,0,,0,1,WSSRCEHUSG,MZAIS2009431008,2009,AIS,377,527,,,1
MOZ,Gaza,7125985,Households using an unprotected spring,0,1,MZ,Mozambique,2009,MZ2009AIS,WS_SRCE_H_USG,250161110,I,431009,1431009,Region,Gaza,0,,0,1,WSSRCEHUSG,MZAIS2009431009,2009,AIS,335,504,,,1
MOZ,Maputo Provincia,3301030,Households using an unprotected spring,3.2,1,MZ,Mozambique,2009,MZ2009AIS,WS_SRCE_H_USG,250161110,I,431010,1431010,Region,Maputo Provincia,0,,0,1,WSSRCEHUSG,MZAIS2009431010,2009,AIS,354,474,,,1
MOZ,Maputo Cidade,1169232,Households using an unprotected spring,0,1,MZ,Mozambique,2009,MZ2009AIS,WS_SRCE_H_USG,250161110,I,431011,1431011,Region,Maputo Cidade,0,,0,1,WSSRCEHUSG,MZAIS2009431011,2009,AIS,293,571,,,1
MOZ,Niassa,4339123,Households using surface water,7.6,1,MZ,Mozambique,2009,MZ2009AIS,WS_SRCE_H_SRF,250161130,I,431001,1431001,Region,Niassa,0,,0,1,WSSRCEHSRF,MZAIS2009431001,2009,AIS,353,506,,,1
MOZ,Cabo Delgado,6521735,Households using surface water,12.7,1,MZ,Mozambique,2009,MZ2009AIS,WS_SRCE_H_SRF,250161130,I,431002,1431002,Region,Cabo Delgado,0,,0,1,WSSRCEHSRF,MZAIS2009431002,2009,AIS,538,546,,,1
MOZ,Nampula,5796923,Households using surface water,8.8,1,MZ,Mozambique,2009,MZ2009AIS,WS_SRCE_H_SRF,250161130,I,431003,1431003,Region,Nampula,0,,0,1,WSSRCEHSRF,MZAIS2009431003,2009,AIS,1309,679,,,1
MOZ,Zambézia,1177168,Households using surface water,9.5,1,MZ,Mozambique,2009,MZ2009AIS,WS_SRCE_H_SRF,250161130,I,431004,1431004,Region,Zambézia,0,,0,1,WSSRCEHSRF,MZAIS2009431004,2009,AIS,1200,685,,,1
MOZ,Tete,5312001,Households using surface water,28.5,1,MZ,Mozambique,2009,MZ2009AIS,WS_SRCE_H_SRF,250161130,I,431005,1431005,Region,Tete,0,,0,1,WSSRCEHSRF,MZAIS2009431005,2009,AIS,525,543,,,1
MOZ,Manica,3100525,Households using surface water,28.1,1,MZ,Mozambique,2009,MZ2009AIS,WS_SRCE_H_SRF,250161130,I,431006,1431006,Region,Manica,0,,0,1,WSSRCEHSRF,MZAIS2009431006,2009,AIS,371,510,,,1
MOZ,Sofala,6484303,Households using surface water,3.6,1,MZ,Mozambique,2009,MZ2009AIS,WS_SRCE_H_SRF,250161130,I,431007,1431007,Region,Sofala,0,,0,1,WSSRCEHSRF,MZAIS2009431007,2009,AIS,445,552,,,1
MOZ,Inhambane,4828581,Households using surface water,3.8,1,MZ,Mozambique,2009,MZ2009AIS,WS_SRCE_H_SRF,250161130,I,431008,1431008,Region,Inhambane,0,,0,1,WSSRCEHSRF,MZAIS2009431008,2009,AIS,377,527,,,1
MOZ,Gaza,7125986,Households using surface water,5.2,1,MZ,Mozambique,2009,MZ2009AIS,WS_SRCE_H_SRF,250161130,I,431009,1431009,Region,Gaza,0,,0,1,WSSRCEHSRF,MZAIS2009431009,2009,AIS,335,504,,,1
MOZ,Maputo Provincia,3301044,Households using surface water,2.1,1,MZ,Mozambique,2009,MZ2009AIS,WS_SRCE_H_SRF,250161130,I,431010,1431010,Region,Maputo Provincia,0,,0,1,WSSRCEHSRF,MZAIS2009431010,2009,AIS,354,474,,,1
MOZ,Maputo Cidade,1169233,Households using surface water,0,1,MZ,Mozambique,2009,MZ2009AIS,WS_SRCE_H_SRF,250161130,I,431011,1431011,Region,Maputo Cidade,0,,0,1,WSSRCEHSRF,MZAIS2009431011,2009,AIS,293,571,,,1
MOZ,Niassa,4339126,Households using other water source,0,1,MZ,Mozambique,2009,MZ2009AIS,WS_SRCE_H_OTH,250161140,I,431001,1431001,Region,Niassa,0,,0,1,WSSRCEHOTH,MZAIS2009431001,2009,AIS,353,506,,,1
MOZ,Cabo Delgado,6521742,Households using other water source,0,1,MZ,Mozambique,2009,MZ2009AIS,WS_SRCE_H_OTH,250161140,I,431002,1431002,Region,Cabo Delgado,0,,0,1,WSSRCEHOTH,MZAIS2009431002,2009,AIS,538,546,,,1
MOZ,Nampula,5796936,Households using other water source,0,1,MZ,Mozambique,2009,MZ2009AIS,WS_SRCE_H_OTH,250161140,I,431003,1431003,Region,Nampula,0,,0,1,WSSRCEHOTH,MZAIS2009431003,2009,AIS,1309,679,,,1
MOZ,Zambézia,1177171,Households using other water source,0,1,MZ,Mozambique,2009,MZ2009AIS,WS_SRCE_H_OTH,250161140,I,431004,1431004,Region,Zambézia,0,,0,1,WSSRCEHOTH,MZAIS2009431004,2009,AIS,1200,685,,,1
MOZ,Tete,5312020,Households using other water source,0,1,MZ,Mozambique,2009,MZ2009AIS,WS_SRCE_H_OTH,250161140,I,431005,1431005,Region,Tete,0,,0,1,WSSRCEHOTH,MZAIS2009431005,2009,AIS,525,543,,,1
MOZ,Manica,3100541,Households using other water source,0,1,MZ,Mozambique,2009,MZ2009AIS,WS_SRCE_H_OTH,250161140,I,431006,1431006,Region,Manica,0,,0,1,WSSRCEHOTH,MZAIS2009431006,2009,AIS,371,510,,,1
MOZ,Sofala,6484306,Households using other water source,0,1,MZ,Mozambique,2009,MZ2009AIS,WS_SRCE_H_OTH,250161140,I,431007,1431007,Region,Sofala,0,,0,1,WSSRCEHOTH,MZAIS2009431007,2009,AIS,445,552,,,1
MOZ,Inhambane,4828626,Households using other water source,0.4,1,MZ,Mozambique,2009,MZ2009AIS,WS_SRCE_H_OTH,250161140,I,431008,1431008,Region,Inhambane,0,,0,1,WSSRCEHOTH,MZAIS2009431008,2009,AIS,377,527,,,1
MOZ,Gaza,7125989,Households using other water source,1.3,1,MZ,Mozambique,2009,MZ2009AIS,WS_SRCE_H_OTH,250161140,I,431009,1431009,Region,Gaza,0,,0,1,WSSRCEHOTH,MZAIS2009431009,2009,AIS,335,504,,,1
MOZ,Maputo Provincia,3301047,Households using other water source,0.9,1,MZ,Mozambique,2009,MZ2009AIS,WS_SRCE_H_OTH,250161140,I,431010,1431010,Region,Maputo Provincia,0,,0,1,WSSRCEHOTH,MZAIS2009431010,2009,AIS,354,474,,,1
MOZ,Maputo Cidade,1169236,Households using other water source,0.3,1,MZ,Mozambique,2009,MZ2009AIS,WS_SRCE_H_OTH,250161140,I,431011,1431011,Region,Maputo Cidade,0,,0,1,WSSRCEHOTH,MZAIS2009431011,2009,AIS,293,571,,,1
MOZ,Niassa,4339118,Households with don't know or missing information on water source,2.4,1,MZ,Mozambique,2009,MZ2009AIS,WS_SRCE_H_DKM,250161150,S,431001,1431001,Region,Niassa,0,,0,1,WSSRCEHDKM,MZAIS2009431001,2009,AIS,353,506,,,1
MOZ,Cabo Delgado,6521744,Households with don't know or missing information on water source,0,1,MZ,Mozambique,2009,MZ2009AIS,WS_SRCE_H_DKM,250161150,S,431002,1431002,Region,Cabo Delgado,0,,0,1,WSSRCEHDKM,MZAIS2009431002,2009,AIS,538,546,,,1
MOZ,Nampula,5796955,Households with don't know or missing information on water source,0,1,MZ,Mozambique,2009,MZ2009AIS,WS_SRCE_H_DKM,250161150,S,431003,1431003,Region,Nampula,0,,0,1,WSSRCEHDKM,MZAIS2009431003,2009,AIS,1309,679,,,1
MOZ,Zambézia,1177177,Households with don't know or missing information on water source,0,1,MZ,Mozambique,2009,MZ2009AIS,WS_SRCE_H_DKM,250161150,S,431004,1431004,Region,Zambézia,0,,0,1,WSSRCEHDKM,MZAIS2009431004,2009,AIS,1200,685,,,1
MOZ,Tete,5312018,Households with don't know or missing information on water source,0,1,MZ,Mozambique,2009,MZ2009AIS,WS_SRCE_H_DKM,250161150,S,431005,1431005,Region,Tete,0,,0,1,WSSRCEHDKM,MZAIS2009431005,2009,AIS,525,543,,,1
MOZ,Manica,3100518,Households with don't know or missing information on water source,0.1,1,MZ,Mozambique,2009,MZ2009AIS,WS_SRCE_H_DKM,250161150,S,431006,1431006,Region,Manica,0,,0,1,WSSRCEHDKM,MZAIS2009431006,2009,AIS,371,510,,,1
MOZ,Sofala,6484221,Households with don't know or missing information on water source,0,1,MZ,Mozambique,2009,MZ2009AIS,WS_SRCE_H_DKM,250161150,S,431007,1431007,Region,Sofala,0,,0,1,WSSRCEHDKM,MZAIS2009431007,2009,AIS,445,552,,,1
MOZ,Inhambane,4828561,Households with don't know or missing information on water source,0,1,MZ,Mozambique,2009,MZ2009AIS,WS_SRCE_H_DKM,250161150,S,431008,1431008,Region,Inhambane,0,,0,1,WSSRCEHDKM,MZAIS2009431008,2009,AIS,377,527,,,1
MOZ,Gaza,7125980,Households with don't know or missing information on water source,0,1,MZ,Mozambique,2009,MZ2009AIS,WS_SRCE_H_DKM,250161150,S,431009,1431009,Region,Gaza,0,,0,1,WSSRCEHDKM,MZAIS2009431009,2009,AIS,335,504,,,1
MOZ,Maputo Provincia,3301026,Households with don't know or missing information on water source,1.3,1,MZ,Mozambique,2009,MZ2009AIS,WS_SRCE_H_DKM,250161150,S,431010,1431010,Region,Maputo Provincia,0,,0,1,WSSRCEHDKM,MZAIS2009431010,2009,AIS,354,474,,,1
MOZ,Maputo Cidade,1169314,Households with don't know or missing information on water source,0,1,MZ,Mozambique,2009,MZ2009AIS,WS_SRCE_H_DKM,250161150,S,431011,1431011,Region,Maputo Cidade,0,,0,1,WSSRCEHDKM,MZAIS2009431011,2009,AIS,293,571,,,1
MOZ,Niassa,4339121,Households: Total,100,1,MZ,Mozambique,2009,MZ2009AIS,WS_SRCE_H_TOT,250161160,T,431001,1431001,Region,Niassa,0,,0,1,WSSRCEHTOT,MZAIS2009431001,2009,AIS,353,506,,,1
MOZ,Cabo Delgado,6521743,Households: Total,100,1,MZ,Mozambique,2009,MZ2009AIS,WS_SRCE_H_TOT,250161160,T,431002,1431002,Region,Cabo Delgado,0,,0,1,WSSRCEHTOT,MZAIS2009431002,2009,AIS,538,546,,,1
MOZ,Nampula,5796921,Households: Total,100,1,MZ,Mozambique,2009,MZ2009AIS,WS_SRCE_H_TOT,250161160,T,431003,1431003,Region,Nampula,0,,0,1,WSSRCEHTOT,MZAIS2009431003,2009,AIS,1309,679,,,1
MOZ,Zambézia,1177181,Households: Total,100,1,MZ,Mozambique,2009,MZ2009AIS,WS_SRCE_H_TOT,250161160,T,431004,1431004,Region,Zambézia,0,,0,1,WSSRCEHTOT,MZAIS2009431004,2009,AIS,1200,685,,,1
MOZ,Tete,5312016,Households: Total,100,1,MZ,Mozambique,2009,MZ2009AIS,WS_SRCE_H_TOT,250161160,T,431005,1431005,Region,Tete,0,,0,1,WSSRCEHTOT,MZAIS2009431005,2009,AIS,525,543,,,1
MOZ,Manica,3100513,Households: Total,100,1,MZ,Mozambique,2009,MZ2009AIS,WS_SRCE_H_TOT,250161160,T,431006,1431006,Region,Manica,0,,0,1,WSSRCEHTOT,MZAIS2009431006,2009,AIS,371,510,,,1
MOZ,Sofala,6484224,Households: Total,100,1,MZ,Mozambique,2009,MZ2009AIS,WS_SRCE_H_TOT,250161160,T,431007,1431007,Region,Sofala,0,,0,1,WSSRCEHTOT,MZAIS2009431007,2009,AIS,445,552,,,1
MOZ,Inhambane,4828565,Households: Total,100,1,MZ,Mozambique,2009,MZ2009AIS,WS_SRCE_H_TOT,250161160,T,431008,1431008,Region,Inhambane,0,,0,1,WSSRCEHTOT,MZAIS2009431008,2009,AIS,377,527,,,1
MOZ,Gaza,7125983,Households: Total,100,1,MZ,Mozambique,2009,MZ2009AIS,WS_SRCE_H_TOT,250161160,T,431009,1431009,Region,Gaza,0,,0,1,WSSRCEHTOT,MZAIS2009431009,2009,AIS,335,504,,,1
MOZ,Maputo Provincia,3301029,Households: Total,100,1,MZ,Mozambique,2009,MZ2009AIS,WS_SRCE_H_TOT,250161160,T,431010,1431010,Region,Maputo Provincia,0,,0,1,WSSRCEHTOT,MZAIS2009431010,2009,AIS,354,474,,,1
MOZ,Maputo Cidade,1169241,Households: Total,100,1,MZ,Mozambique,2009,MZ2009AIS,WS_SRCE_H_TOT,250161160,T,431011,1431011,Region,Maputo Cidade,0,,0,1,WSSRCEHTOT,MZAIS2009431011,2009,AIS,293,571,,,1
MOZ,Niassa,6086160,Population using an improved water source,80.1,1,MZ,Mozambique,2009,MZ2009AIS,WS_SRCE_P_IMP,250162010,I,431001,1431001,Region,Niassa,0,,0,1,WSSRCEPIMP,MZAIS2009431001,2009,AIS,1500,2109,,,1
MOZ,Cabo Delgado,5740073,Population using an improved water source,40.6,1,MZ,Mozambique,2009,MZ2009AIS,WS_SRCE_P_IMP,250162010,I,431002,1431002,Region,Cabo Delgado,0,,0,1,WSSRCEPIMP,MZAIS2009431002,2009,AIS,2129,2237,,,1
MOZ,Nampula,2677859,Population using an improved water source,47.5,1,MZ,Mozambique,2009,MZ2009AIS,WS_SRCE_P_IMP,250162010,I,431003,1431003,Region,Nampula,0,,0,1,WSSRCEPIMP,MZAIS2009431003,2009,AIS,5532,2865,,,1
MOZ,Zambézia,4871390,Population using an improved water source,24.7,1,MZ,Mozambique,2009,MZ2009AIS,WS_SRCE_P_IMP,250162010,I,431004,1431004,Region,Zambézia,0,,0,1,WSSRCEPIMP,MZAIS2009431004,2009,AIS,5224,2983,,,1
MOZ,Tete,4479337,Population using an improved water source,48,1,MZ,Mozambique,2009,MZ2009AIS,WS_SRCE_P_IMP,250162010,I,431005,1431005,Region,Tete,0,,0,1,WSSRCEPIMP,MZAIS2009431005,2009,AIS,2140,2197,,,1
MOZ,Manica,5726755,Population using an improved water source,46.1,1,MZ,Mozambique,2009,MZ2009AIS,WS_SRCE_P_IMP,250162010,I,431006,1431006,Region,Manica,0,,0,1,WSSRCEPIMP,MZAIS2009431006,2009,AIS,1590,2171,,,1
MOZ,Sofala,4283945,Population using an improved water source,70.8,1,MZ,Mozambique,2009,MZ2009AIS,WS_SRCE_P_IMP,250162010,I,431007,1431007,Region,Sofala,0,,0,1,WSSRCEPIMP,MZAIS2009431007,2009,AIS,2032,2499,,,1
MOZ,Inhambane,3666443,Population using an improved water source,69,1,MZ,Mozambique,2009,MZ2009AIS,WS_SRCE_P_IMP,250162010,I,431008,1431008,Region,Inhambane,0,,0,1,WSSRCEPIMP,MZAIS2009431008,2009,AIS,1613,2257,,,1
MOZ,Gaza,5289313,Population using an improved water source,65.6,1,MZ,Mozambique,2009,MZ2009AIS,WS_SRCE_P_IMP,250162010,I,431009,1431009,Region,Gaza,0,,0,1,WSSRCEPIMP,MZAIS2009431009,2009,AIS,1454,2204,,,1
MOZ,Maputo Provincia,3100532,Population using an improved water source,76.1,1,MZ,Mozambique,2009,MZ2009AIS,WS_SRCE_P_IMP,250162010,I,431010,1431010,Region,Maputo Provincia,0,,0,1,WSSRCEPIMP,MZAIS2009431010,2009,AIS,1524,1950,,,1
MOZ,Maputo Cidade,6746682,Population using an improved water source,99.8,1,MZ,Mozambique,2009,MZ2009AIS,WS_SRCE_P_IMP,250162010,I,431011,1431011,Region,Maputo Cidade,0,,0,1,WSSRCEPIMP,MZAIS2009431011,2009,AIS,1270,2476,,,1
MOZ,Niassa,6086152,Population using water piped into dwelling,0,1,MZ,Mozambique,2009,MZ2009AIS,WS_SRCE_P_PIP,250162020,I,431001,1431001,Region,Niassa,0,,0,1,WSSRCEPPIP,MZAIS2009431001,2009,AIS,1500,2109,,,1
MOZ,Cabo Delgado,5740063,Population using water piped into dwelling,2,1,MZ,Mozambique,2009,MZ2009AIS,WS_SRCE_P_PIP,250162020,I,431002,1431002,Region,Cabo Delgado,0,,0,1,WSSRCEPPIP,MZAIS2009431002,2009,AIS,2129,2237,,,1
MOZ,Nampula,2677852,Population using water piped into dwelling,1.9,1,MZ,Mozambique,2009,MZ2009AIS,WS_SRCE_P_PIP,250162020,I,431003,1431003,Region,Nampula,0,,0,1,WSSRCEPPIP,MZAIS2009431003,2009,AIS,5532,2865,,,1
MOZ,Zambézia,4871384,Population using water piped into dwelling,0.4,1,MZ,Mozambique,2009,MZ2009AIS,WS_SRCE_P_PIP,250162020,I,431004,1431004,Region,Zambézia,0,,0,1,WSSRCEPPIP,MZAIS2009431004,2009,AIS,5224,2983,,,1
MOZ,Tete,4479327,Population using water piped into dwelling,1.3,1,MZ,Mozambique,2009,MZ2009AIS,WS_SRCE_P_PIP,250162020,I,431005,1431005,Region,Tete,0,,0,1,WSSRCEPPIP,MZAIS2009431005,2009,AIS,2140,2197,,,1
MOZ,Manica,5726752,Population using water piped into dwelling,0.1,1,MZ,Mozambique,2009,MZ2009AIS,WS_SRCE_P_PIP,250162020,I,431006,1431006,Region,Manica,0,,0,1,WSSRCEPPIP,MZAIS2009431006,2009,AIS,1590,2171,,,1
MOZ,Sofala,4283933,Population using water piped into dwelling,1.2,1,MZ,Mozambique,2009,MZ2009AIS,WS_SRCE_P_PIP,250162020,I,431007,1431007,Region,Sofala,0,,0,1,WSSRCEPPIP,MZAIS2009431007,2009,AIS,2032,2499,,,1
MOZ,Inhambane,3666436,Population using water piped into dwelling,0.8,1,MZ,Mozambique,2009,MZ2009AIS,WS_SRCE_P_PIP,250162020,I,431008,1431008,Region,Inhambane,0,,0,1,WSSRCEPPIP,MZAIS2009431008,2009,AIS,1613,2257,,,1
MOZ,Gaza,5289290,Population using water piped into dwelling,0.4,1,MZ,Mozambique,2009,MZ2009AIS,WS_SRCE_P_PIP,250162020,I,431009,1431009,Region,Gaza,0,,0,1,WSSRCEPPIP,MZAIS2009431009,2009,AIS,1454,2204,,,1
MOZ,Maputo Provincia,3100534,Population using water piped into dwelling,1.8,1,MZ,Mozambique,2009,MZ2009AIS,WS_SRCE_P_PIP,250162020,I,431010,1431010,Region,Maputo Provincia,0,,0,1,WSSRCEPPIP,MZAIS2009431010,2009,AIS,1524,1950,,,1
MOZ,Maputo Cidade,6746656,Population using water piped into dwelling,15.5,1,MZ,Mozambique,2009,MZ2009AIS,WS_SRCE_P_PIP,250162020,I,431011,1431011,Region,Maputo Cidade,0,,0,1,WSSRCEPPIP,MZAIS2009431011,2009,AIS,1270,2476,,,1
MOZ,Niassa,6086161,Population using a public tap/standpipe,15.2,1,MZ,Mozambique,2009,MZ2009AIS,WS_SRCE_P_TAP,250162030,I,431001,1431001,Region,Niassa,0,,0,1,WSSRCEPTAP,MZAIS2009431001,2009,AIS,1500,2109,,,1
MOZ,Cabo Delgado,5740074,Population using a public tap/standpipe,10.4,1,MZ,Mozambique,2009,MZ2009AIS,WS_SRCE_P_TAP,250162030,I,431002,1431002,Region,Cabo Delgado,0,,0,1,WSSRCEPTAP,MZAIS2009431002,2009,AIS,2129,2237,,,1
MOZ,Nampula,2677860,Population using a public tap/standpipe,28.2,1,MZ,Mozambique,2009,MZ2009AIS,WS_SRCE_P_TAP,250162030,I,431003,1431003,Region,Nampula,0,,0,1,WSSRCEPTAP,MZAIS2009431003,2009,AIS,5532,2865,,,1
MOZ,Zambézia,4871391,Population using a public tap/standpipe,0.7,1,MZ,Mozambique,2009,MZ2009AIS,WS_SRCE_P_TAP,250162030,I,431004,1431004,Region,Zambézia,0,,0,1,WSSRCEPTAP,MZAIS2009431004,2009,AIS,5224,2983,,,1
MOZ,Tete,4479338,Population using a public tap/standpipe,21.5,1,MZ,Mozambique,2009,MZ2009AIS,WS_SRCE_P_TAP,250162030,I,431005,1431005,Region,Tete,0,,0,1,WSSRCEPTAP,MZAIS2009431005,2009,AIS,2140,2197,,,1
MOZ,Manica,5726756,Population using a public tap/standpipe,6.5,1,MZ,Mozambique,2009,MZ2009AIS,WS_SRCE_P_TAP,250162030,I,431006,1431006,Region,Manica,0,,0,1,WSSRCEPTAP,MZAIS2009431006,2009,AIS,1590,2171,,,1
MOZ,Sofala,4284012,Population using a public tap/standpipe,21.4,1,MZ,Mozambique,2009,MZ2009AIS,WS_SRCE_P_TAP,250162030,I,431007,1431007,Region,Sofala,0,,0,1,WSSRCEPTAP,MZAIS2009431007,2009,AIS,2032,2499,,,1
MOZ,Inhambane,3666444,Population using a public tap/standpipe,22.8,1,MZ,Mozambique,2009,MZ2009AIS,WS_SRCE_P_TAP,250162030,I,431008,1431008,Region,Inhambane,0,,0,1,WSSRCEPTAP,MZAIS2009431008,2009,AIS,1613,2257,,,1
MOZ,Gaza,5289330,Population using a public tap/standpipe,23.1,1,MZ,Mozambique,2009,MZ2009AIS,WS_SRCE_P_TAP,250162030,I,431009,1431009,Region,Gaza,0,,0,1,WSSRCEPTAP,MZAIS2009431009,2009,AIS,1454,2204,,,1
MOZ,Maputo Provincia,3100533,Population using a public tap/standpipe,20.9,1,MZ,Mozambique,2009,MZ2009AIS,WS_SRCE_P_TAP,250162030,I,431010,1431010,Region,Maputo Provincia,0,,0,1,WSSRCEPTAP,MZAIS2009431010,2009,AIS,1524,1950,,,1
MOZ,Maputo Cidade,6746683,Population using a public tap/standpipe,37.1,1,MZ,Mozambique,2009,MZ2009AIS,WS_SRCE_P_TAP,250162030,I,431011,1431011,Region,Maputo Cidade,0,,0,1,WSSRCEPTAP,MZAIS2009431011,2009,AIS,1270,2476,,,1
MOZ,Niassa,6086156,Population using a tubewell/borehole,47.2,1,MZ,Mozambique,2009,MZ2009AIS,WS_SRCE_P_TUB,250162040,I,431001,1431001,Region,Niassa,0,,0,1,WSSRCEPTUB,MZAIS2009431001,2009,AIS,1500,2109,,,1
MOZ,Cabo Delgado,5740065,Population using a tubewell/borehole,17.6,1,MZ,Mozambique,2009,MZ2009AIS,WS_SRCE_P_TUB,250162040,I,431002,1431002,Region,Cabo Delgado,0,,0,1,WSSRCEPTUB,MZAIS2009431002,2009,AIS,2129,2237,,,1
MOZ,Nampula,2677850,Population using a tubewell/borehole,11.6,1,MZ,Mozambique,2009,MZ2009AIS,WS_SRCE_P_TUB,250162040,I,431003,1431003,Region,Nampula,0,,0,1,WSSRCEPTUB,MZAIS2009431003,2009,AIS,5532,2865,,,1
MOZ,Zambézia,4871381,Population using a tubewell/borehole,11.9,1,MZ,Mozambique,2009,MZ2009AIS,WS_SRCE_P_TUB,250162040,I,431004,1431004,Region,Zambézia,0,,0,1,WSSRCEPTUB,MZAIS2009431004,2009,AIS,5224,2983,,,1
MOZ,Tete,4479331,Population using a tubewell/borehole,13,1,MZ,Mozambique,2009,MZ2009AIS,WS_SRCE_P_TUB,250162040,I,431005,1431005,Region,Tete,0,,0,1,WSSRCEPTUB,MZAIS2009431005,2009,AIS,2140,2197,,,1
MOZ,Manica,5726747,Population using a tubewell/borehole,16.6,1,MZ,Mozambique,2009,MZ2009AIS,WS_SRCE_P_TUB,250162040,I,431006,1431006,Region,Manica,0,,0,1,WSSRCEPTUB,MZAIS2009431006,2009,AIS,1590,2171,,,1
MOZ,Sofala,4283930,Population using a tubewell/borehole,22.7,1,MZ,Mozambique,2009,MZ2009AIS,WS_SRCE_P_TUB,250162040,I,431007,1431007,Region,Sofala,0,,0,1,WSSRCEPTUB,MZAIS2009431007,2009,AIS,2032,2499,,,1
MOZ,Inhambane,3666438,Population using a tubewell/borehole,26.2,1,MZ,Mozambique,2009,MZ2009AIS,WS_SRCE_P_TUB,250162040,I,431008,1431008,Region,Inhambane,0,,0,1,WSSRCEPTUB,MZAIS2009431008,2009,AIS,1613,2257,,,1
MOZ,Gaza,5289299,Population using a tubewell/borehole,7.6,1,MZ,Mozambique,2009,MZ2009AIS,WS_SRCE_P_TUB,250162040,I,431009,1431009,Region,Gaza,0,,0,1,WSSRCEPTUB,MZAIS2009431009,2009,AIS,1454,2204,,,1
MOZ,Maputo Provincia,3100527,Population using a tubewell/borehole,4.2,1,MZ,Mozambique,2009,MZ2009AIS,WS_SRCE_P_TUB,250162040,I,431010,1431010,Region,Maputo Provincia,0,,0,1,WSSRCEPTUB,MZAIS2009431010,2009,AIS,1524,1950,,,1
MOZ,Maputo Cidade,6746661,Population using a tubewell/borehole,0.7,1,MZ,Mozambique,2009,MZ2009AIS,WS_SRCE_P_TUB,250162040,I,431011,1431011,Region,Maputo Cidade,0,,0,1,WSSRCEPTUB,MZAIS2009431011,2009,AIS,1270,2476,,,1
MOZ,Niassa,6086157,Population using a protected well,16,1,MZ,Mozambique,2009,MZ2009AIS,WS_SRCE_P_PWL,250162050,I,431001,1431001,Region,Niassa,0,,0,1,WSSRCEPPWL,MZAIS2009431001,2009,AIS,1500,2109,,,1
MOZ,Cabo Delgado,5740066,Population using a protected well,5.3,1,MZ,Mozambique,2009,MZ2009AIS,WS_SRCE_P_PWL,250162050,I,431002,1431002,Region,Cabo Delgado,0,,0,1,WSSRCEPPWL,MZAIS2009431002,2009,AIS,2129,2237,,,1
MOZ,Nampula,2677851,Population using a protected well,1.4,1,MZ,Mozambique,2009,MZ2009AIS,WS_SRCE_P_PWL,250162050,I,431003,1431003,Region,Nampula,0,,0,1,WSSRCEPPWL,MZAIS2009431003,2009,AIS,5532,2865,,,1
MOZ,Zambézia,4871382,Population using a protected well,7,1,MZ,Mozambique,2009,MZ2009AIS,WS_SRCE_P_PWL,250162050,I,431004,1431004,Region,Zambézia,0,,0,1,WSSRCEPPWL,MZAIS2009431004,2009,AIS,5224,2983,,,1
MOZ,Tete,4479332,Population using a protected well,6.5,1,MZ,Mozambique,2009,MZ2009AIS,WS_SRCE_P_PWL,250162050,I,431005,1431005,Region,Tete,0,,0,1,WSSRCEPPWL,MZAIS2009431005,2009,AIS,2140,2197,,,1
MOZ,Manica,5726748,Population using a protected well,20.6,1,MZ,Mozambique,2009,MZ2009AIS,WS_SRCE_P_PWL,250162050,I,431006,1431006,Region,Manica,0,,0,1,WSSRCEPPWL,MZAIS2009431006,2009,AIS,1590,2171,,,1
MOZ,Sofala,4283931,Population using a protected well,5.7,1,MZ,Mozambique,2009,MZ2009AIS,WS_SRCE_P_PWL,250162050,I,431007,1431007,Region,Sofala,0,,0,1,WSSRCEPPWL,MZAIS2009431007,2009,AIS,2032,2499,,,1
MOZ,Inhambane,3666439,Population using a protected well,13.3,1,MZ,Mozambique,2009,MZ2009AIS,WS_SRCE_P_PWL,250162050,I,431008,1431008,Region,Inhambane,0,,0,1,WSSRCEPPWL,MZAIS2009431008,2009,AIS,1613,2257,,,1
MOZ,Gaza,5289300,Population using a protected well,18.4,1,MZ,Mozambique,2009,MZ2009AIS,WS_SRCE_P_PWL,250162050,I,431009,1431009,Region,Gaza,0,,0,1,WSSRCEPPWL,MZAIS2009431009,2009,AIS,1454,2204,,,1
MOZ,Maputo Provincia,3100529,Population using a protected well,7,1,MZ,Mozambique,2009,MZ2009AIS,WS_SRCE_P_PWL,250162050,I,431010,1431010,Region,Maputo Provincia,0,,0,1,WSSRCEPPWL,MZAIS2009431010,2009,AIS,1524,1950,,,1
MOZ,Maputo Cidade,6746662,Population using a protected well,0.8,1,MZ,Mozambique,2009,MZ2009AIS,WS_SRCE_P_PWL,250162050,I,431011,1431011,Region,Maputo Cidade,0,,0,1,WSSRCEPPWL,MZAIS2009431011,2009,AIS,1270,2476,,,1
MOZ,Niassa,6086158,Population using a protected spring,0.2,1,MZ,Mozambique,2009,MZ2009AIS,WS_SRCE_P_PSG,250162060,I,431001,1431001,Region,Niassa,0,,0,1,WSSRCEPPSG,MZAIS2009431001,2009,AIS,1500,2109,,,1
MOZ,Cabo Delgado,5740067,Population using a protected spring,0,1,MZ,Mozambique,2009,MZ2009AIS,WS_SRCE_P_PSG,250162060,I,431002,1431002,Region,Cabo Delgado,0,,0,1,WSSRCEPPSG,MZAIS2009431002,2009,AIS,2129,2237,,,1
MOZ,Nampula,2677856,Population using a protected spring,0.1,1,MZ,Mozambique,2009,MZ2009AIS,WS_SRCE_P_PSG,250162060,I,431003,1431003,Region,Nampula,0,,0,1,WSSRCEPPSG,MZAIS2009431003,2009,AIS,5532,2865,,,1
MOZ,Zambézia,4871383,Population using a protected spring,0.2,1,MZ,Mozambique,2009,MZ2009AIS,WS_SRCE_P_PSG,250162060,I,431004,1431004,Region,Zambézia,0,,0,1,WSSRCEPPSG,MZAIS2009431004,2009,AIS,5224,2983,,,1
MOZ,Tete,4479333,Population using a protected spring,0,1,MZ,Mozambique,2009,MZ2009AIS,WS_SRCE_P_PSG,250162060,I,431005,1431005,Region,Tete,0,,0,1,WSSRCEPPSG,MZAIS2009431005,2009,AIS,2140,2197,,,1
MOZ,Manica,5726749,Population using a protected spring,1.3,1,MZ,Mozambique,2009,MZ2009AIS,WS_SRCE_P_PSG,250162060,I,431006,1431006,Region,Manica,0,,0,1,WSSRCEPPSG,MZAIS2009431006,2009,AIS,1590,2171,,,1
MOZ,Sofala,4283932,Population using a protected spring,0.1,1,MZ,Mozambique,2009,MZ2009AIS,WS_SRCE_P_PSG,250162060,I,431007,1431007,Region,Sofala,0,,0,1,WSSRCEPPSG,MZAIS2009431007,2009,AIS,2032,2499,,,1
MOZ,Inhambane,3666440,Population using a protected spring,0.1,1,MZ,Mozambique,2009,MZ2009AIS,WS_SRCE_P_PSG,250162060,I,431008,1431008,Region,Inhambane,0,,0,1,WSSRCEPPSG,MZAIS2009431008,2009,AIS,1613,2257,,,1
MOZ,Gaza,5289309,Population using a protected spring,0,1,MZ,Mozambique,2009,MZ2009AIS,WS_SRCE_P_PSG,250162060,I,431009,1431009,Region,Gaza,0,,0,1,WSSRCEPPSG,MZAIS2009431009,2009,AIS,1454,2204,,,1
MOZ,Maputo Provincia,3100530,Population using a protected spring,0.2,1,MZ,Mozambique,2009,MZ2009AIS,WS_SRCE_P_PSG,250162060,I,431010,1431010,Region,Maputo Provincia,0,,0,1,WSSRCEPPSG,MZAIS2009431010,2009,AIS,1524,1950,,,1
MOZ,Maputo Cidade,6746663,Population using a protected spring,0,1,MZ,Mozambique,2009,MZ2009AIS,WS_SRCE_P_PSG,250162060,I,431011,1431011,Region,Maputo Cidade,0,,0,1,WSSRCEPPSG,MZAIS2009431011,2009,AIS,1270,2476,,,1
MOZ,Niassa,6086159,Population using rainwater,0,1,MZ,Mozambique,2009,MZ2009AIS,WS_SRCE_P_RNW,250162070,I,431001,1431001,Region,Niassa,0,,0,1,WSSRCEPRNW,MZAIS2009431001,2009,AIS,1500,2109,,,1
MOZ,Cabo Delgado,5740068,Population using rainwater,0,1,MZ,Mozambique,2009,MZ2009AIS,WS_SRCE_P_RNW,250162070,I,431002,1431002,Region,Cabo Delgado,0,,0,1,WSSRCEPRNW,MZAIS2009431002,2009,AIS,2129,2237,,,1
MOZ,Nampula,2677857,Population using rainwater,0.1,1,MZ,Mozambique,2009,MZ2009AIS,WS_SRCE_P_RNW,250162070,I,431003,1431003,Region,Nampula,0,,0,1,WSSRCEPRNW,MZAIS2009431003,2009,AIS,5532,2865,,,1
MOZ,Zambézia,4871388,Population using rainwater,0,1,MZ,Mozambique,2009,MZ2009AIS,WS_SRCE_P_RNW,250162070,I,431004,1431004,Region,Zambézia,0,,0,1,WSSRCEPRNW,MZAIS2009431004,2009,AIS,5224,2983,,,1
MOZ,Tete,4479334,Population using rainwater,0,1,MZ,Mozambique,2009,MZ2009AIS,WS_SRCE_P_RNW,250162070,I,431005,1431005,Region,Tete,0,,0,1,WSSRCEPRNW,MZAIS2009431005,2009,AIS,2140,2197,,,1
MOZ,Manica,5726750,Population using rainwater,0,1,MZ,Mozambique,2009,MZ2009AIS,WS_SRCE_P_RNW,250162070,I,431006,1431006,Region,Manica,0,,0,1,WSSRCEPRNW,MZAIS2009431006,2009,AIS,1590,2171,,,1
MOZ,Sofala,4283943,Population using rainwater,0,1,MZ,Mozambique,2009,MZ2009AIS,WS_SRCE_P_RNW,250162070,I,431007,1431007,Region,Sofala,0,,0,1,WSSRCEPRNW,MZAIS2009431007,2009,AIS,2032,2499,,,1
MOZ,Inhambane,3666441,Population using rainwater,0.6,1,MZ,Mozambique,2009,MZ2009AIS,WS_SRCE_P_RNW,250162070,I,431008,1431008,Region,Inhambane,0,,0,1,WSSRCEPRNW,MZAIS2009431008,2009,AIS,1613,2257,,,1
MOZ,Gaza,5289310,Population using rainwater,0.9,1,MZ,Mozambique,2009,MZ2009AIS,WS_SRCE_P_RNW,250162070,I,431009,1431009,Region,Gaza,0,,0,1,WSSRCEPRNW,MZAIS2009431009,2009,AIS,1454,2204,,,1
MOZ,Maputo Provincia,3100531,Population using rainwater,0,1,MZ,Mozambique,2009,MZ2009AIS,WS_SRCE_P_RNW,250162070,I,431010,1431010,Region,Maputo Provincia,0,,0,1,WSSRCEPRNW,MZAIS2009431010,2009,AIS,1524,1950,,,1
MOZ,Maputo Cidade,6746664,Population using rainwater,0,1,MZ,Mozambique,2009,MZ2009AIS,WS_SRCE_P_RNW,250162070,I,431011,1431011,Region,Maputo Cidade,0,,0,1,WSSRCEPRNW,MZAIS2009431011,2009,AIS,1270,2476,,,1
MOZ,Niassa,6086167,Population using tanker truck,0,1,MZ,Mozambique,2009,MZ2009AIS,WS_SRCE_P_TNK,250162074,I,431001,1431001,Region,Niassa,0,,0,1,WSSRCEPTNK,MZAIS2009431001,2009,AIS,1500,2109,,,1
MOZ,Cabo Delgado,5740079,Population using tanker truck,0,1,MZ,Mozambique,2009,MZ2009AIS,WS_SRCE_P_TNK,250162074,I,431002,1431002,Region,Cabo Delgado,0,,0,1,WSSRCEPTNK,MZAIS2009431002,2009,AIS,2129,2237,,,1
MOZ,Nampula,2677880,Population using tanker truck,0.2,1,MZ,Mozambique,2009,MZ2009AIS,WS_SRCE_P_TNK,250162074,I,431003,1431003,Region,Nampula,0,,0,1,WSSRCEPTNK,MZAIS2009431003,2009,AIS,5532,2865,,,1
MOZ,Zambézia,4871396,Population using tanker truck,0,1,MZ,Mozambique,2009,MZ2009AIS,WS_SRCE_P_TNK,250162074,I,431004,1431004,Region,Zambézia,0,,0,1,WSSRCEPTNK,MZAIS2009431004,2009,AIS,5224,2983,,,1
MOZ,Tete,4479343,Population using tanker truck,0,1,MZ,Mozambique,2009,MZ2009AIS,WS_SRCE_P_TNK,250162074,I,431005,1431005,Region,Tete,0,,0,1,WSSRCEPTNK,MZAIS2009431005,2009,AIS,2140,2197,,,1
MOZ,Manica,5726760,Population using tanker truck,0,1,MZ,Mozambique,2009,MZ2009AIS,WS_SRCE_P_TNK,250162074,I,431006,1431006,Region,Manica,0,,0,1,WSSRCEPTNK,MZAIS2009431006,2009,AIS,1590,2171,,,1
MOZ,Sofala,4283939,Population using tanker truck,0,1,MZ,Mozambique,2009,MZ2009AIS,WS_SRCE_P_TNK,250162074,I,431007,1431007,Region,Sofala,0,,0,1,WSSRCEPTNK,MZAIS2009431007,2009,AIS,2032,2499,,,1
MOZ,Inhambane,3666448,Population using tanker truck,0,1,MZ,Mozambique,2009,MZ2009AIS,WS_SRCE_P_TNK,250162074,I,431008,1431008,Region,Inhambane,0,,0,1,WSSRCEPTNK,MZAIS2009431008,2009,AIS,1613,2257,,,1
MOZ,Gaza,5289296,Population using tanker truck,0,1,MZ,Mozambique,2009,MZ2009AIS,WS_SRCE_P_TNK,250162074,I,431009,1431009,Region,Gaza,0,,0,1,WSSRCEPTNK,MZAIS2009431009,2009,AIS,1454,2204,,,1
MOZ,Maputo Provincia,3100550,Population using tanker truck,0.5,1,MZ,Mozambique,2009,MZ2009AIS,WS_SRCE_P_TNK,250162074,I,431010,1431010,Region,Maputo Provincia,0,,0,1,WSSRCEPTNK,MZAIS2009431010,2009,AIS,1524,1950,,,1
MOZ,Maputo Cidade,6746668,Population using tanker truck,0,1,MZ,Mozambique,2009,MZ2009AIS,WS_SRCE_P_TNK,250162074,I,431011,1431011,Region,Maputo Cidade,0,,0,1,WSSRCEPTNK,MZAIS2009431011,2009,AIS,1270,2476,,,1
MOZ,Niassa,6086171,Population using bottled water/demi john,0,1,MZ,Mozambique,2009,MZ2009AIS,WS_SRCE_P_BOT,250162080,I,431001,1431001,Region,Niassa,0,,0,1,WSSRCEPBOT,MZAIS2009431001,2009,AIS,1500,2109,,,1
MOZ,Cabo Delgado,5740076,Population using bottled water/demi john,0,1,MZ,Mozambique,2009,MZ2009AIS,WS_SRCE_P_BOT,250162080,I,431002,1431002,Region,Cabo Delgado,0,,0,1,WSSRCEPBOT,MZAIS2009431002,2009,AIS,2129,2237,,,1
MOZ,Nampula,2677862,Population using bottled water/demi john,0.3,1,MZ,Mozambique,2009,MZ2009AIS,WS_SRCE_P_BOT,250162080,I,431003,1431003,Region,Nampula,0,,0,1,WSSRCEPBOT,MZAIS2009431003,2009,AIS,5532,2865,,,1
MOZ,Zambézia,4871393,Population using bottled water/demi john,0,1,MZ,Mozambique,2009,MZ2009AIS,WS_SRCE_P_BOT,250162080,I,431004,1431004,Region,Zambézia,0,,0,1,WSSRCEPBOT,MZAIS2009431004,2009,AIS,5224,2983,,,1
MOZ,Tete,4479340,Population using bottled water/demi john,0.5,1,MZ,Mozambique,2009,MZ2009AIS,WS_SRCE_P_BOT,250162080,I,431005,1431005,Region,Tete,0,,0,1,WSSRCEPBOT,MZAIS2009431005,2009,AIS,2140,2197,,,1
MOZ,Manica,5726761,Population using bottled water/demi john,0,1,MZ,Mozambique,2009,MZ2009AIS,WS_SRCE_P_BOT,250162080,I,431006,1431006,Region,Manica,0,,0,1,WSSRCEPBOT,MZAIS2009431006,2009,AIS,1590,2171,,,1
MOZ,Sofala,4284014,Population using bottled water/demi john,0,1,MZ,Mozambique,2009,MZ2009AIS,WS_SRCE_P_BOT,250162080,I,431007,1431007,Region,Sofala,0,,0,1,WSSRCEPBOT,MZAIS2009431007,2009,AIS,2032,2499,,,1
MOZ,Inhambane,3666450,Population using bottled water/demi john,0,1,MZ,Mozambique,2009,MZ2009AIS,WS_SRCE_P_BOT,250162080,I,431008,1431008,Region,Inhambane,0,,0,1,WSSRCEPBOT,MZAIS2009431008,2009,AIS,1613,2257,,,1
MOZ,Gaza,5289332,Population using bottled water/demi john,0,1,MZ,Mozambique,2009,MZ2009AIS,WS_SRCE_P_BOT,250162080,I,431009,1431009,Region,Gaza,0,,0,1,WSSRCEPBOT,MZAIS2009431009,2009,AIS,1454,2204,,,1
MOZ,Maputo Provincia,3100554,Population using bottled water/demi john,0,1,MZ,Mozambique,2009,MZ2009AIS,WS_SRCE_P_BOT,250162080,I,431010,1431010,Region,Maputo Provincia,0,,0,1,WSSRCEPBOT,MZAIS2009431010,2009,AIS,1524,1950,,,1
MOZ,Maputo Cidade,6746685,Population using bottled water/demi john,1.5,1,MZ,Mozambique,2009,MZ2009AIS,WS_SRCE_P_BOT,250162080,I,431011,1431011,Region,Maputo Cidade,0,,0,1,WSSRCEPBOT,MZAIS2009431011,2009,AIS,1270,2476,,,1
MOZ,Niassa,6086154,Population using an unimproved water source,17.5,1,MZ,Mozambique,2009,MZ2009AIS,WS_SRCE_P_NIM,250162090,I,431001,1431001,Region,Niassa,0,,0,1,WSSRCEPNIM,MZAIS2009431001,2009,AIS,1500,2109,,,1
MOZ,Cabo Delgado,5740071,Population using an unimproved water source,59.4,1,MZ,Mozambique,2009,MZ2009AIS,WS_SRCE_P_NIM,250162090,I,431002,1431002,Region,Cabo Delgado,0,,0,1,WSSRCEPNIM,MZAIS2009431002,2009,AIS,2129,2237,,,1
MOZ,Nampula,2677854,Population using an unimproved water source,52.5,1,MZ,Mozambique,2009,MZ2009AIS,WS_SRCE_P_NIM,250162090,I,431003,1431003,Region,Nampula,0,,0,1,WSSRCEPNIM,MZAIS2009431003,2009,AIS,5532,2865,,,1
MOZ,Zambézia,4871386,Population using an unimproved water source,75.3,1,MZ,Mozambique,2009,MZ2009AIS,WS_SRCE_P_NIM,250162090,I,431004,1431004,Region,Zambézia,0,,0,1,WSSRCEPNIM,MZAIS2009431004,2009,AIS,5224,2983,,,1
MOZ,Tete,4479329,Population using an unimproved water source,52,1,MZ,Mozambique,2009,MZ2009AIS,WS_SRCE_P_NIM,250162090,I,431005,1431005,Region,Tete,0,,0,1,WSSRCEPNIM,MZAIS2009431005,2009,AIS,2140,2197,,,1
MOZ,Manica,5726754,Population using an unimproved water source,53.9,1,MZ,Mozambique,2009,MZ2009AIS,WS_SRCE_P_NIM,250162090,I,431006,1431006,Region,Manica,0,,0,1,WSSRCEPNIM,MZAIS2009431006,2009,AIS,1590,2171,,,1
MOZ,Sofala,4283935,Population using an unimproved water source,29.2,1,MZ,Mozambique,2009,MZ2009AIS,WS_SRCE_P_NIM,250162090,I,431007,1431007,Region,Sofala,0,,0,1,WSSRCEPNIM,MZAIS2009431007,2009,AIS,2032,2499,,,1
MOZ,Inhambane,3666451,Population using an unimproved water source,31,1,MZ,Mozambique,2009,MZ2009AIS,WS_SRCE_P_NIM,250162090,I,431008,1431008,Region,Inhambane,0,,0,1,WSSRCEPNIM,MZAIS2009431008,2009,AIS,1613,2257,,,1
MOZ,Gaza,5289292,Population using an unimproved water source,34.4,1,MZ,Mozambique,2009,MZ2009AIS,WS_SRCE_P_NIM,250162090,I,431009,1431009,Region,Gaza,0,,0,1,WSSRCEPNIM,MZAIS2009431009,2009,AIS,1454,2204,,,1
MOZ,Maputo Provincia,3100537,Population using an unimproved water source,22.6,1,MZ,Mozambique,2009,MZ2009AIS,WS_SRCE_P_NIM,250162090,I,431010,1431010,Region,Maputo Provincia,0,,0,1,WSSRCEPNIM,MZAIS2009431010,2009,AIS,1524,1950,,,1
MOZ,Maputo Cidade,6746658,Population using an unimproved water source,0.2,1,MZ,Mozambique,2009,MZ2009AIS,WS_SRCE_P_NIM,250162090,I,431011,1431011,Region,Maputo Cidade,0,,0,1,WSSRCEPNIM,MZAIS2009431011,2009,AIS,1270,2476,,,1
MOZ,Niassa,6086162,Population using an unprotected well water,9.3,1,MZ,Mozambique,2009,MZ2009AIS,WS_SRCE_P_UWL,250162100,I,431001,1431001,Region,Niassa,0,,0,1,WSSRCEPUWL,MZAIS2009431001,2009,AIS,1500,2109,,,1
MOZ,Cabo Delgado,5740075,Population using an unprotected well water,43.4,1,MZ,Mozambique,2009,MZ2009AIS,WS_SRCE_P_UWL,250162100,I,431002,1431002,Region,Cabo Delgado,0,,0,1,WSSRCEPUWL,MZAIS2009431002,2009,AIS,2129,2237,,,1
MOZ,Nampula,2677861,Population using an unprotected well water,36.9,1,MZ,Mozambique,2009,MZ2009AIS,WS_SRCE_P_UWL,250162100,I,431003,1431003,Region,Nampula,0,,0,1,WSSRCEPUWL,MZAIS2009431003,2009,AIS,5532,2865,,,1
MOZ,Zambézia,4871392,Population using an unprotected well water,59,1,MZ,Mozambique,2009,MZ2009AIS,WS_SRCE_P_UWL,250162100,I,431004,1431004,Region,Zambézia,0,,0,1,WSSRCEPUWL,MZAIS2009431004,2009,AIS,5224,2983,,,1
MOZ,Tete,4479339,Population using an unprotected well water,21,1,MZ,Mozambique,2009,MZ2009AIS,WS_SRCE_P_UWL,250162100,I,431005,1431005,Region,Tete,0,,0,1,WSSRCEPUWL,MZAIS2009431005,2009,AIS,2140,2197,,,1
MOZ,Manica,5726757,Population using an unprotected well water,23.5,1,MZ,Mozambique,2009,MZ2009AIS,WS_SRCE_P_UWL,250162100,I,431006,1431006,Region,Manica,0,,0,1,WSSRCEPUWL,MZAIS2009431006,2009,AIS,1590,2171,,,1
MOZ,Sofala,4284013,Population using an unprotected well water,23.1,1,MZ,Mozambique,2009,MZ2009AIS,WS_SRCE_P_UWL,250162100,I,431007,1431007,Region,Sofala,0,,0,1,WSSRCEPUWL,MZAIS2009431007,2009,AIS,2032,2499,,,1
MOZ,Inhambane,3666445,Population using an unprotected well water,25.2,1,MZ,Mozambique,2009,MZ2009AIS,WS_SRCE_P_UWL,250162100,I,431008,1431008,Region,Inhambane,0,,0,1,WSSRCEPUWL,MZAIS2009431008,2009,AIS,1613,2257,,,1
MOZ,Gaza,5289331,Population using an unprotected well water,27.3,1,MZ,Mozambique,2009,MZ2009AIS,WS_SRCE_P_UWL,250162100,I,431009,1431009,Region,Gaza,0,,0,1,WSSRCEPUWL,MZAIS2009431009,2009,AIS,1454,2204,,,1
MOZ,Maputo Provincia,3100538,Population using an unprotected well water,17.5,1,MZ,Mozambique,2009,MZ2009AIS,WS_SRCE_P_UWL,250162100,I,431010,1431010,Region,Maputo Provincia,0,,0,1,WSSRCEPUWL,MZAIS2009431010,2009,AIS,1524,1950,,,1
MOZ,Maputo Cidade,6746684,Population using an unprotected well water,0,1,MZ,Mozambique,2009,MZ2009AIS,WS_SRCE_P_UWL,250162100,I,431011,1431011,Region,Maputo Cidade,0,,0,1,WSSRCEPUWL,MZAIS2009431011,2009,AIS,1270,2476,,,1
MOZ,Niassa,6086153,Population using an unprotected spring,0.6,1,MZ,Mozambique,2009,MZ2009AIS,WS_SRCE_P_USG,250162110,I,431001,1431001,Region,Niassa,0,,0,1,WSSRCEPUSG,MZAIS2009431001,2009,AIS,1500,2109,,,1
MOZ,Cabo Delgado,5740070,Population using an unprotected spring,3.5,1,MZ,Mozambique,2009,MZ2009AIS,WS_SRCE_P_USG,250162110,I,431002,1431002,Region,Cabo Delgado,0,,0,1,WSSRCEPUSG,MZAIS2009431002,2009,AIS,2129,2237,,,1
MOZ,Nampula,2677853,Population using an unprotected spring,6.7,1,MZ,Mozambique,2009,MZ2009AIS,WS_SRCE_P_USG,250162110,I,431003,1431003,Region,Nampula,0,,0,1,WSSRCEPUSG,MZAIS2009431003,2009,AIS,5532,2865,,,1
MOZ,Zambézia,4871385,Population using an unprotected spring,6.6,1,MZ,Mozambique,2009,MZ2009AIS,WS_SRCE_P_USG,250162110,I,431004,1431004,Region,Zambézia,0,,0,1,WSSRCEPUSG,MZAIS2009431004,2009,AIS,5224,2983,,,1
MOZ,Tete,4479328,Population using an unprotected spring,3.5,1,MZ,Mozambique,2009,MZ2009AIS,WS_SRCE_P_USG,250162110,I,431005,1431005,Region,Tete,0,,0,1,WSSRCEPUSG,MZAIS2009431005,2009,AIS,2140,2197,,,1
MOZ,Manica,5726753,Population using an unprotected spring,3.8,1,MZ,Mozambique,2009,MZ2009AIS,WS_SRCE_P_USG,250162110,I,431006,1431006,Region,Manica,0,,0,1,WSSRCEPUSG,MZAIS2009431006,2009,AIS,1590,2171,,,1
MOZ,Sofala,4283934,Population using an unprotected spring,2.3,1,MZ,Mozambique,2009,MZ2009AIS,WS_SRCE_P_USG,250162110,I,431007,1431007,Region,Sofala,0,,0,1,WSSRCEPUSG,MZAIS2009431007,2009,AIS,2032,2499,,,1
MOZ,Inhambane,3666437,Population using an unprotected spring,2.8,1,MZ,Mozambique,2009,MZ2009AIS,WS_SRCE_P_USG,250162110,I,431008,1431008,Region,Inhambane,0,,0,1,WSSRCEPUSG,MZAIS2009431008,2009,AIS,1613,2257,,,1
MOZ,Gaza,5289291,Population using an unprotected spring,0,1,MZ,Mozambique,2009,MZ2009AIS,WS_SRCE_P_USG,250162110,I,431009,1431009,Region,Gaza,0,,0,1,WSSRCEPUSG,MZAIS2009431009,2009,AIS,1454,2204,,,1
MOZ,Maputo Provincia,3100536,Population using an unprotected spring,2.4,1,MZ,Mozambique,2009,MZ2009AIS,WS_SRCE_P_USG,250162110,I,431010,1431010,Region,Maputo Provincia,0,,0,1,WSSRCEPUSG,MZAIS2009431010,2009,AIS,1524,1950,,,1
MOZ,Maputo Cidade,6746657,Population using an unprotected spring,0,1,MZ,Mozambique,2009,MZ2009AIS,WS_SRCE_P_USG,250162110,I,431011,1431011,Region,Maputo Cidade,0,,0,1,WSSRCEPUSG,MZAIS2009431011,2009,AIS,1270,2476,,,1
MOZ,Niassa,6086164,Population using surface water,7.6,1,MZ,Mozambique,2009,MZ2009AIS,WS_SRCE_P_SRF,250162130,I,431001,1431001,Region,Niassa,0,,0,1,WSSRCEPSRF,MZAIS2009431001,2009,AIS,1500,2109,,,1
MOZ,Cabo Delgado,5740078,Population using surface water,12.5,1,MZ,Mozambique,2009,MZ2009AIS,WS_SRCE_P_SRF,250162130,I,431002,1431002,Region,Cabo Delgado,0,,0,1,WSSRCEPSRF,MZAIS2009431002,2009,AIS,2129,2237,,,1
MOZ,Nampula,2677879,Population using surface water,8.8,1,MZ,Mozambique,2009,MZ2009AIS,WS_SRCE_P_SRF,250162130,I,431003,1431003,Region,Nampula,0,,0,1,WSSRCEPSRF,MZAIS2009431003,2009,AIS,5532,2865,,,1
MOZ,Zambézia,4871395,Population using surface water,9.7,1,MZ,Mozambique,2009,MZ2009AIS,WS_SRCE_P_SRF,250162130,I,431004,1431004,Region,Zambézia,0,,0,1,WSSRCEPSRF,MZAIS2009431004,2009,AIS,5224,2983,,,1
MOZ,Tete,4479342,Population using surface water,27.5,1,MZ,Mozambique,2009,MZ2009AIS,WS_SRCE_P_SRF,250162130,I,431005,1431005,Region,Tete,0,,0,1,WSSRCEPSRF,MZAIS2009431005,2009,AIS,2140,2197,,,1
MOZ,Manica,5726759,Population using surface water,26.6,1,MZ,Mozambique,2009,MZ2009AIS,WS_SRCE_P_SRF,250162130,I,431006,1431006,Region,Manica,0,,0,1,WSSRCEPSRF,MZAIS2009431006,2009,AIS,1590,2171,,,1
MOZ,Sofala,4283938,Population using surface water,3.9,1,MZ,Mozambique,2009,MZ2009AIS,WS_SRCE_P_SRF,250162130,I,431007,1431007,Region,Sofala,0,,0,1,WSSRCEPSRF,MZAIS2009431007,2009,AIS,2032,2499,,,1
MOZ,Inhambane,3666447,Population using surface water,2.7,1,MZ,Mozambique,2009,MZ2009AIS,WS_SRCE_P_SRF,250162130,I,431008,1431008,Region,Inhambane,0,,0,1,WSSRCEPSRF,MZAIS2009431008,2009,AIS,1613,2257,,,1
MOZ,Gaza,5289295,Population using surface water,5.9,1,MZ,Mozambique,2009,MZ2009AIS,WS_SRCE_P_SRF,250162130,I,431009,1431009,Region,Gaza,0,,0,1,WSSRCEPSRF,MZAIS2009431009,2009,AIS,1454,2204,,,1
MOZ,Maputo Provincia,3100549,Population using surface water,1.1,1,MZ,Mozambique,2009,MZ2009AIS,WS_SRCE_P_SRF,250162130,I,431010,1431010,Region,Maputo Provincia,0,,0,1,WSSRCEPSRF,MZAIS2009431010,2009,AIS,1524,1950,,,1
MOZ,Maputo Cidade,6746667,Population using surface water,0,1,MZ,Mozambique,2009,MZ2009AIS,WS_SRCE_P_SRF,250162130,I,431011,1431011,Region,Maputo Cidade,0,,0,1,WSSRCEPSRF,MZAIS2009431011,2009,AIS,1270,2476,,,1
MOZ,Niassa,6086168,Population using other water source,0,1,MZ,Mozambique,2009,MZ2009AIS,WS_SRCE_P_OTH,250162140,I,431001,1431001,Region,Niassa,0,,0,1,WSSRCEPOTH,MZAIS2009431001,2009,AIS,1500,2109,,,1
MOZ,Cabo Delgado,5740080,Population using other water source,0,1,MZ,Mozambique,2009,MZ2009AIS,WS_SRCE_P_OTH,250162140,I,431002,1431002,Region,Cabo Delgado,0,,0,1,WSSRCEPOTH,MZAIS2009431002,2009,AIS,2129,2237,,,1
MOZ,Nampula,2677881,Population using other water source,0,1,MZ,Mozambique,2009,MZ2009AIS,WS_SRCE_P_OTH,250162140,I,431003,1431003,Region,Nampula,0,,0,1,WSSRCEPOTH,MZAIS2009431003,2009,AIS,5532,2865,,,1
MOZ,Zambézia,4871397,Population using other water source,0,1,MZ,Mozambique,2009,MZ2009AIS,WS_SRCE_P_OTH,250162140,I,431004,1431004,Region,Zambézia,0,,0,1,WSSRCEPOTH,MZAIS2009431004,2009,AIS,5224,2983,,,1
MOZ,Tete,4479344,Population using other water source,0,1,MZ,Mozambique,2009,MZ2009AIS,WS_SRCE_P_OTH,250162140,I,431005,1431005,Region,Tete,0,,0,1,WSSRCEPOTH,MZAIS2009431005,2009,AIS,2140,2197,,,1
MOZ,Manica,5726763,Population using other water source,0,1,MZ,Mozambique,2009,MZ2009AIS,WS_SRCE_P_OTH,250162140,I,431006,1431006,Region,Manica,0,,0,1,WSSRCEPOTH,MZAIS2009431006,2009,AIS,1590,2171,,,1
MOZ,Sofala,4283940,Population using other water source,0,1,MZ,Mozambique,2009,MZ2009AIS,WS_SRCE_P_OTH,250162140,I,431007,1431007,Region,Sofala,0,,0,1,WSSRCEPOTH,MZAIS2009431007,2009,AIS,2032,2499,,,1
MOZ,Inhambane,3666449,Population using other water source,0.2,1,MZ,Mozambique,2009,MZ2009AIS,WS_SRCE_P_OTH,250162140,I,431008,1431008,Region,Inhambane,0,,0,1,WSSRCEPOTH,MZAIS2009431008,2009,AIS,1613,2257,,,1
MOZ,Gaza,5289297,Population using other water source,1.2,1,MZ,Mozambique,2009,MZ2009AIS,WS_SRCE_P_OTH,250162140,I,431009,1431009,Region,Gaza,0,,0,1,WSSRCEPOTH,MZAIS2009431009,2009,AIS,1454,2204,,,1
MOZ,Maputo Provincia,3100552,Population using other water source,1.6,1,MZ,Mozambique,2009,MZ2009AIS,WS_SRCE_P_OTH,250162140,I,431010,1431010,Region,Maputo Provincia,0,,0,1,WSSRCEPOTH,MZAIS2009431010,2009,AIS,1524,1950,,,1
MOZ,Maputo Cidade,6746669,Population using other water source,0.2,1,MZ,Mozambique,2009,MZ2009AIS,WS_SRCE_P_OTH,250162140,I,431011,1431011,Region,Maputo Cidade,0,,0,1,WSSRCEPOTH,MZAIS2009431011,2009,AIS,1270,2476,,,1
MOZ,Niassa,6086169,Population with don't know or missing information on water source,2.4,1,MZ,Mozambique,2009,MZ2009AIS,WS_SRCE_P_DKM,250162150,S,431001,1431001,Region,Niassa,0,,0,1,WSSRCEPDKM,MZAIS2009431001,2009,AIS,1500,2109,,,1
MOZ,Cabo Delgado,5740081,Population with don't know or missing information on water source,0,1,MZ,Mozambique,2009,MZ2009AIS,WS_SRCE_P_DKM,250162150,S,431002,1431002,Region,Cabo Delgado,0,,0,1,WSSRCEPDKM,MZAIS2009431002,2009,AIS,2129,2237,,,1
MOZ,Nampula,2677882,Population with don't know or missing information on water source,0,1,MZ,Mozambique,2009,MZ2009AIS,WS_SRCE_P_DKM,250162150,S,431003,1431003,Region,Nampula,0,,0,1,WSSRCEPDKM,MZAIS2009431003,2009,AIS,5532,2865,,,1
MOZ,Zambézia,4871398,Population with don't know or missing information on water source,0,1,MZ,Mozambique,2009,MZ2009AIS,WS_SRCE_P_DKM,250162150,S,431004,1431004,Region,Zambézia,0,,0,1,WSSRCEPDKM,MZAIS2009431004,2009,AIS,5224,2983,,,1
MOZ,Tete,4479345,Population with don't know or missing information on water source,0,1,MZ,Mozambique,2009,MZ2009AIS,WS_SRCE_P_DKM,250162150,S,431005,1431005,Region,Tete,0,,0,1,WSSRCEPDKM,MZAIS2009431005,2009,AIS,2140,2197,,,1
MOZ,Manica,5726764,Population with don't know or missing information on water source,0,1,MZ,Mozambique,2009,MZ2009AIS,WS_SRCE_P_DKM,250162150,S,431006,1431006,Region,Manica,0,,0,1,WSSRCEPDKM,MZAIS2009431006,2009,AIS,1590,2171,,,1
MOZ,Sofala,4283942,Population with don't know or missing information on water source,0,1,MZ,Mozambique,2009,MZ2009AIS,WS_SRCE_P_DKM,250162150,S,431007,1431007,Region,Sofala,0,,0,1,WSSRCEPDKM,MZAIS2009431007,2009,AIS,2032,2499,,,1
MOZ,Inhambane,3666453,Population with don't know or missing information on water source,0,1,MZ,Mozambique,2009,MZ2009AIS,WS_SRCE_P_DKM,250162150,S,431008,1431008,Region,Inhambane,0,,0,1,WSSRCEPDKM,MZAIS2009431008,2009,AIS,1613,2257,,,1
MOZ,Gaza,5289311,Population with don't know or missing information on water source,0,1,MZ,Mozambique,2009,MZ2009AIS,WS_SRCE_P_DKM,250162150,S,431009,1431009,Region,Gaza,0,,0,1,WSSRCEPDKM,MZAIS2009431009,2009,AIS,1454,2204,,,1
MOZ,Maputo Provincia,3100553,Population with don't know or missing information on water source,1.3,1,MZ,Mozambique,2009,MZ2009AIS,WS_SRCE_P_DKM,250162150,S,431010,1431010,Region,Maputo Provincia,0,,0,1,WSSRCEPDKM,MZAIS2009431010,2009,AIS,1524,1950,,,1
MOZ,Maputo Cidade,6746670,Population with don't know or missing information on water source,0,1,MZ,Mozambique,2009,MZ2009AIS,WS_SRCE_P_DKM,250162150,S,431011,1431011,Region,Maputo Cidade,0,,0,1,WSSRCEPDKM,MZAIS2009431011,2009,AIS,1270,2476,,,1
MOZ,Niassa,6086166,Population: Total,100,1,MZ,Mozambique,2009,MZ2009AIS,WS_SRCE_P_TOT,250162160,T,431001,1431001,Region,Niassa,0,,0,1,WSSRCEPTOT,MZAIS2009431001,2009,AIS,1500,2109,,,1
MOZ,Cabo Delgado,5740072,Population: Total,100,1,MZ,Mozambique,2009,MZ2009AIS,WS_SRCE_P_TOT,250162160,T,431002,1431002,Region,Cabo Delgado,0,,0,1,WSSRCEPTOT,MZAIS2009431002,2009,AIS,2129,2237,,,1
MOZ,Nampula,2677855,Population: Total,100,1,MZ,Mozambique,2009,MZ2009AIS,WS_SRCE_P_TOT,250162160,T,431003,1431003,Region,Nampula,0,,0,1,WSSRCEPTOT,MZAIS2009431003,2009,AIS,5532,2865,,,1
MOZ,Zambézia,4871387,Population: Total,100,1,MZ,Mozambique,2009,MZ2009AIS,WS_SRCE_P_TOT,250162160,T,431004,1431004,Region,Zambézia,0,,0,1,WSSRCEPTOT,MZAIS2009431004,2009,AIS,5224,2983,,,1
MOZ,Tete,4479336,Population: Total,100,1,MZ,Mozambique,2009,MZ2009AIS,WS_SRCE_P_TOT,250162160,T,431005,1431005,Region,Tete,0,,0,1,WSSRCEPTOT,MZAIS2009431005,2009,AIS,2140,2197,,,1
MOZ,Manica,5726762,Population: Total,100,1,MZ,Mozambique,2009,MZ2009AIS,WS_SRCE_P_TOT,250162160,T,431006,1431006,Region,Manica,0,,0,1,WSSRCEPTOT,MZAIS2009431006,2009,AIS,1590,2171,,,1
MOZ,Sofala,4283936,Population: Total,100,1,MZ,Mozambique,2009,MZ2009AIS,WS_SRCE_P_TOT,250162160,T,431007,1431007,Region,Sofala,0,,0,1,WSSRCEPTOT,MZAIS2009431007,2009,AIS,2032,2499,,,1
MOZ,Inhambane,3666452,Population: Total,100,1,MZ,Mozambique,2009,MZ2009AIS,WS_SRCE_P_TOT,250162160,T,431008,1431008,Region,Inhambane,0,,0,1,WSSRCEPTOT,MZAIS2009431008,2009,AIS,1613,2257,,,1
MOZ,Gaza,5289293,Population: Total,100,1,MZ,Mozambique,2009,MZ2009AIS,WS_SRCE_P_TOT,250162160,T,431009,1431009,Region,Gaza,0,,0,1,WSSRCEPTOT,MZAIS2009431009,2009,AIS,1454,2204,,,1
MOZ,Maputo Provincia,3100551,Population: Total,100,1,MZ,Mozambique,2009,MZ2009AIS,WS_SRCE_P_TOT,250162160,T,431010,1431010,Region,Maputo Provincia,0,,0,1,WSSRCEPTOT,MZAIS2009431010,2009,AIS,1524,1950,,,1
MOZ,Maputo Cidade,6746659,Population: Total,100,1,MZ,Mozambique,2009,MZ2009AIS,WS_SRCE_P_TOT,250162160,T,431011,1431011,Region,Maputo Cidade,0,,0,1,WSSRCEPTOT,MZAIS2009431011,2009,AIS,1270,2476,,,1
MOZ,Niassa,4457840,Number of households,353,0,MZ,Mozambique,2009,MZ2009AIS,WS_WTRT_H_NUM,250231100,D,431001,1431001,Region,Niassa,0,,0,1,WSWTRTHNUM,MZAIS2009431001,2009,AIS,,506,,,1
MOZ,Cabo Delgado,6624286,Number of households,538,0,MZ,Mozambique,2009,MZ2009AIS,WS_WTRT_H_NUM,250231100,D,431002,1431002,Region,Cabo Delgado,0,,0,1,WSWTRTHNUM,MZAIS2009431002,2009,AIS,,546,,,1
MOZ,Nampula,6187918,Number of households,1309,0,MZ,Mozambique,2009,MZ2009AIS,WS_WTRT_H_NUM,250231100,D,431003,1431003,Region,Nampula,0,,0,1,WSWTRTHNUM,MZAIS2009431003,2009,AIS,,679,,,1
MOZ,Zambézia,1177178,Number of households,1200,0,MZ,Mozambique,2009,MZ2009AIS,WS_WTRT_H_NUM,250231100,D,431004,1431004,Region,Zambézia,0,,0,1,WSWTRTHNUM,MZAIS2009431004,2009,AIS,,685,,,1
MOZ,Tete,5396630,Number of households,525,0,MZ,Mozambique,2009,MZ2009AIS,WS_WTRT_H_NUM,250231100,D,431005,1431005,Region,Tete,0,,0,1,WSWTRTHNUM,MZAIS2009431005,2009,AIS,,543,,,1
MOZ,Manica,1176079,Number of households,371,0,MZ,Mozambique,2009,MZ2009AIS,WS_WTRT_H_NUM,250231100,D,431006,1431006,Region,Manica,0,,0,1,WSWTRTHNUM,MZAIS2009431006,2009,AIS,,510,,,1
MOZ,Sofala,6540060,Number of households,445,0,MZ,Mozambique,2009,MZ2009AIS,WS_WTRT_H_NUM,250231100,D,431007,1431007,Region,Sofala,0,,0,1,WSWTRTHNUM,MZAIS2009431007,2009,AIS,,552,,,1
MOZ,Inhambane,4828579,Number of households,377,0,MZ,Mozambique,2009,MZ2009AIS,WS_WTRT_H_NUM,250231100,D,431008,1431008,Region,Inhambane,0,,0,1,WSWTRTHNUM,MZAIS2009431008,2009,AIS,,527,,,1
MOZ,Gaza,7155326,Number of households,335,0,MZ,Mozambique,2009,MZ2009AIS,WS_WTRT_H_NUM,250231100,D,431009,1431009,Region,Gaza,0,,0,1,WSWTRTHNUM,MZAIS2009431009,2009,AIS,,504,,,1
MOZ,Maputo Provincia,1176123,Number of households,354,0,MZ,Mozambique,2009,MZ2009AIS,WS_WTRT_H_NUM,250231100,D,431010,1431010,Region,Maputo Provincia,0,,0,1,WSWTRTHNUM,MZAIS2009431010,2009,AIS,,474,,,1
MOZ,Maputo Cidade,3390591,Number of households,293,0,MZ,Mozambique,2009,MZ2009AIS,WS_WTRT_H_NUM,250231100,D,431011,1431011,Region,Maputo Cidade,0,,0,1,WSWTRTHNUM,MZAIS2009431011,2009,AIS,,571,,,1
MOZ,Niassa,162625,Number of households (unweighted),506,0,MZ,Mozambique,2009,MZ2009AIS,WS_WTRT_H_UNW,250231110,U,431001,1431001,Region,Niassa,0,,0,1,WSWTRTHUNW,MZAIS2009431001,2009,AIS,353,,,,1
MOZ,Cabo Delgado,671633,Number of households (unweighted),546,0,MZ,Mozambique,2009,MZ2009AIS,WS_WTRT_H_UNW,250231110,U,431002,1431002,Region,Cabo Delgado,0,,0,1,WSWTRTHUNW,MZAIS2009431002,2009,AIS,538,,,,1
MOZ,Nampula,433499,Number of households (unweighted),679,0,MZ,Mozambique,2009,MZ2009AIS,WS_WTRT_H_UNW,250231110,U,431003,1431003,Region,Nampula,0,,0,1,WSWTRTHUNW,MZAIS2009431003,2009,AIS,1309,,,,1
MOZ,Zambézia,1177351,Number of households (unweighted),685,0,MZ,Mozambique,2009,MZ2009AIS,WS_WTRT_H_UNW,250231110,U,431004,1431004,Region,Zambézia,0,,0,1,WSWTRTHUNW,MZAIS2009431004,2009,AIS,1200,,,,1
MOZ,Tete,54851,Number of households (unweighted),543,0,MZ,Mozambique,2009,MZ2009AIS,WS_WTRT_H_UNW,250231110,U,431005,1431005,Region,Tete,0,,0,1,WSWTRTHUNW,MZAIS2009431005,2009,AIS,525,,,,1
MOZ,Manica,3100557,Number of households (unweighted),510,0,MZ,Mozambique,2009,MZ2009AIS,WS_WTRT_H_UNW,250231110,U,431006,1431006,Region,Manica,0,,0,1,WSWTRTHUNW,MZAIS2009431006,2009,AIS,371,,,,1
MOZ,Sofala,2618825,Number of households (unweighted),552,0,MZ,Mozambique,2009,MZ2009AIS,WS_WTRT_H_UNW,250231110,U,431007,1431007,Region,Sofala,0,,0,1,WSWTRTHUNW,MZAIS2009431007,2009,AIS,445,,,,1
MOZ,Inhambane,1161762,Number of households (unweighted),527,0,MZ,Mozambique,2009,MZ2009AIS,WS_WTRT_H_UNW,250231110,U,431008,1431008,Region,Inhambane,0,,0,1,WSWTRTHUNW,MZAIS2009431008,2009,AIS,377,,,,1
MOZ,Gaza,599467,Number of households (unweighted),504,0,MZ,Mozambique,2009,MZ2009AIS,WS_WTRT_H_UNW,250231110,U,431009,1431009,Region,Gaza,0,,0,1,WSWTRTHUNW,MZAIS2009431009,2009,AIS,335,,,,1
MOZ,Maputo Provincia,3301021,Number of households (unweighted),474,0,MZ,Mozambique,2009,MZ2009AIS,WS_WTRT_H_UNW,250231110,U,431010,1431010,Region,Maputo Provincia,0,,0,1,WSWTRTHUNW,MZAIS2009431010,2009,AIS,354,,,,1
MOZ,Maputo Cidade,6396089,Number of households (unweighted),571,0,MZ,Mozambique,2009,MZ2009AIS,WS_WTRT_H_UNW,250231110,U,431011,1431011,Region,Maputo Cidade,0,,0,1,WSWTRTHUNW,MZAIS2009431011,2009,AIS,293,,,,1
MOZ,Niassa,6086170,Number of persons,1500,0,MZ,Mozambique,2009,MZ2009AIS,WS_WTRT_P_NUM,250232100,D,431001,1431001,Region,Niassa,0,,0,1,WSWTRTPNUM,MZAIS2009431001,2009,AIS,,2109,,,1
MOZ,Cabo Delgado,5841775,Number of persons,2129,0,MZ,Mozambique,2009,MZ2009AIS,WS_WTRT_P_NUM,250232100,D,431002,1431002,Region,Cabo Delgado,0,,0,1,WSWTRTPNUM,MZAIS2009431002,2009,AIS,,2237,,,1
MOZ,Nampula,1177307,Number of persons,5532,0,MZ,Mozambique,2009,MZ2009AIS,WS_WTRT_P_NUM,250232100,D,431003,1431003,Region,Nampula,0,,0,1,WSWTRTPNUM,MZAIS2009431003,2009,AIS,,2865,,,1
MOZ,Zambézia,4869448,Number of persons,5224,0,MZ,Mozambique,2009,MZ2009AIS,WS_WTRT_P_NUM,250232100,D,431004,1431004,Region,Zambézia,0,,0,1,WSWTRTPNUM,MZAIS2009431004,2009,AIS,,2983,,,1
MOZ,Tete,4479346,Number of persons,2140,0,MZ,Mozambique,2009,MZ2009AIS,WS_WTRT_P_NUM,250232100,D,431005,1431005,Region,Tete,0,,0,1,WSWTRTPNUM,MZAIS2009431005,2009,AIS,,2197,,,1
MOZ,Manica,5858375,Number of persons,1590,0,MZ,Mozambique,2009,MZ2009AIS,WS_WTRT_P_NUM,250232100,D,431006,1431006,Region,Manica,0,,0,1,WSWTRTPNUM,MZAIS2009431006,2009,AIS,,2171,,,1
MOZ,Sofala,4397281,Number of persons,2032,0,MZ,Mozambique,2009,MZ2009AIS,WS_WTRT_P_NUM,250232100,D,431007,1431007,Region,Sofala,0,,0,1,WSWTRTPNUM,MZAIS2009431007,2009,AIS,,2499,,,1
MOZ,Inhambane,3757375,Number of persons,1613,0,MZ,Mozambique,2009,MZ2009AIS,WS_WTRT_P_NUM,250232100,D,431008,1431008,Region,Inhambane,0,,0,1,WSWTRTPNUM,MZAIS2009431008,2009,AIS,,2257,,,1
MOZ,Gaza,5375722,Number of persons,1454,0,MZ,Mozambique,2009,MZ2009AIS,WS_WTRT_P_NUM,250232100,D,431009,1431009,Region,Gaza,0,,0,1,WSWTRTPNUM,MZAIS2009431009,2009,AIS,,2204,,,1
MOZ,Maputo Provincia,1176312,Number of persons,1524,0,MZ,Mozambique,2009,MZ2009AIS,WS_WTRT_P_NUM,250232100,D,431010,1431010,Region,Maputo Provincia,0,,0,1,WSWTRTPNUM,MZAIS2009431010,2009,AIS,,1950,,,1
MOZ,Maputo Cidade,6746492,Number of persons,1270,0,MZ,Mozambique,2009,MZ2009AIS,WS_WTRT_P_NUM,250232100,D,431011,1431011,Region,Maputo Cidade,0,,0,1,WSWTRTPNUM,MZAIS2009431011,2009,AIS,,2476,,,1
MOZ,Niassa,1169456,Number of persons (unweighted),2109,0,MZ,Mozambique,2009,MZ2009AIS,WS_WTRT_P_UNW,250232110,U,431001,1431001,Region,Niassa,0,,0,1,WSWTRTPUNW,MZAIS2009431001,2009,AIS,1500,,,,1
MOZ,Cabo Delgado,139402,Number of persons (unweighted),2237,0,MZ,Mozambique,2009,MZ2009AIS,WS_WTRT_P_UNW,250232110,U,431002,1431002,Region,Cabo Delgado,0,,0,1,WSWTRTPUNW,MZAIS2009431002,2009,AIS,2129,,,,1
MOZ,Nampula,2677843,Number of persons (unweighted),2865,0,MZ,Mozambique,2009,MZ2009AIS,WS_WTRT_P_UNW,250232110,U,431003,1431003,Region,Nampula,0,,0,1,WSWTRTPUNW,MZAIS2009431003,2009,AIS,5532,,,,1
MOZ,Zambézia,3405295,Number of persons (unweighted),2983,0,MZ,Mozambique,2009,MZ2009AIS,WS_WTRT_P_UNW,250232110,U,431004,1431004,Region,Zambézia,0,,0,1,WSWTRTPUNW,MZAIS2009431004,2009,AIS,5224,,,,1
MOZ,Tete,1176333,Number of persons (unweighted),2197,0,MZ,Mozambique,2009,MZ2009AIS,WS_WTRT_P_UNW,250232110,U,431005,1431005,Region,Tete,0,,0,1,WSWTRTPUNW,MZAIS2009431005,2009,AIS,2140,,,,1
MOZ,Manica,677810,Number of persons (unweighted),2171,0,MZ,Mozambique,2009,MZ2009AIS,WS_WTRT_P_UNW,250232110,U,431006,1431006,Region,Manica,0,,0,1,WSWTRTPUNW,MZAIS2009431006,2009,AIS,1590,,,,1
MOZ,Sofala,342596,Number of persons (unweighted),2499,0,MZ,Mozambique,2009,MZ2009AIS,WS_WTRT_P_UNW,250232110,U,431007,1431007,Region,Sofala,0,,0,1,WSWTRTPUNW,MZAIS2009431007,2009,AIS,2032,,,,1
MOZ,Inhambane,2922080,Number of persons (unweighted),2257,0,MZ,Mozambique,2009,MZ2009AIS,WS_WTRT_P_UNW,250232110,U,431008,1431008,Region,Inhambane,0,,0,1,WSWTRTPUNW,MZAIS2009431008,2009,AIS,1613,,,,1
MOZ,Gaza,195216,Number of persons (unweighted),2204,0,MZ,Mozambique,2009,MZ2009AIS,WS_WTRT_P_UNW,250232110,U,431009,1431009,Region,Gaza,0,,0,1,WSWTRTPUNW,MZAIS2009431009,2009,AIS,1454,,,,1
MOZ,Maputo Provincia,3100555,Number of persons (unweighted),1950,0,MZ,Mozambique,2009,MZ2009AIS,WS_WTRT_P_UNW,250232110,U,431010,1431010,Region,Maputo Provincia,0,,0,1,WSWTRTPUNW,MZAIS2009431010,2009,AIS,1524,,,,1
MOZ,Maputo Cidade,6397984,Number of persons (unweighted),2476,0,MZ,Mozambique,2009,MZ2009AIS,WS_WTRT_P_UNW,250232110,U,431011,1431011,Region,Maputo Cidade,0,,0,1,WSWTRTPUNW,MZAIS2009431011,2009,AIS,1270,,,,1
MOZ,Niassa,7484385,Households using an improved water source,43.9,1,MZ,Mozambique,2011,MZ2011DHS,WS_SRCE_H_IMP,250161010,I,431001,1431001,Region,Niassa,0,,0,1,WSSRCEHIMP,MZDHS2011431001,2011,DHS,840,1193,,,1
MOZ,Cabo Delgado,3808330,Households using an improved water source,37.3,1,MZ,Mozambique,2011,MZ2011DHS,WS_SRCE_H_IMP,250161010,I,431002,1431002,Region,Cabo Delgado,0,,0,1,WSSRCEHIMP,MZDHS2011431002,2011,DHS,1167,1277,,,1
MOZ,Nampula,6527349,Households using an improved water source,38.5,1,MZ,Mozambique,2011,MZ2011DHS,WS_SRCE_H_IMP,250161010,I,431003,1431003,Region,Nampula,0,,0,1,WSSRCEHIMP,MZDHS2011431003,2011,DHS,2561,1392,,,1
MOZ,Zambézia,3958893,Households using an improved water source,25.5,1,MZ,Mozambique,2011,MZ2011DHS,WS_SRCE_H_IMP,250161010,I,431004,1431004,Region,Zambézia,0,,0,1,WSSRCEHIMP,MZDHS2011431004,2011,DHS,2510,1391,,,1
MOZ,Tete,7309735,Households using an improved water source,43.5,1,MZ,Mozambique,2011,MZ2011DHS,WS_SRCE_H_IMP,250161010,I,431005,1431005,Region,Tete,0,,0,1,WSSRCEHIMP,MZDHS2011431005,2011,DHS,1636,1197,,,1
MOZ,Manica,3242620,Households using an improved water source,84.3,1,MZ,Mozambique,2011,MZ2011DHS,WS_SRCE_H_IMP,250161010,I,431006,1431006,Region,Manica,0,,0,1,WSSRCEHIMP,MZDHS2011431006,2011,DHS,916,1191,,,1
MOZ,Sofala,3852641,Households using an improved water source,65.6,1,MZ,Mozambique,2011,MZ2011DHS,WS_SRCE_H_IMP,250161010,I,431007,1431007,Region,Sofala,0,,0,1,WSSRCEHIMP,MZDHS2011431007,2011,DHS,1109,1307,,,1
MOZ,Inhambane,3277534,Households using an improved water source,60.9,1,MZ,Mozambique,2011,MZ2011DHS,WS_SRCE_H_IMP,250161010,I,431008,1431008,Region,Inhambane,0,,0,1,WSSRCEHIMP,MZDHS2011431008,2011,DHS,874,1196,,,1
MOZ,Gaza,4461119,Households using an improved water source,70.1,1,MZ,Mozambique,2011,MZ2011DHS,WS_SRCE_H_IMP,250161010,I,431009,1431009,Region,Gaza,0,,0,1,WSSRCEHIMP,MZDHS2011431009,2011,DHS,724,1184,,,1
MOZ,Maputo Provincia,7772777,Households using an improved water source,85.7,1,MZ,Mozambique,2011,MZ2011DHS,WS_SRCE_H_IMP,250161010,I,431010,1431010,Region,Maputo Provincia,0,,0,1,WSSRCEHIMP,MZDHS2011431010,2011,DHS,943,1294,,,1
MOZ,Maputo Cidade,439962,Households using an improved water source,98.9,1,MZ,Mozambique,2011,MZ2011DHS,WS_SRCE_H_IMP,250161010,I,431011,1431011,Region,Maputo Cidade,0,,0,1,WSSRCEHIMP,MZDHS2011431011,2011,DHS,638,1297,,,1
MOZ,Niassa,7484387,Households using water piped into dwelling,1,1,MZ,Mozambique,2011,MZ2011DHS,WS_SRCE_H_PIP,250161020,I,431001,1431001,Region,Niassa,0,,0,1,WSSRCEHPIP,MZDHS2011431001,2011,DHS,840,1193,,,1
MOZ,Cabo Delgado,3808335,Households using water piped into dwelling,0.3,1,MZ,Mozambique,2011,MZ2011DHS,WS_SRCE_H_PIP,250161020,I,431002,1431002,Region,Cabo Delgado,0,,0,1,WSSRCEHPIP,MZDHS2011431002,2011,DHS,1167,1277,,,1
MOZ,Nampula,6527393,Households using water piped into dwelling,1.2,1,MZ,Mozambique,2011,MZ2011DHS,WS_SRCE_H_PIP,250161020,I,431003,1431003,Region,Nampula,0,,0,1,WSSRCEHPIP,MZDHS2011431003,2011,DHS,2561,1392,,,1
MOZ,Zambézia,3958885,Households using water piped into dwelling,0.2,1,MZ,Mozambique,2011,MZ2011DHS,WS_SRCE_H_PIP,250161020,I,431004,1431004,Region,Zambézia,0,,0,1,WSSRCEHPIP,MZDHS2011431004,2011,DHS,2510,1391,,,1
MOZ,Tete,7309703,Households using water piped into dwelling,1.8,1,MZ,Mozambique,2011,MZ2011DHS,WS_SRCE_H_PIP,250161020,I,431005,1431005,Region,Tete,0,,0,1,WSSRCEHPIP,MZDHS2011431005,2011,DHS,1636,1197,,,1
MOZ,Manica,3242592,Households using water piped into dwelling,1.5,1,MZ,Mozambique,2011,MZ2011DHS,WS_SRCE_H_PIP,250161020,I,431006,1431006,Region,Manica,0,,0,1,WSSRCEHPIP,MZDHS2011431006,2011,DHS,916,1191,,,1
MOZ,Sofala,3852644,Households using water piped into dwelling,4.8,1,MZ,Mozambique,2011,MZ2011DHS,WS_SRCE_H_PIP,250161020,I,431007,1431007,Region,Sofala,0,,0,1,WSSRCEHPIP,MZDHS2011431007,2011,DHS,1109,1307,,,1
MOZ,Inhambane,3277528,Households using water piped into dwelling,0.7,1,MZ,Mozambique,2011,MZ2011DHS,WS_SRCE_H_PIP,250161020,I,431008,1431008,Region,Inhambane,0,,0,1,WSSRCEHPIP,MZDHS2011431008,2011,DHS,874,1196,,,1
MOZ,Gaza,4461103,Households using water piped into dwelling,2,1,MZ,Mozambique,2011,MZ2011DHS,WS_SRCE_H_PIP,250161020,I,431009,1431009,Region,Gaza,0,,0,1,WSSRCEHPIP,MZDHS2011431009,2011,DHS,724,1184,,,1
MOZ,Maputo Provincia,7772694,Households using water piped into dwelling,4.1,1,MZ,Mozambique,2011,MZ2011DHS,WS_SRCE_H_PIP,250161020,I,431010,1431010,Region,Maputo Provincia,0,,0,1,WSSRCEHPIP,MZDHS2011431010,2011,DHS,943,1294,,,1
MOZ,Maputo Cidade,439954,Households using water piped into dwelling,27.3,1,MZ,Mozambique,2011,MZ2011DHS,WS_SRCE_H_PIP,250161020,I,431011,1431011,Region,Maputo Cidade,0,,0,1,WSSRCEHPIP,MZDHS2011431011,2011,DHS,638,1297,,,1
MOZ,Niassa,7484401,Households using a public tap/standpipe,9.8,1,MZ,Mozambique,2011,MZ2011DHS,WS_SRCE_H_TAP,250161030,I,431001,1431001,Region,Niassa,0,,0,1,WSSRCEHTAP,MZDHS2011431001,2011,DHS,840,1193,,,1
MOZ,Cabo Delgado,3808352,Households using a public tap/standpipe,11.3,1,MZ,Mozambique,2011,MZ2011DHS,WS_SRCE_H_TAP,250161030,I,431002,1431002,Region,Cabo Delgado,0,,0,1,WSSRCEHTAP,MZDHS2011431002,2011,DHS,1167,1277,,,1
MOZ,Nampula,6527395,Households using a public tap/standpipe,21.8,1,MZ,Mozambique,2011,MZ2011DHS,WS_SRCE_H_TAP,250161030,I,431003,1431003,Region,Nampula,0,,0,1,WSSRCEHTAP,MZDHS2011431003,2011,DHS,2561,1392,,,1
MOZ,Zambézia,3958887,Households using a public tap/standpipe,2.7,1,MZ,Mozambique,2011,MZ2011DHS,WS_SRCE_H_TAP,250161030,I,431004,1431004,Region,Zambézia,0,,0,1,WSSRCEHTAP,MZDHS2011431004,2011,DHS,2510,1391,,,1
MOZ,Tete,7309705,Households using a public tap/standpipe,10.9,1,MZ,Mozambique,2011,MZ2011DHS,WS_SRCE_H_TAP,250161030,I,431005,1431005,Region,Tete,0,,0,1,WSSRCEHTAP,MZDHS2011431005,2011,DHS,1636,1197,,,1
MOZ,Manica,3242594,Households using a public tap/standpipe,34.4,1,MZ,Mozambique,2011,MZ2011DHS,WS_SRCE_H_TAP,250161030,I,431006,1431006,Region,Manica,0,,0,1,WSSRCEHTAP,MZDHS2011431006,2011,DHS,916,1191,,,1
MOZ,Sofala,3852646,Households using a public tap/standpipe,22.6,1,MZ,Mozambique,2011,MZ2011DHS,WS_SRCE_H_TAP,250161030,I,431007,1431007,Region,Sofala,0,,0,1,WSSRCEHTAP,MZDHS2011431007,2011,DHS,1109,1307,,,1
MOZ,Inhambane,3277530,Households using a public tap/standpipe,11.7,1,MZ,Mozambique,2011,MZ2011DHS,WS_SRCE_H_TAP,250161030,I,431008,1431008,Region,Inhambane,0,,0,1,WSSRCEHTAP,MZDHS2011431008,2011,DHS,874,1196,,,1
MOZ,Gaza,4461105,Households using a public tap/standpipe,20,1,MZ,Mozambique,2011,MZ2011DHS,WS_SRCE_H_TAP,250161030,I,431009,1431009,Region,Gaza,0,,0,1,WSSRCEHTAP,MZDHS2011431009,2011,DHS,724,1184,,,1
MOZ,Maputo Provincia,7772696,Households using a public tap/standpipe,13.3,1,MZ,Mozambique,2011,MZ2011DHS,WS_SRCE_H_TAP,250161030,I,431010,1431010,Region,Maputo Provincia,0,,0,1,WSSRCEHTAP,MZDHS2011431010,2011,DHS,943,1294,,,1
MOZ,Maputo Cidade,439956,Households using a public tap/standpipe,12.6,1,MZ,Mozambique,2011,MZ2011DHS,WS_SRCE_H_TAP,250161030,I,431011,1431011,Region,Maputo Cidade,0,,0,1,WSSRCEHTAP,MZDHS2011431011,2011,DHS,638,1297,,,1
MOZ,Niassa,7484403,Households using a tubewell/borehole,19.6,1,MZ,Mozambique,2011,MZ2011DHS,WS_SRCE_H_TUB,250161040,I,431001,1431001,Region,Niassa,0,,0,1,WSSRCEHTUB,MZDHS2011431001,2011,DHS,840,1193,,,1
MOZ,Cabo Delgado,3808354,Households using a tubewell/borehole,10.2,1,MZ,Mozambique,2011,MZ2011DHS,WS_SRCE_H_TUB,250161040,I,431002,1431002,Region,Cabo Delgado,0,,0,1,WSSRCEHTUB,MZDHS2011431002,2011,DHS,1167,1277,,,1
MOZ,Nampula,6527339,Households using a tubewell/borehole,1.1,1,MZ,Mozambique,2011,MZ2011DHS,WS_SRCE_H_TUB,250161040,I,431003,1431003,Region,Nampula,0,,0,1,WSSRCEHTUB,MZDHS2011431003,2011,DHS,2561,1392,,,1
MOZ,Zambézia,3958891,Households using a tubewell/borehole,13.6,1,MZ,Mozambique,2011,MZ2011DHS,WS_SRCE_H_TUB,250161040,I,431004,1431004,Region,Zambézia,0,,0,1,WSSRCEHTUB,MZDHS2011431004,2011,DHS,2510,1391,,,1
MOZ,Tete,7309707,Households using a tubewell/borehole,19.3,1,MZ,Mozambique,2011,MZ2011DHS,WS_SRCE_H_TUB,250161040,I,431005,1431005,Region,Tete,0,,0,1,WSSRCEHTUB,MZDHS2011431005,2011,DHS,1636,1197,,,1
MOZ,Manica,3242596,Households using a tubewell/borehole,22.3,1,MZ,Mozambique,2011,MZ2011DHS,WS_SRCE_H_TUB,250161040,I,431006,1431006,Region,Manica,0,,0,1,WSSRCEHTUB,MZDHS2011431006,2011,DHS,916,1191,,,1
MOZ,Sofala,3852648,Households using a tubewell/borehole,16.3,1,MZ,Mozambique,2011,MZ2011DHS,WS_SRCE_H_TUB,250161040,I,431007,1431007,Region,Sofala,0,,0,1,WSSRCEHTUB,MZDHS2011431007,2011,DHS,1109,1307,,,1
MOZ,Inhambane,3277532,Households using a tubewell/borehole,13.7,1,MZ,Mozambique,2011,MZ2011DHS,WS_SRCE_H_TUB,250161040,I,431008,1431008,Region,Inhambane,0,,0,1,WSSRCEHTUB,MZDHS2011431008,2011,DHS,874,1196,,,1
MOZ,Gaza,4461107,Households using a tubewell/borehole,13.6,1,MZ,Mozambique,2011,MZ2011DHS,WS_SRCE_H_TUB,250161040,I,431009,1431009,Region,Gaza,0,,0,1,WSSRCEHTUB,MZDHS2011431009,2011,DHS,724,1184,,,1
MOZ,Maputo Provincia,7772698,Households using a tubewell/borehole,4.7,1,MZ,Mozambique,2011,MZ2011DHS,WS_SRCE_H_TUB,250161040,I,431010,1431010,Region,Maputo Provincia,0,,0,1,WSSRCEHTUB,MZDHS2011431010,2011,DHS,943,1294,,,1
MOZ,Maputo Cidade,439958,Households using a tubewell/borehole,0.9,1,MZ,Mozambique,2011,MZ2011DHS,WS_SRCE_H_TUB,250161040,I,431011,1431011,Region,Maputo Cidade,0,,0,1,WSSRCEHTUB,MZDHS2011431011,2011,DHS,638,1297,,,1
MOZ,Niassa,7484404,Households using a protected well,10,1,MZ,Mozambique,2011,MZ2011DHS,WS_SRCE_H_PWL,250161050,I,431001,1431001,Region,Niassa,0,,0,1,WSSRCEHPWL,MZDHS2011431001,2011,DHS,840,1193,,,1
MOZ,Cabo Delgado,3808355,Households using a protected well,8.6,1,MZ,Mozambique,2011,MZ2011DHS,WS_SRCE_H_PWL,250161050,I,431002,1431002,Region,Cabo Delgado,0,,0,1,WSSRCEHPWL,MZDHS2011431002,2011,DHS,1167,1277,,,1
MOZ,Nampula,6527340,Households using a protected well,5.7,1,MZ,Mozambique,2011,MZ2011DHS,WS_SRCE_H_PWL,250161050,I,431003,1431003,Region,Nampula,0,,0,1,WSSRCEHPWL,MZDHS2011431003,2011,DHS,2561,1392,,,1
MOZ,Zambézia,3958892,Households using a protected well,4.8,1,MZ,Mozambique,2011,MZ2011DHS,WS_SRCE_H_PWL,250161050,I,431004,1431004,Region,Zambézia,0,,0,1,WSSRCEHPWL,MZDHS2011431004,2011,DHS,2510,1391,,,1
MOZ,Tete,7309708,Households using a protected well,5,1,MZ,Mozambique,2011,MZ2011DHS,WS_SRCE_H_PWL,250161050,I,431005,1431005,Region,Tete,0,,0,1,WSSRCEHPWL,MZDHS2011431005,2011,DHS,1636,1197,,,1
MOZ,Manica,3242607,Households using a protected well,14.5,1,MZ,Mozambique,2011,MZ2011DHS,WS_SRCE_H_PWL,250161050,I,431006,1431006,Region,Manica,0,,0,1,WSSRCEHPWL,MZDHS2011431006,2011,DHS,916,1191,,,1
MOZ,Sofala,3852649,Households using a protected well,3.5,1,MZ,Mozambique,2011,MZ2011DHS,WS_SRCE_H_PWL,250161050,I,431007,1431007,Region,Sofala,0,,0,1,WSSRCEHPWL,MZDHS2011431007,2011,DHS,1109,1307,,,1
MOZ,Inhambane,3277533,Households using a protected well,12.1,1,MZ,Mozambique,2011,MZ2011DHS,WS_SRCE_H_PWL,250161050,I,431008,1431008,Region,Inhambane,0,,0,1,WSSRCEHPWL,MZDHS2011431008,2011,DHS,874,1196,,,1
MOZ,Gaza,4461108,Households using a protected well,6.3,1,MZ,Mozambique,2011,MZ2011DHS,WS_SRCE_H_PWL,250161050,I,431009,1431009,Region,Gaza,0,,0,1,WSSRCEHPWL,MZDHS2011431009,2011,DHS,724,1184,,,1
MOZ,Maputo Provincia,7772699,Households using a protected well,4.5,1,MZ,Mozambique,2011,MZ2011DHS,WS_SRCE_H_PWL,250161050,I,431010,1431010,Region,Maputo Provincia,0,,0,1,WSSRCEHPWL,MZDHS2011431010,2011,DHS,943,1294,,,1
MOZ,Maputo Cidade,439959,Households using a protected well,1.3,1,MZ,Mozambique,2011,MZ2011DHS,WS_SRCE_H_PWL,250161050,I,431011,1431011,Region,Maputo Cidade,0,,0,1,WSSRCEHPWL,MZDHS2011431011,2011,DHS,638,1297,,,1
MOZ,Niassa,7484345,Households using rainwater,0,1,MZ,Mozambique,2011,MZ2011DHS,WS_SRCE_H_RNW,250161070,I,431001,1431001,Region,Niassa,0,,0,1,WSSRCEHRNW,MZDHS2011431001,2011,DHS,840,1193,,,1
MOZ,Cabo Delgado,3808332,Households using rainwater,0.4,1,MZ,Mozambique,2011,MZ2011DHS,WS_SRCE_H_RNW,250161070,I,431002,1431002,Region,Cabo Delgado,0,,0,1,WSSRCEHRNW,MZDHS2011431002,2011,DHS,1167,1277,,,1
MOZ,Nampula,6527392,Households using rainwater,0,1,MZ,Mozambique,2011,MZ2011DHS,WS_SRCE_H_RNW,250161070,I,431003,1431003,Region,Nampula,0,,0,1,WSSRCEHRNW,MZDHS2011431003,2011,DHS,2561,1392,,,1
MOZ,Zambézia,3958890,Households using rainwater,0,1,MZ,Mozambique,2011,MZ2011DHS,WS_SRCE_H_RNW,250161070,I,431004,1431004,Region,Zambézia,0,,0,1,WSSRCEHRNW,MZDHS2011431004,2011,DHS,2510,1391,,,1
MOZ,Tete,7309715,Households using rainwater,0,1,MZ,Mozambique,2011,MZ2011DHS,WS_SRCE_H_RNW,250161070,I,431005,1431005,Region,Tete,0,,0,1,WSSRCEHRNW,MZDHS2011431005,2011,DHS,1636,1197,,,1
MOZ,Manica,3242598,Households using rainwater,0,1,MZ,Mozambique,2011,MZ2011DHS,WS_SRCE_H_RNW,250161070,I,431006,1431006,Region,Manica,0,,0,1,WSSRCEHRNW,MZDHS2011431006,2011,DHS,916,1191,,,1
MOZ,Sofala,3852655,Households using rainwater,0,1,MZ,Mozambique,2011,MZ2011DHS,WS_SRCE_H_RNW,250161070,I,431007,1431007,Region,Sofala,0,,0,1,WSSRCEHRNW,MZDHS2011431007,2011,DHS,1109,1307,,,1
MOZ,Inhambane,3277537,Households using rainwater,8.4,1,MZ,Mozambique,2011,MZ2011DHS,WS_SRCE_H_RNW,250161070,I,431008,1431008,Region,Inhambane,0,,0,1,WSSRCEHRNW,MZDHS2011431008,2011,DHS,874,1196,,,1
MOZ,Gaza,4461113,Households using rainwater,5,1,MZ,Mozambique,2011,MZ2011DHS,WS_SRCE_H_RNW,250161070,I,431009,1431009,Region,Gaza,0,,0,1,WSSRCEHRNW,MZDHS2011431009,2011,DHS,724,1184,,,1
MOZ,Maputo Provincia,7772771,Households using rainwater,0,1,MZ,Mozambique,2011,MZ2011DHS,WS_SRCE_H_RNW,250161070,I,431010,1431010,Region,Maputo Provincia,0,,0,1,WSSRCEHRNW,MZDHS2011431010,2011,DHS,943,1294,,,1
MOZ,Maputo Cidade,439968,Households using rainwater,0,1,MZ,Mozambique,2011,MZ2011DHS,WS_SRCE_H_RNW,250161070,I,431011,1431011,Region,Maputo Cidade,0,,0,1,WSSRCEHRNW,MZDHS2011431011,2011,DHS,638,1297,,,1
MOZ,Niassa,7484361,Households using tanker truck,0,1,MZ,Mozambique,2011,MZ2011DHS,WS_SRCE_H_TNK,250161074,I,431001,1431001,Region,Niassa,0,,0,1,WSSRCEHTNK,MZDHS2011431001,2011,DHS,840,1193,,,1
MOZ,Cabo Delgado,3808371,Households using tanker truck,0.5,1,MZ,Mozambique,2011,MZ2011DHS,WS_SRCE_H_TNK,250161074,I,431002,1431002,Region,Cabo Delgado,0,,0,1,WSSRCEHTNK,MZDHS2011431002,2011,DHS,1167,1277,,,1
MOZ,Nampula,6527360,Households using tanker truck,0.1,1,MZ,Mozambique,2011,MZ2011DHS,WS_SRCE_H_TNK,250161074,I,431003,1431003,Region,Nampula,0,,0,1,WSSRCEHTNK,MZDHS2011431003,2011,DHS,2561,1392,,,1
MOZ,Zambézia,3958897,Households using tanker truck,0,1,MZ,Mozambique,2011,MZ2011DHS,WS_SRCE_H_TNK,250161074,I,431004,1431004,Region,Zambézia,0,,0,1,WSSRCEHTNK,MZDHS2011431004,2011,DHS,2510,1391,,,1
MOZ,Tete,7309729,Households using tanker truck,0,1,MZ,Mozambique,2011,MZ2011DHS,WS_SRCE_H_TNK,250161074,I,431005,1431005,Region,Tete,0,,0,1,WSSRCEHTNK,MZDHS2011431005,2011,DHS,1636,1197,,,1
MOZ,Manica,3242614,Households using tanker truck,0.1,1,MZ,Mozambique,2011,MZ2011DHS,WS_SRCE_H_TNK,250161074,I,431006,1431006,Region,Manica,0,,0,1,WSSRCEHTNK,MZDHS2011431006,2011,DHS,916,1191,,,1
MOZ,Sofala,3852662,Households using tanker truck,0,1,MZ,Mozambique,2011,MZ2011DHS,WS_SRCE_H_TNK,250161074,I,431007,1431007,Region,Sofala,0,,0,1,WSSRCEHTNK,MZDHS2011431007,2011,DHS,1109,1307,,,1
MOZ,Inhambane,3277538,Households using tanker truck,0.6,1,MZ,Mozambique,2011,MZ2011DHS,WS_SRCE_H_TNK,250161074,I,431008,1431008,Region,Inhambane,0,,0,1,WSSRCEHTNK,MZDHS2011431008,2011,DHS,874,1196,,,1
MOZ,Gaza,4461110,Households using tanker truck,0,1,MZ,Mozambique,2011,MZ2011DHS,WS_SRCE_H_TNK,250161074,I,431009,1431009,Region,Gaza,0,,0,1,WSSRCEHTNK,MZDHS2011431009,2011,DHS,724,1184,,,1
MOZ,Maputo Provincia,7772706,Households using tanker truck,0.6,1,MZ,Mozambique,2011,MZ2011DHS,WS_SRCE_H_TNK,250161074,I,431010,1431010,Region,Maputo Provincia,0,,0,1,WSSRCEHTNK,MZDHS2011431010,2011,DHS,943,1294,,,1
MOZ,Maputo Cidade,439975,Households using tanker truck,0,1,MZ,Mozambique,2011,MZ2011DHS,WS_SRCE_H_TNK,250161074,I,431011,1431011,Region,Maputo Cidade,0,,0,1,WSSRCEHTNK,MZDHS2011431011,2011,DHS,638,1297,,,1
MOZ,Niassa,7484356,Households using bottled water,0,1,MZ,Mozambique,2011,MZ2011DHS,WS_SRCE_H_BOT,250161080,I,431001,1431001,Region,Niassa,0,,0,1,WSSRCEHBOT,MZDHS2011431001,2011,DHS,840,1193,,,1
MOZ,Cabo Delgado,3808365,Households using bottled water,0,1,MZ,Mozambique,2011,MZ2011DHS,WS_SRCE_H_BOT,250161080,I,431002,1431002,Region,Cabo Delgado,0,,0,1,WSSRCEHBOT,MZDHS2011431002,2011,DHS,1167,1277,,,1
MOZ,Nampula,6527351,Households using bottled water,0.1,1,MZ,Mozambique,2011,MZ2011DHS,WS_SRCE_H_BOT,250161080,I,431003,1431003,Region,Nampula,0,,0,1,WSSRCEHBOT,MZDHS2011431003,2011,DHS,2561,1392,,,1
MOZ,Zambézia,3958895,Households using bottled water,0,1,MZ,Mozambique,2011,MZ2011DHS,WS_SRCE_H_BOT,250161080,I,431004,1431004,Region,Zambézia,0,,0,1,WSSRCEHBOT,MZDHS2011431004,2011,DHS,2510,1391,,,1
MOZ,Tete,7309737,Households using bottled water,0.1,1,MZ,Mozambique,2011,MZ2011DHS,WS_SRCE_H_BOT,250161080,I,431005,1431005,Region,Tete,0,,0,1,WSSRCEHBOT,MZDHS2011431005,2011,DHS,1636,1197,,,1
MOZ,Manica,3242705,Households using bottled water,0.1,1,MZ,Mozambique,2011,MZ2011DHS,WS_SRCE_H_BOT,250161080,I,431006,1431006,Region,Manica,0,,0,1,WSSRCEHBOT,MZDHS2011431006,2011,DHS,916,1191,,,1
MOZ,Sofala,3852643,Households using bottled water,0.5,1,MZ,Mozambique,2011,MZ2011DHS,WS_SRCE_H_BOT,250161080,I,431007,1431007,Region,Sofala,0,,0,1,WSSRCEHBOT,MZDHS2011431007,2011,DHS,1109,1307,,,1
MOZ,Inhambane,3277540,Households using bottled water,0,1,MZ,Mozambique,2011,MZ2011DHS,WS_SRCE_H_BOT,250161080,I,431008,1431008,Region,Inhambane,0,,0,1,WSSRCEHBOT,MZDHS2011431008,2011,DHS,874,1196,,,1
MOZ,Gaza,4461121,Households using bottled water,0,1,MZ,Mozambique,2011,MZ2011DHS,WS_SRCE_H_BOT,250161080,I,431009,1431009,Region,Gaza,0,,0,1,WSSRCEHBOT,MZDHS2011431009,2011,DHS,724,1184,,,1
MOZ,Maputo Provincia,7772779,Households using bottled water,0.8,1,MZ,Mozambique,2011,MZ2011DHS,WS_SRCE_H_BOT,250161080,I,431010,1431010,Region,Maputo Provincia,0,,0,1,WSSRCEHBOT,MZDHS2011431010,2011,DHS,943,1294,,,1
MOZ,Maputo Cidade,439964,Households using bottled water,2.9,1,MZ,Mozambique,2011,MZ2011DHS,WS_SRCE_H_BOT,250161080,I,431011,1431011,Region,Maputo Cidade,0,,0,1,WSSRCEHBOT,MZDHS2011431011,2011,DHS,638,1297,,,1
MOZ,Niassa,7484405,Households using an unimproved water source,56.1,1,MZ,Mozambique,2011,MZ2011DHS,WS_SRCE_H_NIM,250161090,I,431001,1431001,Region,Niassa,0,,0,1,WSSRCEHNIM,MZDHS2011431001,2011,DHS,840,1193,,,1
MOZ,Cabo Delgado,3808331,Households using an unimproved water source,62.7,1,MZ,Mozambique,2011,MZ2011DHS,WS_SRCE_H_NIM,250161090,I,431002,1431002,Region,Cabo Delgado,0,,0,1,WSSRCEHNIM,MZDHS2011431002,2011,DHS,1167,1277,,,1
MOZ,Nampula,6527391,Households using an unimproved water source,61.5,1,MZ,Mozambique,2011,MZ2011DHS,WS_SRCE_H_NIM,250161090,I,431003,1431003,Region,Nampula,0,,0,1,WSSRCEHNIM,MZDHS2011431003,2011,DHS,2561,1392,,,1
MOZ,Zambézia,3958889,Households using an unimproved water source,74.5,1,MZ,Mozambique,2011,MZ2011DHS,WS_SRCE_H_NIM,250161090,I,431004,1431004,Region,Zambézia,0,,0,1,WSSRCEHNIM,MZDHS2011431004,2011,DHS,2510,1391,,,1
MOZ,Tete,7309714,Households using an unimproved water source,56.5,1,MZ,Mozambique,2011,MZ2011DHS,WS_SRCE_H_NIM,250161090,I,431005,1431005,Region,Tete,0,,0,1,WSSRCEHNIM,MZDHS2011431005,2011,DHS,1636,1197,,,1
MOZ,Manica,3242597,Households using an unimproved water source,15.7,1,MZ,Mozambique,2011,MZ2011DHS,WS_SRCE_H_NIM,250161090,I,431006,1431006,Region,Manica,0,,0,1,WSSRCEHNIM,MZDHS2011431006,2011,DHS,916,1191,,,1
MOZ,Sofala,3852640,Households using an unimproved water source,34.4,1,MZ,Mozambique,2011,MZ2011DHS,WS_SRCE_H_NIM,250161090,I,431007,1431007,Region,Sofala,0,,0,1,WSSRCEHNIM,MZDHS2011431007,2011,DHS,1109,1307,,,1
MOZ,Inhambane,3277527,Households using an unimproved water source,39.1,1,MZ,Mozambique,2011,MZ2011DHS,WS_SRCE_H_NIM,250161090,I,431008,1431008,Region,Inhambane,0,,0,1,WSSRCEHNIM,MZDHS2011431008,2011,DHS,874,1196,,,1
MOZ,Gaza,4461112,Households using an unimproved water source,29.9,1,MZ,Mozambique,2011,MZ2011DHS,WS_SRCE_H_NIM,250161090,I,431009,1431009,Region,Gaza,0,,0,1,WSSRCEHNIM,MZDHS2011431009,2011,DHS,724,1184,,,1
MOZ,Maputo Provincia,7772770,Households using an unimproved water source,14.3,1,MZ,Mozambique,2011,MZ2011DHS,WS_SRCE_H_NIM,250161090,I,431010,1431010,Region,Maputo Provincia,0,,0,1,WSSRCEHNIM,MZDHS2011431010,2011,DHS,943,1294,,,1
MOZ,Maputo Cidade,439967,Households using an unimproved water source,1.1,1,MZ,Mozambique,2011,MZ2011DHS,WS_SRCE_H_NIM,250161090,I,431011,1431011,Region,Maputo Cidade,0,,0,1,WSSRCEHNIM,MZDHS2011431011,2011,DHS,638,1297,,,1
MOZ,Niassa,7484386,Households using an unprotected well water,30.7,1,MZ,Mozambique,2011,MZ2011DHS,WS_SRCE_H_UWL,250161100,I,431001,1431001,Region,Niassa,0,,0,1,WSSRCEHUWL,MZDHS2011431001,2011,DHS,840,1193,,,1
MOZ,Cabo Delgado,3808364,Households using an unprotected well water,54.2,1,MZ,Mozambique,2011,MZ2011DHS,WS_SRCE_H_UWL,250161100,I,431002,1431002,Region,Cabo Delgado,0,,0,1,WSSRCEHUWL,MZDHS2011431002,2011,DHS,1167,1277,,,1
MOZ,Nampula,6527350,Households using an unprotected well water,49.2,1,MZ,Mozambique,2011,MZ2011DHS,WS_SRCE_H_UWL,250161100,I,431003,1431003,Region,Nampula,0,,0,1,WSSRCEHUWL,MZDHS2011431003,2011,DHS,2561,1392,,,1
MOZ,Zambézia,3958894,Households using an unprotected well water,47.5,1,MZ,Mozambique,2011,MZ2011DHS,WS_SRCE_H_UWL,250161100,I,431004,1431004,Region,Zambézia,0,,0,1,WSSRCEHUWL,MZDHS2011431004,2011,DHS,2510,1391,,,1
MOZ,Tete,7309736,Households using an unprotected well water,25.3,1,MZ,Mozambique,2011,MZ2011DHS,WS_SRCE_H_UWL,250161100,I,431005,1431005,Region,Tete,0,,0,1,WSSRCEHUWL,MZDHS2011431005,2011,DHS,1636,1197,,,1
MOZ,Manica,3242704,Households using an unprotected well water,9.7,1,MZ,Mozambique,2011,MZ2011DHS,WS_SRCE_H_UWL,250161100,I,431006,1431006,Region,Manica,0,,0,1,WSSRCEHUWL,MZDHS2011431006,2011,DHS,916,1191,,,1
MOZ,Sofala,3852642,Households using an unprotected well water,22.9,1,MZ,Mozambique,2011,MZ2011DHS,WS_SRCE_H_UWL,250161100,I,431007,1431007,Region,Sofala,0,,0,1,WSSRCEHUWL,MZDHS2011431007,2011,DHS,1109,1307,,,1
MOZ,Inhambane,3277535,Households using an unprotected well water,31.2,1,MZ,Mozambique,2011,MZ2011DHS,WS_SRCE_H_UWL,250161100,I,431008,1431008,Region,Inhambane,0,,0,1,WSSRCEHUWL,MZDHS2011431008,2011,DHS,874,1196,,,1
MOZ,Gaza,4461120,Households using an unprotected well water,22.4,1,MZ,Mozambique,2011,MZ2011DHS,WS_SRCE_H_UWL,250161100,I,431009,1431009,Region,Gaza,0,,0,1,WSSRCEHUWL,MZDHS2011431009,2011,DHS,724,1184,,,1
MOZ,Maputo Provincia,7772778,Households using an unprotected well water,9.2,1,MZ,Mozambique,2011,MZ2011DHS,WS_SRCE_H_UWL,250161100,I,431010,1431010,Region,Maputo Provincia,0,,0,1,WSSRCEHUWL,MZDHS2011431010,2011,DHS,943,1294,,,1
MOZ,Maputo Cidade,439963,Households using an unprotected well water,1,1,MZ,Mozambique,2011,MZ2011DHS,WS_SRCE_H_UWL,250161100,I,431011,1431011,Region,Maputo Cidade,0,,0,1,WSSRCEHUWL,MZDHS2011431011,2011,DHS,638,1297,,,1
MOZ,Niassa,7484344,Households using surface water,25.4,1,MZ,Mozambique,2011,MZ2011DHS,WS_SRCE_H_SRF,250161130,I,431001,1431001,Region,Niassa,0,,0,1,WSSRCEHSRF,MZDHS2011431001,2011,DHS,840,1193,,,1
MOZ,Cabo Delgado,3808370,Households using surface water,8.5,1,MZ,Mozambique,2011,MZ2011DHS,WS_SRCE_H_SRF,250161130,I,431002,1431002,Region,Cabo Delgado,0,,0,1,WSSRCEHSRF,MZDHS2011431002,2011,DHS,1167,1277,,,1
MOZ,Nampula,6527359,Households using surface water,12.3,1,MZ,Mozambique,2011,MZ2011DHS,WS_SRCE_H_SRF,250161130,I,431003,1431003,Region,Nampula,0,,0,1,WSSRCEHSRF,MZDHS2011431003,2011,DHS,2561,1392,,,1
MOZ,Zambézia,3958896,Households using surface water,27,1,MZ,Mozambique,2011,MZ2011DHS,WS_SRCE_H_SRF,250161130,I,431004,1431004,Region,Zambézia,0,,0,1,WSSRCEHSRF,MZDHS2011431004,2011,DHS,2510,1391,,,1
MOZ,Tete,7309721,Households using surface water,30.9,1,MZ,Mozambique,2011,MZ2011DHS,WS_SRCE_H_SRF,250161130,I,431005,1431005,Region,Tete,0,,0,1,WSSRCEHSRF,MZDHS2011431005,2011,DHS,1636,1197,,,1
MOZ,Manica,3242613,Households using surface water,5.7,1,MZ,Mozambique,2011,MZ2011DHS,WS_SRCE_H_SRF,250161130,I,431006,1431006,Region,Manica,0,,0,1,WSSRCEHSRF,MZDHS2011431006,2011,DHS,916,1191,,,1
MOZ,Sofala,3852661,Households using surface water,11.4,1,MZ,Mozambique,2011,MZ2011DHS,WS_SRCE_H_SRF,250161130,I,431007,1431007,Region,Sofala,0,,0,1,WSSRCEHSRF,MZDHS2011431007,2011,DHS,1109,1307,,,1
MOZ,Inhambane,3277536,Households using surface water,7.9,1,MZ,Mozambique,2011,MZ2011DHS,WS_SRCE_H_SRF,250161130,I,431008,1431008,Region,Inhambane,0,,0,1,WSSRCEHSRF,MZDHS2011431008,2011,DHS,874,1196,,,1
MOZ,Gaza,4461109,Households using surface water,7.5,1,MZ,Mozambique,2011,MZ2011DHS,WS_SRCE_H_SRF,250161130,I,431009,1431009,Region,Gaza,0,,0,1,WSSRCEHSRF,MZDHS2011431009,2011,DHS,724,1184,,,1
MOZ,Maputo Provincia,7772705,Households using surface water,3.4,1,MZ,Mozambique,2011,MZ2011DHS,WS_SRCE_H_SRF,250161130,I,431010,1431010,Region,Maputo Provincia,0,,0,1,WSSRCEHSRF,MZDHS2011431010,2011,DHS,943,1294,,,1
MOZ,Maputo Cidade,439974,Households using surface water,0.1,1,MZ,Mozambique,2011,MZ2011DHS,WS_SRCE_H_SRF,250161130,I,431011,1431011,Region,Maputo Cidade,0,,0,1,WSSRCEHSRF,MZDHS2011431011,2011,DHS,638,1297,,,1
MOZ,Niassa,7484362,Households using other water source,0,1,MZ,Mozambique,2011,MZ2011DHS,WS_SRCE_H_OTH,250161140,I,431001,1431001,Region,Niassa,0,,0,1,WSSRCEHOTH,MZDHS2011431001,2011,DHS,840,1193,,,1
MOZ,Cabo Delgado,3808381,Households using other water source,0,1,MZ,Mozambique,2011,MZ2011DHS,WS_SRCE_H_OTH,250161140,I,431002,1431002,Region,Cabo Delgado,0,,0,1,WSSRCEHOTH,MZDHS2011431002,2011,DHS,1167,1277,,,1
MOZ,Nampula,6527361,Households using other water source,0,1,MZ,Mozambique,2011,MZ2011DHS,WS_SRCE_H_OTH,250161140,I,431003,1431003,Region,Nampula,0,,0,1,WSSRCEHOTH,MZDHS2011431003,2011,DHS,2561,1392,,,1
MOZ,Zambézia,3958901,Households using other water source,0,1,MZ,Mozambique,2011,MZ2011DHS,WS_SRCE_H_OTH,250161140,I,431004,1431004,Region,Zambézia,0,,0,1,WSSRCEHOTH,MZDHS2011431004,2011,DHS,2510,1391,,,1
MOZ,Tete,7309730,Households using other water source,0.3,1,MZ,Mozambique,2011,MZ2011DHS,WS_SRCE_H_OTH,250161140,I,431005,1431005,Region,Tete,0,,0,1,WSSRCEHOTH,MZDHS2011431005,2011,DHS,1636,1197,,,1
MOZ,Manica,3242615,Households using other water source,0.4,1,MZ,Mozambique,2011,MZ2011DHS,WS_SRCE_H_OTH,250161140,I,431006,1431006,Region,Manica,0,,0,1,WSSRCEHOTH,MZDHS2011431006,2011,DHS,916,1191,,,1
MOZ,Sofala,3852663,Households using other water source,0.1,1,MZ,Mozambique,2011,MZ2011DHS,WS_SRCE_H_OTH,250161140,I,431007,1431007,Region,Sofala,0,,0,1,WSSRCEHOTH,MZDHS2011431007,2011,DHS,1109,1307,,,1
MOZ,Inhambane,3277539,Households using other water source,0,1,MZ,Mozambique,2011,MZ2011DHS,WS_SRCE_H_OTH,250161140,I,431008,1431008,Region,Inhambane,0,,0,1,WSSRCEHOTH,MZDHS2011431008,2011,DHS,874,1196,,,1
MOZ,Gaza,4461111,Households using other water source,0,1,MZ,Mozambique,2011,MZ2011DHS,WS_SRCE_H_OTH,250161140,I,431009,1431009,Region,Gaza,0,,0,1,WSSRCEHOTH,MZDHS2011431009,2011,DHS,724,1184,,,1
MOZ,Maputo Provincia,7772707,Households using other water source,1.7,1,MZ,Mozambique,2011,MZ2011DHS,WS_SRCE_H_OTH,250161140,I,431010,1431010,Region,Maputo Provincia,0,,0,1,WSSRCEHOTH,MZDHS2011431010,2011,DHS,943,1294,,,1
MOZ,Maputo Cidade,439976,Households using other water source,0,1,MZ,Mozambique,2011,MZ2011DHS,WS_SRCE_H_OTH,250161140,I,431011,1431011,Region,Maputo Cidade,0,,0,1,WSSRCEHOTH,MZDHS2011431011,2011,DHS,638,1297,,,1
MOZ,Niassa,7484346,Households: Total,100,1,MZ,Mozambique,2011,MZ2011DHS,WS_SRCE_H_TOT,250161160,T,431001,1431001,Region,Niassa,0,,0,1,WSSRCEHTOT,MZDHS2011431001,2011,DHS,840,1193,,,1
MOZ,Cabo Delgado,3808333,Households: Total,100,1,MZ,Mozambique,2011,MZ2011DHS,WS_SRCE_H_TOT,250161160,T,431002,1431002,Region,Cabo Delgado,0,,0,1,WSSRCEHTOT,MZDHS2011431002,2011,DHS,1167,1277,,,1
MOZ,Nampula,6527397,Households: Total,100,1,MZ,Mozambique,2011,MZ2011DHS,WS_SRCE_H_TOT,250161160,T,431003,1431003,Region,Nampula,0,,0,1,WSSRCEHTOT,MZDHS2011431003,2011,DHS,2561,1392,,,1
MOZ,Zambézia,3958903,Households: Total,100,1,MZ,Mozambique,2011,MZ2011DHS,WS_SRCE_H_TOT,250161160,T,431004,1431004,Region,Zambézia,0,,0,1,WSSRCEHTOT,MZDHS2011431004,2011,DHS,2510,1391,,,1
MOZ,Tete,7309716,Households: Total,100,1,MZ,Mozambique,2011,MZ2011DHS,WS_SRCE_H_TOT,250161160,T,431005,1431005,Region,Tete,0,,0,1,WSSRCEHTOT,MZDHS2011431005,2011,DHS,1636,1197,,,1
MOZ,Manica,3242599,Households: Total,100,1,MZ,Mozambique,2011,MZ2011DHS,WS_SRCE_H_TOT,250161160,T,431006,1431006,Region,Manica,0,,0,1,WSSRCEHTOT,MZDHS2011431006,2011,DHS,916,1191,,,1
MOZ,Sofala,3852656,Households: Total,100,1,MZ,Mozambique,2011,MZ2011DHS,WS_SRCE_H_TOT,250161160,T,431007,1431007,Region,Sofala,0,,0,1,WSSRCEHTOT,MZDHS2011431007,2011,DHS,1109,1307,,,1
MOZ,Inhambane,3277541,Households: Total,100,1,MZ,Mozambique,2011,MZ2011DHS,WS_SRCE_H_TOT,250161160,T,431008,1431008,Region,Inhambane,0,,0,1,WSSRCEHTOT,MZDHS2011431008,2011,DHS,874,1196,,,1
MOZ,Gaza,4461114,Households: Total,100,1,MZ,Mozambique,2011,MZ2011DHS,WS_SRCE_H_TOT,250161160,T,431009,1431009,Region,Gaza,0,,0,1,WSSRCEHTOT,MZDHS2011431009,2011,DHS,724,1184,,,1
MOZ,Maputo Provincia,7772772,Households: Total,100,1,MZ,Mozambique,2011,MZ2011DHS,WS_SRCE_H_TOT,250161160,T,431010,1431010,Region,Maputo Provincia,0,,0,1,WSSRCEHTOT,MZDHS2011431010,2011,DHS,943,1294,,,1
MOZ,Maputo Cidade,439969,Households: Total,100,1,MZ,Mozambique,2011,MZ2011DHS,WS_SRCE_H_TOT,250161160,T,431011,1431011,Region,Maputo Cidade,0,,0,1,WSSRCEHTOT,MZDHS2011431011,2011,DHS,638,1297,,,1
MOZ,Niassa,7486136,Population using an improved water source,45.3,1,MZ,Mozambique,2011,MZ2011DHS,WS_SRCE_P_IMP,250162010,I,431001,1431001,Region,Niassa,0,,0,1,WSSRCEPIMP,MZDHS2011431001,2011,DHS,3630,5169,,,1
MOZ,Cabo Delgado,7117662,Population using an improved water source,38.3,1,MZ,Mozambique,2011,MZ2011DHS,WS_SRCE_P_IMP,250162010,I,431002,1431002,Region,Cabo Delgado,0,,0,1,WSSRCEPIMP,MZDHS2011431002,2011,DHS,4831,5292,,,1
MOZ,Nampula,5504190,Population using an improved water source,42.9,1,MZ,Mozambique,2011,MZ2011DHS,WS_SRCE_P_IMP,250162010,I,431003,1431003,Region,Nampula,0,,0,1,WSSRCEPIMP,MZDHS2011431003,2011,DHS,9325,5003,,,1
MOZ,Zambézia,1185511,Population using an improved water source,25.8,1,MZ,Mozambique,2011,MZ2011DHS,WS_SRCE_P_IMP,250162010,I,431004,1431004,Region,Zambézia,0,,0,1,WSSRCEPIMP,MZDHS2011431004,2011,DHS,11466,6392,,,1
MOZ,Tete,241203,Population using an improved water source,44,1,MZ,Mozambique,2011,MZ2011DHS,WS_SRCE_P_IMP,250162010,I,431005,1431005,Region,Tete,0,,0,1,WSSRCEPIMP,MZDHS2011431005,2011,DHS,7522,5526,,,1
MOZ,Manica,3903859,Population using an improved water source,84.1,1,MZ,Mozambique,2011,MZ2011DHS,WS_SRCE_P_IMP,250162010,I,431006,1431006,Region,Manica,0,,0,1,WSSRCEPIMP,MZDHS2011431006,2011,DHS,4002,5218,,,1
MOZ,Sofala,3480467,Population using an improved water source,64.1,1,MZ,Mozambique,2011,MZ2011DHS,WS_SRCE_P_IMP,250162010,I,431007,1431007,Region,Sofala,0,,0,1,WSSRCEPIMP,MZDHS2011431007,2011,DHS,5592,6679,,,1
MOZ,Inhambane,2928197,Population using an improved water source,61.9,1,MZ,Mozambique,2011,MZ2011DHS,WS_SRCE_P_IMP,250162010,I,431008,1431008,Region,Inhambane,0,,0,1,WSSRCEPIMP,MZDHS2011431008,2011,DHS,3612,4987,,,1
MOZ,Gaza,6038544,Population using an improved water source,70.1,1,MZ,Mozambique,2011,MZ2011DHS,WS_SRCE_P_IMP,250162010,I,431009,1431009,Region,Gaza,0,,0,1,WSSRCEPIMP,MZDHS2011431009,2011,DHS,3388,5517,,,1
MOZ,Maputo Provincia,7789302,Population using an improved water source,85.4,1,MZ,Mozambique,2011,MZ2011DHS,WS_SRCE_P_IMP,250162010,I,431010,1431010,Region,Maputo Provincia,0,,0,1,WSSRCEPIMP,MZDHS2011431010,2011,DHS,4106,5717,,,1
MOZ,Maputo Cidade,1185501,Population using an improved water source,99,1,MZ,Mozambique,2011,MZ2011DHS,WS_SRCE_P_IMP,250162010,I,431011,1431011,Region,Maputo Cidade,0,,0,1,WSSRCEPIMP,MZDHS2011431011,2011,DHS,3114,6342,,,1
MOZ,Niassa,7486129,Population using water piped into dwelling,0.9,1,MZ,Mozambique,2011,MZ2011DHS,WS_SRCE_P_PIP,250162020,I,431001,1431001,Region,Niassa,0,,0,1,WSSRCEPPIP,MZDHS2011431001,2011,DHS,3630,5169,,,1
MOZ,Cabo Delgado,7117685,Population using water piped into dwelling,0.5,1,MZ,Mozambique,2011,MZ2011DHS,WS_SRCE_P_PIP,250162020,I,431002,1431002,Region,Cabo Delgado,0,,0,1,WSSRCEPPIP,MZDHS2011431002,2011,DHS,4831,5292,,,1
MOZ,Nampula,5504196,Population using water piped into dwelling,1.4,1,MZ,Mozambique,2011,MZ2011DHS,WS_SRCE_P_PIP,250162020,I,431003,1431003,Region,Nampula,0,,0,1,WSSRCEPPIP,MZDHS2011431003,2011,DHS,9325,5003,,,1
MOZ,Zambézia,1185509,Population using water piped into dwelling,0.2,1,MZ,Mozambique,2011,MZ2011DHS,WS_SRCE_P_PIP,250162020,I,431004,1431004,Region,Zambézia,0,,0,1,WSSRCEPPIP,MZDHS2011431004,2011,DHS,11466,6392,,,1
MOZ,Tete,241200,Population using water piped into dwelling,1.9,1,MZ,Mozambique,2011,MZ2011DHS,WS_SRCE_P_PIP,250162020,I,431005,1431005,Region,Tete,0,,0,1,WSSRCEPPIP,MZDHS2011431005,2011,DHS,7522,5526,,,1
MOZ,Manica,3903870,Population using water piped into dwelling,1.9,1,MZ,Mozambique,2011,MZ2011DHS,WS_SRCE_P_PIP,250162020,I,431006,1431006,Region,Manica,0,,0,1,WSSRCEPPIP,MZDHS2011431006,2011,DHS,4002,5218,,,1
MOZ,Sofala,3480444,Population using water piped into dwelling,4.3,1,MZ,Mozambique,2011,MZ2011DHS,WS_SRCE_P_PIP,250162020,I,431007,1431007,Region,Sofala,0,,0,1,WSSRCEPPIP,MZDHS2011431007,2011,DHS,5592,6679,,,1
MOZ,Inhambane,2928209,Population using water piped into dwelling,0.6,1,MZ,Mozambique,2011,MZ2011DHS,WS_SRCE_P_PIP,250162020,I,431008,1431008,Region,Inhambane,0,,0,1,WSSRCEPPIP,MZDHS2011431008,2011,DHS,3612,4987,,,1
MOZ,Gaza,6038547,Population using water piped into dwelling,2.4,1,MZ,Mozambique,2011,MZ2011DHS,WS_SRCE_P_PIP,250162020,I,431009,1431009,Region,Gaza,0,,0,1,WSSRCEPPIP,MZDHS2011431009,2011,DHS,3388,5517,,,1
MOZ,Maputo Provincia,7789303,Population using water piped into dwelling,4,1,MZ,Mozambique,2011,MZ2011DHS,WS_SRCE_P_PIP,250162020,I,431010,1431010,Region,Maputo Provincia,0,,0,1,WSSRCEPPIP,MZDHS2011431010,2011,DHS,4106,5717,,,1
MOZ,Maputo Cidade,1185484,Population using water piped into dwelling,26.7,1,MZ,Mozambique,2011,MZ2011DHS,WS_SRCE_P_PIP,250162020,I,431011,1431011,Region,Maputo Cidade,0,,0,1,WSSRCEPPIP,MZDHS2011431011,2011,DHS,3114,6342,,,1
MOZ,Niassa,7486137,Population using a public tap/standpipe,11.3,1,MZ,Mozambique,2011,MZ2011DHS,WS_SRCE_P_TAP,250162030,I,431001,1431001,Region,Niassa,0,,0,1,WSSRCEPTAP,MZDHS2011431001,2011,DHS,3630,5169,,,1
MOZ,Cabo Delgado,7117663,Population using a public tap/standpipe,11.8,1,MZ,Mozambique,2011,MZ2011DHS,WS_SRCE_P_TAP,250162030,I,431002,1431002,Region,Cabo Delgado,0,,0,1,WSSRCEPTAP,MZDHS2011431002,2011,DHS,4831,5292,,,1
MOZ,Nampula,5504191,Population using a public tap/standpipe,23.8,1,MZ,Mozambique,2011,MZ2011DHS,WS_SRCE_P_TAP,250162030,I,431003,1431003,Region,Nampula,0,,0,1,WSSRCEPTAP,MZDHS2011431003,2011,DHS,9325,5003,,,1
MOZ,Zambézia,1185512,Population using a public tap/standpipe,2.6,1,MZ,Mozambique,2011,MZ2011DHS,WS_SRCE_P_TAP,250162030,I,431004,1431004,Region,Zambézia,0,,0,1,WSSRCEPTAP,MZDHS2011431004,2011,DHS,11466,6392,,,1
MOZ,Tete,241204,Population using a public tap/standpipe,11.3,1,MZ,Mozambique,2011,MZ2011DHS,WS_SRCE_P_TAP,250162030,I,431005,1431005,Region,Tete,0,,0,1,WSSRCEPTAP,MZDHS2011431005,2011,DHS,7522,5526,,,1
MOZ,Manica,3903860,Population using a public tap/standpipe,34.1,1,MZ,Mozambique,2011,MZ2011DHS,WS_SRCE_P_TAP,250162030,I,431006,1431006,Region,Manica,0,,0,1,WSSRCEPTAP,MZDHS2011431006,2011,DHS,4002,5218,,,1
MOZ,Sofala,3480479,Population using a public tap/standpipe,24,1,MZ,Mozambique,2011,MZ2011DHS,WS_SRCE_P_TAP,250162030,I,431007,1431007,Region,Sofala,0,,0,1,WSSRCEPTAP,MZDHS2011431007,2011,DHS,5592,6679,,,1
MOZ,Inhambane,2928198,Population using a public tap/standpipe,11.9,1,MZ,Mozambique,2011,MZ2011DHS,WS_SRCE_P_TAP,250162030,I,431008,1431008,Region,Inhambane,0,,0,1,WSSRCEPTAP,MZDHS2011431008,2011,DHS,3612,4987,,,1
MOZ,Gaza,6038545,Population using a public tap/standpipe,19.3,1,MZ,Mozambique,2011,MZ2011DHS,WS_SRCE_P_TAP,250162030,I,431009,1431009,Region,Gaza,0,,0,1,WSSRCEPTAP,MZDHS2011431009,2011,DHS,3388,5517,,,1
MOZ,Maputo Provincia,7789315,Population using a public tap/standpipe,11.7,1,MZ,Mozambique,2011,MZ2011DHS,WS_SRCE_P_TAP,250162030,I,431010,1431010,Region,Maputo Provincia,0,,0,1,WSSRCEPTAP,MZDHS2011431010,2011,DHS,4106,5717,,,1
MOZ,Maputo Cidade,1185502,Population using a public tap/standpipe,12.2,1,MZ,Mozambique,2011,MZ2011DHS,WS_SRCE_P_TAP,250162030,I,431011,1431011,Region,Maputo Cidade,0,,0,1,WSSRCEPTAP,MZDHS2011431011,2011,DHS,3114,6342,,,1
MOZ,Niassa,7486122,Population using a tubewell/borehole,18,1,MZ,Mozambique,2011,MZ2011DHS,WS_SRCE_P_TUB,250162040,I,431001,1431001,Region,Niassa,0,,0,1,WSSRCEPTUB,MZDHS2011431001,2011,DHS,3630,5169,,,1
MOZ,Cabo Delgado,7117681,Population using a tubewell/borehole,10,1,MZ,Mozambique,2011,MZ2011DHS,WS_SRCE_P_TUB,250162040,I,431002,1431002,Region,Cabo Delgado,0,,0,1,WSSRCEPTUB,MZDHS2011431002,2011,DHS,4831,5292,,,1
MOZ,Nampula,5504185,Population using a tubewell/borehole,1.5,1,MZ,Mozambique,2011,MZ2011DHS,WS_SRCE_P_TUB,250162040,I,431003,1431003,Region,Nampula,0,,0,1,WSSRCEPTUB,MZDHS2011431003,2011,DHS,9325,5003,,,1
MOZ,Zambézia,1185515,Population using a tubewell/borehole,13.8,1,MZ,Mozambique,2011,MZ2011DHS,WS_SRCE_P_TUB,250162040,I,431004,1431004,Region,Zambézia,0,,0,1,WSSRCEPTUB,MZDHS2011431004,2011,DHS,11466,6392,,,1
MOZ,Tete,241209,Population using a tubewell/borehole,19.5,1,MZ,Mozambique,2011,MZ2011DHS,WS_SRCE_P_TUB,250162040,I,431005,1431005,Region,Tete,0,,0,1,WSSRCEPTUB,MZDHS2011431005,2011,DHS,7522,5526,,,1
MOZ,Manica,3903858,Population using a tubewell/borehole,21.9,1,MZ,Mozambique,2011,MZ2011DHS,WS_SRCE_P_TUB,250162040,I,431006,1431006,Region,Manica,0,,0,1,WSSRCEPTUB,MZDHS2011431006,2011,DHS,4002,5218,,,1
MOZ,Sofala,3480434,Population using a tubewell/borehole,17.4,1,MZ,Mozambique,2011,MZ2011DHS,WS_SRCE_P_TUB,250162040,I,431007,1431007,Region,Sofala,0,,0,1,WSSRCEPTUB,MZDHS2011431007,2011,DHS,5592,6679,,,1
MOZ,Inhambane,2928164,Population using a tubewell/borehole,14.6,1,MZ,Mozambique,2011,MZ2011DHS,WS_SRCE_P_TUB,250162040,I,431008,1431008,Region,Inhambane,0,,0,1,WSSRCEPTUB,MZDHS2011431008,2011,DHS,3612,4987,,,1
MOZ,Gaza,6038557,Population using a tubewell/borehole,13.6,1,MZ,Mozambique,2011,MZ2011DHS,WS_SRCE_P_TUB,250162040,I,431009,1431009,Region,Gaza,0,,0,1,WSSRCEPTUB,MZDHS2011431009,2011,DHS,3388,5517,,,1
MOZ,Maputo Provincia,7789309,Population using a tubewell/borehole,4.4,1,MZ,Mozambique,2011,MZ2011DHS,WS_SRCE_P_TUB,250162040,I,431010,1431010,Region,Maputo Provincia,0,,0,1,WSSRCEPTUB,MZDHS2011431010,2011,DHS,4106,5717,,,1
MOZ,Maputo Cidade,1185490,Population using a tubewell/borehole,0.9,1,MZ,Mozambique,2011,MZ2011DHS,WS_SRCE_P_TUB,250162040,I,431011,1431011,Region,Maputo Cidade,0,,0,1,WSSRCEPTUB,MZDHS2011431011,2011,DHS,3114,6342,,,1
MOZ,Niassa,7486123,Population using a protected well,11.1,1,MZ,Mozambique,2011,MZ2011DHS,WS_SRCE_P_PWL,250162050,I,431001,1431001,Region,Niassa,0,,0,1,WSSRCEPPWL,MZDHS2011431001,2011,DHS,3630,5169,,,1
MOZ,Cabo Delgado,7117682,Population using a protected well,8.5,1,MZ,Mozambique,2011,MZ2011DHS,WS_SRCE_P_PWL,250162050,I,431002,1431002,Region,Cabo Delgado,0,,0,1,WSSRCEPPWL,MZDHS2011431002,2011,DHS,4831,5292,,,1
MOZ,Nampula,5504186,Population using a protected well,5.9,1,MZ,Mozambique,2011,MZ2011DHS,WS_SRCE_P_PWL,250162050,I,431003,1431003,Region,Nampula,0,,0,1,WSSRCEPPWL,MZDHS2011431003,2011,DHS,9325,5003,,,1
MOZ,Zambézia,1185516,Population using a protected well,4.9,1,MZ,Mozambique,2011,MZ2011DHS,WS_SRCE_P_PWL,250162050,I,431004,1431004,Region,Zambézia,0,,0,1,WSSRCEPPWL,MZDHS2011431004,2011,DHS,11466,6392,,,1
MOZ,Tete,241210,Population using a protected well,4.9,1,MZ,Mozambique,2011,MZ2011DHS,WS_SRCE_P_PWL,250162050,I,431005,1431005,Region,Tete,0,,0,1,WSSRCEPPWL,MZDHS2011431005,2011,DHS,7522,5526,,,1
MOZ,Manica,3903866,Population using a protected well,14.2,1,MZ,Mozambique,2011,MZ2011DHS,WS_SRCE_P_PWL,250162050,I,431006,1431006,Region,Manica,0,,0,1,WSSRCEPPWL,MZDHS2011431006,2011,DHS,4002,5218,,,1
MOZ,Sofala,3480435,Population using a protected well,3.3,1,MZ,Mozambique,2011,MZ2011DHS,WS_SRCE_P_PWL,250162050,I,431007,1431007,Region,Sofala,0,,0,1,WSSRCEPPWL,MZDHS2011431007,2011,DHS,5592,6679,,,1
MOZ,Inhambane,2928165,Population using a protected well,11.6,1,MZ,Mozambique,2011,MZ2011DHS,WS_SRCE_P_PWL,250162050,I,431008,1431008,Region,Inhambane,0,,0,1,WSSRCEPPWL,MZDHS2011431008,2011,DHS,3612,4987,,,1
MOZ,Gaza,6038558,Population using a protected well,6,1,MZ,Mozambique,2011,MZ2011DHS,WS_SRCE_P_PWL,250162050,I,431009,1431009,Region,Gaza,0,,0,1,WSSRCEPPWL,MZDHS2011431009,2011,DHS,3388,5517,,,1
MOZ,Maputo Provincia,7789310,Population using a protected well,4.5,1,MZ,Mozambique,2011,MZ2011DHS,WS_SRCE_P_PWL,250162050,I,431010,1431010,Region,Maputo Provincia,0,,0,1,WSSRCEPPWL,MZDHS2011431010,2011,DHS,4106,5717,,,1
MOZ,Maputo Cidade,1185491,Population using a protected well,1.3,1,MZ,Mozambique,2011,MZ2011DHS,WS_SRCE_P_PWL,250162050,I,431011,1431011,Region,Maputo Cidade,0,,0,1,WSSRCEPPWL,MZDHS2011431011,2011,DHS,3114,6342,,,1
MOZ,Niassa,7486124,Population using rainwater,0,1,MZ,Mozambique,2011,MZ2011DHS,WS_SRCE_P_RNW,250162070,I,431001,1431001,Region,Niassa,0,,0,1,WSSRCEPRNW,MZDHS2011431001,2011,DHS,3630,5169,,,1
MOZ,Cabo Delgado,7117683,Population using rainwater,0.5,1,MZ,Mozambique,2011,MZ2011DHS,WS_SRCE_P_RNW,250162070,I,431002,1431002,Region,Cabo Delgado,0,,0,1,WSSRCEPRNW,MZDHS2011431002,2011,DHS,4831,5292,,,1
MOZ,Nampula,5504187,Population using rainwater,0,1,MZ,Mozambique,2011,MZ2011DHS,WS_SRCE_P_RNW,250162070,I,431003,1431003,Region,Nampula,0,,0,1,WSSRCEPRNW,MZDHS2011431003,2011,DHS,9325,5003,,,1
MOZ,Zambézia,1185517,Population using rainwater,0,1,MZ,Mozambique,2011,MZ2011DHS,WS_SRCE_P_RNW,250162070,I,431004,1431004,Region,Zambézia,0,,0,1,WSSRCEPRNW,MZDHS2011431004,2011,DHS,11466,6392,,,1
MOZ,Tete,241211,Population using rainwater,0,1,MZ,Mozambique,2011,MZ2011DHS,WS_SRCE_P_RNW,250162070,I,431005,1431005,Region,Tete,0,,0,1,WSSRCEPRNW,MZDHS2011431005,2011,DHS,7522,5526,,,1
MOZ,Manica,3903867,Population using rainwater,0,1,MZ,Mozambique,2011,MZ2011DHS,WS_SRCE_P_RNW,250162070,I,431006,1431006,Region,Manica,0,,0,1,WSSRCEPRNW,MZDHS2011431006,2011,DHS,4002,5218,,,1
MOZ,Sofala,3480439,Population using rainwater,0,1,MZ,Mozambique,2011,MZ2011DHS,WS_SRCE_P_RNW,250162070,I,431007,1431007,Region,Sofala,0,,0,1,WSSRCEPRNW,MZDHS2011431007,2011,DHS,5592,6679,,,1
MOZ,Inhambane,2928166,Population using rainwater,7.3,1,MZ,Mozambique,2011,MZ2011DHS,WS_SRCE_P_RNW,250162070,I,431008,1431008,Region,Inhambane,0,,0,1,WSSRCEPRNW,MZDHS2011431008,2011,DHS,3612,4987,,,1
MOZ,Gaza,6038559,Population using rainwater,4.1,1,MZ,Mozambique,2011,MZ2011DHS,WS_SRCE_P_RNW,250162070,I,431009,1431009,Region,Gaza,0,,0,1,WSSRCEPRNW,MZDHS2011431009,2011,DHS,3388,5517,,,1
MOZ,Maputo Provincia,7789311,Population using rainwater,0,1,MZ,Mozambique,2011,MZ2011DHS,WS_SRCE_P_RNW,250162070,I,431010,1431010,Region,Maputo Provincia,0,,0,1,WSSRCEPRNW,MZDHS2011431010,2011,DHS,4106,5717,,,1
MOZ,Maputo Cidade,1185492,Population using rainwater,0,1,MZ,Mozambique,2011,MZ2011DHS,WS_SRCE_P_RNW,250162070,I,431011,1431011,Region,Maputo Cidade,0,,0,1,WSSRCEPRNW,MZDHS2011431011,2011,DHS,3114,6342,,,1
MOZ,Niassa,7486148,Population using tanker truck,0,1,MZ,Mozambique,2011,MZ2011DHS,WS_SRCE_P_TNK,250162074,I,431001,1431001,Region,Niassa,0,,0,1,WSSRCEPTNK,MZDHS2011431001,2011,DHS,3630,5169,,,1
MOZ,Cabo Delgado,7117675,Population using tanker truck,0.5,1,MZ,Mozambique,2011,MZ2011DHS,WS_SRCE_P_TNK,250162074,I,431002,1431002,Region,Cabo Delgado,0,,0,1,WSSRCEPTNK,MZDHS2011431002,2011,DHS,4831,5292,,,1
MOZ,Nampula,5504225,Population using tanker truck,0.1,1,MZ,Mozambique,2011,MZ2011DHS,WS_SRCE_P_TNK,250162074,I,431003,1431003,Region,Nampula,0,,0,1,WSSRCEPTNK,MZDHS2011431003,2011,DHS,9325,5003,,,1
MOZ,Zambézia,1185555,Population using tanker truck,0,1,MZ,Mozambique,2011,MZ2011DHS,WS_SRCE_P_TNK,250162074,I,431004,1431004,Region,Zambézia,0,,0,1,WSSRCEPTNK,MZDHS2011431004,2011,DHS,11466,6392,,,1
MOZ,Tete,241231,Population using tanker truck,0,1,MZ,Mozambique,2011,MZ2011DHS,WS_SRCE_P_TNK,250162074,I,431005,1431005,Region,Tete,0,,0,1,WSSRCEPTNK,MZDHS2011431005,2011,DHS,7522,5526,,,1
MOZ,Manica,3903877,Population using tanker truck,0.1,1,MZ,Mozambique,2011,MZ2011DHS,WS_SRCE_P_TNK,250162074,I,431006,1431006,Region,Manica,0,,0,1,WSSRCEPTNK,MZDHS2011431006,2011,DHS,4002,5218,,,1
MOZ,Sofala,3480462,Population using tanker truck,0,1,MZ,Mozambique,2011,MZ2011DHS,WS_SRCE_P_TNK,250162074,I,431007,1431007,Region,Sofala,0,,0,1,WSSRCEPTNK,MZDHS2011431007,2011,DHS,5592,6679,,,1
MOZ,Inhambane,2928174,Population using tanker truck,0.5,1,MZ,Mozambique,2011,MZ2011DHS,WS_SRCE_P_TNK,250162074,I,431008,1431008,Region,Inhambane,0,,0,1,WSSRCEPTNK,MZDHS2011431008,2011,DHS,3612,4987,,,1
MOZ,Gaza,6038565,Population using tanker truck,0,1,MZ,Mozambique,2011,MZ2011DHS,WS_SRCE_P_TNK,250162074,I,431009,1431009,Region,Gaza,0,,0,1,WSSRCEPTNK,MZDHS2011431009,2011,DHS,3388,5517,,,1
MOZ,Maputo Provincia,7789329,Population using tanker truck,0.5,1,MZ,Mozambique,2011,MZ2011DHS,WS_SRCE_P_TNK,250162074,I,431010,1431010,Region,Maputo Provincia,0,,0,1,WSSRCEPTNK,MZDHS2011431010,2011,DHS,4106,5717,,,1
MOZ,Maputo Cidade,1185547,Population using tanker truck,0,1,MZ,Mozambique,2011,MZ2011DHS,WS_SRCE_P_TNK,250162074,I,431011,1431011,Region,Maputo Cidade,0,,0,1,WSSRCEPTNK,MZDHS2011431011,2011,DHS,3114,6342,,,1
MOZ,Niassa,7486139,Population using bottled water/demi john,0,1,MZ,Mozambique,2011,MZ2011DHS,WS_SRCE_P_BOT,250162080,I,431001,1431001,Region,Niassa,0,,0,1,WSSRCEPBOT,MZDHS2011431001,2011,DHS,3630,5169,,,1
MOZ,Cabo Delgado,7117665,Population using bottled water/demi john,0,1,MZ,Mozambique,2011,MZ2011DHS,WS_SRCE_P_BOT,250162080,I,431002,1431002,Region,Cabo Delgado,0,,0,1,WSSRCEPBOT,MZDHS2011431002,2011,DHS,4831,5292,,,1
MOZ,Nampula,5504193,Population using bottled water/demi john,0.1,1,MZ,Mozambique,2011,MZ2011DHS,WS_SRCE_P_BOT,250162080,I,431003,1431003,Region,Nampula,0,,0,1,WSSRCEPBOT,MZDHS2011431003,2011,DHS,9325,5003,,,1
MOZ,Zambézia,1185522,Population using bottled water/demi john,0,1,MZ,Mozambique,2011,MZ2011DHS,WS_SRCE_P_BOT,250162080,I,431004,1431004,Region,Zambézia,0,,0,1,WSSRCEPBOT,MZDHS2011431004,2011,DHS,11466,6392,,,1
MOZ,Tete,241206,Population using bottled water/demi john,0,1,MZ,Mozambique,2011,MZ2011DHS,WS_SRCE_P_BOT,250162080,I,431005,1431005,Region,Tete,0,,0,1,WSSRCEPBOT,MZDHS2011431005,2011,DHS,7522,5526,,,1
MOZ,Manica,3903862,Population using bottled water/demi john,0.1,1,MZ,Mozambique,2011,MZ2011DHS,WS_SRCE_P_BOT,250162080,I,431006,1431006,Region,Manica,0,,0,1,WSSRCEPBOT,MZDHS2011431006,2011,DHS,4002,5218,,,1
MOZ,Sofala,3480429,Population using bottled water/demi john,0.3,1,MZ,Mozambique,2011,MZ2011DHS,WS_SRCE_P_BOT,250162080,I,431007,1431007,Region,Sofala,0,,0,1,WSSRCEPBOT,MZDHS2011431007,2011,DHS,5592,6679,,,1
MOZ,Inhambane,2928200,Population using bottled water/demi john,0,1,MZ,Mozambique,2011,MZ2011DHS,WS_SRCE_P_BOT,250162080,I,431008,1431008,Region,Inhambane,0,,0,1,WSSRCEPBOT,MZDHS2011431008,2011,DHS,3612,4987,,,1
MOZ,Gaza,6038553,Population using bottled water/demi john,0,1,MZ,Mozambique,2011,MZ2011DHS,WS_SRCE_P_BOT,250162080,I,431009,1431009,Region,Gaza,0,,0,1,WSSRCEPBOT,MZDHS2011431009,2011,DHS,3388,5517,,,1
MOZ,Maputo Provincia,7789317,Population using bottled water/demi john,0.7,1,MZ,Mozambique,2011,MZ2011DHS,WS_SRCE_P_BOT,250162080,I,431010,1431010,Region,Maputo Provincia,0,,0,1,WSSRCEPBOT,MZDHS2011431010,2011,DHS,4106,5717,,,1
MOZ,Maputo Cidade,1185552,Population using bottled water/demi john,1.5,1,MZ,Mozambique,2011,MZ2011DHS,WS_SRCE_P_BOT,250162080,I,431011,1431011,Region,Maputo Cidade,0,,0,1,WSSRCEPBOT,MZDHS2011431011,2011,DHS,3114,6342,,,1
MOZ,Niassa,7486130,Population using an unimproved water source,54.7,1,MZ,Mozambique,2011,MZ2011DHS,WS_SRCE_P_NIM,250162090,I,431001,1431001,Region,Niassa,0,,0,1,WSSRCEPNIM,MZDHS2011431001,2011,DHS,3630,5169,,,1
MOZ,Cabo Delgado,7117686,Population using an unimproved water source,61.7,1,MZ,Mozambique,2011,MZ2011DHS,WS_SRCE_P_NIM,250162090,I,431002,1431002,Region,Cabo Delgado,0,,0,1,WSSRCEPNIM,MZDHS2011431002,2011,DHS,4831,5292,,,1
MOZ,Nampula,5504197,Population using an unimproved water source,57.1,1,MZ,Mozambique,2011,MZ2011DHS,WS_SRCE_P_NIM,250162090,I,431003,1431003,Region,Nampula,0,,0,1,WSSRCEPNIM,MZDHS2011431003,2011,DHS,9325,5003,,,1
MOZ,Zambézia,1185510,Population using an unimproved water source,74.2,1,MZ,Mozambique,2011,MZ2011DHS,WS_SRCE_P_NIM,250162090,I,431004,1431004,Region,Zambézia,0,,0,1,WSSRCEPNIM,MZDHS2011431004,2011,DHS,11466,6392,,,1
MOZ,Tete,241201,Population using an unimproved water source,56,1,MZ,Mozambique,2011,MZ2011DHS,WS_SRCE_P_NIM,250162090,I,431005,1431005,Region,Tete,0,,0,1,WSSRCEPNIM,MZDHS2011431005,2011,DHS,7522,5526,,,1
MOZ,Manica,3903871,Population using an unimproved water source,15.9,1,MZ,Mozambique,2011,MZ2011DHS,WS_SRCE_P_NIM,250162090,I,431006,1431006,Region,Manica,0,,0,1,WSSRCEPNIM,MZDHS2011431006,2011,DHS,4002,5218,,,1
MOZ,Sofala,3480445,Population using an unimproved water source,35.9,1,MZ,Mozambique,2011,MZ2011DHS,WS_SRCE_P_NIM,250162090,I,431007,1431007,Region,Sofala,0,,0,1,WSSRCEPNIM,MZDHS2011431007,2011,DHS,5592,6679,,,1
MOZ,Inhambane,2928210,Population using an unimproved water source,38.1,1,MZ,Mozambique,2011,MZ2011DHS,WS_SRCE_P_NIM,250162090,I,431008,1431008,Region,Inhambane,0,,0,1,WSSRCEPNIM,MZDHS2011431008,2011,DHS,3612,4987,,,1
MOZ,Gaza,6038548,Population using an unimproved water source,29.9,1,MZ,Mozambique,2011,MZ2011DHS,WS_SRCE_P_NIM,250162090,I,431009,1431009,Region,Gaza,0,,0,1,WSSRCEPNIM,MZDHS2011431009,2011,DHS,3388,5517,,,1
MOZ,Maputo Provincia,7789304,Population using an unimproved water source,14.6,1,MZ,Mozambique,2011,MZ2011DHS,WS_SRCE_P_NIM,250162090,I,431010,1431010,Region,Maputo Provincia,0,,0,1,WSSRCEPNIM,MZDHS2011431010,2011,DHS,4106,5717,,,1
MOZ,Maputo Cidade,1185488,Population using an unimproved water source,1,1,MZ,Mozambique,2011,MZ2011DHS,WS_SRCE_P_NIM,250162090,I,431011,1431011,Region,Maputo Cidade,0,,0,1,WSSRCEPNIM,MZDHS2011431011,2011,DHS,3114,6342,,,1
MOZ,Niassa,7486138,Population using an unprotected well water,31.2,1,MZ,Mozambique,2011,MZ2011DHS,WS_SRCE_P_UWL,250162100,I,431001,1431001,Region,Niassa,0,,0,1,WSSRCEPUWL,MZDHS2011431001,2011,DHS,3630,5169,,,1
MOZ,Cabo Delgado,7117664,Population using an unprotected well water,53.4,1,MZ,Mozambique,2011,MZ2011DHS,WS_SRCE_P_UWL,250162100,I,431002,1431002,Region,Cabo Delgado,0,,0,1,WSSRCEPUWL,MZDHS2011431002,2011,DHS,4831,5292,,,1
MOZ,Nampula,5504192,Population using an unprotected well water,44.5,1,MZ,Mozambique,2011,MZ2011DHS,WS_SRCE_P_UWL,250162100,I,431003,1431003,Region,Nampula,0,,0,1,WSSRCEPUWL,MZDHS2011431003,2011,DHS,9325,5003,,,1
MOZ,Zambézia,1185513,Population using an unprotected well water,47.3,1,MZ,Mozambique,2011,MZ2011DHS,WS_SRCE_P_UWL,250162100,I,431004,1431004,Region,Zambézia,0,,0,1,WSSRCEPUWL,MZDHS2011431004,2011,DHS,11466,6392,,,1
MOZ,Tete,241205,Population using an unprotected well water,25.2,1,MZ,Mozambique,2011,MZ2011DHS,WS_SRCE_P_UWL,250162100,I,431005,1431005,Region,Tete,0,,0,1,WSSRCEPUWL,MZDHS2011431005,2011,DHS,7522,5526,,,1
MOZ,Manica,3903861,Population using an unprotected well water,10.1,1,MZ,Mozambique,2011,MZ2011DHS,WS_SRCE_P_UWL,250162100,I,431006,1431006,Region,Manica,0,,0,1,WSSRCEPUWL,MZDHS2011431006,2011,DHS,4002,5218,,,1
MOZ,Sofala,3480428,Population using an unprotected well water,24.1,1,MZ,Mozambique,2011,MZ2011DHS,WS_SRCE_P_UWL,250162100,I,431007,1431007,Region,Sofala,0,,0,1,WSSRCEPUWL,MZDHS2011431007,2011,DHS,5592,6679,,,1
MOZ,Inhambane,2928199,Population using an unprotected well water,29.9,1,MZ,Mozambique,2011,MZ2011DHS,WS_SRCE_P_UWL,250162100,I,431008,1431008,Region,Inhambane,0,,0,1,WSSRCEPUWL,MZDHS2011431008,2011,DHS,3612,4987,,,1
MOZ,Gaza,6038552,Population using an unprotected well water,21.6,1,MZ,Mozambique,2011,MZ2011DHS,WS_SRCE_P_UWL,250162100,I,431009,1431009,Region,Gaza,0,,0,1,WSSRCEPUWL,MZDHS2011431009,2011,DHS,3388,5517,,,1
MOZ,Maputo Provincia,7789316,Population using an unprotected well water,9.1,1,MZ,Mozambique,2011,MZ2011DHS,WS_SRCE_P_UWL,250162100,I,431010,1431010,Region,Maputo Provincia,0,,0,1,WSSRCEPUWL,MZDHS2011431010,2011,DHS,4106,5717,,,1
MOZ,Maputo Cidade,1185503,Population using an unprotected well water,0.9,1,MZ,Mozambique,2011,MZ2011DHS,WS_SRCE_P_UWL,250162100,I,431011,1431011,Region,Maputo Cidade,0,,0,1,WSSRCEPUWL,MZDHS2011431011,2011,DHS,3114,6342,,,1
MOZ,Niassa,7486147,Population using surface water,23.6,1,MZ,Mozambique,2011,MZ2011DHS,WS_SRCE_P_SRF,250162130,I,431001,1431001,Region,Niassa,0,,0,1,WSSRCEPSRF,MZDHS2011431001,2011,DHS,3630,5169,,,1
MOZ,Cabo Delgado,7117674,Population using surface water,8.2,1,MZ,Mozambique,2011,MZ2011DHS,WS_SRCE_P_SRF,250162130,I,431002,1431002,Region,Cabo Delgado,0,,0,1,WSSRCEPSRF,MZDHS2011431002,2011,DHS,4831,5292,,,1
MOZ,Nampula,5504214,Population using surface water,12.7,1,MZ,Mozambique,2011,MZ2011DHS,WS_SRCE_P_SRF,250162130,I,431003,1431003,Region,Nampula,0,,0,1,WSSRCEPSRF,MZDHS2011431003,2011,DHS,9325,5003,,,1
MOZ,Zambézia,1185554,Population using surface water,26.9,1,MZ,Mozambique,2011,MZ2011DHS,WS_SRCE_P_SRF,250162130,I,431004,1431004,Region,Zambézia,0,,0,1,WSSRCEPSRF,MZDHS2011431004,2011,DHS,11466,6392,,,1
MOZ,Tete,241230,Population using surface water,30.5,1,MZ,Mozambique,2011,MZ2011DHS,WS_SRCE_P_SRF,250162130,I,431005,1431005,Region,Tete,0,,0,1,WSSRCEPSRF,MZDHS2011431005,2011,DHS,7522,5526,,,1
MOZ,Manica,3903876,Population using surface water,5.3,1,MZ,Mozambique,2011,MZ2011DHS,WS_SRCE_P_SRF,250162130,I,431006,1431006,Region,Manica,0,,0,1,WSSRCEPSRF,MZDHS2011431006,2011,DHS,4002,5218,,,1
MOZ,Sofala,3480461,Population using surface water,11.7,1,MZ,Mozambique,2011,MZ2011DHS,WS_SRCE_P_SRF,250162130,I,431007,1431007,Region,Sofala,0,,0,1,WSSRCEPSRF,MZDHS2011431007,2011,DHS,5592,6679,,,1
MOZ,Inhambane,2928173,Population using surface water,8.2,1,MZ,Mozambique,2011,MZ2011DHS,WS_SRCE_P_SRF,250162130,I,431008,1431008,Region,Inhambane,0,,0,1,WSSRCEPSRF,MZDHS2011431008,2011,DHS,3612,4987,,,1
MOZ,Gaza,6038564,Population using surface water,8.3,1,MZ,Mozambique,2011,MZ2011DHS,WS_SRCE_P_SRF,250162130,I,431009,1431009,Region,Gaza,0,,0,1,WSSRCEPSRF,MZDHS2011431009,2011,DHS,3388,5517,,,1
MOZ,Maputo Provincia,7789328,Population using surface water,3.3,1,MZ,Mozambique,2011,MZ2011DHS,WS_SRCE_P_SRF,250162130,I,431010,1431010,Region,Maputo Provincia,0,,0,1,WSSRCEPSRF,MZDHS2011431010,2011,DHS,4106,5717,,,1
MOZ,Maputo Cidade,1185505,Population using surface water,0.1,1,MZ,Mozambique,2011,MZ2011DHS,WS_SRCE_P_SRF,250162130,I,431011,1431011,Region,Maputo Cidade,0,,0,1,WSSRCEPSRF,MZDHS2011431011,2011,DHS,3114,6342,,,1
MOZ,Niassa,7486149,Population using other water source,0,1,MZ,Mozambique,2011,MZ2011DHS,WS_SRCE_P_OTH,250162140,I,431001,1431001,Region,Niassa,0,,0,1,WSSRCEPOTH,MZDHS2011431001,2011,DHS,3630,5169,,,1
MOZ,Cabo Delgado,7117676,Population using other water source,0,1,MZ,Mozambique,2011,MZ2011DHS,WS_SRCE_P_OTH,250162140,I,431002,1431002,Region,Cabo Delgado,0,,0,1,WSSRCEPOTH,MZDHS2011431002,2011,DHS,4831,5292,,,1
MOZ,Nampula,5504226,Population using other water source,0,1,MZ,Mozambique,2011,MZ2011DHS,WS_SRCE_P_OTH,250162140,I,431003,1431003,Region,Nampula,0,,0,1,WSSRCEPOTH,MZDHS2011431003,2011,DHS,9325,5003,,,1
MOZ,Zambézia,1185556,Population using other water source,0,1,MZ,Mozambique,2011,MZ2011DHS,WS_SRCE_P_OTH,250162140,I,431004,1431004,Region,Zambézia,0,,0,1,WSSRCEPOTH,MZDHS2011431004,2011,DHS,11466,6392,,,1
MOZ,Tete,241232,Population using other water source,0.3,1,MZ,Mozambique,2011,MZ2011DHS,WS_SRCE_P_OTH,250162140,I,431005,1431005,Region,Tete,0,,0,1,WSSRCEPOTH,MZDHS2011431005,2011,DHS,7522,5526,,,1
MOZ,Manica,3903878,Population using other water source,0.5,1,MZ,Mozambique,2011,MZ2011DHS,WS_SRCE_P_OTH,250162140,I,431006,1431006,Region,Manica,0,,0,1,WSSRCEPOTH,MZDHS2011431006,2011,DHS,4002,5218,,,1
MOZ,Sofala,3480463,Population using other water source,0.2,1,MZ,Mozambique,2011,MZ2011DHS,WS_SRCE_P_OTH,250162140,I,431007,1431007,Region,Sofala,0,,0,1,WSSRCEPOTH,MZDHS2011431007,2011,DHS,5592,6679,,,1
MOZ,Inhambane,2928175,Population using other water source,0,1,MZ,Mozambique,2011,MZ2011DHS,WS_SRCE_P_OTH,250162140,I,431008,1431008,Region,Inhambane,0,,0,1,WSSRCEPOTH,MZDHS2011431008,2011,DHS,3612,4987,,,1
MOZ,Gaza,6038566,Population using other water source,0,1,MZ,Mozambique,2011,MZ2011DHS,WS_SRCE_P_OTH,250162140,I,431009,1431009,Region,Gaza,0,,0,1,WSSRCEPOTH,MZDHS2011431009,2011,DHS,3388,5517,,,1
MOZ,Maputo Provincia,7789330,Population using other water source,2.2,1,MZ,Mozambique,2011,MZ2011DHS,WS_SRCE_P_OTH,250162140,I,431010,1431010,Region,Maputo Provincia,0,,0,1,WSSRCEPOTH,MZDHS2011431010,2011,DHS,4106,5717,,,1
MOZ,Maputo Cidade,1185551,Population using other water source,0,1,MZ,Mozambique,2011,MZ2011DHS,WS_SRCE_P_OTH,250162140,I,431011,1431011,Region,Maputo Cidade,0,,0,1,WSSRCEPOTH,MZDHS2011431011,2011,DHS,3114,6342,,,1
MOZ,Niassa,7486131,Population: Total,100,1,MZ,Mozambique,2011,MZ2011DHS,WS_SRCE_P_TOT,250162160,T,431001,1431001,Region,Niassa,0,,0,1,WSSRCEPTOT,MZDHS2011431001,2011,DHS,3630,5169,,,1
MOZ,Cabo Delgado,7117687,Population: Total,100,1,MZ,Mozambique,2011,MZ2011DHS,WS_SRCE_P_TOT,250162160,T,431002,1431002,Region,Cabo Delgado,0,,0,1,WSSRCEPTOT,MZDHS2011431002,2011,DHS,4831,5292,,,1
MOZ,Nampula,5504198,Population: Total,100,1,MZ,Mozambique,2011,MZ2011DHS,WS_SRCE_P_TOT,250162160,T,431003,1431003,Region,Nampula,0,,0,1,WSSRCEPTOT,MZDHS2011431003,2011,DHS,9325,5003,,,1
MOZ,Zambézia,1185529,Population: Total,100,1,MZ,Mozambique,2011,MZ2011DHS,WS_SRCE_P_TOT,250162160,T,431004,1431004,Region,Zambézia,0,,0,1,WSSRCEPTOT,MZDHS2011431004,2011,DHS,11466,6392,,,1
MOZ,Tete,241202,Population: Total,100,1,MZ,Mozambique,2011,MZ2011DHS,WS_SRCE_P_TOT,250162160,T,431005,1431005,Region,Tete,0,,0,1,WSSRCEPTOT,MZDHS2011431005,2011,DHS,7522,5526,,,1
MOZ,Manica,3903872,Population: Total,100,1,MZ,Mozambique,2011,MZ2011DHS,WS_SRCE_P_TOT,250162160,T,431006,1431006,Region,Manica,0,,0,1,WSSRCEPTOT,MZDHS2011431006,2011,DHS,4002,5218,,,1
MOZ,Sofala,3480446,Population: Total,100,1,MZ,Mozambique,2011,MZ2011DHS,WS_SRCE_P_TOT,250162160,T,431007,1431007,Region,Sofala,0,,0,1,WSSRCEPTOT,MZDHS2011431007,2011,DHS,5592,6679,,,1
MOZ,Inhambane,2928159,Population: Total,100,1,MZ,Mozambique,2011,MZ2011DHS,WS_SRCE_P_TOT,250162160,T,431008,1431008,Region,Inhambane,0,,0,1,WSSRCEPTOT,MZDHS2011431008,2011,DHS,3612,4987,,,1
MOZ,Gaza,6038549,Population: Total,100,1,MZ,Mozambique,2011,MZ2011DHS,WS_SRCE_P_TOT,250162160,T,431009,1431009,Region,Gaza,0,,0,1,WSSRCEPTOT,MZDHS2011431009,2011,DHS,3388,5517,,,1
MOZ,Maputo Provincia,7789305,Population: Total,100,1,MZ,Mozambique,2011,MZ2011DHS,WS_SRCE_P_TOT,250162160,T,431010,1431010,Region,Maputo Provincia,0,,0,1,WSSRCEPTOT,MZDHS2011431010,2011,DHS,4106,5717,,,1
MOZ,Maputo Cidade,1185548,Population: Total,100,1,MZ,Mozambique,2011,MZ2011DHS,WS_SRCE_P_TOT,250162160,T,431011,1431011,Region,Maputo Cidade,0,,0,1,WSSRCEPTOT,MZDHS2011431011,2011,DHS,3114,6342,,,1
MOZ,Niassa,7484357,Households with water on the premises,14.2,1,MZ,Mozambique,2011,MZ2011DHS,WS_TIME_H_ONP,250201010,I,431001,1431001,Region,Niassa,0,,0,1,WSTIMEHONP,MZDHS2011431001,2011,DHS,840,1193,,,1
MOZ,Cabo Delgado,3808366,Households with water on the premises,8.3,1,MZ,Mozambique,2011,MZ2011DHS,WS_TIME_H_ONP,250201010,I,431002,1431002,Region,Cabo Delgado,0,,0,1,WSTIMEHONP,MZDHS2011431002,2011,DHS,1167,1277,,,1
MOZ,Nampula,6527352,Households with water on the premises,5.6,1,MZ,Mozambique,2011,MZ2011DHS,WS_TIME_H_ONP,250201010,I,431003,1431003,Region,Nampula,0,,0,1,WSTIMEHONP,MZDHS2011431003,2011,DHS,2561,1392,,,1
MOZ,Zambézia,3958916,Households with water on the premises,4.9,1,MZ,Mozambique,2011,MZ2011DHS,WS_TIME_H_ONP,250201010,I,431004,1431004,Region,Zambézia,0,,0,1,WSTIMEHONP,MZDHS2011431004,2011,DHS,2510,1391,,,1
MOZ,Tete,7309738,Households with water on the premises,6,1,MZ,Mozambique,2011,MZ2011DHS,WS_TIME_H_ONP,250201010,I,431005,1431005,Region,Tete,0,,0,1,WSTIMEHONP,MZDHS2011431005,2011,DHS,1636,1197,,,1
MOZ,Manica,3242706,Households with water on the premises,10.8,1,MZ,Mozambique,2011,MZ2011DHS,WS_TIME_H_ONP,250201010,I,431006,1431006,Region,Manica,0,,0,1,WSTIMEHONP,MZDHS2011431006,2011,DHS,916,1191,,,1
MOZ,Sofala,3852668,Households with water on the premises,18.4,1,MZ,Mozambique,2011,MZ2011DHS,WS_TIME_H_ONP,250201010,I,431007,1431007,Region,Sofala,0,,0,1,WSTIMEHONP,MZDHS2011431007,2011,DHS,1109,1307,,,1
MOZ,Inhambane,3277546,Households with water on the premises,21.4,1,MZ,Mozambique,2011,MZ2011DHS,WS_TIME_H_ONP,250201010,I,431008,1431008,Region,Inhambane,0,,0,1,WSTIMEHONP,MZDHS2011431008,2011,DHS,874,1196,,,1
MOZ,Gaza,4461122,Households with water on the premises,22,1,MZ,Mozambique,2011,MZ2011DHS,WS_TIME_H_ONP,250201010,I,431009,1431009,Region,Gaza,0,,0,1,WSTIMEHONP,MZDHS2011431009,2011,DHS,724,1184,,,1
MOZ,Maputo Provincia,7772781,Households with water on the premises,46.8,1,MZ,Mozambique,2011,MZ2011DHS,WS_TIME_H_ONP,250201010,I,431010,1431010,Region,Maputo Provincia,0,,0,1,WSTIMEHONP,MZDHS2011431010,2011,DHS,943,1294,,,1
MOZ,Maputo Cidade,439965,Households with water on the premises,69.2,1,MZ,Mozambique,2011,MZ2011DHS,WS_TIME_H_ONP,250201010,I,431011,1431011,Region,Maputo Cidade,0,,0,1,WSTIMEHONP,MZDHS2011431011,2011,DHS,638,1297,,,1
MOZ,Niassa,7484347,Households with water 30 minutes or less away round trip,54.2,1,MZ,Mozambique,2011,MZ2011DHS,WS_TIME_H_L30,250201020,I,431001,1431001,Region,Niassa,0,,0,1,WSTIMEHL30,MZDHS2011431001,2011,DHS,840,1193,,,1
MOZ,Cabo Delgado,3808334,Households with water 30 minutes or less away round trip,48,1,MZ,Mozambique,2011,MZ2011DHS,WS_TIME_H_L30,250201020,I,431002,1431002,Region,Cabo Delgado,0,,0,1,WSTIMEHL30,MZDHS2011431002,2011,DHS,1167,1277,,,1
MOZ,Nampula,6527398,Households with water 30 minutes or less away round trip,57.2,1,MZ,Mozambique,2011,MZ2011DHS,WS_TIME_H_L30,250201020,I,431003,1431003,Region,Nampula,0,,0,1,WSTIMEHL30,MZDHS2011431003,2011,DHS,2561,1392,,,1
MOZ,Zambézia,3958904,Households with water 30 minutes or less away round trip,65.4,1,MZ,Mozambique,2011,MZ2011DHS,WS_TIME_H_L30,250201020,I,431004,1431004,Region,Zambézia,0,,0,1,WSTIMEHL30,MZDHS2011431004,2011,DHS,2510,1391,,,1
MOZ,Tete,7309717,Households with water 30 minutes or less away round trip,62.3,1,MZ,Mozambique,2011,MZ2011DHS,WS_TIME_H_L30,250201020,I,431005,1431005,Region,Tete,0,,0,1,WSTIMEHL30,MZDHS2011431005,2011,DHS,1636,1197,,,1
MOZ,Manica,3242600,Households with water 30 minutes or less away round trip,65.9,1,MZ,Mozambique,2011,MZ2011DHS,WS_TIME_H_L30,250201020,I,431006,1431006,Region,Manica,0,,0,1,WSTIMEHL30,MZDHS2011431006,2011,DHS,916,1191,,,1
MOZ,Sofala,3852657,Households with water 30 minutes or less away round trip,55.4,1,MZ,Mozambique,2011,MZ2011DHS,WS_TIME_H_L30,250201020,I,431007,1431007,Region,Sofala,0,,0,1,WSTIMEHL30,MZDHS2011431007,2011,DHS,1109,1307,,,1
MOZ,Inhambane,3277542,Households with water 30 minutes or less away round trip,49.9,1,MZ,Mozambique,2011,MZ2011DHS,WS_TIME_H_L30,250201020,I,431008,1431008,Region,Inhambane,0,,0,1,WSTIMEHL30,MZDHS2011431008,2011,DHS,874,1196,,,1
MOZ,Gaza,4461115,Households with water 30 minutes or less away round trip,46.9,1,MZ,Mozambique,2011,MZ2011DHS,WS_TIME_H_L30,250201020,I,431009,1431009,Region,Gaza,0,,0,1,WSTIMEHL30,MZDHS2011431009,2011,DHS,724,1184,,,1
MOZ,Maputo Provincia,7772773,Households with water 30 minutes or less away round trip,40.6,1,MZ,Mozambique,2011,MZ2011DHS,WS_TIME_H_L30,250201020,I,431010,1431010,Region,Maputo Provincia,0,,0,1,WSTIMEHL30,MZDHS2011431010,2011,DHS,943,1294,,,1
MOZ,Maputo Cidade,439970,Households with water 30 minutes or less away round trip,27.9,1,MZ,Mozambique,2011,MZ2011DHS,WS_TIME_H_L30,250201020,I,431011,1431011,Region,Maputo Cidade,0,,0,1,WSTIMEHL30,MZDHS2011431011,2011,DHS,638,1297,,,1
MOZ,Niassa,7484351,Households with water more than 30 minutes away round trip,31.2,1,MZ,Mozambique,2011,MZ2011DHS,WS_TIME_H_M30,250201030,I,431001,1431001,Region,Niassa,0,,0,1,WSTIMEHM30,MZDHS2011431001,2011,DHS,840,1193,,,1
MOZ,Cabo Delgado,3808356,Households with water more than 30 minutes away round trip,29.5,1,MZ,Mozambique,2011,MZ2011DHS,WS_TIME_H_M30,250201030,I,431002,1431002,Region,Cabo Delgado,0,,0,1,WSTIMEHM30,MZDHS2011431002,2011,DHS,1167,1277,,,1
MOZ,Nampula,6527341,Households with water more than 30 minutes away round trip,37,1,MZ,Mozambique,2011,MZ2011DHS,WS_TIME_H_M30,250201030,I,431003,1431003,Region,Nampula,0,,0,1,WSTIMEHM30,MZDHS2011431003,2011,DHS,2561,1392,,,1
MOZ,Zambézia,3958902,Households with water more than 30 minutes away round trip,29.7,1,MZ,Mozambique,2011,MZ2011DHS,WS_TIME_H_M30,250201030,I,431004,1431004,Region,Zambézia,0,,0,1,WSTIMEHM30,MZDHS2011431004,2011,DHS,2510,1391,,,1
MOZ,Tete,7309709,Households with water more than 30 minutes away round trip,30.8,1,MZ,Mozambique,2011,MZ2011DHS,WS_TIME_H_M30,250201030,I,431005,1431005,Region,Tete,0,,0,1,WSTIMEHM30,MZDHS2011431005,2011,DHS,1636,1197,,,1
MOZ,Manica,3242608,Households with water more than 30 minutes away round trip,23.1,1,MZ,Mozambique,2011,MZ2011DHS,WS_TIME_H_M30,250201030,I,431006,1431006,Region,Manica,0,,0,1,WSTIMEHM30,MZDHS2011431006,2011,DHS,916,1191,,,1
MOZ,Sofala,3852650,Households with water more than 30 minutes away round trip,25.9,1,MZ,Mozambique,2011,MZ2011DHS,WS_TIME_H_M30,250201030,I,431007,1431007,Region,Sofala,0,,0,1,WSTIMEHM30,MZDHS2011431007,2011,DHS,1109,1307,,,1
MOZ,Inhambane,3277550,Households with water more than 30 minutes away round trip,19,1,MZ,Mozambique,2011,MZ2011DHS,WS_TIME_H_M30,250201030,I,431008,1431008,Region,Inhambane,0,,0,1,WSTIMEHM30,MZDHS2011431008,2011,DHS,874,1196,,,1
MOZ,Gaza,4461126,Households with water more than 30 minutes away round trip,28.6,1,MZ,Mozambique,2011,MZ2011DHS,WS_TIME_H_M30,250201030,I,431009,1431009,Region,Gaza,0,,0,1,WSTIMEHM30,MZDHS2011431009,2011,DHS,724,1184,,,1
MOZ,Maputo Provincia,7772700,Households with water more than 30 minutes away round trip,10.8,1,MZ,Mozambique,2011,MZ2011DHS,WS_TIME_H_M30,250201030,I,431010,1431010,Region,Maputo Provincia,0,,0,1,WSTIMEHM30,MZDHS2011431010,2011,DHS,943,1294,,,1
MOZ,Maputo Cidade,439960,Households with water more than 30 minutes away round trip,0.4,1,MZ,Mozambique,2011,MZ2011DHS,WS_TIME_H_M30,250201030,I,431011,1431011,Region,Maputo Cidade,0,,0,1,WSTIMEHM30,MZDHS2011431011,2011,DHS,638,1297,,,1
MOZ,Niassa,7484352,Household with unknown or missing information on round trip time to water,0.3,1,MZ,Mozambique,2011,MZ2011DHS,WS_TIME_H_DKM,250201040,S,431001,1431001,Region,Niassa,0,,0,1,WSTIMEHDKM,MZDHS2011431001,2011,DHS,840,1193,,,1
MOZ,Cabo Delgado,3808357,Household with unknown or missing information on round trip time to water,14.2,1,MZ,Mozambique,2011,MZ2011DHS,WS_TIME_H_DKM,250201040,S,431002,1431002,Region,Cabo Delgado,0,,0,1,WSTIMEHDKM,MZDHS2011431002,2011,DHS,1167,1277,,,1
MOZ,Nampula,6527342,Household with unknown or missing information on round trip time to water,0.3,1,MZ,Mozambique,2011,MZ2011DHS,WS_TIME_H_DKM,250201040,S,431003,1431003,Region,Nampula,0,,0,1,WSTIMEHDKM,MZDHS2011431003,2011,DHS,2561,1392,,,1
MOZ,Zambézia,3958912,Household with unknown or missing information on round trip time to water,0,1,MZ,Mozambique,2011,MZ2011DHS,WS_TIME_H_DKM,250201040,S,431004,1431004,Region,Zambézia,0,,0,1,WSTIMEHDKM,MZDHS2011431004,2011,DHS,2510,1391,,,1
MOZ,Tete,7309710,Household with unknown or missing information on round trip time to water,0.9,1,MZ,Mozambique,2011,MZ2011DHS,WS_TIME_H_DKM,250201040,S,431005,1431005,Region,Tete,0,,0,1,WSTIMEHDKM,MZDHS2011431005,2011,DHS,1636,1197,,,1
MOZ,Manica,3242609,Household with unknown or missing information on round trip time to water,0.2,1,MZ,Mozambique,2011,MZ2011DHS,WS_TIME_H_DKM,250201040,S,431006,1431006,Region,Manica,0,,0,1,WSTIMEHDKM,MZDHS2011431006,2011,DHS,916,1191,,,1
MOZ,Sofala,3852651,Household with unknown or missing information on round trip time to water,0.3,1,MZ,Mozambique,2011,MZ2011DHS,WS_TIME_H_DKM,250201040,S,431007,1431007,Region,Sofala,0,,0,1,WSTIMEHDKM,MZDHS2011431007,2011,DHS,1109,1307,,,1
MOZ,Inhambane,3277551,Household with unknown or missing information on round trip time to water,9.7,1,MZ,Mozambique,2011,MZ2011DHS,WS_TIME_H_DKM,250201040,S,431008,1431008,Region,Inhambane,0,,0,1,WSTIMEHDKM,MZDHS2011431008,2011,DHS,874,1196,,,1
MOZ,Gaza,4461127,Household with unknown or missing information on round trip time to water,2.4,1,MZ,Mozambique,2011,MZ2011DHS,WS_TIME_H_DKM,250201040,S,431009,1431009,Region,Gaza,0,,0,1,WSTIMEHDKM,MZDHS2011431009,2011,DHS,724,1184,,,1
MOZ,Maputo Provincia,7772701,Household with unknown or missing information on round trip time to water,1.8,1,MZ,Mozambique,2011,MZ2011DHS,WS_TIME_H_DKM,250201040,S,431010,1431010,Region,Maputo Provincia,0,,0,1,WSTIMEHDKM,MZDHS2011431010,2011,DHS,943,1294,,,1
MOZ,Maputo Cidade,439961,Household with unknown or missing information on round trip time to water,2.5,1,MZ,Mozambique,2011,MZ2011DHS,WS_TIME_H_DKM,250201040,S,431011,1431011,Region,Maputo Cidade,0,,0,1,WSTIMEHDKM,MZDHS2011431011,2011,DHS,638,1297,,,1
MOZ,Niassa,7484353,Households: Total,100,1,MZ,Mozambique,2011,MZ2011DHS,WS_TIME_H_TOT,250201050,T,431001,1431001,Region,Niassa,0,,0,1,WSTIMEHTOT,MZDHS2011431001,2011,DHS,840,1193,,,1
MOZ,Cabo Delgado,3808361,Households: Total,100,1,MZ,Mozambique,2011,MZ2011DHS,WS_TIME_H_TOT,250201050,T,431002,1431002,Region,Cabo Delgado,0,,0,1,WSTIMEHTOT,MZDHS2011431002,2011,DHS,1167,1277,,,1
MOZ,Nampula,6527343,Households: Total,100,1,MZ,Mozambique,2011,MZ2011DHS,WS_TIME_H_TOT,250201050,T,431003,1431003,Region,Nampula,0,,0,1,WSTIMEHTOT,MZDHS2011431003,2011,DHS,2561,1392,,,1
MOZ,Zambézia,3958913,Households: Total,100,1,MZ,Mozambique,2011,MZ2011DHS,WS_TIME_H_TOT,250201050,T,431004,1431004,Region,Zambézia,0,,0,1,WSTIMEHTOT,MZDHS2011431004,2011,DHS,2510,1391,,,1
MOZ,Tete,7309711,Households: Total,100,1,MZ,Mozambique,2011,MZ2011DHS,WS_TIME_H_TOT,250201050,T,431005,1431005,Region,Tete,0,,0,1,WSTIMEHTOT,MZDHS2011431005,2011,DHS,1636,1197,,,1
MOZ,Manica,3242610,Households: Total,100,1,MZ,Mozambique,2011,MZ2011DHS,WS_TIME_H_TOT,250201050,T,431006,1431006,Region,Manica,0,,0,1,WSTIMEHTOT,MZDHS2011431006,2011,DHS,916,1191,,,1
MOZ,Sofala,3852652,Households: Total,100,1,MZ,Mozambique,2011,MZ2011DHS,WS_TIME_H_TOT,250201050,T,431007,1431007,Region,Sofala,0,,0,1,WSTIMEHTOT,MZDHS2011431007,2011,DHS,1109,1307,,,1
MOZ,Inhambane,3277552,Households: Total,100,1,MZ,Mozambique,2011,MZ2011DHS,WS_TIME_H_TOT,250201050,T,431008,1431008,Region,Inhambane,0,,0,1,WSTIMEHTOT,MZDHS2011431008,2011,DHS,874,1196,,,1
MOZ,Gaza,4461128,Households: Total,100,1,MZ,Mozambique,2011,MZ2011DHS,WS_TIME_H_TOT,250201050,T,431009,1431009,Region,Gaza,0,,0,1,WSTIMEHTOT,MZDHS2011431009,2011,DHS,724,1184,,,1
MOZ,Maputo Provincia,7772702,Households: Total,100,1,MZ,Mozambique,2011,MZ2011DHS,WS_TIME_H_TOT,250201050,T,431010,1431010,Region,Maputo Provincia,0,,0,1,WSTIMEHTOT,MZDHS2011431010,2011,DHS,943,1294,,,1
MOZ,Maputo Cidade,439972,Households: Total,100,1,MZ,Mozambique,2011,MZ2011DHS,WS_TIME_H_TOT,250201050,T,431011,1431011,Region,Maputo Cidade,0,,0,1,WSTIMEHTOT,MZDHS2011431011,2011,DHS,638,1297,,,1
MOZ,Niassa,7486140,Population with water on the premises,15.9,1,MZ,Mozambique,2011,MZ2011DHS,WS_TIME_P_ONP,250202010,I,431001,1431001,Region,Niassa,0,,0,1,WSTIMEPONP,MZDHS2011431001,2011,DHS,3630,5169,,,1
MOZ,Cabo Delgado,7117666,Population with water on the premises,9,1,MZ,Mozambique,2011,MZ2011DHS,WS_TIME_P_ONP,250202010,I,431002,1431002,Region,Cabo Delgado,0,,0,1,WSTIMEPONP,MZDHS2011431002,2011,DHS,4831,5292,,,1
MOZ,Nampula,5504194,Population with water on the premises,7,1,MZ,Mozambique,2011,MZ2011DHS,WS_TIME_P_ONP,250202010,I,431003,1431003,Region,Nampula,0,,0,1,WSTIMEPONP,MZDHS2011431003,2011,DHS,9325,5003,,,1
MOZ,Zambézia,1185523,Population with water on the premises,5.6,1,MZ,Mozambique,2011,MZ2011DHS,WS_TIME_P_ONP,250202010,I,431004,1431004,Region,Zambézia,0,,0,1,WSTIMEPONP,MZDHS2011431004,2011,DHS,11466,6392,,,1
MOZ,Tete,241216,Population with water on the premises,6.6,1,MZ,Mozambique,2011,MZ2011DHS,WS_TIME_P_ONP,250202010,I,431005,1431005,Region,Tete,0,,0,1,WSTIMEPONP,MZDHS2011431005,2011,DHS,7522,5526,,,1
MOZ,Manica,3903863,Population with water on the premises,12.4,1,MZ,Mozambique,2011,MZ2011DHS,WS_TIME_P_ONP,250202010,I,431006,1431006,Region,Manica,0,,0,1,WSTIMEPONP,MZDHS2011431006,2011,DHS,4002,5218,,,1
MOZ,Sofala,3480430,Population with water on the premises,15.8,1,MZ,Mozambique,2011,MZ2011DHS,WS_TIME_P_ONP,250202010,I,431007,1431007,Region,Sofala,0,,0,1,WSTIMEPONP,MZDHS2011431007,2011,DHS,5592,6679,,,1
MOZ,Inhambane,2928201,Population with water on the premises,23.7,1,MZ,Mozambique,2011,MZ2011DHS,WS_TIME_P_ONP,250202010,I,431008,1431008,Region,Inhambane,0,,0,1,WSTIMEPONP,MZDHS2011431008,2011,DHS,3612,4987,,,1
MOZ,Gaza,6038554,Population with water on the premises,24.3,1,MZ,Mozambique,2011,MZ2011DHS,WS_TIME_P_ONP,250202010,I,431009,1431009,Region,Gaza,0,,0,1,WSTIMEPONP,MZDHS2011431009,2011,DHS,3388,5517,,,1
MOZ,Maputo Provincia,7789318,Population with water on the premises,49.9,1,MZ,Mozambique,2011,MZ2011DHS,WS_TIME_P_ONP,250202010,I,431010,1431010,Region,Maputo Provincia,0,,0,1,WSTIMEPONP,MZDHS2011431010,2011,DHS,4106,5717,,,1
MOZ,Maputo Cidade,1185565,Population with water on the premises,71.2,1,MZ,Mozambique,2011,MZ2011DHS,WS_TIME_P_ONP,250202010,I,431011,1431011,Region,Maputo Cidade,0,,0,1,WSTIMEPONP,MZDHS2011431011,2011,DHS,3114,6342,,,1
MOZ,Niassa,7486132,Population with water 30 minutes or less away round trip,54.1,1,MZ,Mozambique,2011,MZ2011DHS,WS_TIME_P_L30,250202020,I,431001,1431001,Region,Niassa,0,,0,1,WSTIMEPL30,MZDHS2011431001,2011,DHS,3630,5169,,,1
MOZ,Cabo Delgado,7117688,Population with water 30 minutes or less away round trip,49.8,1,MZ,Mozambique,2011,MZ2011DHS,WS_TIME_P_L30,250202020,I,431002,1431002,Region,Cabo Delgado,0,,0,1,WSTIMEPL30,MZDHS2011431002,2011,DHS,4831,5292,,,1
MOZ,Nampula,5504199,Population with water 30 minutes or less away round trip,57.7,1,MZ,Mozambique,2011,MZ2011DHS,WS_TIME_P_L30,250202020,I,431003,1431003,Region,Nampula,0,,0,1,WSTIMEPL30,MZDHS2011431003,2011,DHS,9325,5003,,,1
MOZ,Zambézia,1185530,Population with water 30 minutes or less away round trip,64.6,1,MZ,Mozambique,2011,MZ2011DHS,WS_TIME_P_L30,250202020,I,431004,1431004,Region,Zambézia,0,,0,1,WSTIMEPL30,MZDHS2011431004,2011,DHS,11466,6392,,,1
MOZ,Tete,241224,Population with water 30 minutes or less away round trip,62,1,MZ,Mozambique,2011,MZ2011DHS,WS_TIME_P_L30,250202020,I,431005,1431005,Region,Tete,0,,0,1,WSTIMEPL30,MZDHS2011431005,2011,DHS,7522,5526,,,1
MOZ,Manica,3903873,Population with water 30 minutes or less away round trip,65.9,1,MZ,Mozambique,2011,MZ2011DHS,WS_TIME_P_L30,250202020,I,431006,1431006,Region,Manica,0,,0,1,WSTIMEPL30,MZDHS2011431006,2011,DHS,4002,5218,,,1
MOZ,Sofala,3480447,Population with water 30 minutes or less away round trip,54.6,1,MZ,Mozambique,2011,MZ2011DHS,WS_TIME_P_L30,250202020,I,431007,1431007,Region,Sofala,0,,0,1,WSTIMEPL30,MZDHS2011431007,2011,DHS,5592,6679,,,1
MOZ,Inhambane,2928160,Population with water 30 minutes or less away round trip,46.7,1,MZ,Mozambique,2011,MZ2011DHS,WS_TIME_P_L30,250202020,I,431008,1431008,Region,Inhambane,0,,0,1,WSTIMEPL30,MZDHS2011431008,2011,DHS,3612,4987,,,1
MOZ,Gaza,6038550,Population with water 30 minutes or less away round trip,44.8,1,MZ,Mozambique,2011,MZ2011DHS,WS_TIME_P_L30,250202020,I,431009,1431009,Region,Gaza,0,,0,1,WSTIMEPL30,MZDHS2011431009,2011,DHS,3388,5517,,,1
MOZ,Maputo Provincia,7789306,Population with water 30 minutes or less away round trip,38.4,1,MZ,Mozambique,2011,MZ2011DHS,WS_TIME_P_L30,250202020,I,431010,1431010,Region,Maputo Provincia,0,,0,1,WSTIMEPL30,MZDHS2011431010,2011,DHS,4106,5717,,,1
MOZ,Maputo Cidade,1185550,Population with water 30 minutes or less away round trip,26,1,MZ,Mozambique,2011,MZ2011DHS,WS_TIME_P_L30,250202020,I,431011,1431011,Region,Maputo Cidade,0,,0,1,WSTIMEPL30,MZDHS2011431011,2011,DHS,3114,6342,,,1
MOZ,Niassa,7486141,Population with water more than 30 minutes away round trip,29.7,1,MZ,Mozambique,2011,MZ2011DHS,WS_TIME_P_M30,250202030,I,431001,1431001,Region,Niassa,0,,0,1,WSTIMEPM30,MZDHS2011431001,2011,DHS,3630,5169,,,1
MOZ,Cabo Delgado,7117667,Population with water more than 30 minutes away round trip,28.7,1,MZ,Mozambique,2011,MZ2011DHS,WS_TIME_P_M30,250202030,I,431002,1431002,Region,Cabo Delgado,0,,0,1,WSTIMEPM30,MZDHS2011431002,2011,DHS,4831,5292,,,1
MOZ,Nampula,5504195,Population with water more than 30 minutes away round trip,35,1,MZ,Mozambique,2011,MZ2011DHS,WS_TIME_P_M30,250202030,I,431003,1431003,Region,Nampula,0,,0,1,WSTIMEPM30,MZDHS2011431003,2011,DHS,9325,5003,,,1
MOZ,Zambézia,1185524,Population with water more than 30 minutes away round trip,29.9,1,MZ,Mozambique,2011,MZ2011DHS,WS_TIME_P_M30,250202030,I,431004,1431004,Region,Zambézia,0,,0,1,WSTIMEPM30,MZDHS2011431004,2011,DHS,11466,6392,,,1
MOZ,Tete,241217,Population with water more than 30 minutes away round trip,30.3,1,MZ,Mozambique,2011,MZ2011DHS,WS_TIME_P_M30,250202030,I,431005,1431005,Region,Tete,0,,0,1,WSTIMEPM30,MZDHS2011431005,2011,DHS,7522,5526,,,1
MOZ,Manica,3903864,Population with water more than 30 minutes away round trip,21.7,1,MZ,Mozambique,2011,MZ2011DHS,WS_TIME_P_M30,250202030,I,431006,1431006,Region,Manica,0,,0,1,WSTIMEPM30,MZDHS2011431006,2011,DHS,4002,5218,,,1
MOZ,Sofala,3480431,Population with water more than 30 minutes away round trip,29.3,1,MZ,Mozambique,2011,MZ2011DHS,WS_TIME_P_M30,250202030,I,431007,1431007,Region,Sofala,0,,0,1,WSTIMEPM30,MZDHS2011431007,2011,DHS,5592,6679,,,1
MOZ,Inhambane,2928202,Population with water more than 30 minutes away round trip,20.1,1,MZ,Mozambique,2011,MZ2011DHS,WS_TIME_P_M30,250202030,I,431008,1431008,Region,Inhambane,0,,0,1,WSTIMEPM30,MZDHS2011431008,2011,DHS,3612,4987,,,1
MOZ,Gaza,6038555,Population with water more than 30 minutes away round trip,29,1,MZ,Mozambique,2011,MZ2011DHS,WS_TIME_P_M30,250202030,I,431009,1431009,Region,Gaza,0,,0,1,WSTIMEPM30,MZDHS2011431009,2011,DHS,3388,5517,,,1
MOZ,Maputo Provincia,7789319,Population with water more than 30 minutes away round trip,10.1,1,MZ,Mozambique,2011,MZ2011DHS,WS_TIME_P_M30,250202030,I,431010,1431010,Region,Maputo Provincia,0,,0,1,WSTIMEPM30,MZDHS2011431010,2011,DHS,4106,5717,,,1
MOZ,Maputo Cidade,1185608,Population with water more than 30 minutes away round trip,0.4,1,MZ,Mozambique,2011,MZ2011DHS,WS_TIME_P_M30,250202030,I,431011,1431011,Region,Maputo Cidade,0,,0,1,WSTIMEPM30,MZDHS2011431011,2011,DHS,3114,6342,,,1
MOZ,Niassa,7486125,Population with unknown or missing information on round trip time to water,0.3,1,MZ,Mozambique,2011,MZ2011DHS,WS_TIME_P_DKM,250202040,S,431001,1431001,Region,Niassa,0,,0,1,WSTIMEPDKM,MZDHS2011431001,2011,DHS,3630,5169,,,1
MOZ,Cabo Delgado,7117684,Population with unknown or missing information on round trip time to water,12.5,1,MZ,Mozambique,2011,MZ2011DHS,WS_TIME_P_DKM,250202040,S,431002,1431002,Region,Cabo Delgado,0,,0,1,WSTIMEPDKM,MZDHS2011431002,2011,DHS,4831,5292,,,1
MOZ,Nampula,5504188,Population with unknown or missing information on round trip time to water,0.2,1,MZ,Mozambique,2011,MZ2011DHS,WS_TIME_P_DKM,250202040,S,431003,1431003,Region,Nampula,0,,0,1,WSTIMEPDKM,MZDHS2011431003,2011,DHS,9325,5003,,,1
MOZ,Zambézia,1185518,Population with unknown or missing information on round trip time to water,0,1,MZ,Mozambique,2011,MZ2011DHS,WS_TIME_P_DKM,250202040,S,431004,1431004,Region,Zambézia,0,,0,1,WSTIMEPDKM,MZDHS2011431004,2011,DHS,11466,6392,,,1
MOZ,Tete,241212,Population with unknown or missing information on round trip time to water,1.1,1,MZ,Mozambique,2011,MZ2011DHS,WS_TIME_P_DKM,250202040,S,431005,1431005,Region,Tete,0,,0,1,WSTIMEPDKM,MZDHS2011431005,2011,DHS,7522,5526,,,1
MOZ,Manica,3903868,Population with unknown or missing information on round trip time to water,0.1,1,MZ,Mozambique,2011,MZ2011DHS,WS_TIME_P_DKM,250202040,S,431006,1431006,Region,Manica,0,,0,1,WSTIMEPDKM,MZDHS2011431006,2011,DHS,4002,5218,,,1
MOZ,Sofala,3480440,Population with unknown or missing information on round trip time to water,0.3,1,MZ,Mozambique,2011,MZ2011DHS,WS_TIME_P_DKM,250202040,S,431007,1431007,Region,Sofala,0,,0,1,WSTIMEPDKM,MZDHS2011431007,2011,DHS,5592,6679,,,1
MOZ,Inhambane,2928167,Population with unknown or missing information on round trip time to water,9.5,1,MZ,Mozambique,2011,MZ2011DHS,WS_TIME_P_DKM,250202040,S,431008,1431008,Region,Inhambane,0,,0,1,WSTIMEPDKM,MZDHS2011431008,2011,DHS,3612,4987,,,1
MOZ,Gaza,6038560,Population with unknown or missing information on round trip time to water,2,1,MZ,Mozambique,2011,MZ2011DHS,WS_TIME_P_DKM,250202040,S,431009,1431009,Region,Gaza,0,,0,1,WSTIMEPDKM,MZDHS2011431009,2011,DHS,3388,5517,,,1
MOZ,Maputo Provincia,7789312,Population with unknown or missing information on round trip time to water,1.6,1,MZ,Mozambique,2011,MZ2011DHS,WS_TIME_P_DKM,250202040,S,431010,1431010,Region,Maputo Provincia,0,,0,1,WSTIMEPDKM,MZDHS2011431010,2011,DHS,4106,5717,,,1
MOZ,Maputo Cidade,1185591,Population with unknown or missing information on round trip time to water,2.4,1,MZ,Mozambique,2011,MZ2011DHS,WS_TIME_P_DKM,250202040,S,431011,1431011,Region,Maputo Cidade,0,,0,1,WSTIMEPDKM,MZDHS2011431011,2011,DHS,3114,6342,,,1
MOZ,Niassa,7486126,Population: Total,100,1,MZ,Mozambique,2011,MZ2011DHS,WS_TIME_P_TOT,250202050,T,431001,1431001,Region,Niassa,0,,0,1,WSTIMEPTOT,MZDHS2011431001,2011,DHS,3630,5169,,,1
MOZ,Cabo Delgado,7117717,Population: Total,100,1,MZ,Mozambique,2011,MZ2011DHS,WS_TIME_P_TOT,250202050,T,431002,1431002,Region,Cabo Delgado,0,,0,1,WSTIMEPTOT,MZDHS2011431002,2011,DHS,4831,5292,,,1
MOZ,Nampula,5504189,Population: Total,100,1,MZ,Mozambique,2011,MZ2011DHS,WS_TIME_P_TOT,250202050,T,431003,1431003,Region,Nampula,0,,0,1,WSTIMEPTOT,MZDHS2011431003,2011,DHS,9325,5003,,,1
MOZ,Zambézia,1185519,Population: Total,100,1,MZ,Mozambique,2011,MZ2011DHS,WS_TIME_P_TOT,250202050,T,431004,1431004,Region,Zambézia,0,,0,1,WSTIMEPTOT,MZDHS2011431004,2011,DHS,11466,6392,,,1
MOZ,Tete,241213,Population: Total,100,1,MZ,Mozambique,2011,MZ2011DHS,WS_TIME_P_TOT,250202050,T,431005,1431005,Region,Tete,0,,0,1,WSTIMEPTOT,MZDHS2011431005,2011,DHS,7522,5526,,,1
MOZ,Manica,3903869,Population: Total,100,1,MZ,Mozambique,2011,MZ2011DHS,WS_TIME_P_TOT,250202050,T,431006,1431006,Region,Manica,0,,0,1,WSTIMEPTOT,MZDHS2011431006,2011,DHS,4002,5218,,,1
MOZ,Sofala,3480441,Population: Total,100,1,MZ,Mozambique,2011,MZ2011DHS,WS_TIME_P_TOT,250202050,T,431007,1431007,Region,Sofala,0,,0,1,WSTIMEPTOT,MZDHS2011431007,2011,DHS,5592,6679,,,1
MOZ,Inhambane,2928168,Population: Total,100,1,MZ,Mozambique,2011,MZ2011DHS,WS_TIME_P_TOT,250202050,T,431008,1431008,Region,Inhambane,0,,0,1,WSTIMEPTOT,MZDHS2011431008,2011,DHS,3612,4987,,,1
MOZ,Gaza,6038561,Population: Total,100,1,MZ,Mozambique,2011,MZ2011DHS,WS_TIME_P_TOT,250202050,T,431009,1431009,Region,Gaza,0,,0,1,WSTIMEPTOT,MZDHS2011431009,2011,DHS,3388,5517,,,1
MOZ,Maputo Provincia,7789324,Population: Total,100,1,MZ,Mozambique,2011,MZ2011DHS,WS_TIME_P_TOT,250202050,T,431010,1431010,Region,Maputo Provincia,0,,0,1,WSTIMEPTOT,MZDHS2011431010,2011,DHS,4106,5717,,,1
MOZ,Maputo Cidade,1185592,Population: Total,100,1,MZ,Mozambique,2011,MZ2011DHS,WS_TIME_P_TOT,250202050,T,431011,1431011,Region,Maputo Cidade,0,,0,1,WSTIMEPTOT,MZDHS2011431011,2011,DHS,3114,6342,,,1
MOZ,Niassa,7484355,Households treating water by boiling,2.6,1,MZ,Mozambique,2011,MZ2011DHS,WS_WTRT_H_BOL,250231010,I,431001,1431001,Region,Niassa,0,,0,1,WSWTRTHBOL,MZDHS2011431001,2011,DHS,840,1193,,,1
MOZ,Cabo Delgado,3808363,Households treating water by boiling,1.9,1,MZ,Mozambique,2011,MZ2011DHS,WS_WTRT_H_BOL,250231010,I,431002,1431002,Region,Cabo Delgado,0,,0,1,WSWTRTHBOL,MZDHS2011431002,2011,DHS,1167,1277,,,1
MOZ,Nampula,6527345,Households treating water by boiling,3.7,1,MZ,Mozambique,2011,MZ2011DHS,WS_WTRT_H_BOL,250231010,I,431003,1431003,Region,Nampula,0,,0,1,WSWTRTHBOL,MZDHS2011431003,2011,DHS,2561,1392,,,1
MOZ,Zambézia,3958915,Households treating water by boiling,1.7,1,MZ,Mozambique,2011,MZ2011DHS,WS_WTRT_H_BOL,250231010,I,431004,1431004,Region,Zambézia,0,,0,1,WSWTRTHBOL,MZDHS2011431004,2011,DHS,2510,1391,,,1
MOZ,Tete,7309713,Households treating water by boiling,1.9,1,MZ,Mozambique,2011,MZ2011DHS,WS_WTRT_H_BOL,250231010,I,431005,1431005,Region,Tete,0,,0,1,WSWTRTHBOL,MZDHS2011431005,2011,DHS,1636,1197,,,1
MOZ,Manica,3242612,Households treating water by boiling,2.2,1,MZ,Mozambique,2011,MZ2011DHS,WS_WTRT_H_BOL,250231010,I,431006,1431006,Region,Manica,0,,0,1,WSWTRTHBOL,MZDHS2011431006,2011,DHS,916,1191,,,1
MOZ,Sofala,3852654,Households treating water by boiling,6.5,1,MZ,Mozambique,2011,MZ2011DHS,WS_WTRT_H_BOL,250231010,I,431007,1431007,Region,Sofala,0,,0,1,WSWTRTHBOL,MZDHS2011431007,2011,DHS,1109,1307,,,1
MOZ,Inhambane,3277611,Households treating water by boiling,2.8,1,MZ,Mozambique,2011,MZ2011DHS,WS_WTRT_H_BOL,250231010,I,431008,1431008,Region,Inhambane,0,,0,1,WSWTRTHBOL,MZDHS2011431008,2011,DHS,874,1196,,,1
MOZ,Gaza,4461164,Households treating water by boiling,3.8,1,MZ,Mozambique,2011,MZ2011DHS,WS_WTRT_H_BOL,250231010,I,431009,1431009,Region,Gaza,0,,0,1,WSWTRTHBOL,MZDHS2011431009,2011,DHS,724,1184,,,1
MOZ,Maputo Provincia,7772704,Households treating water by boiling,8.3,1,MZ,Mozambique,2011,MZ2011DHS,WS_WTRT_H_BOL,250231010,I,431010,1431010,Region,Maputo Provincia,0,,0,1,WSWTRTHBOL,MZDHS2011431010,2011,DHS,943,1294,,,1
MOZ,Maputo Cidade,439977,Households treating water by boiling,21,1,MZ,Mozambique,2011,MZ2011DHS,WS_WTRT_H_BOL,250231010,I,431011,1431011,Region,Maputo Cidade,0,,0,1,WSWTRTHBOL,MZDHS2011431011,2011,DHS,638,1297,,,1
MOZ,Niassa,7484349,Households treating water by adding bleach/chlorine,0.7,1,MZ,Mozambique,2011,MZ2011DHS,WS_WTRT_H_BLC,250231020,I,431001,1431001,Region,Niassa,0,,0,1,WSWTRTHBLC,MZDHS2011431001,2011,DHS,840,1193,,,1
MOZ,Cabo Delgado,3808359,Households treating water by adding bleach/chlorine,0.5,1,MZ,Mozambique,2011,MZ2011DHS,WS_WTRT_H_BLC,250231020,I,431002,1431002,Region,Cabo Delgado,0,,0,1,WSWTRTHBLC,MZDHS2011431002,2011,DHS,1167,1277,,,1
MOZ,Nampula,6527346,Households treating water by adding bleach/chlorine,0.4,1,MZ,Mozambique,2011,MZ2011DHS,WS_WTRT_H_BLC,250231020,I,431003,1431003,Region,Nampula,0,,0,1,WSWTRTHBLC,MZDHS2011431003,2011,DHS,2561,1392,,,1
MOZ,Zambézia,3958906,Households treating water by adding bleach/chlorine,0.8,1,MZ,Mozambique,2011,MZ2011DHS,WS_WTRT_H_BLC,250231020,I,431004,1431004,Region,Zambézia,0,,0,1,WSWTRTHBLC,MZDHS2011431004,2011,DHS,2510,1391,,,1
MOZ,Tete,7309719,Households treating water by adding bleach/chlorine,1.7,1,MZ,Mozambique,2011,MZ2011DHS,WS_WTRT_H_BLC,250231020,I,431005,1431005,Region,Tete,0,,0,1,WSWTRTHBLC,MZDHS2011431005,2011,DHS,1636,1197,,,1
MOZ,Manica,3242602,Households treating water by adding bleach/chlorine,11.6,1,MZ,Mozambique,2011,MZ2011DHS,WS_WTRT_H_BLC,250231020,I,431006,1431006,Region,Manica,0,,0,1,WSWTRTHBLC,MZDHS2011431006,2011,DHS,916,1191,,,1
MOZ,Sofala,3852659,Households treating water by adding bleach/chlorine,4.3,1,MZ,Mozambique,2011,MZ2011DHS,WS_WTRT_H_BLC,250231020,I,431007,1431007,Region,Sofala,0,,0,1,WSWTRTHBLC,MZDHS2011431007,2011,DHS,1109,1307,,,1
MOZ,Inhambane,3277544,Households treating water by adding bleach/chlorine,0.1,1,MZ,Mozambique,2011,MZ2011DHS,WS_WTRT_H_BLC,250231020,I,431008,1431008,Region,Inhambane,0,,0,1,WSWTRTHBLC,MZDHS2011431008,2011,DHS,874,1196,,,1
MOZ,Gaza,4461117,Households treating water by adding bleach/chlorine,0.6,1,MZ,Mozambique,2011,MZ2011DHS,WS_WTRT_H_BLC,250231020,I,431009,1431009,Region,Gaza,0,,0,1,WSWTRTHBLC,MZDHS2011431009,2011,DHS,724,1184,,,1
MOZ,Maputo Provincia,7772775,Households treating water by adding bleach/chlorine,1.9,1,MZ,Mozambique,2011,MZ2011DHS,WS_WTRT_H_BLC,250231020,I,431010,1431010,Region,Maputo Provincia,0,,0,1,WSWTRTHBLC,MZDHS2011431010,2011,DHS,943,1294,,,1
MOZ,Maputo Cidade,439979,Households treating water by adding bleach/chlorine,0.9,1,MZ,Mozambique,2011,MZ2011DHS,WS_WTRT_H_BLC,250231020,I,431011,1431011,Region,Maputo Cidade,0,,0,1,WSWTRTHBLC,MZDHS2011431011,2011,DHS,638,1297,,,1
MOZ,Niassa,7484359,Households treating water by straining through a cloth,0.2,1,MZ,Mozambique,2011,MZ2011DHS,WS_WTRT_H_STN,250231030,I,431001,1431001,Region,Niassa,0,,0,1,WSWTRTHSTN,MZDHS2011431001,2011,DHS,840,1193,,,1
MOZ,Cabo Delgado,3808368,Households treating water by straining through a cloth,0.2,1,MZ,Mozambique,2011,MZ2011DHS,WS_WTRT_H_STN,250231030,I,431002,1431002,Region,Cabo Delgado,0,,0,1,WSWTRTHSTN,MZDHS2011431002,2011,DHS,1167,1277,,,1
MOZ,Nampula,6527354,Households treating water by straining through a cloth,0,1,MZ,Mozambique,2011,MZ2011DHS,WS_WTRT_H_STN,250231030,I,431003,1431003,Region,Nampula,0,,0,1,WSWTRTHSTN,MZDHS2011431003,2011,DHS,2561,1392,,,1
MOZ,Zambézia,3958918,Households treating water by straining through a cloth,0.1,1,MZ,Mozambique,2011,MZ2011DHS,WS_WTRT_H_STN,250231030,I,431004,1431004,Region,Zambézia,0,,0,1,WSWTRTHSTN,MZDHS2011431004,2011,DHS,2510,1391,,,1
MOZ,Tete,7309740,Households treating water by straining through a cloth,0.1,1,MZ,Mozambique,2011,MZ2011DHS,WS_WTRT_H_STN,250231030,I,431005,1431005,Region,Tete,0,,0,1,WSWTRTHSTN,MZDHS2011431005,2011,DHS,1636,1197,,,1
MOZ,Manica,3242708,Households treating water by straining through a cloth,0.1,1,MZ,Mozambique,2011,MZ2011DHS,WS_WTRT_H_STN,250231030,I,431006,1431006,Region,Manica,0,,0,1,WSWTRTHSTN,MZDHS2011431006,2011,DHS,916,1191,,,1
MOZ,Sofala,3852733,Households treating water by straining through a cloth,0.2,1,MZ,Mozambique,2011,MZ2011DHS,WS_WTRT_H_STN,250231030,I,431007,1431007,Region,Sofala,0,,0,1,WSWTRTHSTN,MZDHS2011431007,2011,DHS,1109,1307,,,1
MOZ,Inhambane,3277548,Households treating water by straining through a cloth,0.3,1,MZ,Mozambique,2011,MZ2011DHS,WS_WTRT_H_STN,250231030,I,431008,1431008,Region,Inhambane,0,,0,1,WSWTRTHSTN,MZDHS2011431008,2011,DHS,874,1196,,,1
MOZ,Gaza,4461124,Households treating water by straining through a cloth,0.3,1,MZ,Mozambique,2011,MZ2011DHS,WS_WTRT_H_STN,250231030,I,431009,1431009,Region,Gaza,0,,0,1,WSWTRTHSTN,MZDHS2011431009,2011,DHS,724,1184,,,1
MOZ,Maputo Provincia,7772783,Households treating water by straining through a cloth,0.1,1,MZ,Mozambique,2011,MZ2011DHS,WS_WTRT_H_STN,250231030,I,431010,1431010,Region,Maputo Provincia,0,,0,1,WSWTRTHSTN,MZDHS2011431010,2011,DHS,943,1294,,,1
MOZ,Maputo Cidade,439981,Households treating water by straining through a cloth,0.6,1,MZ,Mozambique,2011,MZ2011DHS,WS_WTRT_H_STN,250231030,I,431011,1431011,Region,Maputo Cidade,0,,0,1,WSWTRTHSTN,MZDHS2011431011,2011,DHS,638,1297,,,1
MOZ,Niassa,7484350,"Households treating water using a ceramic, sand or other filter",0.1,1,MZ,Mozambique,2011,MZ2011DHS,WS_WTRT_H_CER,250231040,I,431001,1431001,Region,Niassa,0,,0,1,WSWTRTHCER,MZDHS2011431001,2011,DHS,840,1193,,,1
MOZ,Cabo Delgado,3808360,"Households treating water using a ceramic, sand or other filter",0.1,1,MZ,Mozambique,2011,MZ2011DHS,WS_WTRT_H_CER,250231040,I,431002,1431002,Region,Cabo Delgado,0,,0,1,WSWTRTHCER,MZDHS2011431002,2011,DHS,1167,1277,,,1
MOZ,Nampula,6527347,"Households treating water using a ceramic, sand or other filter",0,1,MZ,Mozambique,2011,MZ2011DHS,WS_WTRT_H_CER,250231040,I,431003,1431003,Region,Nampula,0,,0,1,WSWTRTHCER,MZDHS2011431003,2011,DHS,2561,1392,,,1
MOZ,Zambézia,3958907,"Households treating water using a ceramic, sand or other filter",0,1,MZ,Mozambique,2011,MZ2011DHS,WS_WTRT_H_CER,250231040,I,431004,1431004,Region,Zambézia,0,,0,1,WSWTRTHCER,MZDHS2011431004,2011,DHS,2510,1391,,,1
MOZ,Tete,7309720,"Households treating water using a ceramic, sand or other filter",0.1,1,MZ,Mozambique,2011,MZ2011DHS,WS_WTRT_H_CER,250231040,I,431005,1431005,Region,Tete,0,,0,1,WSWTRTHCER,MZDHS2011431005,2011,DHS,1636,1197,,,1
MOZ,Manica,3242603,"Households treating water using a ceramic, sand or other filter",0,1,MZ,Mozambique,2011,MZ2011DHS,WS_WTRT_H_CER,250231040,I,431006,1431006,Region,Manica,0,,0,1,WSWTRTHCER,MZDHS2011431006,2011,DHS,916,1191,,,1
MOZ,Sofala,3852660,"Households treating water using a ceramic, sand or other filter",0.6,1,MZ,Mozambique,2011,MZ2011DHS,WS_WTRT_H_CER,250231040,I,431007,1431007,Region,Sofala,0,,0,1,WSWTRTHCER,MZDHS2011431007,2011,DHS,1109,1307,,,1
MOZ,Inhambane,3277545,"Households treating water using a ceramic, sand or other filter",0,1,MZ,Mozambique,2011,MZ2011DHS,WS_WTRT_H_CER,250231040,I,431008,1431008,Region,Inhambane,0,,0,1,WSWTRTHCER,MZDHS2011431008,2011,DHS,874,1196,,,1
MOZ,Gaza,4461118,"Households treating water using a ceramic, sand or other filter",0.3,1,MZ,Mozambique,2011,MZ2011DHS,WS_WTRT_H_CER,250231040,I,431009,1431009,Region,Gaza,0,,0,1,WSWTRTHCER,MZDHS2011431009,2011,DHS,724,1184,,,1
MOZ,Maputo Provincia,7772776,"Households treating water using a ceramic, sand or other filter",0.2,1,MZ,Mozambique,2011,MZ2011DHS,WS_WTRT_H_CER,250231040,I,431010,1431010,Region,Maputo Provincia,0,,0,1,WSWTRTHCER,MZDHS2011431010,2011,DHS,943,1294,,,1
MOZ,Maputo Cidade,439980,"Households treating water using a ceramic, sand or other filter",0.4,1,MZ,Mozambique,2011,MZ2011DHS,WS_WTRT_H_CER,250231040,I,431011,1431011,Region,Maputo Cidade,0,,0,1,WSWTRTHCER,MZDHS2011431011,2011,DHS,638,1297,,,1
MOZ,Niassa,7484360,Households treating water using solar disinfection,0,1,MZ,Mozambique,2011,MZ2011DHS,WS_WTRT_H_SOL,250231050,I,431001,1431001,Region,Niassa,0,,0,1,WSWTRTHSOL,MZDHS2011431001,2011,DHS,840,1193,,,1
MOZ,Cabo Delgado,3808369,Households treating water using solar disinfection,0,1,MZ,Mozambique,2011,MZ2011DHS,WS_WTRT_H_SOL,250231050,I,431002,1431002,Region,Cabo Delgado,0,,0,1,WSWTRTHSOL,MZDHS2011431002,2011,DHS,1167,1277,,,1
MOZ,Nampula,6527355,Households treating water using solar disinfection,0,1,MZ,Mozambique,2011,MZ2011DHS,WS_WTRT_H_SOL,250231050,I,431003,1431003,Region,Nampula,0,,0,1,WSWTRTHSOL,MZDHS2011431003,2011,DHS,2561,1392,,,1
MOZ,Zambézia,3958919,Households treating water using solar disinfection,0,1,MZ,Mozambique,2011,MZ2011DHS,WS_WTRT_H_SOL,250231050,I,431004,1431004,Region,Zambézia,0,,0,1,WSWTRTHSOL,MZDHS2011431004,2011,DHS,2510,1391,,,1
MOZ,Tete,7309741,Households treating water using solar disinfection,0,1,MZ,Mozambique,2011,MZ2011DHS,WS_WTRT_H_SOL,250231050,I,431005,1431005,Region,Tete,0,,0,1,WSWTRTHSOL,MZDHS2011431005,2011,DHS,1636,1197,,,1
MOZ,Manica,3242709,Households treating water using solar disinfection,0,1,MZ,Mozambique,2011,MZ2011DHS,WS_WTRT_H_SOL,250231050,I,431006,1431006,Region,Manica,0,,0,1,WSWTRTHSOL,MZDHS2011431006,2011,DHS,916,1191,,,1
MOZ,Sofala,3852734,Households treating water using solar disinfection,0,1,MZ,Mozambique,2011,MZ2011DHS,WS_WTRT_H_SOL,250231050,I,431007,1431007,Region,Sofala,0,,0,1,WSWTRTHSOL,MZDHS2011431007,2011,DHS,1109,1307,,,1
MOZ,Inhambane,3277549,Households treating water using solar disinfection,0.7,1,MZ,Mozambique,2011,MZ2011DHS,WS_WTRT_H_SOL,250231050,I,431008,1431008,Region,Inhambane,0,,0,1,WSWTRTHSOL,MZDHS2011431008,2011,DHS,874,1196,,,1
MOZ,Gaza,4461125,Households treating water using solar disinfection,0,1,MZ,Mozambique,2011,MZ2011DHS,WS_WTRT_H_SOL,250231050,I,431009,1431009,Region,Gaza,0,,0,1,WSWTRTHSOL,MZDHS2011431009,2011,DHS,724,1184,,,1
MOZ,Maputo Provincia,7772693,Households treating water using solar disinfection,0,1,MZ,Mozambique,2011,MZ2011DHS,WS_WTRT_H_SOL,250231050,I,431010,1431010,Region,Maputo Provincia,0,,0,1,WSWTRTHSOL,MZDHS2011431010,2011,DHS,943,1294,,,1
MOZ,Maputo Cidade,439982,Households treating water using solar disinfection,1.1,1,MZ,Mozambique,2011,MZ2011DHS,WS_WTRT_H_SOL,250231050,I,431011,1431011,Region,Maputo Cidade,0,,0,1,WSWTRTHSOL,MZDHS2011431011,2011,DHS,638,1297,,,1
MOZ,Niassa,7484363,Households treating water using other methods,4.3,1,MZ,Mozambique,2011,MZ2011DHS,WS_WTRT_H_OTH,250231060,I,431001,1431001,Region,Niassa,0,,0,1,WSWTRTHOTH,MZDHS2011431001,2011,DHS,840,1193,,,1
MOZ,Cabo Delgado,3808382,Households treating water using other methods,2.2,1,MZ,Mozambique,2011,MZ2011DHS,WS_WTRT_H_OTH,250231060,I,431002,1431002,Region,Cabo Delgado,0,,0,1,WSWTRTHOTH,MZDHS2011431002,2011,DHS,1167,1277,,,1
MOZ,Nampula,6527362,Households treating water using other methods,5,1,MZ,Mozambique,2011,MZ2011DHS,WS_WTRT_H_OTH,250231060,I,431003,1431003,Region,Nampula,0,,0,1,WSWTRTHOTH,MZDHS2011431003,2011,DHS,2561,1392,,,1
MOZ,Zambézia,3958908,Households treating water using other methods,0.9,1,MZ,Mozambique,2011,MZ2011DHS,WS_WTRT_H_OTH,250231060,I,431004,1431004,Region,Zambézia,0,,0,1,WSWTRTHOTH,MZDHS2011431004,2011,DHS,2510,1391,,,1
MOZ,Tete,7309731,Households treating water using other methods,1.9,1,MZ,Mozambique,2011,MZ2011DHS,WS_WTRT_H_OTH,250231060,I,431005,1431005,Region,Tete,0,,0,1,WSWTRTHOTH,MZDHS2011431005,2011,DHS,1636,1197,,,1
MOZ,Manica,3242616,Households treating water using other methods,14.9,1,MZ,Mozambique,2011,MZ2011DHS,WS_WTRT_H_OTH,250231060,I,431006,1431006,Region,Manica,0,,0,1,WSWTRTHOTH,MZDHS2011431006,2011,DHS,916,1191,,,1
MOZ,Sofala,3852664,Households treating water using other methods,10.3,1,MZ,Mozambique,2011,MZ2011DHS,WS_WTRT_H_OTH,250231060,I,431007,1431007,Region,Sofala,0,,0,1,WSWTRTHOTH,MZDHS2011431007,2011,DHS,1109,1307,,,1
MOZ,Inhambane,3277612,Households treating water using other methods,1.8,1,MZ,Mozambique,2011,MZ2011DHS,WS_WTRT_H_OTH,250231060,I,431008,1431008,Region,Inhambane,0,,0,1,WSWTRTHOTH,MZDHS2011431008,2011,DHS,874,1196,,,1
MOZ,Gaza,4461165,Households treating water using other methods,5.1,1,MZ,Mozambique,2011,MZ2011DHS,WS_WTRT_H_OTH,250231060,I,431009,1431009,Region,Gaza,0,,0,1,WSWTRTHOTH,MZDHS2011431009,2011,DHS,724,1184,,,1
MOZ,Maputo Provincia,7772708,Households treating water using other methods,7.2,1,MZ,Mozambique,2011,MZ2011DHS,WS_WTRT_H_OTH,250231060,I,431010,1431010,Region,Maputo Provincia,0,,0,1,WSWTRTHOTH,MZDHS2011431010,2011,DHS,943,1294,,,1
MOZ,Maputo Cidade,439983,Households treating water using other methods,13.2,1,MZ,Mozambique,2011,MZ2011DHS,WS_WTRT_H_OTH,250231060,I,431011,1431011,Region,Maputo Cidade,0,,0,1,WSWTRTHOTH,MZDHS2011431011,2011,DHS,638,1297,,,1
MOZ,Niassa,7484364,Households not treating water,93.3,1,MZ,Mozambique,2011,MZ2011DHS,WS_WTRT_H_NTR,250231070,I,431001,1431001,Region,Niassa,0,,0,1,WSWTRTHNTR,MZDHS2011431001,2011,DHS,840,1193,,,1
MOZ,Cabo Delgado,3808383,Households not treating water,96.1,1,MZ,Mozambique,2011,MZ2011DHS,WS_WTRT_H_NTR,250231070,I,431002,1431002,Region,Cabo Delgado,0,,0,1,WSWTRTHNTR,MZDHS2011431002,2011,DHS,1167,1277,,,1
MOZ,Nampula,6527388,Households not treating water,91.8,1,MZ,Mozambique,2011,MZ2011DHS,WS_WTRT_H_NTR,250231070,I,431003,1431003,Region,Nampula,0,,0,1,WSWTRTHNTR,MZDHS2011431003,2011,DHS,2561,1392,,,1
MOZ,Zambézia,3958909,Households not treating water,97,1,MZ,Mozambique,2011,MZ2011DHS,WS_WTRT_H_NTR,250231070,I,431004,1431004,Region,Zambézia,0,,0,1,WSWTRTHNTR,MZDHS2011431004,2011,DHS,2510,1391,,,1
MOZ,Tete,7309732,Households not treating water,94.8,1,MZ,Mozambique,2011,MZ2011DHS,WS_WTRT_H_NTR,250231070,I,431005,1431005,Region,Tete,0,,0,1,WSWTRTHNTR,MZDHS2011431005,2011,DHS,1636,1197,,,1
MOZ,Manica,3242617,Households not treating water,77.3,1,MZ,Mozambique,2011,MZ2011DHS,WS_WTRT_H_NTR,250231070,I,431006,1431006,Region,Manica,0,,0,1,WSWTRTHNTR,MZDHS2011431006,2011,DHS,916,1191,,,1
MOZ,Sofala,3852665,Households not treating water,80.9,1,MZ,Mozambique,2011,MZ2011DHS,WS_WTRT_H_NTR,250231070,I,431007,1431007,Region,Sofala,0,,0,1,WSWTRTHNTR,MZDHS2011431007,2011,DHS,1109,1307,,,1
MOZ,Inhambane,3277613,Households not treating water,94.8,1,MZ,Mozambique,2011,MZ2011DHS,WS_WTRT_H_NTR,250231070,I,431008,1431008,Region,Inhambane,0,,0,1,WSWTRTHNTR,MZDHS2011431008,2011,DHS,874,1196,,,1
MOZ,Gaza,4461166,Households not treating water,90.5,1,MZ,Mozambique,2011,MZ2011DHS,WS_WTRT_H_NTR,250231070,I,431009,1431009,Region,Gaza,0,,0,1,WSWTRTHNTR,MZDHS2011431009,2011,DHS,724,1184,,,1
MOZ,Maputo Provincia,7772709,Households not treating water,82.7,1,MZ,Mozambique,2011,MZ2011DHS,WS_WTRT_H_NTR,250231070,I,431010,1431010,Region,Maputo Provincia,0,,0,1,WSWTRTHNTR,MZDHS2011431010,2011,DHS,943,1294,,,1
MOZ,Maputo Cidade,439984,Households not treating water,62.1,1,MZ,Mozambique,2011,MZ2011DHS,WS_WTRT_H_NTR,250231070,I,431011,1431011,Region,Maputo Cidade,0,,0,1,WSWTRTHNTR,MZDHS2011431011,2011,DHS,638,1297,,,1
MOZ,Niassa,7484365,Households with missing information on treatment of water,0,1,MZ,Mozambique,2011,MZ2011DHS,WS_WTRT_H_DKM,250231080,S,431001,1431001,Region,Niassa,0,,0,1,WSWTRTHDKM,MZDHS2011431001,2011,DHS,840,1193,,,1
MOZ,Cabo Delgado,3808431,Households with missing information on treatment of water,0,1,MZ,Mozambique,2011,MZ2011DHS,WS_WTRT_H_DKM,250231080,S,431002,1431002,Region,Cabo Delgado,0,,0,1,WSWTRTHDKM,MZDHS2011431002,2011,DHS,1167,1277,,,1
MOZ,Nampula,6527389,Households with missing information on treatment of water,0,1,MZ,Mozambique,2011,MZ2011DHS,WS_WTRT_H_DKM,250231080,S,431003,1431003,Region,Nampula,0,,0,1,WSWTRTHDKM,MZDHS2011431003,2011,DHS,2561,1392,,,1
MOZ,Zambézia,3958910,Households with missing information on treatment of water,0,1,MZ,Mozambique,2011,MZ2011DHS,WS_WTRT_H_DKM,250231080,S,431004,1431004,Region,Zambézia,0,,0,1,WSWTRTHDKM,MZDHS2011431004,2011,DHS,2510,1391,,,1
MOZ,Tete,7309733,Households with missing information on treatment of water,0,1,MZ,Mozambique,2011,MZ2011DHS,WS_WTRT_H_DKM,250231080,S,431005,1431005,Region,Tete,0,,0,1,WSWTRTHDKM,MZDHS2011431005,2011,DHS,1636,1197,,,1
MOZ,Manica,3242618,Households with missing information on treatment of water,0,1,MZ,Mozambique,2011,MZ2011DHS,WS_WTRT_H_DKM,250231080,S,431006,1431006,Region,Manica,0,,0,1,WSWTRTHDKM,MZDHS2011431006,2011,DHS,916,1191,,,1
MOZ,Sofala,3852666,Households with missing information on treatment of water,0,1,MZ,Mozambique,2011,MZ2011DHS,WS_WTRT_H_DKM,250231080,S,431007,1431007,Region,Sofala,0,,0,1,WSWTRTHDKM,MZDHS2011431007,2011,DHS,1109,1307,,,1
MOZ,Inhambane,3277614,Households with missing information on treatment of water,0,1,MZ,Mozambique,2011,MZ2011DHS,WS_WTRT_H_DKM,250231080,S,431008,1431008,Region,Inhambane,0,,0,1,WSWTRTHDKM,MZDHS2011431008,2011,DHS,874,1196,,,1
MOZ,Gaza,4461167,Households with missing information on treatment of water,0,1,MZ,Mozambique,2011,MZ2011DHS,WS_WTRT_H_DKM,250231080,S,431009,1431009,Region,Gaza,0,,0,1,WSWTRTHDKM,MZDHS2011431009,2011,DHS,724,1184,,,1
MOZ,Maputo Provincia,7772710,Households with missing information on treatment of water,0,1,MZ,Mozambique,2011,MZ2011DHS,WS_WTRT_H_DKM,250231080,S,431010,1431010,Region,Maputo Provincia,0,,0,1,WSWTRTHDKM,MZDHS2011431010,2011,DHS,943,1294,,,1
MOZ,Maputo Cidade,439988,Households with missing information on treatment of water,0.1,1,MZ,Mozambique,2011,MZ2011DHS,WS_WTRT_H_DKM,250231080,S,431011,1431011,Region,Maputo Cidade,0,,0,1,WSWTRTHDKM,MZDHS2011431011,2011,DHS,638,1297,,,1
MOZ,Niassa,7484366,Households using an appropriate treatment method,3.2,1,MZ,Mozambique,2011,MZ2011DHS,WS_WTRT_H_APP,250231090,I,431001,1431001,Region,Niassa,0,,0,1,WSWTRTHAPP,MZDHS2011431001,2011,DHS,840,1193,,,1
MOZ,Cabo Delgado,3808432,Households using an appropriate treatment method,2.3,1,MZ,Mozambique,2011,MZ2011DHS,WS_WTRT_H_APP,250231090,I,431002,1431002,Region,Cabo Delgado,0,,0,1,WSWTRTHAPP,MZDHS2011431002,2011,DHS,1167,1277,,,1
MOZ,Nampula,6527390,Households using an appropriate treatment method,3.9,1,MZ,Mozambique,2011,MZ2011DHS,WS_WTRT_H_APP,250231090,I,431003,1431003,Region,Nampula,0,,0,1,WSWTRTHAPP,MZDHS2011431003,2011,DHS,2561,1392,,,1
MOZ,Zambézia,3958911,Households using an appropriate treatment method,2.3,1,MZ,Mozambique,2011,MZ2011DHS,WS_WTRT_H_APP,250231090,I,431004,1431004,Region,Zambézia,0,,0,1,WSWTRTHAPP,MZDHS2011431004,2011,DHS,2510,1391,,,1
MOZ,Tete,7309734,Households using an appropriate treatment method,3.7,1,MZ,Mozambique,2011,MZ2011DHS,WS_WTRT_H_APP,250231090,I,431005,1431005,Region,Tete,0,,0,1,WSWTRTHAPP,MZDHS2011431005,2011,DHS,1636,1197,,,1
MOZ,Manica,3242619,Households using an appropriate treatment method,12.8,1,MZ,Mozambique,2011,MZ2011DHS,WS_WTRT_H_APP,250231090,I,431006,1431006,Region,Manica,0,,0,1,WSWTRTHAPP,MZDHS2011431006,2011,DHS,916,1191,,,1
MOZ,Sofala,3852667,Households using an appropriate treatment method,11.1,1,MZ,Mozambique,2011,MZ2011DHS,WS_WTRT_H_APP,250231090,I,431007,1431007,Region,Sofala,0,,0,1,WSWTRTHAPP,MZDHS2011431007,2011,DHS,1109,1307,,,1
MOZ,Inhambane,3277615,Households using an appropriate treatment method,3.5,1,MZ,Mozambique,2011,MZ2011DHS,WS_WTRT_H_APP,250231090,I,431008,1431008,Region,Inhambane,0,,0,1,WSWTRTHAPP,MZDHS2011431008,2011,DHS,874,1196,,,1
MOZ,Gaza,4461168,Households using an appropriate treatment method,4.6,1,MZ,Mozambique,2011,MZ2011DHS,WS_WTRT_H_APP,250231090,I,431009,1431009,Region,Gaza,0,,0,1,WSWTRTHAPP,MZDHS2011431009,2011,DHS,724,1184,,,1
MOZ,Maputo Provincia,7772711,Households using an appropriate treatment method,10.3,1,MZ,Mozambique,2011,MZ2011DHS,WS_WTRT_H_APP,250231090,I,431010,1431010,Region,Maputo Provincia,0,,0,1,WSWTRTHAPP,MZDHS2011431010,2011,DHS,943,1294,,,1
MOZ,Maputo Cidade,439989,Households using an appropriate treatment method,22.9,1,MZ,Mozambique,2011,MZ2011DHS,WS_WTRT_H_APP,250231090,I,431011,1431011,Region,Maputo Cidade,0,,0,1,WSWTRTHAPP,MZDHS2011431011,2011,DHS,638,1297,,,1
MOZ,Niassa,7484583,Number of households,840,0,MZ,Mozambique,2011,MZ2011DHS,WS_WTRT_H_NUM,250231100,D,431001,1431001,Region,Niassa,0,,0,1,WSWTRTHNUM,MZDHS2011431001,2011,DHS,,1193,,,1
MOZ,Cabo Delgado,3897367,Number of households,1167,0,MZ,Mozambique,2011,MZ2011DHS,WS_WTRT_H_NUM,250231100,D,431002,1431002,Region,Cabo Delgado,0,,0,1,WSWTRTHNUM,MZDHS2011431002,2011,DHS,,1277,,,1
MOZ,Nampula,6668873,Number of households,2561,0,MZ,Mozambique,2011,MZ2011DHS,WS_WTRT_H_NUM,250231100,D,431003,1431003,Region,Nampula,0,,0,1,WSWTRTHNUM,MZDHS2011431003,2011,DHS,,1392,,,1
MOZ,Zambézia,4034071,Number of households,2510,0,MZ,Mozambique,2011,MZ2011DHS,WS_WTRT_H_NUM,250231100,D,431004,1431004,Region,Zambézia,0,,0,1,WSWTRTHNUM,MZDHS2011431004,2011,DHS,,1391,,,1
MOZ,Tete,7290516,Number of households,1636,0,MZ,Mozambique,2011,MZ2011DHS,WS_WTRT_H_NUM,250231100,D,431005,1431005,Region,Tete,0,,0,1,WSWTRTHNUM,MZDHS2011431005,2011,DHS,,1197,,,1
MOZ,Manica,1185570,Number of households,916,0,MZ,Mozambique,2011,MZ2011DHS,WS_WTRT_H_NUM,250231100,D,431006,1431006,Region,Manica,0,,0,1,WSWTRTHNUM,MZDHS2011431006,2011,DHS,,1191,,,1
MOZ,Sofala,3852735,Number of households,1109,0,MZ,Mozambique,2011,MZ2011DHS,WS_WTRT_H_NUM,250231100,D,431007,1431007,Region,Sofala,0,,0,1,WSWTRTHNUM,MZDHS2011431007,2011,DHS,,1307,,,1
MOZ,Inhambane,1170627,Number of households,874,0,MZ,Mozambique,2011,MZ2011DHS,WS_WTRT_H_NUM,250231100,D,431008,1431008,Region,Inhambane,0,,0,1,WSWTRTHNUM,MZDHS2011431008,2011,DHS,,1196,,,1
MOZ,Gaza,4550808,Number of households,724,0,MZ,Mozambique,2011,MZ2011DHS,WS_WTRT_H_NUM,250231100,D,431009,1431009,Region,Gaza,0,,0,1,WSWTRTHNUM,MZDHS2011431009,2011,DHS,,1184,,,1
MOZ,Maputo Provincia,7772689,Number of households,943,0,MZ,Mozambique,2011,MZ2011DHS,WS_WTRT_H_NUM,250231100,D,431010,1431010,Region,Maputo Provincia,0,,0,1,WSWTRTHNUM,MZDHS2011431010,2011,DHS,,1294,,,1
MOZ,Maputo Cidade,1185567,Number of households,638,0,MZ,Mozambique,2011,MZ2011DHS,WS_WTRT_H_NUM,250231100,D,431011,1431011,Region,Maputo Cidade,0,,0,1,WSWTRTHNUM,MZDHS2011431011,2011,DHS,,1297,,,1
MOZ,Niassa,7482610,Number of households (unweighted),1193,0,MZ,Mozambique,2011,MZ2011DHS,WS_WTRT_H_UNW,250231110,U,431001,1431001,Region,Niassa,0,,0,1,WSWTRTHUNW,MZDHS2011431001,2011,DHS,840,,,,1
MOZ,Cabo Delgado,3006745,Number of households (unweighted),1277,0,MZ,Mozambique,2011,MZ2011DHS,WS_WTRT_H_UNW,250231110,U,431002,1431002,Region,Cabo Delgado,0,,0,1,WSWTRTHUNW,MZDHS2011431002,2011,DHS,1167,,,,1
MOZ,Nampula,3267104,Number of households (unweighted),1392,0,MZ,Mozambique,2011,MZ2011DHS,WS_WTRT_H_UNW,250231110,U,431003,1431003,Region,Nampula,0,,0,1,WSWTRTHUNW,MZDHS2011431003,2011,DHS,2561,,,,1
MOZ,Zambézia,2888494,Number of households (unweighted),1391,0,MZ,Mozambique,2011,MZ2011DHS,WS_WTRT_H_UNW,250231110,U,431004,1431004,Region,Zambézia,0,,0,1,WSWTRTHUNW,MZDHS2011431004,2011,DHS,2510,,,,1
MOZ,Tete,5006340,Number of households (unweighted),1197,0,MZ,Mozambique,2011,MZ2011DHS,WS_WTRT_H_UNW,250231110,U,431005,1431005,Region,Tete,0,,0,1,WSWTRTHUNW,MZDHS2011431005,2011,DHS,1636,,,,1
MOZ,Manica,3242651,Number of households (unweighted),1191,0,MZ,Mozambique,2011,MZ2011DHS,WS_WTRT_H_UNW,250231110,U,431006,1431006,Region,Manica,0,,0,1,WSWTRTHUNW,MZDHS2011431006,2011,DHS,916,,,,1
MOZ,Sofala,1170651,Number of households (unweighted),1307,0,MZ,Mozambique,2011,MZ2011DHS,WS_WTRT_H_UNW,250231110,U,431007,1431007,Region,Sofala,0,,0,1,WSWTRTHUNW,MZDHS2011431007,2011,DHS,1109,,,,1
MOZ,Inhambane,3277553,Number of households (unweighted),1196,0,MZ,Mozambique,2011,MZ2011DHS,WS_WTRT_H_UNW,250231110,U,431008,1431008,Region,Inhambane,0,,0,1,WSWTRTHUNW,MZDHS2011431008,2011,DHS,874,,,,1
MOZ,Gaza,170315,Number of households (unweighted),1184,0,MZ,Mozambique,2011,MZ2011DHS,WS_WTRT_H_UNW,250231110,U,431009,1431009,Region,Gaza,0,,0,1,WSWTRTHUNW,MZDHS2011431009,2011,DHS,724,,,,1
MOZ,Maputo Provincia,7789160,Number of households (unweighted),1294,0,MZ,Mozambique,2011,MZ2011DHS,WS_WTRT_H_UNW,250231110,U,431010,1431010,Region,Maputo Provincia,0,,0,1,WSWTRTHUNW,MZDHS2011431010,2011,DHS,943,,,,1
MOZ,Maputo Cidade,439987,Number of households (unweighted),1297,0,MZ,Mozambique,2011,MZ2011DHS,WS_WTRT_H_UNW,250231110,U,431011,1431011,Region,Maputo Cidade,0,,0,1,WSWTRTHUNW,MZDHS2011431011,2011,DHS,638,,,,1
MOZ,Niassa,7486127,Population treating water by boiling,2.7,1,MZ,Mozambique,2011,MZ2011DHS,WS_WTRT_P_BOL,250232010,I,431001,1431001,Region,Niassa,0,,0,1,WSWTRTPBOL,MZDHS2011431001,2011,DHS,3630,5169,,,1
MOZ,Cabo Delgado,7117718,Population treating water by boiling,2.2,1,MZ,Mozambique,2011,MZ2011DHS,WS_WTRT_P_BOL,250232010,I,431002,1431002,Region,Cabo Delgado,0,,0,1,WSWTRTPBOL,MZDHS2011431002,2011,DHS,4831,5292,,,1
MOZ,Nampula,5504211,Population treating water by boiling,4.7,1,MZ,Mozambique,2011,MZ2011DHS,WS_WTRT_P_BOL,250232010,I,431003,1431003,Region,Nampula,0,,0,1,WSWTRTPBOL,MZDHS2011431003,2011,DHS,9325,5003,,,1
MOZ,Zambézia,1185520,Population treating water by boiling,1.5,1,MZ,Mozambique,2011,MZ2011DHS,WS_WTRT_P_BOL,250232010,I,431004,1431004,Region,Zambézia,0,,0,1,WSWTRTPBOL,MZDHS2011431004,2011,DHS,11466,6392,,,1
MOZ,Tete,241214,Population treating water by boiling,2,1,MZ,Mozambique,2011,MZ2011DHS,WS_WTRT_P_BOL,250232010,I,431005,1431005,Region,Tete,0,,0,1,WSWTRTPBOL,MZDHS2011431005,2011,DHS,7522,5526,,,1
MOZ,Manica,3903917,Population treating water by boiling,2.5,1,MZ,Mozambique,2011,MZ2011DHS,WS_WTRT_P_BOL,250232010,I,431006,1431006,Region,Manica,0,,0,1,WSWTRTPBOL,MZDHS2011431006,2011,DHS,4002,5218,,,1
MOZ,Sofala,3480442,Population treating water by boiling,5.8,1,MZ,Mozambique,2011,MZ2011DHS,WS_WTRT_P_BOL,250232010,I,431007,1431007,Region,Sofala,0,,0,1,WSWTRTPBOL,MZDHS2011431007,2011,DHS,5592,6679,,,1
MOZ,Inhambane,2928170,Population treating water by boiling,2.9,1,MZ,Mozambique,2011,MZ2011DHS,WS_WTRT_P_BOL,250232010,I,431008,1431008,Region,Inhambane,0,,0,1,WSWTRTPBOL,MZDHS2011431008,2011,DHS,3612,4987,,,1
MOZ,Gaza,6038562,Population treating water by boiling,3.1,1,MZ,Mozambique,2011,MZ2011DHS,WS_WTRT_P_BOL,250232010,I,431009,1431009,Region,Gaza,0,,0,1,WSWTRTPBOL,MZDHS2011431009,2011,DHS,3388,5517,,,1
MOZ,Maputo Provincia,7789325,Population treating water by boiling,7.4,1,MZ,Mozambique,2011,MZ2011DHS,WS_WTRT_P_BOL,250232010,I,431010,1431010,Region,Maputo Provincia,0,,0,1,WSWTRTPBOL,MZDHS2011431010,2011,DHS,4106,5717,,,1
MOZ,Maputo Cidade,1185593,Population treating water by boiling,18.5,1,MZ,Mozambique,2011,MZ2011DHS,WS_WTRT_P_BOL,250232010,I,431011,1431011,Region,Maputo Cidade,0,,0,1,WSWTRTPBOL,MZDHS2011431011,2011,DHS,3114,6342,,,1
MOZ,Niassa,7486128,Population treating water by adding bleach/chlorine,0.9,1,MZ,Mozambique,2011,MZ2011DHS,WS_WTRT_P_BLC,250232020,I,431001,1431001,Region,Niassa,0,,0,1,WSWTRTPBLC,MZDHS2011431001,2011,DHS,3630,5169,,,1
MOZ,Cabo Delgado,7117719,Population treating water by adding bleach/chlorine,0.6,1,MZ,Mozambique,2011,MZ2011DHS,WS_WTRT_P_BLC,250232020,I,431002,1431002,Region,Cabo Delgado,0,,0,1,WSWTRTPBLC,MZDHS2011431002,2011,DHS,4831,5292,,,1
MOZ,Nampula,5504212,Population treating water by adding bleach/chlorine,0.6,1,MZ,Mozambique,2011,MZ2011DHS,WS_WTRT_P_BLC,250232020,I,431003,1431003,Region,Nampula,0,,0,1,WSWTRTPBLC,MZDHS2011431003,2011,DHS,9325,5003,,,1
MOZ,Zambézia,1185521,Population treating water by adding bleach/chlorine,0.8,1,MZ,Mozambique,2011,MZ2011DHS,WS_WTRT_P_BLC,250232020,I,431004,1431004,Region,Zambézia,0,,0,1,WSWTRTPBLC,MZDHS2011431004,2011,DHS,11466,6392,,,1
MOZ,Tete,241215,Population treating water by adding bleach/chlorine,1.5,1,MZ,Mozambique,2011,MZ2011DHS,WS_WTRT_P_BLC,250232020,I,431005,1431005,Region,Tete,0,,0,1,WSWTRTPBLC,MZDHS2011431005,2011,DHS,7522,5526,,,1
MOZ,Manica,3903918,Population treating water by adding bleach/chlorine,12.5,1,MZ,Mozambique,2011,MZ2011DHS,WS_WTRT_P_BLC,250232020,I,431006,1431006,Region,Manica,0,,0,1,WSWTRTPBLC,MZDHS2011431006,2011,DHS,4002,5218,,,1
MOZ,Sofala,3480443,Population treating water by adding bleach/chlorine,5.1,1,MZ,Mozambique,2011,MZ2011DHS,WS_WTRT_P_BLC,250232020,I,431007,1431007,Region,Sofala,0,,0,1,WSWTRTPBLC,MZDHS2011431007,2011,DHS,5592,6679,,,1
MOZ,Inhambane,2928171,Population treating water by adding bleach/chlorine,0.2,1,MZ,Mozambique,2011,MZ2011DHS,WS_WTRT_P_BLC,250232020,I,431008,1431008,Region,Inhambane,0,,0,1,WSWTRTPBLC,MZDHS2011431008,2011,DHS,3612,4987,,,1
MOZ,Gaza,6038568,Population treating water by adding bleach/chlorine,0.8,1,MZ,Mozambique,2011,MZ2011DHS,WS_WTRT_P_BLC,250232020,I,431009,1431009,Region,Gaza,0,,0,1,WSWTRTPBLC,MZDHS2011431009,2011,DHS,3388,5517,,,1
MOZ,Maputo Provincia,7789326,Population treating water by adding bleach/chlorine,2.2,1,MZ,Mozambique,2011,MZ2011DHS,WS_WTRT_P_BLC,250232020,I,431010,1431010,Region,Maputo Provincia,0,,0,1,WSWTRTPBLC,MZDHS2011431010,2011,DHS,4106,5717,,,1
MOZ,Maputo Cidade,1185594,Population treating water by adding bleach/chlorine,1.2,1,MZ,Mozambique,2011,MZ2011DHS,WS_WTRT_P_BLC,250232020,I,431011,1431011,Region,Maputo Cidade,0,,0,1,WSWTRTPBLC,MZDHS2011431011,2011,DHS,3114,6342,,,1
MOZ,Niassa,7486143,Population treating water by straining through a cloth,0.1,1,MZ,Mozambique,2011,MZ2011DHS,WS_WTRT_P_STN,250232030,I,431001,1431001,Region,Niassa,0,,0,1,WSWTRTPSTN,MZDHS2011431001,2011,DHS,3630,5169,,,1
MOZ,Cabo Delgado,7117669,Population treating water by straining through a cloth,0.1,1,MZ,Mozambique,2011,MZ2011DHS,WS_WTRT_P_STN,250232030,I,431002,1431002,Region,Cabo Delgado,0,,0,1,WSWTRTPSTN,MZDHS2011431002,2011,DHS,4831,5292,,,1
MOZ,Nampula,5504208,Population treating water by straining through a cloth,0,1,MZ,Mozambique,2011,MZ2011DHS,WS_WTRT_P_STN,250232030,I,431003,1431003,Region,Nampula,0,,0,1,WSWTRTPSTN,MZDHS2011431003,2011,DHS,9325,5003,,,1
MOZ,Zambézia,1185526,Population treating water by straining through a cloth,0.1,1,MZ,Mozambique,2011,MZ2011DHS,WS_WTRT_P_STN,250232030,I,431004,1431004,Region,Zambézia,0,,0,1,WSWTRTPSTN,MZDHS2011431004,2011,DHS,11466,6392,,,1
MOZ,Tete,241221,Population treating water by straining through a cloth,0.1,1,MZ,Mozambique,2011,MZ2011DHS,WS_WTRT_P_STN,250232030,I,431005,1431005,Region,Tete,0,,0,1,WSWTRTPSTN,MZDHS2011431005,2011,DHS,7522,5526,,,1
MOZ,Manica,3903881,Population treating water by straining through a cloth,0.1,1,MZ,Mozambique,2011,MZ2011DHS,WS_WTRT_P_STN,250232030,I,431006,1431006,Region,Manica,0,,0,1,WSWTRTPSTN,MZDHS2011431006,2011,DHS,4002,5218,,,1
MOZ,Sofala,3480436,Population treating water by straining through a cloth,0.2,1,MZ,Mozambique,2011,MZ2011DHS,WS_WTRT_P_STN,250232030,I,431007,1431007,Region,Sofala,0,,0,1,WSWTRTPSTN,MZDHS2011431007,2011,DHS,5592,6679,,,1
MOZ,Inhambane,2928169,Population treating water by straining through a cloth,0.4,1,MZ,Mozambique,2011,MZ2011DHS,WS_WTRT_P_STN,250232030,I,431008,1431008,Region,Inhambane,0,,0,1,WSWTRTPSTN,MZDHS2011431008,2011,DHS,3612,4987,,,1
MOZ,Gaza,6038572,Population treating water by straining through a cloth,0.2,1,MZ,Mozambique,2011,MZ2011DHS,WS_WTRT_P_STN,250232030,I,431009,1431009,Region,Gaza,0,,0,1,WSWTRTPSTN,MZDHS2011431009,2011,DHS,3388,5517,,,1
MOZ,Maputo Provincia,7789321,Population treating water by straining through a cloth,0.1,1,MZ,Mozambique,2011,MZ2011DHS,WS_WTRT_P_STN,250232030,I,431010,1431010,Region,Maputo Provincia,0,,0,1,WSWTRTPSTN,MZDHS2011431010,2011,DHS,4106,5717,,,1
MOZ,Maputo Cidade,1185611,Population treating water by straining through a cloth,0.5,1,MZ,Mozambique,2011,MZ2011DHS,WS_WTRT_P_STN,250232030,I,431011,1431011,Region,Maputo Cidade,0,,0,1,WSWTRTPSTN,MZDHS2011431011,2011,DHS,3114,6342,,,1
MOZ,Niassa,7486134,"Population treating water using a ceramic, sand or other filter",0.1,1,MZ,Mozambique,2011,MZ2011DHS,WS_WTRT_P_CER,250232040,I,431001,1431001,Region,Niassa,0,,0,1,WSWTRTPCER,MZDHS2011431001,2011,DHS,3630,5169,,,1
MOZ,Cabo Delgado,7117690,"Population treating water using a ceramic, sand or other filter",0,1,MZ,Mozambique,2011,MZ2011DHS,WS_WTRT_P_CER,250232040,I,431002,1431002,Region,Cabo Delgado,0,,0,1,WSWTRTPCER,MZDHS2011431002,2011,DHS,4831,5292,,,1
MOZ,Nampula,5504205,"Population treating water using a ceramic, sand or other filter",0,1,MZ,Mozambique,2011,MZ2011DHS,WS_WTRT_P_CER,250232040,I,431003,1431003,Region,Nampula,0,,0,1,WSWTRTPCER,MZDHS2011431003,2011,DHS,9325,5003,,,1
MOZ,Zambézia,1185532,"Population treating water using a ceramic, sand or other filter",0,1,MZ,Mozambique,2011,MZ2011DHS,WS_WTRT_P_CER,250232040,I,431004,1431004,Region,Zambézia,0,,0,1,WSWTRTPCER,MZDHS2011431004,2011,DHS,11466,6392,,,1
MOZ,Tete,241226,"Population treating water using a ceramic, sand or other filter",0.1,1,MZ,Mozambique,2011,MZ2011DHS,WS_WTRT_P_CER,250232040,I,431005,1431005,Region,Tete,0,,0,1,WSWTRTPCER,MZDHS2011431005,2011,DHS,7522,5526,,,1
MOZ,Manica,3903879,"Population treating water using a ceramic, sand or other filter",0,1,MZ,Mozambique,2011,MZ2011DHS,WS_WTRT_P_CER,250232040,I,431006,1431006,Region,Manica,0,,0,1,WSWTRTPCER,MZDHS2011431006,2011,DHS,4002,5218,,,1
MOZ,Sofala,3480458,"Population treating water using a ceramic, sand or other filter",0.7,1,MZ,Mozambique,2011,MZ2011DHS,WS_WTRT_P_CER,250232040,I,431007,1431007,Region,Sofala,0,,0,1,WSWTRTPCER,MZDHS2011431007,2011,DHS,5592,6679,,,1
MOZ,Inhambane,2928162,"Population treating water using a ceramic, sand or other filter",0,1,MZ,Mozambique,2011,MZ2011DHS,WS_WTRT_P_CER,250232040,I,431008,1431008,Region,Inhambane,0,,0,1,WSWTRTPCER,MZDHS2011431008,2011,DHS,3612,4987,,,1
MOZ,Gaza,6038569,"Population treating water using a ceramic, sand or other filter",0.4,1,MZ,Mozambique,2011,MZ2011DHS,WS_WTRT_P_CER,250232040,I,431009,1431009,Region,Gaza,0,,0,1,WSWTRTPCER,MZDHS2011431009,2011,DHS,3388,5517,,,1
MOZ,Maputo Provincia,7789313,"Population treating water using a ceramic, sand or other filter",0.2,1,MZ,Mozambique,2011,MZ2011DHS,WS_WTRT_P_CER,250232040,I,431010,1431010,Region,Maputo Provincia,0,,0,1,WSWTRTPCER,MZDHS2011431010,2011,DHS,4106,5717,,,1
MOZ,Maputo Cidade,1185601,"Population treating water using a ceramic, sand or other filter",0.4,1,MZ,Mozambique,2011,MZ2011DHS,WS_WTRT_P_CER,250232040,I,431011,1431011,Region,Maputo Cidade,0,,0,1,WSWTRTPCER,MZDHS2011431011,2011,DHS,3114,6342,,,1
MOZ,Niassa,7486144,Population treating water using solar disinfection,0,1,MZ,Mozambique,2011,MZ2011DHS,WS_WTRT_P_SOL,250232050,I,431001,1431001,Region,Niassa,0,,0,1,WSWTRTPSOL,MZDHS2011431001,2011,DHS,3630,5169,,,1
MOZ,Cabo Delgado,7117670,Population treating water using solar disinfection,0,1,MZ,Mozambique,2011,MZ2011DHS,WS_WTRT_P_SOL,250232050,I,431002,1431002,Region,Cabo Delgado,0,,0,1,WSWTRTPSOL,MZDHS2011431002,2011,DHS,4831,5292,,,1
MOZ,Nampula,5504209,Population treating water using solar disinfection,0,1,MZ,Mozambique,2011,MZ2011DHS,WS_WTRT_P_SOL,250232050,I,431003,1431003,Region,Nampula,0,,0,1,WSWTRTPSOL,MZDHS2011431003,2011,DHS,9325,5003,,,1
MOZ,Zambézia,1185527,Population treating water using solar disinfection,0,1,MZ,Mozambique,2011,MZ2011DHS,WS_WTRT_P_SOL,250232050,I,431004,1431004,Region,Zambézia,0,,0,1,WSWTRTPSOL,MZDHS2011431004,2011,DHS,11466,6392,,,1
MOZ,Tete,241222,Population treating water using solar disinfection,0,1,MZ,Mozambique,2011,MZ2011DHS,WS_WTRT_P_SOL,250232050,I,431005,1431005,Region,Tete,0,,0,1,WSWTRTPSOL,MZDHS2011431005,2011,DHS,7522,5526,,,1
MOZ,Manica,3903882,Population treating water using solar disinfection,0,1,MZ,Mozambique,2011,MZ2011DHS,WS_WTRT_P_SOL,250232050,I,431006,1431006,Region,Manica,0,,0,1,WSWTRTPSOL,MZDHS2011431006,2011,DHS,4002,5218,,,1
MOZ,Sofala,3480437,Population treating water using solar disinfection,0,1,MZ,Mozambique,2011,MZ2011DHS,WS_WTRT_P_SOL,250232050,I,431007,1431007,Region,Sofala,0,,0,1,WSWTRTPSOL,MZDHS2011431007,2011,DHS,5592,6679,,,1
MOZ,Inhambane,2928177,Population treating water using solar disinfection,0.9,1,MZ,Mozambique,2011,MZ2011DHS,WS_WTRT_P_SOL,250232050,I,431008,1431008,Region,Inhambane,0,,0,1,WSWTRTPSOL,MZDHS2011431008,2011,DHS,3612,4987,,,1
MOZ,Gaza,6038573,Population treating water using solar disinfection,0,1,MZ,Mozambique,2011,MZ2011DHS,WS_WTRT_P_SOL,250232050,I,431009,1431009,Region,Gaza,0,,0,1,WSWTRTPSOL,MZDHS2011431009,2011,DHS,3388,5517,,,1
MOZ,Maputo Provincia,7789322,Population treating water using solar disinfection,0,1,MZ,Mozambique,2011,MZ2011DHS,WS_WTRT_P_SOL,250232050,I,431010,1431010,Region,Maputo Provincia,0,,0,1,WSWTRTPSOL,MZDHS2011431010,2011,DHS,4106,5717,,,1
MOZ,Maputo Cidade,1185639,Population treating water using solar disinfection,1.3,1,MZ,Mozambique,2011,MZ2011DHS,WS_WTRT_P_SOL,250232050,I,431011,1431011,Region,Maputo Cidade,0,,0,1,WSWTRTPSOL,MZDHS2011431011,2011,DHS,3114,6342,,,1
MOZ,Niassa,7486135,Population treating water using other methods,4.8,1,MZ,Mozambique,2011,MZ2011DHS,WS_WTRT_P_OTH,250232060,I,431001,1431001,Region,Niassa,0,,0,1,WSWTRTPOTH,MZDHS2011431001,2011,DHS,3630,5169,,,1
MOZ,Cabo Delgado,7117672,Population treating water using other methods,2.4,1,MZ,Mozambique,2011,MZ2011DHS,WS_WTRT_P_OTH,250232060,I,431002,1431002,Region,Cabo Delgado,0,,0,1,WSWTRTPOTH,MZDHS2011431002,2011,DHS,4831,5292,,,1
MOZ,Nampula,5504206,Population treating water using other methods,7.2,1,MZ,Mozambique,2011,MZ2011DHS,WS_WTRT_P_OTH,250232060,I,431003,1431003,Region,Nampula,0,,0,1,WSWTRTPOTH,MZDHS2011431003,2011,DHS,9325,5003,,,1
MOZ,Zambézia,1185533,Population treating water using other methods,0.9,1,MZ,Mozambique,2011,MZ2011DHS,WS_WTRT_P_OTH,250232060,I,431004,1431004,Region,Zambézia,0,,0,1,WSWTRTPOTH,MZDHS2011431004,2011,DHS,11466,6392,,,1
MOZ,Tete,241227,Population treating water using other methods,1.7,1,MZ,Mozambique,2011,MZ2011DHS,WS_WTRT_P_OTH,250232060,I,431005,1431005,Region,Tete,0,,0,1,WSWTRTPOTH,MZDHS2011431005,2011,DHS,7522,5526,,,1
MOZ,Manica,3903880,Population treating water using other methods,14,1,MZ,Mozambique,2011,MZ2011DHS,WS_WTRT_P_OTH,250232060,I,431006,1431006,Region,Manica,0,,0,1,WSWTRTPOTH,MZDHS2011431006,2011,DHS,4002,5218,,,1
MOZ,Sofala,3480459,Population treating water using other methods,10.4,1,MZ,Mozambique,2011,MZ2011DHS,WS_WTRT_P_OTH,250232060,I,431007,1431007,Region,Sofala,0,,0,1,WSWTRTPOTH,MZDHS2011431007,2011,DHS,5592,6679,,,1
MOZ,Inhambane,2928179,Population treating water using other methods,1.9,1,MZ,Mozambique,2011,MZ2011DHS,WS_WTRT_P_OTH,250232060,I,431008,1431008,Region,Inhambane,0,,0,1,WSWTRTPOTH,MZDHS2011431008,2011,DHS,3612,4987,,,1
MOZ,Gaza,6038570,Population treating water using other methods,5.4,1,MZ,Mozambique,2011,MZ2011DHS,WS_WTRT_P_OTH,250232060,I,431009,1431009,Region,Gaza,0,,0,1,WSWTRTPOTH,MZDHS2011431009,2011,DHS,3388,5517,,,1
MOZ,Maputo Provincia,7789314,Population treating water using other methods,7.5,1,MZ,Mozambique,2011,MZ2011DHS,WS_WTRT_P_OTH,250232060,I,431010,1431010,Region,Maputo Provincia,0,,0,1,WSWTRTPOTH,MZDHS2011431010,2011,DHS,4106,5717,,,1
MOZ,Maputo Cidade,1185602,Population treating water using other methods,13.5,1,MZ,Mozambique,2011,MZ2011DHS,WS_WTRT_P_OTH,250232060,I,431011,1431011,Region,Maputo Cidade,0,,0,1,WSWTRTPOTH,MZDHS2011431011,2011,DHS,3114,6342,,,1
MOZ,Niassa,7486145,Population not treating water,92.7,1,MZ,Mozambique,2011,MZ2011DHS,WS_WTRT_P_NTR,250232070,I,431001,1431001,Region,Niassa,0,,0,1,WSWTRTPNTR,MZDHS2011431001,2011,DHS,3630,5169,,,1
MOZ,Cabo Delgado,7117671,Population not treating water,95.6,1,MZ,Mozambique,2011,MZ2011DHS,WS_WTRT_P_NTR,250232070,I,431002,1431002,Region,Cabo Delgado,0,,0,1,WSWTRTPNTR,MZDHS2011431002,2011,DHS,4831,5292,,,1
MOZ,Nampula,5504210,Population not treating water,89,1,MZ,Mozambique,2011,MZ2011DHS,WS_WTRT_P_NTR,250232070,I,431003,1431003,Region,Nampula,0,,0,1,WSWTRTPNTR,MZDHS2011431003,2011,DHS,9325,5003,,,1
MOZ,Zambézia,1185528,Population not treating water,97.3,1,MZ,Mozambique,2011,MZ2011DHS,WS_WTRT_P_NTR,250232070,I,431004,1431004,Region,Zambézia,0,,0,1,WSWTRTPNTR,MZDHS2011431004,2011,DHS,11466,6392,,,1
MOZ,Tete,241223,Population not treating water,95.2,1,MZ,Mozambique,2011,MZ2011DHS,WS_WTRT_P_NTR,250232070,I,431005,1431005,Region,Tete,0,,0,1,WSWTRTPNTR,MZDHS2011431005,2011,DHS,7522,5526,,,1
MOZ,Manica,3903883,Population not treating water,77,1,MZ,Mozambique,2011,MZ2011DHS,WS_WTRT_P_NTR,250232070,I,431006,1431006,Region,Manica,0,,0,1,WSWTRTPNTR,MZDHS2011431006,2011,DHS,4002,5218,,,1
MOZ,Sofala,3480438,Population not treating water,81.3,1,MZ,Mozambique,2011,MZ2011DHS,WS_WTRT_P_NTR,250232070,I,431007,1431007,Region,Sofala,0,,0,1,WSWTRTPNTR,MZDHS2011431007,2011,DHS,5592,6679,,,1
MOZ,Inhambane,2928178,Population not treating water,94.6,1,MZ,Mozambique,2011,MZ2011DHS,WS_WTRT_P_NTR,250232070,I,431008,1431008,Region,Inhambane,0,,0,1,WSWTRTPNTR,MZDHS2011431008,2011,DHS,3612,4987,,,1
MOZ,Gaza,6038574,Population not treating water,91,1,MZ,Mozambique,2011,MZ2011DHS,WS_WTRT_P_NTR,250232070,I,431009,1431009,Region,Gaza,0,,0,1,WSWTRTPNTR,MZDHS2011431009,2011,DHS,3388,5517,,,1
MOZ,Maputo Provincia,7789323,Population not treating water,83.2,1,MZ,Mozambique,2011,MZ2011DHS,WS_WTRT_P_NTR,250232070,I,431010,1431010,Region,Maputo Provincia,0,,0,1,WSWTRTPNTR,MZDHS2011431010,2011,DHS,4106,5717,,,1
MOZ,Maputo Cidade,1185640,Population not treating water,65.1,1,MZ,Mozambique,2011,MZ2011DHS,WS_WTRT_P_NTR,250232070,I,431011,1431011,Region,Maputo Cidade,0,,0,1,WSWTRTPNTR,MZDHS2011431011,2011,DHS,3114,6342,,,1
MOZ,Niassa,7486151,Population with missing information on treatment of water,0,1,MZ,Mozambique,2011,MZ2011DHS,WS_WTRT_P_DKM,250232080,S,431001,1431001,Region,Niassa,0,,0,1,WSWTRTPDKM,MZDHS2011431001,2011,DHS,3630,5169,,,1
MOZ,Cabo Delgado,7117678,Population with missing information on treatment of water,0,1,MZ,Mozambique,2011,MZ2011DHS,WS_WTRT_P_DKM,250232080,S,431002,1431002,Region,Cabo Delgado,0,,0,1,WSWTRTPDKM,MZDHS2011431002,2011,DHS,4831,5292,,,1
MOZ,Nampula,5504228,Population with missing information on treatment of water,0,1,MZ,Mozambique,2011,MZ2011DHS,WS_WTRT_P_DKM,250232080,S,431003,1431003,Region,Nampula,0,,0,1,WSWTRTPDKM,MZDHS2011431003,2011,DHS,9325,5003,,,1
MOZ,Zambézia,1185559,Population with missing information on treatment of water,0,1,MZ,Mozambique,2011,MZ2011DHS,WS_WTRT_P_DKM,250232080,S,431004,1431004,Region,Zambézia,0,,0,1,WSWTRTPDKM,MZDHS2011431004,2011,DHS,11466,6392,,,1
MOZ,Tete,241252,Population with missing information on treatment of water,0,1,MZ,Mozambique,2011,MZ2011DHS,WS_WTRT_P_DKM,250232080,S,431005,1431005,Region,Tete,0,,0,1,WSWTRTPDKM,MZDHS2011431005,2011,DHS,7522,5526,,,1
MOZ,Manica,3903913,Population with missing information on treatment of water,0,1,MZ,Mozambique,2011,MZ2011DHS,WS_WTRT_P_DKM,250232080,S,431006,1431006,Region,Manica,0,,0,1,WSWTRTPDKM,MZDHS2011431006,2011,DHS,4002,5218,,,1
MOZ,Sofala,3480465,Population with missing information on treatment of water,0,1,MZ,Mozambique,2011,MZ2011DHS,WS_WTRT_P_DKM,250232080,S,431007,1431007,Region,Sofala,0,,0,1,WSWTRTPDKM,MZDHS2011431007,2011,DHS,5592,6679,,,1
MOZ,Inhambane,2928192,Population with missing information on treatment of water,0,1,MZ,Mozambique,2011,MZ2011DHS,WS_WTRT_P_DKM,250232080,S,431008,1431008,Region,Inhambane,0,,0,1,WSWTRTPDKM,MZDHS2011431008,2011,DHS,3612,4987,,,1
MOZ,Gaza,6038571,Population with missing information on treatment of water,0,1,MZ,Mozambique,2011,MZ2011DHS,WS_WTRT_P_DKM,250232080,S,431009,1431009,Region,Gaza,0,,0,1,WSWTRTPDKM,MZDHS2011431009,2011,DHS,3388,5517,,,1
MOZ,Maputo Provincia,7789333,Population with missing information on treatment of water,0,1,MZ,Mozambique,2011,MZ2011DHS,WS_WTRT_P_DKM,250232080,S,431010,1431010,Region,Maputo Provincia,0,,0,1,WSWTRTPDKM,MZDHS2011431010,2011,DHS,4106,5717,,,1
MOZ,Maputo Cidade,1185604,Population with missing information on treatment of water,0.1,1,MZ,Mozambique,2011,MZ2011DHS,WS_WTRT_P_DKM,250232080,S,431011,1431011,Region,Maputo Cidade,0,,0,1,WSWTRTPDKM,MZDHS2011431011,2011,DHS,3114,6342,,,1
MOZ,Niassa,7486152,Population using an appropriate treatment method,3.5,1,MZ,Mozambique,2011,MZ2011DHS,WS_WTRT_P_APP,250232090,I,431001,1431001,Region,Niassa,0,,0,1,WSWTRTPAPP,MZDHS2011431001,2011,DHS,3630,5169,,,1
MOZ,Cabo Delgado,7117679,Population using an appropriate treatment method,2.7,1,MZ,Mozambique,2011,MZ2011DHS,WS_WTRT_P_APP,250232090,I,431002,1431002,Region,Cabo Delgado,0,,0,1,WSWTRTPAPP,MZDHS2011431002,2011,DHS,4831,5292,,,1
MOZ,Nampula,5504250,Population using an appropriate treatment method,5,1,MZ,Mozambique,2011,MZ2011DHS,WS_WTRT_P_APP,250232090,I,431003,1431003,Region,Nampula,0,,0,1,WSWTRTPAPP,MZDHS2011431003,2011,DHS,9325,5003,,,1
MOZ,Zambézia,1185560,Population using an appropriate treatment method,2.1,1,MZ,Mozambique,2011,MZ2011DHS,WS_WTRT_P_APP,250232090,I,431004,1431004,Region,Zambézia,0,,0,1,WSWTRTPAPP,MZDHS2011431004,2011,DHS,11466,6392,,,1
MOZ,Tete,241258,Population using an appropriate treatment method,3.6,1,MZ,Mozambique,2011,MZ2011DHS,WS_WTRT_P_APP,250232090,I,431005,1431005,Region,Tete,0,,0,1,WSWTRTPAPP,MZDHS2011431005,2011,DHS,7522,5526,,,1
MOZ,Manica,3903915,Population using an appropriate treatment method,14.1,1,MZ,Mozambique,2011,MZ2011DHS,WS_WTRT_P_APP,250232090,I,431006,1431006,Region,Manica,0,,0,1,WSWTRTPAPP,MZDHS2011431006,2011,DHS,4002,5218,,,1
MOZ,Sofala,3480466,Population using an appropriate treatment method,10.8,1,MZ,Mozambique,2011,MZ2011DHS,WS_WTRT_P_APP,250232090,I,431007,1431007,Region,Sofala,0,,0,1,WSWTRTPAPP,MZDHS2011431007,2011,DHS,5592,6679,,,1
MOZ,Inhambane,2928193,Population using an appropriate treatment method,3.8,1,MZ,Mozambique,2011,MZ2011DHS,WS_WTRT_P_APP,250232090,I,431008,1431008,Region,Inhambane,0,,0,1,WSWTRTPAPP,MZDHS2011431008,2011,DHS,3612,4987,,,1
MOZ,Gaza,6038575,Population using an appropriate treatment method,4.2,1,MZ,Mozambique,2011,MZ2011DHS,WS_WTRT_P_APP,250232090,I,431009,1431009,Region,Gaza,0,,0,1,WSWTRTPAPP,MZDHS2011431009,2011,DHS,3388,5517,,,1
MOZ,Maputo Provincia,7789334,Population using an appropriate treatment method,9.7,1,MZ,Mozambique,2011,MZ2011DHS,WS_WTRT_P_APP,250232090,I,431010,1431010,Region,Maputo Provincia,0,,0,1,WSWTRTPAPP,MZDHS2011431010,2011,DHS,4106,5717,,,1
MOZ,Maputo Cidade,1185605,Population using an appropriate treatment method,20.9,1,MZ,Mozambique,2011,MZ2011DHS,WS_WTRT_P_APP,250232090,I,431011,1431011,Region,Maputo Cidade,0,,0,1,WSWTRTPAPP,MZDHS2011431011,2011,DHS,3114,6342,,,1
MOZ,Niassa,7483632,Number of persons,3630,0,MZ,Mozambique,2011,MZ2011DHS,WS_WTRT_P_NUM,250232100,D,431001,1431001,Region,Niassa,0,,0,1,WSWTRTPNUM,MZDHS2011431001,2011,DHS,,5169,,,1
MOZ,Cabo Delgado,7147913,Number of persons,4831,0,MZ,Mozambique,2011,MZ2011DHS,WS_WTRT_P_NUM,250232100,D,431002,1431002,Region,Cabo Delgado,0,,0,1,WSWTRTPNUM,MZDHS2011431002,2011,DHS,,5292,,,1
MOZ,Nampula,5501895,Number of persons,9325,0,MZ,Mozambique,2011,MZ2011DHS,WS_WTRT_P_NUM,250232100,D,431003,1431003,Region,Nampula,0,,0,1,WSWTRTPNUM,MZDHS2011431003,2011,DHS,,5003,,,1
MOZ,Zambézia,1185667,Number of persons,11466,0,MZ,Mozambique,2011,MZ2011DHS,WS_WTRT_P_NUM,250232100,D,431004,1431004,Region,Zambézia,0,,0,1,WSWTRTPNUM,MZDHS2011431004,2011,DHS,,6392,,,1
MOZ,Tete,72185,Number of persons,7522,0,MZ,Mozambique,2011,MZ2011DHS,WS_WTRT_P_NUM,250232100,D,431005,1431005,Region,Tete,0,,0,1,WSWTRTPNUM,MZDHS2011431005,2011,DHS,,5526,,,1
MOZ,Manica,3903916,Number of persons,4002,0,MZ,Mozambique,2011,MZ2011DHS,WS_WTRT_P_NUM,250232100,D,431006,1431006,Region,Manica,0,,0,1,WSWTRTPNUM,MZDHS2011431006,2011,DHS,,5218,,,1
MOZ,Sofala,3591826,Number of persons,5592,0,MZ,Mozambique,2011,MZ2011DHS,WS_WTRT_P_NUM,250232100,D,431007,1431007,Region,Sofala,0,,0,1,WSWTRTPNUM,MZDHS2011431007,2011,DHS,,6679,,,1
MOZ,Inhambane,1170646,Number of persons,3612,0,MZ,Mozambique,2011,MZ2011DHS,WS_WTRT_P_NUM,250232100,D,431008,1431008,Region,Inhambane,0,,0,1,WSWTRTPNUM,MZDHS2011431008,2011,DHS,,4987,,,1
MOZ,Gaza,6092943,Number of persons,3388,0,MZ,Mozambique,2011,MZ2011DHS,WS_WTRT_P_NUM,250232100,D,431009,1431009,Region,Gaza,0,,0,1,WSWTRTPNUM,MZDHS2011431009,2011,DHS,,5517,,,1
MOZ,Maputo Provincia,7789940,Number of persons,4106,0,MZ,Mozambique,2011,MZ2011DHS,WS_WTRT_P_NUM,250232100,D,431010,1431010,Region,Maputo Provincia,0,,0,1,WSWTRTPNUM,MZDHS2011431010,2011,DHS,,5717,,,1
MOZ,Maputo Cidade,1185606,Number of persons,3114,0,MZ,Mozambique,2011,MZ2011DHS,WS_WTRT_P_NUM,250232100,D,431011,1431011,Region,Maputo Cidade,0,,0,1,WSWTRTPNUM,MZDHS2011431011,2011,DHS,,6342,,,1
MOZ,Niassa,7486114,Number of persons (unweighted),5169,0,MZ,Mozambique,2011,MZ2011DHS,WS_WTRT_P_UNW,250232110,U,431001,1431001,Region,Niassa,0,,0,1,WSWTRTPUNW,MZDHS2011431001,2011,DHS,3630,,,,1
MOZ,Cabo Delgado,760396,Number of persons (unweighted),5292,0,MZ,Mozambique,2011,MZ2011DHS,WS_WTRT_P_UNW,250232110,U,431002,1431002,Region,Cabo Delgado,0,,0,1,WSWTRTPUNW,MZDHS2011431002,2011,DHS,4831,,,,1
MOZ,Nampula,3293453,Number of persons (unweighted),5003,0,MZ,Mozambique,2011,MZ2011DHS,WS_WTRT_P_UNW,250232110,U,431003,1431003,Region,Nampula,0,,0,1,WSWTRTPUNW,MZDHS2011431003,2011,DHS,9325,,,,1
MOZ,Zambézia,1185569,Number of persons (unweighted),6392,0,MZ,Mozambique,2011,MZ2011DHS,WS_WTRT_P_UNW,250232110,U,431004,1431004,Region,Zambézia,0,,0,1,WSWTRTPUNW,MZDHS2011431004,2011,DHS,11466,,,,1
MOZ,Tete,4893202,Number of persons (unweighted),5526,0,MZ,Mozambique,2011,MZ2011DHS,WS_WTRT_P_UNW,250232110,U,431005,1431005,Region,Tete,0,,0,1,WSWTRTPUNW,MZDHS2011431005,2011,DHS,7522,,,,1
MOZ,Manica,1185540,Number of persons (unweighted),5218,0,MZ,Mozambique,2011,MZ2011DHS,WS_WTRT_P_UNW,250232110,U,431006,1431006,Region,Manica,0,,0,1,WSWTRTPUNW,MZDHS2011431006,2011,DHS,4002,,,,1
MOZ,Sofala,658587,Number of persons (unweighted),6679,0,MZ,Mozambique,2011,MZ2011DHS,WS_WTRT_P_UNW,250232110,U,431007,1431007,Region,Sofala,0,,0,1,WSWTRTPUNW,MZDHS2011431007,2011,DHS,5592,,,,1
MOZ,Inhambane,2928181,Number of persons (unweighted),4987,0,MZ,Mozambique,2011,MZ2011DHS,WS_WTRT_P_UNW,250232110,U,431008,1431008,Region,Inhambane,0,,0,1,WSWTRTPUNW,MZDHS2011431008,2011,DHS,3612,,,,1
MOZ,Gaza,3003178,Number of persons (unweighted),5517,0,MZ,Mozambique,2011,MZ2011DHS,WS_WTRT_P_UNW,250232110,U,431009,1431009,Region,Gaza,0,,0,1,WSWTRTPUNW,MZDHS2011431009,2011,DHS,3388,,,,1
MOZ,Maputo Provincia,7789331,Number of persons (unweighted),5717,0,MZ,Mozambique,2011,MZ2011DHS,WS_WTRT_P_UNW,250232110,U,431010,1431010,Region,Maputo Provincia,0,,0,1,WSWTRTPUNW,MZDHS2011431010,2011,DHS,4106,,,,1
MOZ,Maputo Cidade,1185607,Number of persons (unweighted),6342,0,MZ,Mozambique,2011,MZ2011DHS,WS_WTRT_P_UNW,250232110,U,431011,1431011,Region,Maputo Cidade,0,,0,1,WSWTRTPUNW,MZDHS2011431011,2011,DHS,3114,,,,1
MOZ,Niassa,5059875,Households using an improved water source,51.4,1,MZ,Mozambique,2015,MZ2015AIS,WS_SRCE_H_IMP,250161010,I,431001,1431001,Region,Niassa,0,,0,1,WSSRCEHIMP,MZAIS2015431001,2015,AIS,370,612,,,1
MOZ,Cabo Delgado,734412,Households using an improved water source,51.6,1,MZ,Mozambique,2015,MZ2015AIS,WS_SRCE_H_IMP,250161010,I,431002,1431002,Region,Cabo Delgado,0,,0,1,WSSRCEHIMP,MZAIS2015431002,2015,AIS,753,608,,,1
MOZ,Nampula,2836978,Households using an improved water source,65,1,MZ,Mozambique,2015,MZ2015AIS,WS_SRCE_H_IMP,250161010,I,431003,1431003,Region,Nampula,0,,0,1,WSSRCEHIMP,MZAIS2015431003,2015,AIS,1608,791,,,1
MOZ,Zambézia,6036844,Households using an improved water source,43.3,1,MZ,Mozambique,2015,MZ2015AIS,WS_SRCE_H_IMP,250161010,I,431004,1431004,Region,Zambézia,0,,0,1,WSSRCEHIMP,MZAIS2015431004,2015,AIS,898,731,,,1
MOZ,Tete,2743995,Households using an improved water source,39.8,1,MZ,Mozambique,2015,MZ2015AIS,WS_SRCE_H_IMP,250161010,I,431005,1431005,Region,Tete,0,,0,1,WSSRCEHIMP,MZAIS2015431005,2015,AIS,585,608,,,1
MOZ,Manica,6927733,Households using an improved water source,62.6,1,MZ,Mozambique,2015,MZ2015AIS,WS_SRCE_H_IMP,250161010,I,431006,1431006,Region,Manica,0,,0,1,WSSRCEHIMP,MZAIS2015431006,2015,AIS,548,619,,,1
MOZ,Sofala,2881291,Households using an improved water source,76.4,1,MZ,Mozambique,2015,MZ2015AIS,WS_SRCE_H_IMP,250161010,I,431007,1431007,Region,Sofala,0,,0,1,WSSRCEHIMP,MZAIS2015431007,2015,AIS,598,613,,,1
MOZ,Inhambane,4846507,Households using an improved water source,64.6,1,MZ,Mozambique,2015,MZ2015AIS,WS_SRCE_H_IMP,250161010,I,431008,1431008,Region,Inhambane,0,,0,1,WSSRCEHIMP,MZAIS2015431008,2015,AIS,483,604,,,1
MOZ,Gaza,7303624,Households using an improved water source,76.7,1,MZ,Mozambique,2015,MZ2015AIS,WS_SRCE_H_IMP,250161010,I,431009,1431009,Region,Gaza,0,,0,1,WSSRCEHIMP,MZAIS2015431009,2015,AIS,594,785,,,1
MOZ,Maputo Provincia,1178920,Households using an improved water source,92.5,1,MZ,Mozambique,2015,MZ2015AIS,WS_SRCE_H_IMP,250161010,I,431010,1431010,Region,Maputo Provincia,0,,0,1,WSSRCEHIMP,MZAIS2015431010,2015,AIS,394,614,,,1
MOZ,Maputo Cidade,6076204,Households using an improved water source,99.6,1,MZ,Mozambique,2015,MZ2015AIS,WS_SRCE_H_IMP,250161010,I,431011,1431011,Region,Maputo Cidade,0,,0,1,WSSRCEHIMP,MZAIS2015431011,2015,AIS,339,584,,,1
MOZ,Niassa,5059893,Households using water piped into dwelling,1.1,1,MZ,Mozambique,2015,MZ2015AIS,WS_SRCE_H_PIP,250161020,I,431001,1431001,Region,Niassa,0,,0,1,WSSRCEHPIP,MZAIS2015431001,2015,AIS,370,612,,,1
MOZ,Cabo Delgado,734413,Households using water piped into dwelling,0.9,1,MZ,Mozambique,2015,MZ2015AIS,WS_SRCE_H_PIP,250161020,I,431002,1431002,Region,Cabo Delgado,0,,0,1,WSSRCEHPIP,MZAIS2015431002,2015,AIS,753,608,,,1
MOZ,Nampula,2836953,Households using water piped into dwelling,2.9,1,MZ,Mozambique,2015,MZ2015AIS,WS_SRCE_H_PIP,250161020,I,431003,1431003,Region,Nampula,0,,0,1,WSSRCEHPIP,MZAIS2015431003,2015,AIS,1608,791,,,1
MOZ,Zambézia,6036799,Households using water piped into dwelling,0.3,1,MZ,Mozambique,2015,MZ2015AIS,WS_SRCE_H_PIP,250161020,I,431004,1431004,Region,Zambézia,0,,0,1,WSSRCEHPIP,MZAIS2015431004,2015,AIS,898,731,,,1
MOZ,Tete,2743937,Households using water piped into dwelling,0.8,1,MZ,Mozambique,2015,MZ2015AIS,WS_SRCE_H_PIP,250161020,I,431005,1431005,Region,Tete,0,,0,1,WSSRCEHPIP,MZAIS2015431005,2015,AIS,585,608,,,1
MOZ,Manica,6927728,Households using water piped into dwelling,1.2,1,MZ,Mozambique,2015,MZ2015AIS,WS_SRCE_H_PIP,250161020,I,431006,1431006,Region,Manica,0,,0,1,WSSRCEHPIP,MZAIS2015431006,2015,AIS,548,619,,,1
MOZ,Sofala,2881245,Households using water piped into dwelling,3.2,1,MZ,Mozambique,2015,MZ2015AIS,WS_SRCE_H_PIP,250161020,I,431007,1431007,Region,Sofala,0,,0,1,WSSRCEHPIP,MZAIS2015431007,2015,AIS,598,613,,,1
MOZ,Inhambane,4846499,Households using water piped into dwelling,5.1,1,MZ,Mozambique,2015,MZ2015AIS,WS_SRCE_H_PIP,250161020,I,431008,1431008,Region,Inhambane,0,,0,1,WSSRCEHPIP,MZAIS2015431008,2015,AIS,483,604,,,1
MOZ,Gaza,7303632,Households using water piped into dwelling,1.6,1,MZ,Mozambique,2015,MZ2015AIS,WS_SRCE_H_PIP,250161020,I,431009,1431009,Region,Gaza,0,,0,1,WSSRCEHPIP,MZAIS2015431009,2015,AIS,594,785,,,1
MOZ,Maputo Provincia,1178904,Households using water piped into dwelling,15.7,1,MZ,Mozambique,2015,MZ2015AIS,WS_SRCE_H_PIP,250161020,I,431010,1431010,Region,Maputo Provincia,0,,0,1,WSSRCEHPIP,MZAIS2015431010,2015,AIS,394,614,,,1
MOZ,Maputo Cidade,6076206,Households using water piped into dwelling,17.9,1,MZ,Mozambique,2015,MZ2015AIS,WS_SRCE_H_PIP,250161020,I,431011,1431011,Region,Maputo Cidade,0,,0,1,WSSRCEHPIP,MZAIS2015431011,2015,AIS,339,584,,,1
MOZ,Niassa,5059895,Households using a public tap/standpipe,9.9,1,MZ,Mozambique,2015,MZ2015AIS,WS_SRCE_H_TAP,250161030,I,431001,1431001,Region,Niassa,0,,0,1,WSSRCEHTAP,MZAIS2015431001,2015,AIS,370,612,,,1
MOZ,Cabo Delgado,734415,Households using a public tap/standpipe,18.2,1,MZ,Mozambique,2015,MZ2015AIS,WS_SRCE_H_TAP,250161030,I,431002,1431002,Region,Cabo Delgado,0,,0,1,WSSRCEHTAP,MZAIS2015431002,2015,AIS,753,608,,,1
MOZ,Nampula,2836955,Households using a public tap/standpipe,28.1,1,MZ,Mozambique,2015,MZ2015AIS,WS_SRCE_H_TAP,250161030,I,431003,1431003,Region,Nampula,0,,0,1,WSSRCEHTAP,MZAIS2015431003,2015,AIS,1608,791,,,1
MOZ,Zambézia,6036801,Households using a public tap/standpipe,8.4,1,MZ,Mozambique,2015,MZ2015AIS,WS_SRCE_H_TAP,250161030,I,431004,1431004,Region,Zambézia,0,,0,1,WSSRCEHTAP,MZAIS2015431004,2015,AIS,898,731,,,1
MOZ,Tete,2743939,Households using a public tap/standpipe,1.1,1,MZ,Mozambique,2015,MZ2015AIS,WS_SRCE_H_TAP,250161030,I,431005,1431005,Region,Tete,0,,0,1,WSSRCEHTAP,MZAIS2015431005,2015,AIS,585,608,,,1
MOZ,Manica,6927730,Households using a public tap/standpipe,9.5,1,MZ,Mozambique,2015,MZ2015AIS,WS_SRCE_H_TAP,250161030,I,431006,1431006,Region,Manica,0,,0,1,WSSRCEHTAP,MZAIS2015431006,2015,AIS,548,619,,,1
MOZ,Sofala,2881247,Households using a public tap/standpipe,17.1,1,MZ,Mozambique,2015,MZ2015AIS,WS_SRCE_H_TAP,250161030,I,431007,1431007,Region,Sofala,0,,0,1,WSSRCEHTAP,MZAIS2015431007,2015,AIS,598,613,,,1
MOZ,Inhambane,4846501,Households using a public tap/standpipe,14,1,MZ,Mozambique,2015,MZ2015AIS,WS_SRCE_H_TAP,250161030,I,431008,1431008,Region,Inhambane,0,,0,1,WSSRCEHTAP,MZAIS2015431008,2015,AIS,483,604,,,1
MOZ,Gaza,7303634,Households using a public tap/standpipe,15.8,1,MZ,Mozambique,2015,MZ2015AIS,WS_SRCE_H_TAP,250161030,I,431009,1431009,Region,Gaza,0,,0,1,WSSRCEHTAP,MZAIS2015431009,2015,AIS,594,785,,,1
MOZ,Maputo Provincia,1178906,Households using a public tap/standpipe,6.6,1,MZ,Mozambique,2015,MZ2015AIS,WS_SRCE_H_TAP,250161030,I,431010,1431010,Region,Maputo Provincia,0,,0,1,WSSRCEHTAP,MZAIS2015431010,2015,AIS,394,614,,,1
MOZ,Maputo Cidade,6076208,Households using a public tap/standpipe,0.7,1,MZ,Mozambique,2015,MZ2015AIS,WS_SRCE_H_TAP,250161030,I,431011,1431011,Region,Maputo Cidade,0,,0,1,WSSRCEHTAP,MZAIS2015431011,2015,AIS,339,584,,,1
MOZ,Niassa,5059897,Households using a tubewell/borehole,12.1,1,MZ,Mozambique,2015,MZ2015AIS,WS_SRCE_H_TUB,250161040,I,431001,1431001,Region,Niassa,0,,0,1,WSSRCEHTUB,MZAIS2015431001,2015,AIS,370,612,,,1
MOZ,Cabo Delgado,734418,Households using a tubewell/borehole,2.7,1,MZ,Mozambique,2015,MZ2015AIS,WS_SRCE_H_TUB,250161040,I,431002,1431002,Region,Cabo Delgado,0,,0,1,WSSRCEHTUB,MZAIS2015431002,2015,AIS,753,608,,,1
MOZ,Nampula,2836957,Households using a tubewell/borehole,6,1,MZ,Mozambique,2015,MZ2015AIS,WS_SRCE_H_TUB,250161040,I,431003,1431003,Region,Nampula,0,,0,1,WSSRCEHTUB,MZAIS2015431003,2015,AIS,1608,791,,,1
MOZ,Zambézia,6036823,Households using a tubewell/borehole,17.3,1,MZ,Mozambique,2015,MZ2015AIS,WS_SRCE_H_TUB,250161040,I,431004,1431004,Region,Zambézia,0,,0,1,WSSRCEHTUB,MZAIS2015431004,2015,AIS,898,731,,,1
MOZ,Tete,2743941,Households using a tubewell/borehole,24.9,1,MZ,Mozambique,2015,MZ2015AIS,WS_SRCE_H_TUB,250161040,I,431005,1431005,Region,Tete,0,,0,1,WSSRCEHTUB,MZAIS2015431005,2015,AIS,585,608,,,1
MOZ,Manica,6927732,Households using a tubewell/borehole,27.7,1,MZ,Mozambique,2015,MZ2015AIS,WS_SRCE_H_TUB,250161040,I,431006,1431006,Region,Manica,0,,0,1,WSSRCEHTUB,MZAIS2015431006,2015,AIS,548,619,,,1
MOZ,Sofala,2881249,Households using a tubewell/borehole,23.1,1,MZ,Mozambique,2015,MZ2015AIS,WS_SRCE_H_TUB,250161040,I,431007,1431007,Region,Sofala,0,,0,1,WSSRCEHTUB,MZAIS2015431007,2015,AIS,598,613,,,1
MOZ,Inhambane,4846503,Households using a tubewell/borehole,26.2,1,MZ,Mozambique,2015,MZ2015AIS,WS_SRCE_H_TUB,250161040,I,431008,1431008,Region,Inhambane,0,,0,1,WSSRCEHTUB,MZAIS2015431008,2015,AIS,483,604,,,1
MOZ,Gaza,7303636,Households using a tubewell/borehole,15.7,1,MZ,Mozambique,2015,MZ2015AIS,WS_SRCE_H_TUB,250161040,I,431009,1431009,Region,Gaza,0,,0,1,WSSRCEHTUB,MZAIS2015431009,2015,AIS,594,785,,,1
MOZ,Maputo Provincia,1178908,Households using a tubewell/borehole,1.9,1,MZ,Mozambique,2015,MZ2015AIS,WS_SRCE_H_TUB,250161040,I,431010,1431010,Region,Maputo Provincia,0,,0,1,WSSRCEHTUB,MZAIS2015431010,2015,AIS,394,614,,,1
MOZ,Maputo Cidade,6076211,Households using a tubewell/borehole,5,1,MZ,Mozambique,2015,MZ2015AIS,WS_SRCE_H_TUB,250161040,I,431011,1431011,Region,Maputo Cidade,0,,0,1,WSSRCEHTUB,MZAIS2015431011,2015,AIS,339,584,,,1
MOZ,Niassa,5059898,Households using a protected well,23.3,1,MZ,Mozambique,2015,MZ2015AIS,WS_SRCE_H_PWL,250161050,I,431001,1431001,Region,Niassa,0,,0,1,WSSRCEHPWL,MZAIS2015431001,2015,AIS,370,612,,,1
MOZ,Cabo Delgado,734419,Households using a protected well,19.7,1,MZ,Mozambique,2015,MZ2015AIS,WS_SRCE_H_PWL,250161050,I,431002,1431002,Region,Cabo Delgado,0,,0,1,WSSRCEHPWL,MZAIS2015431002,2015,AIS,753,608,,,1
MOZ,Nampula,2836958,Households using a protected well,15.8,1,MZ,Mozambique,2015,MZ2015AIS,WS_SRCE_H_PWL,250161050,I,431003,1431003,Region,Nampula,0,,0,1,WSSRCEHPWL,MZAIS2015431003,2015,AIS,1608,791,,,1
MOZ,Zambézia,6036824,Households using a protected well,13.8,1,MZ,Mozambique,2015,MZ2015AIS,WS_SRCE_H_PWL,250161050,I,431004,1431004,Region,Zambézia,0,,0,1,WSSRCEHPWL,MZAIS2015431004,2015,AIS,898,731,,,1
MOZ,Tete,2743942,Households using a protected well,6.9,1,MZ,Mozambique,2015,MZ2015AIS,WS_SRCE_H_PWL,250161050,I,431005,1431005,Region,Tete,0,,0,1,WSSRCEHPWL,MZAIS2015431005,2015,AIS,585,608,,,1
MOZ,Manica,6927711,Households using a protected well,5,1,MZ,Mozambique,2015,MZ2015AIS,WS_SRCE_H_PWL,250161050,I,431006,1431006,Region,Manica,0,,0,1,WSSRCEHPWL,MZAIS2015431006,2015,AIS,548,619,,,1
MOZ,Sofala,2881250,Households using a protected well,9.3,1,MZ,Mozambique,2015,MZ2015AIS,WS_SRCE_H_PWL,250161050,I,431007,1431007,Region,Sofala,0,,0,1,WSSRCEHPWL,MZAIS2015431007,2015,AIS,598,613,,,1
MOZ,Inhambane,4846504,Households using a protected well,6,1,MZ,Mozambique,2015,MZ2015AIS,WS_SRCE_H_PWL,250161050,I,431008,1431008,Region,Inhambane,0,,0,1,WSSRCEHPWL,MZAIS2015431008,2015,AIS,483,604,,,1
MOZ,Gaza,7303637,Households using a protected well,6,1,MZ,Mozambique,2015,MZ2015AIS,WS_SRCE_H_PWL,250161050,I,431009,1431009,Region,Gaza,0,,0,1,WSSRCEHPWL,MZAIS2015431009,2015,AIS,594,785,,,1
MOZ,Maputo Provincia,1178909,Households using a protected well,3.3,1,MZ,Mozambique,2015,MZ2015AIS,WS_SRCE_H_PWL,250161050,I,431010,1431010,Region,Maputo Provincia,0,,0,1,WSSRCEHPWL,MZAIS2015431010,2015,AIS,394,614,,,1
MOZ,Maputo Cidade,6076217,Households using a protected well,1,1,MZ,Mozambique,2015,MZ2015AIS,WS_SRCE_H_PWL,250161050,I,431011,1431011,Region,Maputo Cidade,0,,0,1,WSSRCEHPWL,MZAIS2015431011,2015,AIS,339,584,,,1
MOZ,Niassa,5059878,Households using rainwater,0,1,MZ,Mozambique,2015,MZ2015AIS,WS_SRCE_H_RNW,250161070,I,431001,1431001,Region,Niassa,0,,0,1,WSSRCEHRNW,MZAIS2015431001,2015,AIS,370,612,,,1
MOZ,Cabo Delgado,734427,Households using rainwater,0.6,1,MZ,Mozambique,2015,MZ2015AIS,WS_SRCE_H_RNW,250161070,I,431002,1431002,Region,Cabo Delgado,0,,0,1,WSSRCEHRNW,MZAIS2015431002,2015,AIS,753,608,,,1
MOZ,Nampula,2836965,Households using rainwater,0,1,MZ,Mozambique,2015,MZ2015AIS,WS_SRCE_H_RNW,250161070,I,431003,1431003,Region,Nampula,0,,0,1,WSSRCEHRNW,MZAIS2015431003,2015,AIS,1608,791,,,1
MOZ,Zambézia,6036831,Households using rainwater,0,1,MZ,Mozambique,2015,MZ2015AIS,WS_SRCE_H_RNW,250161070,I,431004,1431004,Region,Zambézia,0,,0,1,WSSRCEHRNW,MZAIS2015431004,2015,AIS,898,731,,,1
MOZ,Tete,2743944,Households using rainwater,0,1,MZ,Mozambique,2015,MZ2015AIS,WS_SRCE_H_RNW,250161070,I,431005,1431005,Region,Tete,0,,0,1,WSSRCEHRNW,MZAIS2015431005,2015,AIS,585,608,,,1
MOZ,Manica,6927735,Households using rainwater,0,1,MZ,Mozambique,2015,MZ2015AIS,WS_SRCE_H_RNW,250161070,I,431006,1431006,Region,Manica,0,,0,1,WSSRCEHRNW,MZAIS2015431006,2015,AIS,548,619,,,1
MOZ,Sofala,2881263,Households using rainwater,0.2,1,MZ,Mozambique,2015,MZ2015AIS,WS_SRCE_H_RNW,250161070,I,431007,1431007,Region,Sofala,0,,0,1,WSSRCEHRNW,MZAIS2015431007,2015,AIS,598,613,,,1
MOZ,Inhambane,4846509,Households using rainwater,0.7,1,MZ,Mozambique,2015,MZ2015AIS,WS_SRCE_H_RNW,250161070,I,431008,1431008,Region,Inhambane,0,,0,1,WSSRCEHRNW,MZAIS2015431008,2015,AIS,483,604,,,1
MOZ,Gaza,7303631,Households using rainwater,1.6,1,MZ,Mozambique,2015,MZ2015AIS,WS_SRCE_H_RNW,250161070,I,431009,1431009,Region,Gaza,0,,0,1,WSSRCEHRNW,MZAIS2015431009,2015,AIS,594,785,,,1
MOZ,Maputo Provincia,1178903,Households using rainwater,0.2,1,MZ,Mozambique,2015,MZ2015AIS,WS_SRCE_H_RNW,250161070,I,431010,1431010,Region,Maputo Provincia,0,,0,1,WSSRCEHRNW,MZAIS2015431010,2015,AIS,394,614,,,1
MOZ,Maputo Cidade,6076219,Households using rainwater,0,1,MZ,Mozambique,2015,MZ2015AIS,WS_SRCE_H_RNW,250161070,I,431011,1431011,Region,Maputo Cidade,0,,0,1,WSSRCEHRNW,MZAIS2015431011,2015,AIS,339,584,,,1
MOZ,Niassa,5059873,Households using tanker truck,0,1,MZ,Mozambique,2015,MZ2015AIS,WS_SRCE_H_TNK,250161074,I,431001,1431001,Region,Niassa,0,,0,1,WSSRCEHTNK,MZAIS2015431001,2015,AIS,370,612,,,1
MOZ,Cabo Delgado,734433,Households using tanker truck,1,1,MZ,Mozambique,2015,MZ2015AIS,WS_SRCE_H_TNK,250161074,I,431002,1431002,Region,Cabo Delgado,0,,0,1,WSSRCEHTNK,MZAIS2015431002,2015,AIS,753,608,,,1
MOZ,Nampula,2836972,Households using tanker truck,0,1,MZ,Mozambique,2015,MZ2015AIS,WS_SRCE_H_TNK,250161074,I,431003,1431003,Region,Nampula,0,,0,1,WSSRCEHTNK,MZAIS2015431003,2015,AIS,1608,791,,,1
MOZ,Zambézia,6036838,Households using tanker truck,0.1,1,MZ,Mozambique,2015,MZ2015AIS,WS_SRCE_H_TNK,250161074,I,431004,1431004,Region,Zambézia,0,,0,1,WSSRCEHTNK,MZAIS2015431004,2015,AIS,898,731,,,1
MOZ,Tete,2743956,Households using tanker truck,0,1,MZ,Mozambique,2015,MZ2015AIS,WS_SRCE_H_TNK,250161074,I,431005,1431005,Region,Tete,0,,0,1,WSSRCEHTNK,MZAIS2015431005,2015,AIS,585,608,,,1
MOZ,Manica,6927722,Households using tanker truck,0,1,MZ,Mozambique,2015,MZ2015AIS,WS_SRCE_H_TNK,250161074,I,431006,1431006,Region,Manica,0,,0,1,WSSRCEHTNK,MZAIS2015431006,2015,AIS,548,619,,,1
MOZ,Sofala,2881270,Households using tanker truck,0.2,1,MZ,Mozambique,2015,MZ2015AIS,WS_SRCE_H_TNK,250161074,I,431007,1431007,Region,Sofala,0,,0,1,WSSRCEHTNK,MZAIS2015431007,2015,AIS,598,613,,,1
MOZ,Inhambane,4846520,Households using tanker truck,0.3,1,MZ,Mozambique,2015,MZ2015AIS,WS_SRCE_H_TNK,250161074,I,431008,1431008,Region,Inhambane,0,,0,1,WSSRCEHTNK,MZAIS2015431008,2015,AIS,483,604,,,1
MOZ,Gaza,7303628,Households using tanker truck,0.2,1,MZ,Mozambique,2015,MZ2015AIS,WS_SRCE_H_TNK,250161074,I,431009,1431009,Region,Gaza,0,,0,1,WSSRCEHTNK,MZAIS2015431009,2015,AIS,594,785,,,1
MOZ,Maputo Provincia,1178934,Households using tanker truck,0.1,1,MZ,Mozambique,2015,MZ2015AIS,WS_SRCE_H_TNK,250161074,I,431010,1431010,Region,Maputo Provincia,0,,0,1,WSSRCEHTNK,MZAIS2015431010,2015,AIS,394,614,,,1
MOZ,Maputo Cidade,6076234,Households using tanker truck,0,1,MZ,Mozambique,2015,MZ2015AIS,WS_SRCE_H_TNK,250161074,I,431011,1431011,Region,Maputo Cidade,0,,0,1,WSSRCEHTNK,MZAIS2015431011,2015,AIS,339,584,,,1
MOZ,Niassa,5059877,Households using bottled water,0,1,MZ,Mozambique,2015,MZ2015AIS,WS_SRCE_H_BOT,250161080,I,431001,1431001,Region,Niassa,0,,0,1,WSSRCEHBOT,MZAIS2015431001,2015,AIS,370,612,,,1
MOZ,Cabo Delgado,734439,Households using bottled water,0.4,1,MZ,Mozambique,2015,MZ2015AIS,WS_SRCE_H_BOT,250161080,I,431002,1431002,Region,Cabo Delgado,0,,0,1,WSSRCEHBOT,MZAIS2015431002,2015,AIS,753,608,,,1
MOZ,Nampula,2837000,Households using bottled water,0.2,1,MZ,Mozambique,2015,MZ2015AIS,WS_SRCE_H_BOT,250161080,I,431003,1431003,Region,Nampula,0,,0,1,WSSRCEHBOT,MZAIS2015431003,2015,AIS,1608,791,,,1
MOZ,Zambézia,6036846,Households using bottled water,0,1,MZ,Mozambique,2015,MZ2015AIS,WS_SRCE_H_BOT,250161080,I,431004,1431004,Region,Zambézia,0,,0,1,WSSRCEHBOT,MZAIS2015431004,2015,AIS,898,731,,,1
MOZ,Tete,2743997,Households using bottled water,0.4,1,MZ,Mozambique,2015,MZ2015AIS,WS_SRCE_H_BOT,250161080,I,431005,1431005,Region,Tete,0,,0,1,WSSRCEHBOT,MZAIS2015431005,2015,AIS,585,608,,,1
MOZ,Manica,6927709,Households using bottled water,0,1,MZ,Mozambique,2015,MZ2015AIS,WS_SRCE_H_BOT,250161080,I,431006,1431006,Region,Manica,0,,0,1,WSSRCEHBOT,MZAIS2015431006,2015,AIS,548,619,,,1
MOZ,Sofala,2881299,Households using bottled water,0.2,1,MZ,Mozambique,2015,MZ2015AIS,WS_SRCE_H_BOT,250161080,I,431007,1431007,Region,Sofala,0,,0,1,WSSRCEHBOT,MZAIS2015431007,2015,AIS,598,613,,,1
MOZ,Inhambane,4846522,Households using bottled water,0,1,MZ,Mozambique,2015,MZ2015AIS,WS_SRCE_H_BOT,250161080,I,431008,1431008,Region,Inhambane,0,,0,1,WSSRCEHBOT,MZAIS2015431008,2015,AIS,483,604,,,1
MOZ,Gaza,7303626,Households using bottled water,0.2,1,MZ,Mozambique,2015,MZ2015AIS,WS_SRCE_H_BOT,250161080,I,431009,1431009,Region,Gaza,0,,0,1,WSSRCEHBOT,MZAIS2015431009,2015,AIS,594,785,,,1
MOZ,Maputo Provincia,1178922,Households using bottled water,0,1,MZ,Mozambique,2015,MZ2015AIS,WS_SRCE_H_BOT,250161080,I,431010,1431010,Region,Maputo Provincia,0,,0,1,WSSRCEHBOT,MZAIS2015431010,2015,AIS,394,614,,,1
MOZ,Maputo Cidade,6076230,Households using bottled water,5.3,1,MZ,Mozambique,2015,MZ2015AIS,WS_SRCE_H_BOT,250161080,I,431011,1431011,Region,Maputo Cidade,0,,0,1,WSSRCEHBOT,MZAIS2015431011,2015,AIS,339,584,,,1
MOZ,Niassa,5059856,Households using an unimproved water source,48.6,1,MZ,Mozambique,2015,MZ2015AIS,WS_SRCE_H_NIM,250161090,I,431001,1431001,Region,Niassa,0,,0,1,WSSRCEHNIM,MZAIS2015431001,2015,AIS,370,612,,,1
MOZ,Cabo Delgado,734426,Households using an unimproved water source,48.4,1,MZ,Mozambique,2015,MZ2015AIS,WS_SRCE_H_NIM,250161090,I,431002,1431002,Region,Cabo Delgado,0,,0,1,WSSRCEHNIM,MZAIS2015431002,2015,AIS,753,608,,,1
MOZ,Nampula,2836964,Households using an unimproved water source,35,1,MZ,Mozambique,2015,MZ2015AIS,WS_SRCE_H_NIM,250161090,I,431003,1431003,Region,Nampula,0,,0,1,WSSRCEHNIM,MZAIS2015431003,2015,AIS,1608,791,,,1
MOZ,Zambézia,6036830,Households using an unimproved water source,56.7,1,MZ,Mozambique,2015,MZ2015AIS,WS_SRCE_H_NIM,250161090,I,431004,1431004,Region,Zambézia,0,,0,1,WSSRCEHNIM,MZAIS2015431004,2015,AIS,898,731,,,1
MOZ,Tete,2743943,Households using an unimproved water source,60.2,1,MZ,Mozambique,2015,MZ2015AIS,WS_SRCE_H_NIM,250161090,I,431005,1431005,Region,Tete,0,,0,1,WSSRCEHNIM,MZAIS2015431005,2015,AIS,585,608,,,1
MOZ,Manica,6927734,Households using an unimproved water source,37.4,1,MZ,Mozambique,2015,MZ2015AIS,WS_SRCE_H_NIM,250161090,I,431006,1431006,Region,Manica,0,,0,1,WSSRCEHNIM,MZAIS2015431006,2015,AIS,548,619,,,1
MOZ,Sofala,2881262,Households using an unimproved water source,23.6,1,MZ,Mozambique,2015,MZ2015AIS,WS_SRCE_H_NIM,250161090,I,431007,1431007,Region,Sofala,0,,0,1,WSSRCEHNIM,MZAIS2015431007,2015,AIS,598,613,,,1
MOZ,Inhambane,4846505,Households using an unimproved water source,35.4,1,MZ,Mozambique,2015,MZ2015AIS,WS_SRCE_H_NIM,250161090,I,431008,1431008,Region,Inhambane,0,,0,1,WSSRCEHNIM,MZAIS2015431008,2015,AIS,483,604,,,1
MOZ,Gaza,7303630,Households using an unimproved water source,23.3,1,MZ,Mozambique,2015,MZ2015AIS,WS_SRCE_H_NIM,250161090,I,431009,1431009,Region,Gaza,0,,0,1,WSSRCEHNIM,MZAIS2015431009,2015,AIS,594,785,,,1
MOZ,Maputo Provincia,1178902,Households using an unimproved water source,7.5,1,MZ,Mozambique,2015,MZ2015AIS,WS_SRCE_H_NIM,250161090,I,431010,1431010,Region,Maputo Provincia,0,,0,1,WSSRCEHNIM,MZAIS2015431010,2015,AIS,394,614,,,1
MOZ,Maputo Cidade,6076218,Households using an unimproved water source,0.4,1,MZ,Mozambique,2015,MZ2015AIS,WS_SRCE_H_NIM,250161090,I,431011,1431011,Region,Maputo Cidade,0,,0,1,WSSRCEHNIM,MZAIS2015431011,2015,AIS,339,584,,,1
MOZ,Niassa,5059876,Households using an unprotected well water,27,1,MZ,Mozambique,2015,MZ2015AIS,WS_SRCE_H_UWL,250161100,I,431001,1431001,Region,Niassa,0,,0,1,WSSRCEHUWL,MZAIS2015431001,2015,AIS,370,612,,,1
MOZ,Cabo Delgado,734420,Households using an unprotected well water,39.1,1,MZ,Mozambique,2015,MZ2015AIS,WS_SRCE_H_UWL,250161100,I,431002,1431002,Region,Cabo Delgado,0,,0,1,WSSRCEHUWL,MZAIS2015431002,2015,AIS,753,608,,,1
MOZ,Nampula,2836979,Households using an unprotected well water,20.3,1,MZ,Mozambique,2015,MZ2015AIS,WS_SRCE_H_UWL,250161100,I,431003,1431003,Region,Nampula,0,,0,1,WSSRCEHUWL,MZAIS2015431003,2015,AIS,1608,791,,,1
MOZ,Zambézia,6036845,Households using an unprotected well water,31.6,1,MZ,Mozambique,2015,MZ2015AIS,WS_SRCE_H_UWL,250161100,I,431004,1431004,Region,Zambézia,0,,0,1,WSSRCEHUWL,MZAIS2015431004,2015,AIS,898,731,,,1
MOZ,Tete,2743996,Households using an unprotected well water,16.4,1,MZ,Mozambique,2015,MZ2015AIS,WS_SRCE_H_UWL,250161100,I,431005,1431005,Region,Tete,0,,0,1,WSSRCEHUWL,MZAIS2015431005,2015,AIS,585,608,,,1
MOZ,Manica,6927708,Households using an unprotected well water,24.4,1,MZ,Mozambique,2015,MZ2015AIS,WS_SRCE_H_UWL,250161100,I,431006,1431006,Region,Manica,0,,0,1,WSSRCEHUWL,MZAIS2015431006,2015,AIS,548,619,,,1
MOZ,Sofala,2881298,Households using an unprotected well water,14.9,1,MZ,Mozambique,2015,MZ2015AIS,WS_SRCE_H_UWL,250161100,I,431007,1431007,Region,Sofala,0,,0,1,WSSRCEHUWL,MZAIS2015431007,2015,AIS,598,613,,,1
MOZ,Inhambane,4846508,Households using an unprotected well water,28.6,1,MZ,Mozambique,2015,MZ2015AIS,WS_SRCE_H_UWL,250161100,I,431008,1431008,Region,Inhambane,0,,0,1,WSSRCEHUWL,MZAIS2015431008,2015,AIS,483,604,,,1
MOZ,Gaza,7303625,Households using an unprotected well water,14,1,MZ,Mozambique,2015,MZ2015AIS,WS_SRCE_H_UWL,250161100,I,431009,1431009,Region,Gaza,0,,0,1,WSSRCEHUWL,MZAIS2015431009,2015,AIS,594,785,,,1
MOZ,Maputo Provincia,1178921,Households using an unprotected well water,7,1,MZ,Mozambique,2015,MZ2015AIS,WS_SRCE_H_UWL,250161100,I,431010,1431010,Region,Maputo Provincia,0,,0,1,WSSRCEHUWL,MZAIS2015431010,2015,AIS,394,614,,,1
MOZ,Maputo Cidade,6076205,Households using an unprotected well water,0,1,MZ,Mozambique,2015,MZ2015AIS,WS_SRCE_H_UWL,250161100,I,431011,1431011,Region,Maputo Cidade,0,,0,1,WSSRCEHUWL,MZAIS2015431011,2015,AIS,339,584,,,1
MOZ,Niassa,5059872,Households using surface water,21.7,1,MZ,Mozambique,2015,MZ2015AIS,WS_SRCE_H_SRF,250161130,I,431001,1431001,Region,Niassa,0,,0,1,WSSRCEHSRF,MZAIS2015431001,2015,AIS,370,612,,,1
MOZ,Cabo Delgado,734416,Households using surface water,9.2,1,MZ,Mozambique,2015,MZ2015AIS,WS_SRCE_H_SRF,250161130,I,431002,1431002,Region,Cabo Delgado,0,,0,1,WSSRCEHSRF,MZAIS2015431002,2015,AIS,753,608,,,1
MOZ,Nampula,2836971,Households using surface water,14.6,1,MZ,Mozambique,2015,MZ2015AIS,WS_SRCE_H_SRF,250161130,I,431003,1431003,Region,Nampula,0,,0,1,WSSRCEHSRF,MZAIS2015431003,2015,AIS,1608,791,,,1
MOZ,Zambézia,6036837,Households using surface water,25.1,1,MZ,Mozambique,2015,MZ2015AIS,WS_SRCE_H_SRF,250161130,I,431004,1431004,Region,Zambézia,0,,0,1,WSSRCEHSRF,MZAIS2015431004,2015,AIS,898,731,,,1
MOZ,Tete,2743955,Households using surface water,43.8,1,MZ,Mozambique,2015,MZ2015AIS,WS_SRCE_H_SRF,250161130,I,431005,1431005,Region,Tete,0,,0,1,WSSRCEHSRF,MZAIS2015431005,2015,AIS,585,608,,,1
MOZ,Manica,6927721,Households using surface water,13.1,1,MZ,Mozambique,2015,MZ2015AIS,WS_SRCE_H_SRF,250161130,I,431006,1431006,Region,Manica,0,,0,1,WSSRCEHSRF,MZAIS2015431006,2015,AIS,548,619,,,1
MOZ,Sofala,2881269,Households using surface water,8.7,1,MZ,Mozambique,2015,MZ2015AIS,WS_SRCE_H_SRF,250161130,I,431007,1431007,Region,Sofala,0,,0,1,WSSRCEHSRF,MZAIS2015431007,2015,AIS,598,613,,,1
MOZ,Inhambane,4846506,Households using surface water,6.4,1,MZ,Mozambique,2015,MZ2015AIS,WS_SRCE_H_SRF,250161130,I,431008,1431008,Region,Inhambane,0,,0,1,WSSRCEHSRF,MZAIS2015431008,2015,AIS,483,604,,,1
MOZ,Gaza,7303627,Households using surface water,9.2,1,MZ,Mozambique,2015,MZ2015AIS,WS_SRCE_H_SRF,250161130,I,431009,1431009,Region,Gaza,0,,0,1,WSSRCEHSRF,MZAIS2015431009,2015,AIS,594,785,,,1
MOZ,Maputo Provincia,1178933,Households using surface water,0.5,1,MZ,Mozambique,2015,MZ2015AIS,WS_SRCE_H_SRF,250161130,I,431010,1431010,Region,Maputo Provincia,0,,0,1,WSSRCEHSRF,MZAIS2015431010,2015,AIS,394,614,,,1
MOZ,Maputo Cidade,6076209,Households using surface water,0.4,1,MZ,Mozambique,2015,MZ2015AIS,WS_SRCE_H_SRF,250161130,I,431011,1431011,Region,Maputo Cidade,0,,0,1,WSSRCEHSRF,MZAIS2015431011,2015,AIS,339,584,,,1
MOZ,Niassa,5059874,Households using other water source,0,1,MZ,Mozambique,2015,MZ2015AIS,WS_SRCE_H_OTH,250161140,I,431001,1431001,Region,Niassa,0,,0,1,WSSRCEHOTH,MZAIS2015431001,2015,AIS,370,612,,,1
MOZ,Cabo Delgado,734434,Households using other water source,0.1,1,MZ,Mozambique,2015,MZ2015AIS,WS_SRCE_H_OTH,250161140,I,431002,1431002,Region,Cabo Delgado,0,,0,1,WSSRCEHOTH,MZAIS2015431002,2015,AIS,753,608,,,1
MOZ,Nampula,2836973,Households using other water source,0,1,MZ,Mozambique,2015,MZ2015AIS,WS_SRCE_H_OTH,250161140,I,431003,1431003,Region,Nampula,0,,0,1,WSSRCEHOTH,MZAIS2015431003,2015,AIS,1608,791,,,1
MOZ,Zambézia,6036839,Households using other water source,0,1,MZ,Mozambique,2015,MZ2015AIS,WS_SRCE_H_OTH,250161140,I,431004,1431004,Region,Zambézia,0,,0,1,WSSRCEHOTH,MZAIS2015431004,2015,AIS,898,731,,,1
MOZ,Tete,2743957,Households using other water source,0,1,MZ,Mozambique,2015,MZ2015AIS,WS_SRCE_H_OTH,250161140,I,431005,1431005,Region,Tete,0,,0,1,WSSRCEHOTH,MZAIS2015431005,2015,AIS,585,608,,,1
MOZ,Manica,6927723,Households using other water source,0,1,MZ,Mozambique,2015,MZ2015AIS,WS_SRCE_H_OTH,250161140,I,431006,1431006,Region,Manica,0,,0,1,WSSRCEHOTH,MZAIS2015431006,2015,AIS,548,619,,,1
MOZ,Sofala,2881286,Households using other water source,0,1,MZ,Mozambique,2015,MZ2015AIS,WS_SRCE_H_OTH,250161140,I,431007,1431007,Region,Sofala,0,,0,1,WSSRCEHOTH,MZAIS2015431007,2015,AIS,598,613,,,1
MOZ,Inhambane,4846521,Households using other water source,0.3,1,MZ,Mozambique,2015,MZ2015AIS,WS_SRCE_H_OTH,250161140,I,431008,1431008,Region,Inhambane,0,,0,1,WSSRCEHOTH,MZAIS2015431008,2015,AIS,483,604,,,1
MOZ,Gaza,7303629,Households using other water source,0,1,MZ,Mozambique,2015,MZ2015AIS,WS_SRCE_H_OTH,250161140,I,431009,1431009,Region,Gaza,0,,0,1,WSSRCEHOTH,MZAIS2015431009,2015,AIS,594,785,,,1
MOZ,Maputo Provincia,1178935,Households using other water source,0,1,MZ,Mozambique,2015,MZ2015AIS,WS_SRCE_H_OTH,250161140,I,431010,1431010,Region,Maputo Provincia,0,,0,1,WSSRCEHOTH,MZAIS2015431010,2015,AIS,394,614,,,1
MOZ,Maputo Cidade,6076235,Households using other water source,0,1,MZ,Mozambique,2015,MZ2015AIS,WS_SRCE_H_OTH,250161140,I,431011,1431011,Region,Maputo Cidade,0,,0,1,WSSRCEHOTH,MZAIS2015431011,2015,AIS,339,584,,,1
MOZ,Niassa,5059879,Households: Total,100,1,MZ,Mozambique,2015,MZ2015AIS,WS_SRCE_H_TOT,250161160,T,431001,1431001,Region,Niassa,0,,0,1,WSSRCEHTOT,MZAIS2015431001,2015,AIS,370,612,,,1
MOZ,Cabo Delgado,734428,Households: Total,100,1,MZ,Mozambique,2015,MZ2015AIS,WS_SRCE_H_TOT,250161160,T,431002,1431002,Region,Cabo Delgado,0,,0,1,WSSRCEHTOT,MZAIS2015431002,2015,AIS,753,608,,,1
MOZ,Nampula,2836966,Households: Total,100,1,MZ,Mozambique,2015,MZ2015AIS,WS_SRCE_H_TOT,250161160,T,431003,1431003,Region,Nampula,0,,0,1,WSSRCEHTOT,MZAIS2015431003,2015,AIS,1608,791,,,1
MOZ,Zambézia,6036832,Households: Total,100,1,MZ,Mozambique,2015,MZ2015AIS,WS_SRCE_H_TOT,250161160,T,431004,1431004,Region,Zambézia,0,,0,1,WSSRCEHTOT,MZAIS2015431004,2015,AIS,898,731,,,1
MOZ,Tete,2743950,Households: Total,100,1,MZ,Mozambique,2015,MZ2015AIS,WS_SRCE_H_TOT,250161160,T,431005,1431005,Region,Tete,0,,0,1,WSSRCEHTOT,MZAIS2015431005,2015,AIS,585,608,,,1
MOZ,Manica,6927736,Households: Total,100,1,MZ,Mozambique,2015,MZ2015AIS,WS_SRCE_H_TOT,250161160,T,431006,1431006,Region,Manica,0,,0,1,WSSRCEHTOT,MZAIS2015431006,2015,AIS,548,619,,,1
MOZ,Sofala,2881264,Households: Total,100,1,MZ,Mozambique,2015,MZ2015AIS,WS_SRCE_H_TOT,250161160,T,431007,1431007,Region,Sofala,0,,0,1,WSSRCEHTOT,MZAIS2015431007,2015,AIS,598,613,,,1
MOZ,Inhambane,4846510,Households: Total,100,1,MZ,Mozambique,2015,MZ2015AIS,WS_SRCE_H_TOT,250161160,T,431008,1431008,Region,Inhambane,0,,0,1,WSSRCEHTOT,MZAIS2015431008,2015,AIS,483,604,,,1
MOZ,Gaza,7303638,Households: Total,100,1,MZ,Mozambique,2015,MZ2015AIS,WS_SRCE_H_TOT,250161160,T,431009,1431009,Region,Gaza,0,,0,1,WSSRCEHTOT,MZAIS2015431009,2015,AIS,594,785,,,1
MOZ,Maputo Provincia,1178910,Households: Total,100,1,MZ,Mozambique,2015,MZ2015AIS,WS_SRCE_H_TOT,250161160,T,431010,1431010,Region,Maputo Provincia,0,,0,1,WSSRCEHTOT,MZAIS2015431010,2015,AIS,394,614,,,1
MOZ,Maputo Cidade,6076220,Households: Total,100,1,MZ,Mozambique,2015,MZ2015AIS,WS_SRCE_H_TOT,250161160,T,431011,1431011,Region,Maputo Cidade,0,,0,1,WSSRCEHTOT,MZAIS2015431011,2015,AIS,339,584,,,1
MOZ,Niassa,6830139,Population using an improved water source,53.1,1,MZ,Mozambique,2015,MZ2015AIS,WS_SRCE_P_IMP,250162010,I,431001,1431001,Region,Niassa,0,,0,1,WSSRCEPIMP,MZAIS2015431001,2015,AIS,1864,3120,,,1
MOZ,Cabo Delgado,1186690,Population using an improved water source,55.1,1,MZ,Mozambique,2015,MZ2015AIS,WS_SRCE_P_IMP,250162010,I,431002,1431002,Region,Cabo Delgado,0,,0,1,WSSRCEPIMP,MZAIS2015431002,2015,AIS,3300,2698,,,1
MOZ,Nampula,6974475,Population using an improved water source,66.8,1,MZ,Mozambique,2015,MZ2015AIS,WS_SRCE_P_IMP,250162010,I,431003,1431003,Region,Nampula,0,,0,1,WSSRCEPIMP,MZAIS2015431003,2015,AIS,6861,3441,,,1
MOZ,Zambézia,1163408,Population using an improved water source,43.7,1,MZ,Mozambique,2015,MZ2015AIS,WS_SRCE_P_IMP,250162010,I,431004,1431004,Region,Zambézia,0,,0,1,WSSRCEPIMP,MZAIS2015431004,2015,AIS,3768,3095,,,1
MOZ,Tete,4505573,Population using an improved water source,39.4,1,MZ,Mozambique,2015,MZ2015AIS,WS_SRCE_P_IMP,250162010,I,431005,1431005,Region,Tete,0,,0,1,WSSRCEPIMP,MZAIS2015431005,2015,AIS,2399,2562,,,1
MOZ,Manica,4188080,Population using an improved water source,63.1,1,MZ,Mozambique,2015,MZ2015AIS,WS_SRCE_P_IMP,250162010,I,431006,1431006,Region,Manica,0,,0,1,WSSRCEPIMP,MZAIS2015431006,2015,AIS,2494,2852,,,1
MOZ,Sofala,4612641,Population using an improved water source,77.8,1,MZ,Mozambique,2015,MZ2015AIS,WS_SRCE_P_IMP,250162010,I,431007,1431007,Region,Sofala,0,,0,1,WSSRCEPIMP,MZAIS2015431007,2015,AIS,3007,2991,,,1
MOZ,Inhambane,5879643,Population using an improved water source,65.3,1,MZ,Mozambique,2015,MZ2015AIS,WS_SRCE_P_IMP,250162010,I,431008,1431008,Region,Inhambane,0,,0,1,WSSRCEPIMP,MZAIS2015431008,2015,AIS,2204,2653,,,1
MOZ,Gaza,5440110,Population using an improved water source,77.8,1,MZ,Mozambique,2015,MZ2015AIS,WS_SRCE_P_IMP,250162010,I,431009,1431009,Region,Gaza,0,,0,1,WSSRCEPIMP,MZAIS2015431009,2015,AIS,2739,3568,,,1
MOZ,Maputo Provincia,5532203,Population using an improved water source,94.5,1,MZ,Mozambique,2015,MZ2015AIS,WS_SRCE_P_IMP,250162010,I,431010,1431010,Region,Maputo Provincia,0,,0,1,WSSRCEPIMP,MZAIS2015431010,2015,AIS,1714,2728,,,1
MOZ,Maputo Cidade,1178990,Population using an improved water source,99.8,1,MZ,Mozambique,2015,MZ2015AIS,WS_SRCE_P_IMP,250162010,I,431011,1431011,Region,Maputo Cidade,0,,0,1,WSSRCEPIMP,MZAIS2015431011,2015,AIS,1652,2849,,,1
MOZ,Niassa,6830137,Population using water piped into dwelling,1.2,1,MZ,Mozambique,2015,MZ2015AIS,WS_SRCE_P_PIP,250162020,I,431001,1431001,Region,Niassa,0,,0,1,WSSRCEPPIP,MZAIS2015431001,2015,AIS,1864,3120,,,1
MOZ,Cabo Delgado,1186689,Population using water piped into dwelling,1.2,1,MZ,Mozambique,2015,MZ2015AIS,WS_SRCE_P_PIP,250162020,I,431002,1431002,Region,Cabo Delgado,0,,0,1,WSSRCEPPIP,MZAIS2015431002,2015,AIS,3300,2698,,,1
MOZ,Nampula,6974501,Population using water piped into dwelling,2.7,1,MZ,Mozambique,2015,MZ2015AIS,WS_SRCE_P_PIP,250162020,I,431003,1431003,Region,Nampula,0,,0,1,WSSRCEPPIP,MZAIS2015431003,2015,AIS,6861,3441,,,1
MOZ,Zambézia,1163394,Population using water piped into dwelling,0.5,1,MZ,Mozambique,2015,MZ2015AIS,WS_SRCE_P_PIP,250162020,I,431004,1431004,Region,Zambézia,0,,0,1,WSSRCEPPIP,MZAIS2015431004,2015,AIS,3768,3095,,,1
MOZ,Tete,4505560,Population using water piped into dwelling,1.1,1,MZ,Mozambique,2015,MZ2015AIS,WS_SRCE_P_PIP,250162020,I,431005,1431005,Region,Tete,0,,0,1,WSSRCEPPIP,MZAIS2015431005,2015,AIS,2399,2562,,,1
MOZ,Manica,4188081,Population using water piped into dwelling,0.8,1,MZ,Mozambique,2015,MZ2015AIS,WS_SRCE_P_PIP,250162020,I,431006,1431006,Region,Manica,0,,0,1,WSSRCEPPIP,MZAIS2015431006,2015,AIS,2494,2852,,,1
MOZ,Sofala,4612613,Population using water piped into dwelling,3.7,1,MZ,Mozambique,2015,MZ2015AIS,WS_SRCE_P_PIP,250162020,I,431007,1431007,Region,Sofala,0,,0,1,WSSRCEPPIP,MZAIS2015431007,2015,AIS,3007,2991,,,1
MOZ,Inhambane,5879641,Population using water piped into dwelling,5.6,1,MZ,Mozambique,2015,MZ2015AIS,WS_SRCE_P_PIP,250162020,I,431008,1431008,Region,Inhambane,0,,0,1,WSSRCEPPIP,MZAIS2015431008,2015,AIS,2204,2653,,,1
MOZ,Gaza,5440313,Population using water piped into dwelling,1.5,1,MZ,Mozambique,2015,MZ2015AIS,WS_SRCE_P_PIP,250162020,I,431009,1431009,Region,Gaza,0,,0,1,WSSRCEPPIP,MZAIS2015431009,2015,AIS,2739,3568,,,1
MOZ,Maputo Provincia,5532209,Population using water piped into dwelling,17.1,1,MZ,Mozambique,2015,MZ2015AIS,WS_SRCE_P_PIP,250162020,I,431010,1431010,Region,Maputo Provincia,0,,0,1,WSSRCEPPIP,MZAIS2015431010,2015,AIS,1714,2728,,,1
MOZ,Maputo Cidade,1178997,Population using water piped into dwelling,19.4,1,MZ,Mozambique,2015,MZ2015AIS,WS_SRCE_P_PIP,250162020,I,431011,1431011,Region,Maputo Cidade,0,,0,1,WSSRCEPPIP,MZAIS2015431011,2015,AIS,1652,2849,,,1
MOZ,Niassa,6830141,Population using a public tap/standpipe,12.1,1,MZ,Mozambique,2015,MZ2015AIS,WS_SRCE_P_TAP,250162030,I,431001,1431001,Region,Niassa,0,,0,1,WSSRCEPTAP,MZAIS2015431001,2015,AIS,1864,3120,,,1
MOZ,Cabo Delgado,1186691,Population using a public tap/standpipe,19.5,1,MZ,Mozambique,2015,MZ2015AIS,WS_SRCE_P_TAP,250162030,I,431002,1431002,Region,Cabo Delgado,0,,0,1,WSSRCEPTAP,MZAIS2015431002,2015,AIS,3300,2698,,,1
MOZ,Nampula,6974476,Population using a public tap/standpipe,27.9,1,MZ,Mozambique,2015,MZ2015AIS,WS_SRCE_P_TAP,250162030,I,431003,1431003,Region,Nampula,0,,0,1,WSSRCEPTAP,MZAIS2015431003,2015,AIS,6861,3441,,,1
MOZ,Zambézia,1163409,Population using a public tap/standpipe,8.9,1,MZ,Mozambique,2015,MZ2015AIS,WS_SRCE_P_TAP,250162030,I,431004,1431004,Region,Zambézia,0,,0,1,WSSRCEPTAP,MZAIS2015431004,2015,AIS,3768,3095,,,1
MOZ,Tete,4505574,Population using a public tap/standpipe,1,1,MZ,Mozambique,2015,MZ2015AIS,WS_SRCE_P_TAP,250162030,I,431005,1431005,Region,Tete,0,,0,1,WSSRCEPTAP,MZAIS2015431005,2015,AIS,2399,2562,,,1
MOZ,Manica,4188095,Population using a public tap/standpipe,9.6,1,MZ,Mozambique,2015,MZ2015AIS,WS_SRCE_P_TAP,250162030,I,431006,1431006,Region,Manica,0,,0,1,WSSRCEPTAP,MZAIS2015431006,2015,AIS,2494,2852,,,1
MOZ,Sofala,4612642,Population using a public tap/standpipe,17.6,1,MZ,Mozambique,2015,MZ2015AIS,WS_SRCE_P_TAP,250162030,I,431007,1431007,Region,Sofala,0,,0,1,WSSRCEPTAP,MZAIS2015431007,2015,AIS,3007,2991,,,1
MOZ,Inhambane,5879644,Population using a public tap/standpipe,12.6,1,MZ,Mozambique,2015,MZ2015AIS,WS_SRCE_P_TAP,250162030,I,431008,1431008,Region,Inhambane,0,,0,1,WSSRCEPTAP,MZAIS2015431008,2015,AIS,2204,2653,,,1
MOZ,Gaza,5440111,Population using a public tap/standpipe,15.5,1,MZ,Mozambique,2015,MZ2015AIS,WS_SRCE_P_TAP,250162030,I,431009,1431009,Region,Gaza,0,,0,1,WSSRCEPTAP,MZAIS2015431009,2015,AIS,2739,3568,,,1
MOZ,Maputo Provincia,5532204,Population using a public tap/standpipe,6.6,1,MZ,Mozambique,2015,MZ2015AIS,WS_SRCE_P_TAP,250162030,I,431010,1431010,Region,Maputo Provincia,0,,0,1,WSSRCEPTAP,MZAIS2015431010,2015,AIS,1714,2728,,,1
MOZ,Maputo Cidade,1178991,Population using a public tap/standpipe,0.7,1,MZ,Mozambique,2015,MZ2015AIS,WS_SRCE_P_TAP,250162030,I,431011,1431011,Region,Maputo Cidade,0,,0,1,WSSRCEPTAP,MZAIS2015431011,2015,AIS,1652,2849,,,1
MOZ,Niassa,6830140,Population using a tubewell/borehole,12.3,1,MZ,Mozambique,2015,MZ2015AIS,WS_SRCE_P_TUB,250162040,I,431001,1431001,Region,Niassa,0,,0,1,WSSRCEPTUB,MZAIS2015431001,2015,AIS,1864,3120,,,1
MOZ,Cabo Delgado,1186700,Population using a tubewell/borehole,3.3,1,MZ,Mozambique,2015,MZ2015AIS,WS_SRCE_P_TUB,250162040,I,431002,1431002,Region,Cabo Delgado,0,,0,1,WSSRCEPTUB,MZAIS2015431002,2015,AIS,3300,2698,,,1
MOZ,Nampula,6974478,Population using a tubewell/borehole,7.3,1,MZ,Mozambique,2015,MZ2015AIS,WS_SRCE_P_TUB,250162040,I,431003,1431003,Region,Nampula,0,,0,1,WSSRCEPTUB,MZAIS2015431003,2015,AIS,6861,3441,,,1
MOZ,Zambézia,1163402,Population using a tubewell/borehole,16,1,MZ,Mozambique,2015,MZ2015AIS,WS_SRCE_P_TUB,250162040,I,431004,1431004,Region,Zambézia,0,,0,1,WSSRCEPTUB,MZAIS2015431004,2015,AIS,3768,3095,,,1
MOZ,Tete,4505568,Population using a tubewell/borehole,24.6,1,MZ,Mozambique,2015,MZ2015AIS,WS_SRCE_P_TUB,250162040,I,431005,1431005,Region,Tete,0,,0,1,WSSRCEPTUB,MZAIS2015431005,2015,AIS,2399,2562,,,1
MOZ,Manica,4188089,Population using a tubewell/borehole,26.9,1,MZ,Mozambique,2015,MZ2015AIS,WS_SRCE_P_TUB,250162040,I,431006,1431006,Region,Manica,0,,0,1,WSSRCEPTUB,MZAIS2015431006,2015,AIS,2494,2852,,,1
MOZ,Sofala,4612619,Population using a tubewell/borehole,25.3,1,MZ,Mozambique,2015,MZ2015AIS,WS_SRCE_P_TUB,250162040,I,431007,1431007,Region,Sofala,0,,0,1,WSSRCEPTUB,MZAIS2015431007,2015,AIS,3007,2991,,,1
MOZ,Inhambane,5879646,Population using a tubewell/borehole,27.2,1,MZ,Mozambique,2015,MZ2015AIS,WS_SRCE_P_TUB,250162040,I,431008,1431008,Region,Inhambane,0,,0,1,WSSRCEPTUB,MZAIS2015431008,2015,AIS,2204,2653,,,1
MOZ,Gaza,5440322,Population using a tubewell/borehole,14.3,1,MZ,Mozambique,2015,MZ2015AIS,WS_SRCE_P_TUB,250162040,I,431009,1431009,Region,Gaza,0,,0,1,WSSRCEPTUB,MZAIS2015431009,2015,AIS,2739,3568,,,1
MOZ,Maputo Provincia,5532216,Population using a tubewell/borehole,1.4,1,MZ,Mozambique,2015,MZ2015AIS,WS_SRCE_P_TUB,250162040,I,431010,1431010,Region,Maputo Provincia,0,,0,1,WSSRCEPTUB,MZAIS2015431010,2015,AIS,1714,2728,,,1
MOZ,Maputo Cidade,1179002,Population using a tubewell/borehole,5.6,1,MZ,Mozambique,2015,MZ2015AIS,WS_SRCE_P_TUB,250162040,I,431011,1431011,Region,Maputo Cidade,0,,0,1,WSSRCEPTUB,MZAIS2015431011,2015,AIS,1652,2849,,,1
MOZ,Niassa,6830143,Population using a protected well,22.5,1,MZ,Mozambique,2015,MZ2015AIS,WS_SRCE_P_PWL,250162050,I,431001,1431001,Region,Niassa,0,,0,1,WSSRCEPPWL,MZAIS2015431001,2015,AIS,1864,3120,,,1
MOZ,Cabo Delgado,1186701,Population using a protected well,20.5,1,MZ,Mozambique,2015,MZ2015AIS,WS_SRCE_P_PWL,250162050,I,431002,1431002,Region,Cabo Delgado,0,,0,1,WSSRCEPPWL,MZAIS2015431002,2015,AIS,3300,2698,,,1
MOZ,Nampula,6974479,Population using a protected well,16,1,MZ,Mozambique,2015,MZ2015AIS,WS_SRCE_P_PWL,250162050,I,431003,1431003,Region,Nampula,0,,0,1,WSSRCEPPWL,MZAIS2015431003,2015,AIS,6861,3441,,,1
MOZ,Zambézia,1163403,Population using a protected well,14.3,1,MZ,Mozambique,2015,MZ2015AIS,WS_SRCE_P_PWL,250162050,I,431004,1431004,Region,Zambézia,0,,0,1,WSSRCEPPWL,MZAIS2015431004,2015,AIS,3768,3095,,,1
MOZ,Tete,4505569,Population using a protected well,6.5,1,MZ,Mozambique,2015,MZ2015AIS,WS_SRCE_P_PWL,250162050,I,431005,1431005,Region,Tete,0,,0,1,WSSRCEPPWL,MZAIS2015431005,2015,AIS,2399,2562,,,1
MOZ,Manica,4188090,Population using a protected well,4.9,1,MZ,Mozambique,2015,MZ2015AIS,WS_SRCE_P_PWL,250162050,I,431006,1431006,Region,Manica,0,,0,1,WSSRCEPPWL,MZAIS2015431006,2015,AIS,2494,2852,,,1
MOZ,Sofala,4612620,Population using a protected well,8.6,1,MZ,Mozambique,2015,MZ2015AIS,WS_SRCE_P_PWL,250162050,I,431007,1431007,Region,Sofala,0,,0,1,WSSRCEPPWL,MZAIS2015431007,2015,AIS,3007,2991,,,1
MOZ,Inhambane,5879647,Population using a protected well,7.5,1,MZ,Mozambique,2015,MZ2015AIS,WS_SRCE_P_PWL,250162050,I,431008,1431008,Region,Inhambane,0,,0,1,WSSRCEPPWL,MZAIS2015431008,2015,AIS,2204,2653,,,1
MOZ,Gaza,5440387,Population using a protected well,5.3,1,MZ,Mozambique,2015,MZ2015AIS,WS_SRCE_P_PWL,250162050,I,431009,1431009,Region,Gaza,0,,0,1,WSSRCEPPWL,MZAIS2015431009,2015,AIS,2739,3568,,,1
MOZ,Maputo Provincia,5532217,Population using a protected well,2.1,1,MZ,Mozambique,2015,MZ2015AIS,WS_SRCE_P_PWL,250162050,I,431010,1431010,Region,Maputo Provincia,0,,0,1,WSSRCEPPWL,MZAIS2015431010,2015,AIS,1714,2728,,,1
MOZ,Maputo Cidade,1179003,Population using a protected well,1,1,MZ,Mozambique,2015,MZ2015AIS,WS_SRCE_P_PWL,250162050,I,431011,1431011,Region,Maputo Cidade,0,,0,1,WSSRCEPPWL,MZAIS2015431011,2015,AIS,1652,2849,,,1
MOZ,Niassa,6830152,Population using rainwater,0,1,MZ,Mozambique,2015,MZ2015AIS,WS_SRCE_P_RNW,250162070,I,431001,1431001,Region,Niassa,0,,0,1,WSSRCEPRNW,MZAIS2015431001,2015,AIS,1864,3120,,,1
MOZ,Cabo Delgado,1186704,Population using rainwater,0.5,1,MZ,Mozambique,2015,MZ2015AIS,WS_SRCE_P_RNW,250162070,I,431002,1431002,Region,Cabo Delgado,0,,0,1,WSSRCEPRNW,MZAIS2015431002,2015,AIS,3300,2698,,,1
MOZ,Nampula,6974480,Population using rainwater,0,1,MZ,Mozambique,2015,MZ2015AIS,WS_SRCE_P_RNW,250162070,I,431003,1431003,Region,Nampula,0,,0,1,WSSRCEPRNW,MZAIS2015431003,2015,AIS,6861,3441,,,1
MOZ,Zambézia,1163404,Population using rainwater,0,1,MZ,Mozambique,2015,MZ2015AIS,WS_SRCE_P_RNW,250162070,I,431004,1431004,Region,Zambézia,0,,0,1,WSSRCEPRNW,MZAIS2015431004,2015,AIS,3768,3095,,,1
MOZ,Tete,4505570,Population using rainwater,0,1,MZ,Mozambique,2015,MZ2015AIS,WS_SRCE_P_RNW,250162070,I,431005,1431005,Region,Tete,0,,0,1,WSSRCEPRNW,MZAIS2015431005,2015,AIS,2399,2562,,,1
MOZ,Manica,4188091,Population using rainwater,0,1,MZ,Mozambique,2015,MZ2015AIS,WS_SRCE_P_RNW,250162070,I,431006,1431006,Region,Manica,0,,0,1,WSSRCEPRNW,MZAIS2015431006,2015,AIS,2494,2852,,,1
MOZ,Sofala,4612621,Population using rainwater,0.1,1,MZ,Mozambique,2015,MZ2015AIS,WS_SRCE_P_RNW,250162070,I,431007,1431007,Region,Sofala,0,,0,1,WSSRCEPRNW,MZAIS2015431007,2015,AIS,3007,2991,,,1
MOZ,Inhambane,5879651,Population using rainwater,0.6,1,MZ,Mozambique,2015,MZ2015AIS,WS_SRCE_P_RNW,250162070,I,431008,1431008,Region,Inhambane,0,,0,1,WSSRCEPRNW,MZAIS2015431008,2015,AIS,2204,2653,,,1
MOZ,Gaza,5440123,Population using rainwater,1.9,1,MZ,Mozambique,2015,MZ2015AIS,WS_SRCE_P_RNW,250162070,I,431009,1431009,Region,Gaza,0,,0,1,WSSRCEPRNW,MZAIS2015431009,2015,AIS,2739,3568,,,1
MOZ,Maputo Provincia,5532218,Population using rainwater,0.1,1,MZ,Mozambique,2015,MZ2015AIS,WS_SRCE_P_RNW,250162070,I,431010,1431010,Region,Maputo Provincia,0,,0,1,WSSRCEPRNW,MZAIS2015431010,2015,AIS,1714,2728,,,1
MOZ,Maputo Cidade,1179004,Population using rainwater,0,1,MZ,Mozambique,2015,MZ2015AIS,WS_SRCE_P_RNW,250162070,I,431011,1431011,Region,Maputo Cidade,0,,0,1,WSSRCEPRNW,MZAIS2015431011,2015,AIS,1652,2849,,,1
MOZ,Niassa,6830163,Population using tanker truck,0,1,MZ,Mozambique,2015,MZ2015AIS,WS_SRCE_P_TNK,250162074,I,431001,1431001,Region,Niassa,0,,0,1,WSSRCEPTNK,MZAIS2015431001,2015,AIS,1864,3120,,,1
MOZ,Cabo Delgado,1186709,Population using tanker truck,0.7,1,MZ,Mozambique,2015,MZ2015AIS,WS_SRCE_P_TNK,250162074,I,431002,1431002,Region,Cabo Delgado,0,,0,1,WSSRCEPTNK,MZAIS2015431002,2015,AIS,3300,2698,,,1
MOZ,Nampula,6974494,Population using tanker truck,0,1,MZ,Mozambique,2015,MZ2015AIS,WS_SRCE_P_TNK,250162074,I,431003,1431003,Region,Nampula,0,,0,1,WSSRCEPTNK,MZAIS2015431003,2015,AIS,6861,3441,,,1
MOZ,Zambézia,1163433,Population using tanker truck,0.2,1,MZ,Mozambique,2015,MZ2015AIS,WS_SRCE_P_TNK,250162074,I,431004,1431004,Region,Zambézia,0,,0,1,WSSRCEPTNK,MZAIS2015431004,2015,AIS,3768,3095,,,1
MOZ,Tete,4505586,Population using tanker truck,0,1,MZ,Mozambique,2015,MZ2015AIS,WS_SRCE_P_TNK,250162074,I,431005,1431005,Region,Tete,0,,0,1,WSSRCEPTNK,MZAIS2015431005,2015,AIS,2399,2562,,,1
MOZ,Manica,4188100,Population using tanker truck,0,1,MZ,Mozambique,2015,MZ2015AIS,WS_SRCE_P_TNK,250162074,I,431006,1431006,Region,Manica,0,,0,1,WSSRCEPTNK,MZAIS2015431006,2015,AIS,2494,2852,,,1
MOZ,Sofala,4612741,Population using tanker truck,0.2,1,MZ,Mozambique,2015,MZ2015AIS,WS_SRCE_P_TNK,250162074,I,431007,1431007,Region,Sofala,0,,0,1,WSSRCEPTNK,MZAIS2015431007,2015,AIS,3007,2991,,,1
MOZ,Inhambane,5879649,Population using tanker truck,0.4,1,MZ,Mozambique,2015,MZ2015AIS,WS_SRCE_P_TNK,250162074,I,431008,1431008,Region,Inhambane,0,,0,1,WSSRCEPTNK,MZAIS2015431008,2015,AIS,2204,2653,,,1
MOZ,Gaza,5440131,Population using tanker truck,0.2,1,MZ,Mozambique,2015,MZ2015AIS,WS_SRCE_P_TNK,250162074,I,431009,1431009,Region,Gaza,0,,0,1,WSSRCEPTNK,MZAIS2015431009,2015,AIS,2739,3568,,,1
MOZ,Maputo Provincia,5532215,Population using tanker truck,0,1,MZ,Mozambique,2015,MZ2015AIS,WS_SRCE_P_TNK,250162074,I,431010,1431010,Region,Maputo Provincia,0,,0,1,WSSRCEPTNK,MZAIS2015431010,2015,AIS,1714,2728,,,1
MOZ,Maputo Cidade,1179009,Population using tanker truck,0,1,MZ,Mozambique,2015,MZ2015AIS,WS_SRCE_P_TNK,250162074,I,431011,1431011,Region,Maputo Cidade,0,,0,1,WSSRCEPTNK,MZAIS2015431011,2015,AIS,1652,2849,,,1
MOZ,Niassa,6830157,Population using bottled water/demi john,0,1,MZ,Mozambique,2015,MZ2015AIS,WS_SRCE_P_BOT,250162080,I,431001,1431001,Region,Niassa,0,,0,1,WSSRCEPBOT,MZAIS2015431001,2015,AIS,1864,3120,,,1
MOZ,Cabo Delgado,1186715,Population using bottled water/demi john,0.2,1,MZ,Mozambique,2015,MZ2015AIS,WS_SRCE_P_BOT,250162080,I,431002,1431002,Region,Cabo Delgado,0,,0,1,WSSRCEPBOT,MZAIS2015431002,2015,AIS,3300,2698,,,1
MOZ,Nampula,6974486,Population using bottled water/demi john,0.2,1,MZ,Mozambique,2015,MZ2015AIS,WS_SRCE_P_BOT,250162080,I,431003,1431003,Region,Nampula,0,,0,1,WSSRCEPBOT,MZAIS2015431003,2015,AIS,6861,3441,,,1
MOZ,Zambézia,1163411,Population using bottled water/demi john,0,1,MZ,Mozambique,2015,MZ2015AIS,WS_SRCE_P_BOT,250162080,I,431004,1431004,Region,Zambézia,0,,0,1,WSSRCEPBOT,MZAIS2015431004,2015,AIS,3768,3095,,,1
MOZ,Tete,4505576,Population using bottled water/demi john,0.4,1,MZ,Mozambique,2015,MZ2015AIS,WS_SRCE_P_BOT,250162080,I,431005,1431005,Region,Tete,0,,0,1,WSSRCEPBOT,MZAIS2015431005,2015,AIS,2399,2562,,,1
MOZ,Manica,4188097,Population using bottled water/demi john,0,1,MZ,Mozambique,2015,MZ2015AIS,WS_SRCE_P_BOT,250162080,I,431006,1431006,Region,Manica,0,,0,1,WSSRCEPBOT,MZAIS2015431006,2015,AIS,2494,2852,,,1
MOZ,Sofala,4612682,Population using bottled water/demi john,0.1,1,MZ,Mozambique,2015,MZ2015AIS,WS_SRCE_P_BOT,250162080,I,431007,1431007,Region,Sofala,0,,0,1,WSSRCEPBOT,MZAIS2015431007,2015,AIS,3007,2991,,,1
MOZ,Inhambane,5879655,Population using bottled water/demi john,0,1,MZ,Mozambique,2015,MZ2015AIS,WS_SRCE_P_BOT,250162080,I,431008,1431008,Region,Inhambane,0,,0,1,WSSRCEPBOT,MZAIS2015431008,2015,AIS,2204,2653,,,1
MOZ,Gaza,5440115,Population using bottled water/demi john,0.1,1,MZ,Mozambique,2015,MZ2015AIS,WS_SRCE_P_BOT,250162080,I,431009,1431009,Region,Gaza,0,,0,1,WSSRCEPBOT,MZAIS2015431009,2015,AIS,2739,3568,,,1
MOZ,Maputo Provincia,5532206,Population using bottled water/demi john,0,1,MZ,Mozambique,2015,MZ2015AIS,WS_SRCE_P_BOT,250162080,I,431010,1431010,Region,Maputo Provincia,0,,0,1,WSSRCEPBOT,MZAIS2015431010,2015,AIS,1714,2728,,,1
MOZ,Maputo Cidade,1178993,Population using bottled water/demi john,3.7,1,MZ,Mozambique,2015,MZ2015AIS,WS_SRCE_P_BOT,250162080,I,431011,1431011,Region,Maputo Cidade,0,,0,1,WSSRCEPBOT,MZAIS2015431011,2015,AIS,1652,2849,,,1
MOZ,Niassa,6830146,Population using an unimproved water source,46.9,1,MZ,Mozambique,2015,MZ2015AIS,WS_SRCE_P_NIM,250162090,I,431001,1431001,Region,Niassa,0,,0,1,WSSRCEPNIM,MZAIS2015431001,2015,AIS,1864,3120,,,1
MOZ,Cabo Delgado,1186692,Population using an unimproved water source,44.9,1,MZ,Mozambique,2015,MZ2015AIS,WS_SRCE_P_NIM,250162090,I,431002,1431002,Region,Cabo Delgado,0,,0,1,WSSRCEPNIM,MZAIS2015431002,2015,AIS,3300,2698,,,1
MOZ,Nampula,6974502,Population using an unimproved water source,33.2,1,MZ,Mozambique,2015,MZ2015AIS,WS_SRCE_P_NIM,250162090,I,431003,1431003,Region,Nampula,0,,0,1,WSSRCEPNIM,MZAIS2015431003,2015,AIS,6861,3441,,,1
MOZ,Zambézia,1163395,Population using an unimproved water source,56.3,1,MZ,Mozambique,2015,MZ2015AIS,WS_SRCE_P_NIM,250162090,I,431004,1431004,Region,Zambézia,0,,0,1,WSSRCEPNIM,MZAIS2015431004,2015,AIS,3768,3095,,,1
MOZ,Tete,4505561,Population using an unimproved water source,60.6,1,MZ,Mozambique,2015,MZ2015AIS,WS_SRCE_P_NIM,250162090,I,431005,1431005,Region,Tete,0,,0,1,WSSRCEPNIM,MZAIS2015431005,2015,AIS,2399,2562,,,1
MOZ,Manica,4188082,Population using an unimproved water source,36.9,1,MZ,Mozambique,2015,MZ2015AIS,WS_SRCE_P_NIM,250162090,I,431006,1431006,Region,Manica,0,,0,1,WSSRCEPNIM,MZAIS2015431006,2015,AIS,2494,2852,,,1
MOZ,Sofala,4612614,Population using an unimproved water source,22.2,1,MZ,Mozambique,2015,MZ2015AIS,WS_SRCE_P_NIM,250162090,I,431007,1431007,Region,Sofala,0,,0,1,WSSRCEPNIM,MZAIS2015431007,2015,AIS,3007,2991,,,1
MOZ,Inhambane,5879652,Population using an unimproved water source,34.7,1,MZ,Mozambique,2015,MZ2015AIS,WS_SRCE_P_NIM,250162090,I,431008,1431008,Region,Inhambane,0,,0,1,WSSRCEPNIM,MZAIS2015431008,2015,AIS,2204,2653,,,1
MOZ,Gaza,5440314,Population using an unimproved water source,22.2,1,MZ,Mozambique,2015,MZ2015AIS,WS_SRCE_P_NIM,250162090,I,431009,1431009,Region,Gaza,0,,0,1,WSSRCEPNIM,MZAIS2015431009,2015,AIS,2739,3568,,,1
MOZ,Maputo Provincia,5532210,Population using an unimproved water source,5.5,1,MZ,Mozambique,2015,MZ2015AIS,WS_SRCE_P_NIM,250162090,I,431010,1431010,Region,Maputo Provincia,0,,0,1,WSSRCEPNIM,MZAIS2015431010,2015,AIS,1714,2728,,,1
MOZ,Maputo Cidade,1178998,Population using an unimproved water source,0.2,1,MZ,Mozambique,2015,MZ2015AIS,WS_SRCE_P_NIM,250162090,I,431011,1431011,Region,Maputo Cidade,0,,0,1,WSSRCEPNIM,MZAIS2015431011,2015,AIS,1652,2849,,,1
MOZ,Niassa,6830142,Population using an unprotected well water,26.1,1,MZ,Mozambique,2015,MZ2015AIS,WS_SRCE_P_UWL,250162100,I,431001,1431001,Region,Niassa,0,,0,1,WSSRCEPUWL,MZAIS2015431001,2015,AIS,1864,3120,,,1
MOZ,Cabo Delgado,1186714,Population using an unprotected well water,36.2,1,MZ,Mozambique,2015,MZ2015AIS,WS_SRCE_P_UWL,250162100,I,431002,1431002,Region,Cabo Delgado,0,,0,1,WSSRCEPUWL,MZAIS2015431002,2015,AIS,3300,2698,,,1
MOZ,Nampula,6974485,Population using an unprotected well water,18.2,1,MZ,Mozambique,2015,MZ2015AIS,WS_SRCE_P_UWL,250162100,I,431003,1431003,Region,Nampula,0,,0,1,WSSRCEPUWL,MZAIS2015431003,2015,AIS,6861,3441,,,1
MOZ,Zambézia,1163410,Population using an unprotected well water,30.1,1,MZ,Mozambique,2015,MZ2015AIS,WS_SRCE_P_UWL,250162100,I,431004,1431004,Region,Zambézia,0,,0,1,WSSRCEPUWL,MZAIS2015431004,2015,AIS,3768,3095,,,1
MOZ,Tete,4505575,Population using an unprotected well water,16.5,1,MZ,Mozambique,2015,MZ2015AIS,WS_SRCE_P_UWL,250162100,I,431005,1431005,Region,Tete,0,,0,1,WSSRCEPUWL,MZAIS2015431005,2015,AIS,2399,2562,,,1
MOZ,Manica,4188096,Population using an unprotected well water,24.8,1,MZ,Mozambique,2015,MZ2015AIS,WS_SRCE_P_UWL,250162100,I,431006,1431006,Region,Manica,0,,0,1,WSSRCEPUWL,MZAIS2015431006,2015,AIS,2494,2852,,,1
MOZ,Sofala,4612643,Population using an unprotected well water,13.9,1,MZ,Mozambique,2015,MZ2015AIS,WS_SRCE_P_UWL,250162100,I,431007,1431007,Region,Sofala,0,,0,1,WSSRCEPUWL,MZAIS2015431007,2015,AIS,3007,2991,,,1
MOZ,Inhambane,5879654,Population using an unprotected well water,29,1,MZ,Mozambique,2015,MZ2015AIS,WS_SRCE_P_UWL,250162100,I,431008,1431008,Region,Inhambane,0,,0,1,WSSRCEPUWL,MZAIS2015431008,2015,AIS,2204,2653,,,1
MOZ,Gaza,5440112,Population using an unprotected well water,12.6,1,MZ,Mozambique,2015,MZ2015AIS,WS_SRCE_P_UWL,250162100,I,431009,1431009,Region,Gaza,0,,0,1,WSSRCEPUWL,MZAIS2015431009,2015,AIS,2739,3568,,,1
MOZ,Maputo Provincia,5532205,Population using an unprotected well water,5.1,1,MZ,Mozambique,2015,MZ2015AIS,WS_SRCE_P_UWL,250162100,I,431010,1431010,Region,Maputo Provincia,0,,0,1,WSSRCEPUWL,MZAIS2015431010,2015,AIS,1714,2728,,,1
MOZ,Maputo Cidade,1178992,Population using an unprotected well water,0,1,MZ,Mozambique,2015,MZ2015AIS,WS_SRCE_P_UWL,250162100,I,431011,1431011,Region,Maputo Cidade,0,,0,1,WSSRCEPUWL,MZAIS2015431011,2015,AIS,1652,2849,,,1
MOZ,Niassa,6830145,Population using surface water,20.8,1,MZ,Mozambique,2015,MZ2015AIS,WS_SRCE_P_SRF,250162130,I,431001,1431001,Region,Niassa,0,,0,1,WSSRCEPSRF,MZAIS2015431001,2015,AIS,1864,3120,,,1
MOZ,Cabo Delgado,1186708,Population using surface water,8.7,1,MZ,Mozambique,2015,MZ2015AIS,WS_SRCE_P_SRF,250162130,I,431002,1431002,Region,Cabo Delgado,0,,0,1,WSSRCEPSRF,MZAIS2015431002,2015,AIS,3300,2698,,,1
MOZ,Nampula,6974493,Population using surface water,14.9,1,MZ,Mozambique,2015,MZ2015AIS,WS_SRCE_P_SRF,250162130,I,431003,1431003,Region,Nampula,0,,0,1,WSSRCEPSRF,MZAIS2015431003,2015,AIS,6861,3441,,,1
MOZ,Zambézia,1163432,Population using surface water,26.2,1,MZ,Mozambique,2015,MZ2015AIS,WS_SRCE_P_SRF,250162130,I,431004,1431004,Region,Zambézia,0,,0,1,WSSRCEPSRF,MZAIS2015431004,2015,AIS,3768,3095,,,1
MOZ,Tete,4505585,Population using surface water,44,1,MZ,Mozambique,2015,MZ2015AIS,WS_SRCE_P_SRF,250162130,I,431005,1431005,Region,Tete,0,,0,1,WSSRCEPSRF,MZAIS2015431005,2015,AIS,2399,2562,,,1
MOZ,Manica,4188099,Population using surface water,12.1,1,MZ,Mozambique,2015,MZ2015AIS,WS_SRCE_P_SRF,250162130,I,431006,1431006,Region,Manica,0,,0,1,WSSRCEPSRF,MZAIS2015431006,2015,AIS,2494,2852,,,1
MOZ,Sofala,4612740,Population using surface water,8.3,1,MZ,Mozambique,2015,MZ2015AIS,WS_SRCE_P_SRF,250162130,I,431007,1431007,Region,Sofala,0,,0,1,WSSRCEPSRF,MZAIS2015431007,2015,AIS,3007,2991,,,1
MOZ,Inhambane,5879648,Population using surface water,5.7,1,MZ,Mozambique,2015,MZ2015AIS,WS_SRCE_P_SRF,250162130,I,431008,1431008,Region,Inhambane,0,,0,1,WSSRCEPSRF,MZAIS2015431008,2015,AIS,2204,2653,,,1
MOZ,Gaza,5440130,Population using surface water,9.5,1,MZ,Mozambique,2015,MZ2015AIS,WS_SRCE_P_SRF,250162130,I,431009,1431009,Region,Gaza,0,,0,1,WSSRCEPSRF,MZAIS2015431009,2015,AIS,2739,3568,,,1
MOZ,Maputo Provincia,5532214,Population using surface water,0.4,1,MZ,Mozambique,2015,MZ2015AIS,WS_SRCE_P_SRF,250162130,I,431010,1431010,Region,Maputo Provincia,0,,0,1,WSSRCEPSRF,MZAIS2015431010,2015,AIS,1714,2728,,,1
MOZ,Maputo Cidade,1179008,Population using surface water,0.2,1,MZ,Mozambique,2015,MZ2015AIS,WS_SRCE_P_SRF,250162130,I,431011,1431011,Region,Maputo Cidade,0,,0,1,WSSRCEPSRF,MZAIS2015431011,2015,AIS,1652,2849,,,1
MOZ,Niassa,6830164,Population using other water source,0,1,MZ,Mozambique,2015,MZ2015AIS,WS_SRCE_P_OTH,250162140,I,431001,1431001,Region,Niassa,0,,0,1,WSSRCEPOTH,MZAIS2015431001,2015,AIS,1864,3120,,,1
MOZ,Cabo Delgado,1186710,Population using other water source,0,1,MZ,Mozambique,2015,MZ2015AIS,WS_SRCE_P_OTH,250162140,I,431002,1431002,Region,Cabo Delgado,0,,0,1,WSSRCEPOTH,MZAIS2015431002,2015,AIS,3300,2698,,,1
MOZ,Nampula,6974495,Population using other water source,0,1,MZ,Mozambique,2015,MZ2015AIS,WS_SRCE_P_OTH,250162140,I,431003,1431003,Region,Nampula,0,,0,1,WSSRCEPOTH,MZAIS2015431003,2015,AIS,6861,3441,,,1
MOZ,Zambézia,1163434,Population using other water source,0,1,MZ,Mozambique,2015,MZ2015AIS,WS_SRCE_P_OTH,250162140,I,431004,1431004,Region,Zambézia,0,,0,1,WSSRCEPOTH,MZAIS2015431004,2015,AIS,3768,3095,,,1
MOZ,Tete,4505587,Population using other water source,0,1,MZ,Mozambique,2015,MZ2015AIS,WS_SRCE_P_OTH,250162140,I,431005,1431005,Region,Tete,0,,0,1,WSSRCEPOTH,MZAIS2015431005,2015,AIS,2399,2562,,,1
MOZ,Manica,4188101,Population using other water source,0,1,MZ,Mozambique,2015,MZ2015AIS,WS_SRCE_P_OTH,250162140,I,431006,1431006,Region,Manica,0,,0,1,WSSRCEPOTH,MZAIS2015431006,2015,AIS,2494,2852,,,1
MOZ,Sofala,4612742,Population using other water source,0,1,MZ,Mozambique,2015,MZ2015AIS,WS_SRCE_P_OTH,250162140,I,431007,1431007,Region,Sofala,0,,0,1,WSSRCEPOTH,MZAIS2015431007,2015,AIS,3007,2991,,,1
MOZ,Inhambane,5879650,Population using other water source,0.1,1,MZ,Mozambique,2015,MZ2015AIS,WS_SRCE_P_OTH,250162140,I,431008,1431008,Region,Inhambane,0,,0,1,WSSRCEPOTH,MZAIS2015431008,2015,AIS,2204,2653,,,1
MOZ,Gaza,5440132,Population using other water source,0,1,MZ,Mozambique,2015,MZ2015AIS,WS_SRCE_P_OTH,250162140,I,431009,1431009,Region,Gaza,0,,0,1,WSSRCEPOTH,MZAIS2015431009,2015,AIS,2739,3568,,,1
MOZ,Maputo Provincia,5532243,Population using other water source,0,1,MZ,Mozambique,2015,MZ2015AIS,WS_SRCE_P_OTH,250162140,I,431010,1431010,Region,Maputo Provincia,0,,0,1,WSSRCEPOTH,MZAIS2015431010,2015,AIS,1714,2728,,,1
MOZ,Maputo Cidade,1179010,Population using other water source,0,1,MZ,Mozambique,2015,MZ2015AIS,WS_SRCE_P_OTH,250162140,I,431011,1431011,Region,Maputo Cidade,0,,0,1,WSSRCEPOTH,MZAIS2015431011,2015,AIS,1652,2849,,,1
MOZ,Niassa,6830147,Population: Total,100,1,MZ,Mozambique,2015,MZ2015AIS,WS_SRCE_P_TOT,250162160,T,431001,1431001,Region,Niassa,0,,0,1,WSSRCEPTOT,MZAIS2015431001,2015,AIS,1864,3120,,,1
MOZ,Cabo Delgado,1186693,Population: Total,100,1,MZ,Mozambique,2015,MZ2015AIS,WS_SRCE_P_TOT,250162160,T,431002,1431002,Region,Cabo Delgado,0,,0,1,WSSRCEPTOT,MZAIS2015431002,2015,AIS,3300,2698,,,1
MOZ,Nampula,6974503,Population: Total,100,1,MZ,Mozambique,2015,MZ2015AIS,WS_SRCE_P_TOT,250162160,T,431003,1431003,Region,Nampula,0,,0,1,WSSRCEPTOT,MZAIS2015431003,2015,AIS,6861,3441,,,1
MOZ,Zambézia,1163396,Population: Total,100,1,MZ,Mozambique,2015,MZ2015AIS,WS_SRCE_P_TOT,250162160,T,431004,1431004,Region,Zambézia,0,,0,1,WSSRCEPTOT,MZAIS2015431004,2015,AIS,3768,3095,,,1
MOZ,Tete,4505562,Population: Total,100,1,MZ,Mozambique,2015,MZ2015AIS,WS_SRCE_P_TOT,250162160,T,431005,1431005,Region,Tete,0,,0,1,WSSRCEPTOT,MZAIS2015431005,2015,AIS,2399,2562,,,1
MOZ,Manica,4188087,Population: Total,100,1,MZ,Mozambique,2015,MZ2015AIS,WS_SRCE_P_TOT,250162160,T,431006,1431006,Region,Manica,0,,0,1,WSSRCEPTOT,MZAIS2015431006,2015,AIS,2494,2852,,,1
MOZ,Sofala,4612615,Population: Total,100,1,MZ,Mozambique,2015,MZ2015AIS,WS_SRCE_P_TOT,250162160,T,431007,1431007,Region,Sofala,0,,0,1,WSSRCEPTOT,MZAIS2015431007,2015,AIS,3007,2991,,,1
MOZ,Inhambane,5879653,Population: Total,100,1,MZ,Mozambique,2015,MZ2015AIS,WS_SRCE_P_TOT,250162160,T,431008,1431008,Region,Inhambane,0,,0,1,WSSRCEPTOT,MZAIS2015431008,2015,AIS,2204,2653,,,1
MOZ,Gaza,5440113,Population: Total,100,1,MZ,Mozambique,2015,MZ2015AIS,WS_SRCE_P_TOT,250162160,T,431009,1431009,Region,Gaza,0,,0,1,WSSRCEPTOT,MZAIS2015431009,2015,AIS,2739,3568,,,1
MOZ,Maputo Provincia,5532211,Population: Total,100,1,MZ,Mozambique,2015,MZ2015AIS,WS_SRCE_P_TOT,250162160,T,431010,1431010,Region,Maputo Provincia,0,,0,1,WSSRCEPTOT,MZAIS2015431010,2015,AIS,1714,2728,,,1
MOZ,Maputo Cidade,1178999,Population: Total,100,1,MZ,Mozambique,2015,MZ2015AIS,WS_SRCE_P_TOT,250162160,T,431011,1431011,Region,Maputo Cidade,0,,0,1,WSSRCEPTOT,MZAIS2015431011,2015,AIS,1652,2849,,,1
MOZ,Niassa,5059884,Households with water on the premises,12.7,1,MZ,Mozambique,2015,MZ2015AIS,WS_TIME_H_ONP,250201010,I,431001,1431001,Region,Niassa,0,,0,1,WSTIMEHONP,MZAIS2015431001,2015,AIS,370,612,,,1
MOZ,Cabo Delgado,734440,Households with water on the premises,14.5,1,MZ,Mozambique,2015,MZ2015AIS,WS_TIME_H_ONP,250201010,I,431002,1431002,Region,Cabo Delgado,0,,0,1,WSTIMEHONP,MZAIS2015431002,2015,AIS,753,608,,,1
MOZ,Nampula,2837001,Households with water on the premises,10.3,1,MZ,Mozambique,2015,MZ2015AIS,WS_TIME_H_ONP,250201010,I,431003,1431003,Region,Nampula,0,,0,1,WSTIMEHONP,MZAIS2015431003,2015,AIS,1608,791,,,1
MOZ,Zambézia,6036847,Households with water on the premises,8.3,1,MZ,Mozambique,2015,MZ2015AIS,WS_TIME_H_ONP,250201010,I,431004,1431004,Region,Zambézia,0,,0,1,WSTIMEHONP,MZAIS2015431004,2015,AIS,898,731,,,1
MOZ,Tete,2744000,Households with water on the premises,6.3,1,MZ,Mozambique,2015,MZ2015AIS,WS_TIME_H_ONP,250201010,I,431005,1431005,Region,Tete,0,,0,1,WSTIMEHONP,MZAIS2015431005,2015,AIS,585,608,,,1
MOZ,Manica,6927710,Households with water on the premises,20.8,1,MZ,Mozambique,2015,MZ2015AIS,WS_TIME_H_ONP,250201010,I,431006,1431006,Region,Manica,0,,0,1,WSTIMEHONP,MZAIS2015431006,2015,AIS,548,619,,,1
MOZ,Sofala,2881300,Households with water on the premises,22,1,MZ,Mozambique,2015,MZ2015AIS,WS_TIME_H_ONP,250201010,I,431007,1431007,Region,Sofala,0,,0,1,WSTIMEHONP,MZAIS2015431007,2015,AIS,598,613,,,1
MOZ,Inhambane,4846523,Households with water on the premises,25.5,1,MZ,Mozambique,2015,MZ2015AIS,WS_TIME_H_ONP,250201010,I,431008,1431008,Region,Inhambane,0,,0,1,WSTIMEHONP,MZAIS2015431008,2015,AIS,483,604,,,1
MOZ,Gaza,7303648,Households with water on the premises,33.2,1,MZ,Mozambique,2015,MZ2015AIS,WS_TIME_H_ONP,250201010,I,431009,1431009,Region,Gaza,0,,0,1,WSTIMEHONP,MZAIS2015431009,2015,AIS,594,785,,,1
MOZ,Maputo Provincia,1178923,Households with water on the premises,67.3,1,MZ,Mozambique,2015,MZ2015AIS,WS_TIME_H_ONP,250201010,I,431010,1431010,Region,Maputo Provincia,0,,0,1,WSTIMEHONP,MZAIS2015431010,2015,AIS,394,614,,,1
MOZ,Maputo Cidade,6076231,Households with water on the premises,81.6,1,MZ,Mozambique,2015,MZ2015AIS,WS_TIME_H_ONP,250201010,I,431011,1431011,Region,Maputo Cidade,0,,0,1,WSTIMEHONP,MZAIS2015431011,2015,AIS,339,584,,,1
MOZ,Niassa,5059880,Households with water 30 minutes or less away round trip,71.1,1,MZ,Mozambique,2015,MZ2015AIS,WS_TIME_H_L30,250201020,I,431001,1431001,Region,Niassa,0,,0,1,WSTIMEHL30,MZAIS2015431001,2015,AIS,370,612,,,1
MOZ,Cabo Delgado,734429,Households with water 30 minutes or less away round trip,55.6,1,MZ,Mozambique,2015,MZ2015AIS,WS_TIME_H_L30,250201020,I,431002,1431002,Region,Cabo Delgado,0,,0,1,WSTIMEHL30,MZAIS2015431002,2015,AIS,753,608,,,1
MOZ,Nampula,2836967,Households with water 30 minutes or less away round trip,62.2,1,MZ,Mozambique,2015,MZ2015AIS,WS_TIME_H_L30,250201020,I,431003,1431003,Region,Nampula,0,,0,1,WSTIMEHL30,MZAIS2015431003,2015,AIS,1608,791,,,1
MOZ,Zambézia,6036833,Households with water 30 minutes or less away round trip,52.7,1,MZ,Mozambique,2015,MZ2015AIS,WS_TIME_H_L30,250201020,I,431004,1431004,Region,Zambézia,0,,0,1,WSTIMEHL30,MZAIS2015431004,2015,AIS,898,731,,,1
MOZ,Tete,2743951,Households with water 30 minutes or less away round trip,45.2,1,MZ,Mozambique,2015,MZ2015AIS,WS_TIME_H_L30,250201020,I,431005,1431005,Region,Tete,0,,0,1,WSTIMEHL30,MZAIS2015431005,2015,AIS,585,608,,,1
MOZ,Manica,6927706,Households with water 30 minutes or less away round trip,63.2,1,MZ,Mozambique,2015,MZ2015AIS,WS_TIME_H_L30,250201020,I,431006,1431006,Region,Manica,0,,0,1,WSTIMEHL30,MZAIS2015431006,2015,AIS,548,619,,,1
MOZ,Sofala,2881265,Households with water 30 minutes or less away round trip,55.2,1,MZ,Mozambique,2015,MZ2015AIS,WS_TIME_H_L30,250201020,I,431007,1431007,Region,Sofala,0,,0,1,WSTIMEHL30,MZAIS2015431007,2015,AIS,598,613,,,1
MOZ,Inhambane,4846511,Households with water 30 minutes or less away round trip,42.8,1,MZ,Mozambique,2015,MZ2015AIS,WS_TIME_H_L30,250201020,I,431008,1431008,Region,Inhambane,0,,0,1,WSTIMEHL30,MZAIS2015431008,2015,AIS,483,604,,,1
MOZ,Gaza,7303639,Households with water 30 minutes or less away round trip,38,1,MZ,Mozambique,2015,MZ2015AIS,WS_TIME_H_L30,250201020,I,431009,1431009,Region,Gaza,0,,0,1,WSTIMEHL30,MZAIS2015431009,2015,AIS,594,785,,,1
MOZ,Maputo Provincia,1178911,Households with water 30 minutes or less away round trip,26.7,1,MZ,Mozambique,2015,MZ2015AIS,WS_TIME_H_L30,250201020,I,431010,1431010,Region,Maputo Provincia,0,,0,1,WSTIMEHL30,MZAIS2015431010,2015,AIS,394,614,,,1
MOZ,Maputo Cidade,6076221,Households with water 30 minutes or less away round trip,15.2,1,MZ,Mozambique,2015,MZ2015AIS,WS_TIME_H_L30,250201020,I,431011,1431011,Region,Maputo Cidade,0,,0,1,WSTIMEHL30,MZAIS2015431011,2015,AIS,339,584,,,1
MOZ,Niassa,5059899,Households with water more than 30 minutes away round trip,5.7,1,MZ,Mozambique,2015,MZ2015AIS,WS_TIME_H_M30,250201030,I,431001,1431001,Region,Niassa,0,,0,1,WSTIMEHM30,MZAIS2015431001,2015,AIS,370,612,,,1
MOZ,Cabo Delgado,734421,Households with water more than 30 minutes away round trip,25.8,1,MZ,Mozambique,2015,MZ2015AIS,WS_TIME_H_M30,250201030,I,431002,1431002,Region,Cabo Delgado,0,,0,1,WSTIMEHM30,MZAIS2015431002,2015,AIS,753,608,,,1
MOZ,Nampula,2836959,Households with water more than 30 minutes away round trip,14,1,MZ,Mozambique,2015,MZ2015AIS,WS_TIME_H_M30,250201030,I,431003,1431003,Region,Nampula,0,,0,1,WSTIMEHM30,MZAIS2015431003,2015,AIS,1608,791,,,1
MOZ,Zambézia,6036825,Households with water more than 30 minutes away round trip,38.3,1,MZ,Mozambique,2015,MZ2015AIS,WS_TIME_H_M30,250201030,I,431004,1431004,Region,Zambézia,0,,0,1,WSTIMEHM30,MZAIS2015431004,2015,AIS,898,731,,,1
MOZ,Tete,2743945,Households with water more than 30 minutes away round trip,32.4,1,MZ,Mozambique,2015,MZ2015AIS,WS_TIME_H_M30,250201030,I,431005,1431005,Region,Tete,0,,0,1,WSTIMEHM30,MZAIS2015431005,2015,AIS,585,608,,,1
MOZ,Manica,6927712,Households with water more than 30 minutes away round trip,10.5,1,MZ,Mozambique,2015,MZ2015AIS,WS_TIME_H_M30,250201030,I,431006,1431006,Region,Manica,0,,0,1,WSTIMEHM30,MZAIS2015431006,2015,AIS,548,619,,,1
MOZ,Sofala,2881251,Households with water more than 30 minutes away round trip,17.8,1,MZ,Mozambique,2015,MZ2015AIS,WS_TIME_H_M30,250201030,I,431007,1431007,Region,Sofala,0,,0,1,WSTIMEHM30,MZAIS2015431007,2015,AIS,598,613,,,1
MOZ,Inhambane,4846515,Households with water more than 30 minutes away round trip,31,1,MZ,Mozambique,2015,MZ2015AIS,WS_TIME_H_M30,250201030,I,431008,1431008,Region,Inhambane,0,,0,1,WSTIMEHM30,MZAIS2015431008,2015,AIS,483,604,,,1
MOZ,Gaza,7303643,Households with water more than 30 minutes away round trip,25.3,1,MZ,Mozambique,2015,MZ2015AIS,WS_TIME_H_M30,250201030,I,431009,1431009,Region,Gaza,0,,0,1,WSTIMEHM30,MZAIS2015431009,2015,AIS,594,785,,,1
MOZ,Maputo Provincia,1178915,Households with water more than 30 minutes away round trip,5.6,1,MZ,Mozambique,2015,MZ2015AIS,WS_TIME_H_M30,250201030,I,431010,1431010,Region,Maputo Provincia,0,,0,1,WSTIMEHM30,MZAIS2015431010,2015,AIS,394,614,,,1
MOZ,Maputo Cidade,6076225,Households with water more than 30 minutes away round trip,0,1,MZ,Mozambique,2015,MZ2015AIS,WS_TIME_H_M30,250201030,I,431011,1431011,Region,Maputo Cidade,0,,0,1,WSTIMEHM30,MZAIS2015431011,2015,AIS,339,584,,,1
MOZ,Niassa,5059900,Household with unknown or missing information on round trip time to water,10.5,1,MZ,Mozambique,2015,MZ2015AIS,WS_TIME_H_DKM,250201040,S,431001,1431001,Region,Niassa,0,,0,1,WSTIMEHDKM,MZAIS2015431001,2015,AIS,370,612,,,1
MOZ,Cabo Delgado,734422,Household with unknown or missing information on round trip time to water,4.1,1,MZ,Mozambique,2015,MZ2015AIS,WS_TIME_H_DKM,250201040,S,431002,1431002,Region,Cabo Delgado,0,,0,1,WSTIMEHDKM,MZAIS2015431002,2015,AIS,753,608,,,1
MOZ,Nampula,2836960,Household with unknown or missing information on round trip time to water,13.5,1,MZ,Mozambique,2015,MZ2015AIS,WS_TIME_H_DKM,250201040,S,431003,1431003,Region,Nampula,0,,0,1,WSTIMEHDKM,MZAIS2015431003,2015,AIS,1608,791,,,1
MOZ,Zambézia,6036826,Household with unknown or missing information on round trip time to water,0.7,1,MZ,Mozambique,2015,MZ2015AIS,WS_TIME_H_DKM,250201040,S,431004,1431004,Region,Zambézia,0,,0,1,WSTIMEHDKM,MZAIS2015431004,2015,AIS,898,731,,,1
MOZ,Tete,2743946,Household with unknown or missing information on round trip time to water,16,1,MZ,Mozambique,2015,MZ2015AIS,WS_TIME_H_DKM,250201040,S,431005,1431005,Region,Tete,0,,0,1,WSTIMEHDKM,MZAIS2015431005,2015,AIS,585,608,,,1
MOZ,Manica,6927713,Household with unknown or missing information on round trip time to water,5.5,1,MZ,Mozambique,2015,MZ2015AIS,WS_TIME_H_DKM,250201040,S,431006,1431006,Region,Manica,0,,0,1,WSTIMEHDKM,MZAIS2015431006,2015,AIS,548,619,,,1
MOZ,Sofala,2881252,Household with unknown or missing information on round trip time to water,5,1,MZ,Mozambique,2015,MZ2015AIS,WS_TIME_H_DKM,250201040,S,431007,1431007,Region,Sofala,0,,0,1,WSTIMEHDKM,MZAIS2015431007,2015,AIS,598,613,,,1
MOZ,Inhambane,4846516,Household with unknown or missing information on round trip time to water,0.8,1,MZ,Mozambique,2015,MZ2015AIS,WS_TIME_H_DKM,250201040,S,431008,1431008,Region,Inhambane,0,,0,1,WSTIMEHDKM,MZAIS2015431008,2015,AIS,483,604,,,1
MOZ,Gaza,7303644,Household with unknown or missing information on round trip time to water,3.4,1,MZ,Mozambique,2015,MZ2015AIS,WS_TIME_H_DKM,250201040,S,431009,1431009,Region,Gaza,0,,0,1,WSTIMEHDKM,MZAIS2015431009,2015,AIS,594,785,,,1
MOZ,Maputo Provincia,1178916,Household with unknown or missing information on round trip time to water,0.4,1,MZ,Mozambique,2015,MZ2015AIS,WS_TIME_H_DKM,250201040,S,431010,1431010,Region,Maputo Provincia,0,,0,1,WSTIMEHDKM,MZAIS2015431010,2015,AIS,394,614,,,1
MOZ,Maputo Cidade,6076226,Household with unknown or missing information on round trip time to water,3.2,1,MZ,Mozambique,2015,MZ2015AIS,WS_TIME_H_DKM,250201040,S,431011,1431011,Region,Maputo Cidade,0,,0,1,WSTIMEHDKM,MZAIS2015431011,2015,AIS,339,584,,,1
MOZ,Niassa,5059901,Households: Total,100,1,MZ,Mozambique,2015,MZ2015AIS,WS_TIME_H_TOT,250201050,T,431001,1431001,Region,Niassa,0,,0,1,WSTIMEHTOT,MZAIS2015431001,2015,AIS,370,612,,,1
MOZ,Cabo Delgado,734423,Households: Total,100,1,MZ,Mozambique,2015,MZ2015AIS,WS_TIME_H_TOT,250201050,T,431002,1431002,Region,Cabo Delgado,0,,0,1,WSTIMEHTOT,MZAIS2015431002,2015,AIS,753,608,,,1
MOZ,Nampula,2836961,Households: Total,100,1,MZ,Mozambique,2015,MZ2015AIS,WS_TIME_H_TOT,250201050,T,431003,1431003,Region,Nampula,0,,0,1,WSTIMEHTOT,MZAIS2015431003,2015,AIS,1608,791,,,1
MOZ,Zambézia,6036827,Households: Total,100,1,MZ,Mozambique,2015,MZ2015AIS,WS_TIME_H_TOT,250201050,T,431004,1431004,Region,Zambézia,0,,0,1,WSTIMEHTOT,MZAIS2015431004,2015,AIS,898,731,,,1
MOZ,Tete,2743947,Households: Total,100,1,MZ,Mozambique,2015,MZ2015AIS,WS_TIME_H_TOT,250201050,T,431005,1431005,Region,Tete,0,,0,1,WSTIMEHTOT,MZAIS2015431005,2015,AIS,585,608,,,1
MOZ,Manica,6927714,Households: Total,100,1,MZ,Mozambique,2015,MZ2015AIS,WS_TIME_H_TOT,250201050,T,431006,1431006,Region,Manica,0,,0,1,WSTIMEHTOT,MZAIS2015431006,2015,AIS,548,619,,,1
MOZ,Sofala,2881253,Households: Total,100,1,MZ,Mozambique,2015,MZ2015AIS,WS_TIME_H_TOT,250201050,T,431007,1431007,Region,Sofala,0,,0,1,WSTIMEHTOT,MZAIS2015431007,2015,AIS,598,613,,,1
MOZ,Inhambane,4846517,Households: Total,100,1,MZ,Mozambique,2015,MZ2015AIS,WS_TIME_H_TOT,250201050,T,431008,1431008,Region,Inhambane,0,,0,1,WSTIMEHTOT,MZAIS2015431008,2015,AIS,483,604,,,1
MOZ,Gaza,7303645,Households: Total,100,1,MZ,Mozambique,2015,MZ2015AIS,WS_TIME_H_TOT,250201050,T,431009,1431009,Region,Gaza,0,,0,1,WSTIMEHTOT,MZAIS2015431009,2015,AIS,594,785,,,1
MOZ,Maputo Provincia,1178917,Households: Total,100,1,MZ,Mozambique,2015,MZ2015AIS,WS_TIME_H_TOT,250201050,T,431010,1431010,Region,Maputo Provincia,0,,0,1,WSTIMEHTOT,MZAIS2015431010,2015,AIS,394,614,,,1
MOZ,Maputo Cidade,6076227,Households: Total,100,1,MZ,Mozambique,2015,MZ2015AIS,WS_TIME_H_TOT,250201050,T,431011,1431011,Region,Maputo Cidade,0,,0,1,WSTIMEHTOT,MZAIS2015431011,2015,AIS,339,584,,,1
MOZ,Niassa,6830158,Population with water on the premises,14,1,MZ,Mozambique,2015,MZ2015AIS,WS_TIME_P_ONP,250202010,I,431001,1431001,Region,Niassa,0,,0,1,WSTIMEPONP,MZAIS2015431001,2015,AIS,1864,3120,,,1
MOZ,Cabo Delgado,1186716,Population with water on the premises,15.2,1,MZ,Mozambique,2015,MZ2015AIS,WS_TIME_P_ONP,250202010,I,431002,1431002,Region,Cabo Delgado,0,,0,1,WSTIMEPONP,MZAIS2015431002,2015,AIS,3300,2698,,,1
MOZ,Nampula,6974487,Population with water on the premises,10.9,1,MZ,Mozambique,2015,MZ2015AIS,WS_TIME_P_ONP,250202010,I,431003,1431003,Region,Nampula,0,,0,1,WSTIMEPONP,MZAIS2015431003,2015,AIS,6861,3441,,,1
MOZ,Zambézia,1163412,Population with water on the premises,9.1,1,MZ,Mozambique,2015,MZ2015AIS,WS_TIME_P_ONP,250202010,I,431004,1431004,Region,Zambézia,0,,0,1,WSTIMEPONP,MZAIS2015431004,2015,AIS,3768,3095,,,1
MOZ,Tete,4505577,Population with water on the premises,7.4,1,MZ,Mozambique,2015,MZ2015AIS,WS_TIME_P_ONP,250202010,I,431005,1431005,Region,Tete,0,,0,1,WSTIMEPONP,MZAIS2015431005,2015,AIS,2399,2562,,,1
MOZ,Manica,4188102,Population with water on the premises,22.9,1,MZ,Mozambique,2015,MZ2015AIS,WS_TIME_P_ONP,250202010,I,431006,1431006,Region,Manica,0,,0,1,WSTIMEPONP,MZAIS2015431006,2015,AIS,2494,2852,,,1
MOZ,Sofala,4612683,Population with water on the premises,21.7,1,MZ,Mozambique,2015,MZ2015AIS,WS_TIME_P_ONP,250202010,I,431007,1431007,Region,Sofala,0,,0,1,WSTIMEPONP,MZAIS2015431007,2015,AIS,3007,2991,,,1
MOZ,Inhambane,5879656,Population with water on the premises,26.9,1,MZ,Mozambique,2015,MZ2015AIS,WS_TIME_P_ONP,250202010,I,431008,1431008,Region,Inhambane,0,,0,1,WSTIMEPONP,MZAIS2015431008,2015,AIS,2204,2653,,,1
MOZ,Gaza,5440116,Population with water on the premises,37.5,1,MZ,Mozambique,2015,MZ2015AIS,WS_TIME_P_ONP,250202010,I,431009,1431009,Region,Gaza,0,,0,1,WSTIMEPONP,MZAIS2015431009,2015,AIS,2739,3568,,,1
MOZ,Maputo Provincia,5532207,Population with water on the premises,72.9,1,MZ,Mozambique,2015,MZ2015AIS,WS_TIME_P_ONP,250202010,I,431010,1431010,Region,Maputo Provincia,0,,0,1,WSTIMEPONP,MZAIS2015431010,2015,AIS,1714,2728,,,1
MOZ,Maputo Cidade,1178994,Population with water on the premises,85.4,1,MZ,Mozambique,2015,MZ2015AIS,WS_TIME_P_ONP,250202010,I,431011,1431011,Region,Maputo Cidade,0,,0,1,WSTIMEPONP,MZAIS2015431011,2015,AIS,1652,2849,,,1
MOZ,Niassa,6830148,Population with water 30 minutes or less away round trip,70.5,1,MZ,Mozambique,2015,MZ2015AIS,WS_TIME_P_L30,250202020,I,431001,1431001,Region,Niassa,0,,0,1,WSTIMEPL30,MZAIS2015431001,2015,AIS,1864,3120,,,1
MOZ,Cabo Delgado,1186694,Population with water 30 minutes or less away round trip,53.9,1,MZ,Mozambique,2015,MZ2015AIS,WS_TIME_P_L30,250202020,I,431002,1431002,Region,Cabo Delgado,0,,0,1,WSTIMEPL30,MZAIS2015431002,2015,AIS,3300,2698,,,1
MOZ,Nampula,6974504,Population with water 30 minutes or less away round trip,61,1,MZ,Mozambique,2015,MZ2015AIS,WS_TIME_P_L30,250202020,I,431003,1431003,Region,Nampula,0,,0,1,WSTIMEPL30,MZAIS2015431003,2015,AIS,6861,3441,,,1
MOZ,Zambézia,1163397,Population with water 30 minutes or less away round trip,51.8,1,MZ,Mozambique,2015,MZ2015AIS,WS_TIME_P_L30,250202020,I,431004,1431004,Region,Zambézia,0,,0,1,WSTIMEPL30,MZAIS2015431004,2015,AIS,3768,3095,,,1
MOZ,Tete,4505563,Population with water 30 minutes or less away round trip,45.1,1,MZ,Mozambique,2015,MZ2015AIS,WS_TIME_P_L30,250202020,I,431005,1431005,Region,Tete,0,,0,1,WSTIMEPL30,MZAIS2015431005,2015,AIS,2399,2562,,,1
MOZ,Manica,4188088,Population with water 30 minutes or less away round trip,61.6,1,MZ,Mozambique,2015,MZ2015AIS,WS_TIME_P_L30,250202020,I,431006,1431006,Region,Manica,0,,0,1,WSTIMEPL30,MZAIS2015431006,2015,AIS,2494,2852,,,1
MOZ,Sofala,4612616,Population with water 30 minutes or less away round trip,57.1,1,MZ,Mozambique,2015,MZ2015AIS,WS_TIME_P_L30,250202020,I,431007,1431007,Region,Sofala,0,,0,1,WSTIMEPL30,MZAIS2015431007,2015,AIS,3007,2991,,,1
MOZ,Inhambane,5879657,Population with water 30 minutes or less away round trip,42.4,1,MZ,Mozambique,2015,MZ2015AIS,WS_TIME_P_L30,250202020,I,431008,1431008,Region,Inhambane,0,,0,1,WSTIMEPL30,MZAIS2015431008,2015,AIS,2204,2653,,,1
MOZ,Gaza,5440114,Population with water 30 minutes or less away round trip,35.1,1,MZ,Mozambique,2015,MZ2015AIS,WS_TIME_P_L30,250202020,I,431009,1431009,Region,Gaza,0,,0,1,WSTIMEPL30,MZAIS2015431009,2015,AIS,2739,3568,,,1
MOZ,Maputo Provincia,5532212,Population with water 30 minutes or less away round trip,22,1,MZ,Mozambique,2015,MZ2015AIS,WS_TIME_P_L30,250202020,I,431010,1431010,Region,Maputo Provincia,0,,0,1,WSTIMEPL30,MZAIS2015431010,2015,AIS,1714,2728,,,1
MOZ,Maputo Cidade,1179000,Population with water 30 minutes or less away round trip,11.9,1,MZ,Mozambique,2015,MZ2015AIS,WS_TIME_P_L30,250202020,I,431011,1431011,Region,Maputo Cidade,0,,0,1,WSTIMEPL30,MZAIS2015431011,2015,AIS,1652,2849,,,1
MOZ,Niassa,6830159,Population with water more than 30 minutes away round trip,5.4,1,MZ,Mozambique,2015,MZ2015AIS,WS_TIME_P_M30,250202030,I,431001,1431001,Region,Niassa,0,,0,1,WSTIMEPM30,MZAIS2015431001,2015,AIS,1864,3120,,,1
MOZ,Cabo Delgado,1186717,Population with water more than 30 minutes away round trip,27.4,1,MZ,Mozambique,2015,MZ2015AIS,WS_TIME_P_M30,250202030,I,431002,1431002,Region,Cabo Delgado,0,,0,1,WSTIMEPM30,MZAIS2015431002,2015,AIS,3300,2698,,,1
MOZ,Nampula,6974488,Population with water more than 30 minutes away round trip,14.9,1,MZ,Mozambique,2015,MZ2015AIS,WS_TIME_P_M30,250202030,I,431003,1431003,Region,Nampula,0,,0,1,WSTIMEPM30,MZAIS2015431003,2015,AIS,6861,3441,,,1
MOZ,Zambézia,1163413,Population with water more than 30 minutes away round trip,38.3,1,MZ,Mozambique,2015,MZ2015AIS,WS_TIME_P_M30,250202030,I,431004,1431004,Region,Zambézia,0,,0,1,WSTIMEPM30,MZAIS2015431004,2015,AIS,3768,3095,,,1
MOZ,Tete,4505578,Population with water more than 30 minutes away round trip,32.7,1,MZ,Mozambique,2015,MZ2015AIS,WS_TIME_P_M30,250202030,I,431005,1431005,Region,Tete,0,,0,1,WSTIMEPM30,MZAIS2015431005,2015,AIS,2399,2562,,,1
MOZ,Manica,4188103,Population with water more than 30 minutes away round trip,9.4,1,MZ,Mozambique,2015,MZ2015AIS,WS_TIME_P_M30,250202030,I,431006,1431006,Region,Manica,0,,0,1,WSTIMEPM30,MZAIS2015431006,2015,AIS,2494,2852,,,1
MOZ,Sofala,4612684,Population with water more than 30 minutes away round trip,17.4,1,MZ,Mozambique,2015,MZ2015AIS,WS_TIME_P_M30,250202030,I,431007,1431007,Region,Sofala,0,,0,1,WSTIMEPM30,MZAIS2015431007,2015,AIS,3007,2991,,,1
MOZ,Inhambane,5879670,Population with water more than 30 minutes away round trip,29.8,1,MZ,Mozambique,2015,MZ2015AIS,WS_TIME_P_M30,250202030,I,431008,1431008,Region,Inhambane,0,,0,1,WSTIMEPM30,MZAIS2015431008,2015,AIS,2204,2653,,,1
MOZ,Gaza,5440117,Population with water more than 30 minutes away round trip,24.8,1,MZ,Mozambique,2015,MZ2015AIS,WS_TIME_P_M30,250202030,I,431009,1431009,Region,Gaza,0,,0,1,WSTIMEPM30,MZAIS2015431009,2015,AIS,2739,3568,,,1
MOZ,Maputo Provincia,5532208,Population with water more than 30 minutes away round trip,4.6,1,MZ,Mozambique,2015,MZ2015AIS,WS_TIME_P_M30,250202030,I,431010,1431010,Region,Maputo Provincia,0,,0,1,WSTIMEPM30,MZAIS2015431010,2015,AIS,1714,2728,,,1
MOZ,Maputo Cidade,1178995,Population with water more than 30 minutes away round trip,0,1,MZ,Mozambique,2015,MZ2015AIS,WS_TIME_P_M30,250202030,I,431011,1431011,Region,Maputo Cidade,0,,0,1,WSTIMEPM30,MZAIS2015431011,2015,AIS,1652,2849,,,1
MOZ,Niassa,6830153,Population with unknown or missing information on round trip time to water,10.1,1,MZ,Mozambique,2015,MZ2015AIS,WS_TIME_P_DKM,250202040,S,431001,1431001,Region,Niassa,0,,0,1,WSTIMEPDKM,MZAIS2015431001,2015,AIS,1864,3120,,,1
MOZ,Cabo Delgado,1186705,Population with unknown or missing information on round trip time to water,3.5,1,MZ,Mozambique,2015,MZ2015AIS,WS_TIME_P_DKM,250202040,S,431002,1431002,Region,Cabo Delgado,0,,0,1,WSTIMEPDKM,MZAIS2015431002,2015,AIS,3300,2698,,,1
MOZ,Nampula,6974481,Population with unknown or missing information on round trip time to water,13.2,1,MZ,Mozambique,2015,MZ2015AIS,WS_TIME_P_DKM,250202040,S,431003,1431003,Region,Nampula,0,,0,1,WSTIMEPDKM,MZAIS2015431003,2015,AIS,6861,3441,,,1
MOZ,Zambézia,1163405,Population with unknown or missing information on round trip time to water,0.8,1,MZ,Mozambique,2015,MZ2015AIS,WS_TIME_P_DKM,250202040,S,431004,1431004,Region,Zambézia,0,,0,1,WSTIMEPDKM,MZAIS2015431004,2015,AIS,3768,3095,,,1
MOZ,Tete,4505571,Population with unknown or missing information on round trip time to water,14.9,1,MZ,Mozambique,2015,MZ2015AIS,WS_TIME_P_DKM,250202040,S,431005,1431005,Region,Tete,0,,0,1,WSTIMEPDKM,MZAIS2015431005,2015,AIS,2399,2562,,,1
MOZ,Manica,4188092,Population with unknown or missing information on round trip time to water,6.1,1,MZ,Mozambique,2015,MZ2015AIS,WS_TIME_P_DKM,250202040,S,431006,1431006,Region,Manica,0,,0,1,WSTIMEPDKM,MZAIS2015431006,2015,AIS,2494,2852,,,1
MOZ,Sofala,4612622,Population with unknown or missing information on round trip time to water,3.8,1,MZ,Mozambique,2015,MZ2015AIS,WS_TIME_P_DKM,250202040,S,431007,1431007,Region,Sofala,0,,0,1,WSTIMEPDKM,MZAIS2015431007,2015,AIS,3007,2991,,,1
MOZ,Inhambane,5879661,Population with unknown or missing information on round trip time to water,0.8,1,MZ,Mozambique,2015,MZ2015AIS,WS_TIME_P_DKM,250202040,S,431008,1431008,Region,Inhambane,0,,0,1,WSTIMEPDKM,MZAIS2015431008,2015,AIS,2204,2653,,,1
MOZ,Gaza,5440124,Population with unknown or missing information on round trip time to water,2.7,1,MZ,Mozambique,2015,MZ2015AIS,WS_TIME_P_DKM,250202040,S,431009,1431009,Region,Gaza,0,,0,1,WSTIMEPDKM,MZAIS2015431009,2015,AIS,2739,3568,,,1
MOZ,Maputo Provincia,5532225,Population with unknown or missing information on round trip time to water,0.5,1,MZ,Mozambique,2015,MZ2015AIS,WS_TIME_P_DKM,250202040,S,431010,1431010,Region,Maputo Provincia,0,,0,1,WSTIMEPDKM,MZAIS2015431010,2015,AIS,1714,2728,,,1
MOZ,Maputo Cidade,1179005,Population with unknown or missing information on round trip time to water,2.7,1,MZ,Mozambique,2015,MZ2015AIS,WS_TIME_P_DKM,250202040,S,431011,1431011,Region,Maputo Cidade,0,,0,1,WSTIMEPDKM,MZAIS2015431011,2015,AIS,1652,2849,,,1
MOZ,Niassa,6830154,Population: Total,100,1,MZ,Mozambique,2015,MZ2015AIS,WS_TIME_P_TOT,250202050,T,431001,1431001,Region,Niassa,0,,0,1,WSTIMEPTOT,MZAIS2015431001,2015,AIS,1864,3120,,,1
MOZ,Cabo Delgado,1186706,Population: Total,100,1,MZ,Mozambique,2015,MZ2015AIS,WS_TIME_P_TOT,250202050,T,431002,1431002,Region,Cabo Delgado,0,,0,1,WSTIMEPTOT,MZAIS2015431002,2015,AIS,3300,2698,,,1
MOZ,Nampula,6974482,Population: Total,100,1,MZ,Mozambique,2015,MZ2015AIS,WS_TIME_P_TOT,250202050,T,431003,1431003,Region,Nampula,0,,0,1,WSTIMEPTOT,MZAIS2015431003,2015,AIS,6861,3441,,,1
MOZ,Zambézia,1163406,Population: Total,100,1,MZ,Mozambique,2015,MZ2015AIS,WS_TIME_P_TOT,250202050,T,431004,1431004,Region,Zambézia,0,,0,1,WSTIMEPTOT,MZAIS2015431004,2015,AIS,3768,3095,,,1
MOZ,Tete,4505572,Population: Total,100,1,MZ,Mozambique,2015,MZ2015AIS,WS_TIME_P_TOT,250202050,T,431005,1431005,Region,Tete,0,,0,1,WSTIMEPTOT,MZAIS2015431005,2015,AIS,2399,2562,,,1
MOZ,Manica,4188093,Population: Total,100,1,MZ,Mozambique,2015,MZ2015AIS,WS_TIME_P_TOT,250202050,T,431006,1431006,Region,Manica,0,,0,1,WSTIMEPTOT,MZAIS2015431006,2015,AIS,2494,2852,,,1
MOZ,Sofala,4612638,Population: Total,100,1,MZ,Mozambique,2015,MZ2015AIS,WS_TIME_P_TOT,250202050,T,431007,1431007,Region,Sofala,0,,0,1,WSTIMEPTOT,MZAIS2015431007,2015,AIS,3007,2991,,,1
MOZ,Inhambane,5879662,Population: Total,100,1,MZ,Mozambique,2015,MZ2015AIS,WS_TIME_P_TOT,250202050,T,431008,1431008,Region,Inhambane,0,,0,1,WSTIMEPTOT,MZAIS2015431008,2015,AIS,2204,2653,,,1
MOZ,Gaza,5440126,Population: Total,100,1,MZ,Mozambique,2015,MZ2015AIS,WS_TIME_P_TOT,250202050,T,431009,1431009,Region,Gaza,0,,0,1,WSTIMEPTOT,MZAIS2015431009,2015,AIS,2739,3568,,,1
MOZ,Maputo Provincia,5532240,Population: Total,100,1,MZ,Mozambique,2015,MZ2015AIS,WS_TIME_P_TOT,250202050,T,431010,1431010,Region,Maputo Provincia,0,,0,1,WSTIMEPTOT,MZAIS2015431010,2015,AIS,1714,2728,,,1
MOZ,Maputo Cidade,1179006,Population: Total,100,1,MZ,Mozambique,2015,MZ2015AIS,WS_TIME_P_TOT,250202050,T,431011,1431011,Region,Maputo Cidade,0,,0,1,WSTIMEPTOT,MZAIS2015431011,2015,AIS,1652,2849,,,1
MOZ,Niassa,5059903,Households treating water by boiling,5.5,1,MZ,Mozambique,2015,MZ2015AIS,WS_WTRT_H_BOL,250231010,I,431001,1431001,Region,Niassa,0,,0,1,WSWTRTHBOL,MZAIS2015431001,2015,AIS,370,612,,,1
MOZ,Cabo Delgado,734425,Households treating water by boiling,3,1,MZ,Mozambique,2015,MZ2015AIS,WS_WTRT_H_BOL,250231010,I,431002,1431002,Region,Cabo Delgado,0,,0,1,WSWTRTHBOL,MZAIS2015431002,2015,AIS,753,608,,,1
MOZ,Nampula,2836963,Households treating water by boiling,4.4,1,MZ,Mozambique,2015,MZ2015AIS,WS_WTRT_H_BOL,250231010,I,431003,1431003,Region,Nampula,0,,0,1,WSWTRTHBOL,MZAIS2015431003,2015,AIS,1608,791,,,1
MOZ,Zambézia,6036829,Households treating water by boiling,3.4,1,MZ,Mozambique,2015,MZ2015AIS,WS_WTRT_H_BOL,250231010,I,431004,1431004,Region,Zambézia,0,,0,1,WSWTRTHBOL,MZAIS2015431004,2015,AIS,898,731,,,1
MOZ,Tete,2743949,Households treating water by boiling,1,1,MZ,Mozambique,2015,MZ2015AIS,WS_WTRT_H_BOL,250231010,I,431005,1431005,Region,Tete,0,,0,1,WSWTRTHBOL,MZAIS2015431005,2015,AIS,585,608,,,1
MOZ,Manica,6927720,Households treating water by boiling,1.3,1,MZ,Mozambique,2015,MZ2015AIS,WS_WTRT_H_BOL,250231010,I,431006,1431006,Region,Manica,0,,0,1,WSWTRTHBOL,MZAIS2015431006,2015,AIS,548,619,,,1
MOZ,Sofala,2881261,Households treating water by boiling,4.5,1,MZ,Mozambique,2015,MZ2015AIS,WS_WTRT_H_BOL,250231010,I,431007,1431007,Region,Sofala,0,,0,1,WSWTRTHBOL,MZAIS2015431007,2015,AIS,598,613,,,1
MOZ,Inhambane,4846519,Households treating water by boiling,3.4,1,MZ,Mozambique,2015,MZ2015AIS,WS_WTRT_H_BOL,250231010,I,431008,1431008,Region,Inhambane,0,,0,1,WSWTRTHBOL,MZAIS2015431008,2015,AIS,483,604,,,1
MOZ,Gaza,7303647,Households treating water by boiling,2.8,1,MZ,Mozambique,2015,MZ2015AIS,WS_WTRT_H_BOL,250231010,I,431009,1431009,Region,Gaza,0,,0,1,WSWTRTHBOL,MZAIS2015431009,2015,AIS,594,785,,,1
MOZ,Maputo Provincia,1178919,Households treating water by boiling,6.5,1,MZ,Mozambique,2015,MZ2015AIS,WS_WTRT_H_BOL,250231010,I,431010,1431010,Region,Maputo Provincia,0,,0,1,WSWTRTHBOL,MZAIS2015431010,2015,AIS,394,614,,,1
MOZ,Maputo Cidade,6076229,Households treating water by boiling,21.3,1,MZ,Mozambique,2015,MZ2015AIS,WS_WTRT_H_BOL,250231010,I,431011,1431011,Region,Maputo Cidade,0,,0,1,WSWTRTHBOL,MZAIS2015431011,2015,AIS,339,584,,,1
MOZ,Niassa,5059882,Households treating water by adding bleach/chlorine,1.1,1,MZ,Mozambique,2015,MZ2015AIS,WS_WTRT_H_BLC,250231020,I,431001,1431001,Region,Niassa,0,,0,1,WSWTRTHBLC,MZAIS2015431001,2015,AIS,370,612,,,1
MOZ,Cabo Delgado,734431,Households treating water by adding bleach/chlorine,2.8,1,MZ,Mozambique,2015,MZ2015AIS,WS_WTRT_H_BLC,250231020,I,431002,1431002,Region,Cabo Delgado,0,,0,1,WSWTRTHBLC,MZAIS2015431002,2015,AIS,753,608,,,1
MOZ,Nampula,2836969,Households treating water by adding bleach/chlorine,0.7,1,MZ,Mozambique,2015,MZ2015AIS,WS_WTRT_H_BLC,250231020,I,431003,1431003,Region,Nampula,0,,0,1,WSWTRTHBLC,MZAIS2015431003,2015,AIS,1608,791,,,1
MOZ,Zambézia,6036835,Households treating water by adding bleach/chlorine,1.2,1,MZ,Mozambique,2015,MZ2015AIS,WS_WTRT_H_BLC,250231020,I,431004,1431004,Region,Zambézia,0,,0,1,WSWTRTHBLC,MZAIS2015431004,2015,AIS,898,731,,,1
MOZ,Tete,2743953,Households treating water by adding bleach/chlorine,1,1,MZ,Mozambique,2015,MZ2015AIS,WS_WTRT_H_BLC,250231020,I,431005,1431005,Region,Tete,0,,0,1,WSWTRTHBLC,MZAIS2015431005,2015,AIS,585,608,,,1
MOZ,Manica,6927716,Households treating water by adding bleach/chlorine,8.5,1,MZ,Mozambique,2015,MZ2015AIS,WS_WTRT_H_BLC,250231020,I,431006,1431006,Region,Manica,0,,0,1,WSWTRTHBLC,MZAIS2015431006,2015,AIS,548,619,,,1
MOZ,Sofala,2881267,Households treating water by adding bleach/chlorine,1.4,1,MZ,Mozambique,2015,MZ2015AIS,WS_WTRT_H_BLC,250231020,I,431007,1431007,Region,Sofala,0,,0,1,WSWTRTHBLC,MZAIS2015431007,2015,AIS,598,613,,,1
MOZ,Inhambane,4846513,Households treating water by adding bleach/chlorine,0.1,1,MZ,Mozambique,2015,MZ2015AIS,WS_WTRT_H_BLC,250231020,I,431008,1431008,Region,Inhambane,0,,0,1,WSWTRTHBLC,MZAIS2015431008,2015,AIS,483,604,,,1
MOZ,Gaza,7303641,Households treating water by adding bleach/chlorine,2.1,1,MZ,Mozambique,2015,MZ2015AIS,WS_WTRT_H_BLC,250231020,I,431009,1431009,Region,Gaza,0,,0,1,WSWTRTHBLC,MZAIS2015431009,2015,AIS,594,785,,,1
MOZ,Maputo Provincia,1178913,Households treating water by adding bleach/chlorine,1.3,1,MZ,Mozambique,2015,MZ2015AIS,WS_WTRT_H_BLC,250231020,I,431010,1431010,Region,Maputo Provincia,0,,0,1,WSWTRTHBLC,MZAIS2015431010,2015,AIS,394,614,,,1
MOZ,Maputo Cidade,6076223,Households treating water by adding bleach/chlorine,1.1,1,MZ,Mozambique,2015,MZ2015AIS,WS_WTRT_H_BLC,250231020,I,431011,1431011,Region,Maputo Cidade,0,,0,1,WSWTRTHBLC,MZAIS2015431011,2015,AIS,339,584,,,1
MOZ,Niassa,5059892,Households treating water by straining through a cloth,0.5,1,MZ,Mozambique,2015,MZ2015AIS,WS_WTRT_H_STN,250231030,I,431001,1431001,Region,Niassa,0,,0,1,WSWTRTHSTN,MZAIS2015431001,2015,AIS,370,612,,,1
MOZ,Cabo Delgado,734442,Households treating water by straining through a cloth,0.4,1,MZ,Mozambique,2015,MZ2015AIS,WS_WTRT_H_STN,250231030,I,431002,1431002,Region,Cabo Delgado,0,,0,1,WSWTRTHSTN,MZAIS2015431002,2015,AIS,753,608,,,1
MOZ,Nampula,2837003,Households treating water by straining through a cloth,0.1,1,MZ,Mozambique,2015,MZ2015AIS,WS_WTRT_H_STN,250231030,I,431003,1431003,Region,Nampula,0,,0,1,WSWTRTHSTN,MZAIS2015431003,2015,AIS,1608,791,,,1
MOZ,Zambézia,6036849,Households treating water by straining through a cloth,0,1,MZ,Mozambique,2015,MZ2015AIS,WS_WTRT_H_STN,250231030,I,431004,1431004,Region,Zambézia,0,,0,1,WSWTRTHSTN,MZAIS2015431004,2015,AIS,898,731,,,1
MOZ,Tete,2744032,Households treating water by straining through a cloth,0,1,MZ,Mozambique,2015,MZ2015AIS,WS_WTRT_H_STN,250231030,I,431005,1431005,Region,Tete,0,,0,1,WSWTRTHSTN,MZAIS2015431005,2015,AIS,585,608,,,1
MOZ,Manica,6927719,Households treating water by straining through a cloth,0,1,MZ,Mozambique,2015,MZ2015AIS,WS_WTRT_H_STN,250231030,I,431006,1431006,Region,Manica,0,,0,1,WSWTRTHSTN,MZAIS2015431006,2015,AIS,548,619,,,1
MOZ,Sofala,2881302,Households treating water by straining through a cloth,0.1,1,MZ,Mozambique,2015,MZ2015AIS,WS_WTRT_H_STN,250231030,I,431007,1431007,Region,Sofala,0,,0,1,WSWTRTHSTN,MZAIS2015431007,2015,AIS,598,613,,,1
MOZ,Inhambane,4846525,Households treating water by straining through a cloth,0,1,MZ,Mozambique,2015,MZ2015AIS,WS_WTRT_H_STN,250231030,I,431008,1431008,Region,Inhambane,0,,0,1,WSWTRTHSTN,MZAIS2015431008,2015,AIS,483,604,,,1
MOZ,Gaza,7303650,Households treating water by straining through a cloth,0,1,MZ,Mozambique,2015,MZ2015AIS,WS_WTRT_H_STN,250231030,I,431009,1431009,Region,Gaza,0,,0,1,WSWTRTHSTN,MZAIS2015431009,2015,AIS,594,785,,,1
MOZ,Maputo Provincia,1178931,Households treating water by straining through a cloth,0,1,MZ,Mozambique,2015,MZ2015AIS,WS_WTRT_H_STN,250231030,I,431010,1431010,Region,Maputo Provincia,0,,0,1,WSWTRTHSTN,MZAIS2015431010,2015,AIS,394,614,,,1
MOZ,Maputo Cidade,6076233,Households treating water by straining through a cloth,0.2,1,MZ,Mozambique,2015,MZ2015AIS,WS_WTRT_H_STN,250231030,I,431011,1431011,Region,Maputo Cidade,0,,0,1,WSWTRTHSTN,MZAIS2015431011,2015,AIS,339,584,,,1
MOZ,Niassa,5059883,"Households treating water using a ceramic, sand or other filter",0.1,1,MZ,Mozambique,2015,MZ2015AIS,WS_WTRT_H_CER,250231040,I,431001,1431001,Region,Niassa,0,,0,1,WSWTRTHCER,MZAIS2015431001,2015,AIS,370,612,,,1
MOZ,Cabo Delgado,734432,"Households treating water using a ceramic, sand or other filter",0.2,1,MZ,Mozambique,2015,MZ2015AIS,WS_WTRT_H_CER,250231040,I,431002,1431002,Region,Cabo Delgado,0,,0,1,WSWTRTHCER,MZAIS2015431002,2015,AIS,753,608,,,1
MOZ,Nampula,2836970,"Households treating water using a ceramic, sand or other filter",0,1,MZ,Mozambique,2015,MZ2015AIS,WS_WTRT_H_CER,250231040,I,431003,1431003,Region,Nampula,0,,0,1,WSWTRTHCER,MZAIS2015431003,2015,AIS,1608,791,,,1
MOZ,Zambézia,6036836,"Households treating water using a ceramic, sand or other filter",0,1,MZ,Mozambique,2015,MZ2015AIS,WS_WTRT_H_CER,250231040,I,431004,1431004,Region,Zambézia,0,,0,1,WSWTRTHCER,MZAIS2015431004,2015,AIS,898,731,,,1
MOZ,Tete,2743954,"Households treating water using a ceramic, sand or other filter",0,1,MZ,Mozambique,2015,MZ2015AIS,WS_WTRT_H_CER,250231040,I,431005,1431005,Region,Tete,0,,0,1,WSWTRTHCER,MZAIS2015431005,2015,AIS,585,608,,,1
MOZ,Manica,6927717,"Households treating water using a ceramic, sand or other filter",0,1,MZ,Mozambique,2015,MZ2015AIS,WS_WTRT_H_CER,250231040,I,431006,1431006,Region,Manica,0,,0,1,WSWTRTHCER,MZAIS2015431006,2015,AIS,548,619,,,1
MOZ,Sofala,2881268,"Households treating water using a ceramic, sand or other filter",0,1,MZ,Mozambique,2015,MZ2015AIS,WS_WTRT_H_CER,250231040,I,431007,1431007,Region,Sofala,0,,0,1,WSWTRTHCER,MZAIS2015431007,2015,AIS,598,613,,,1
MOZ,Inhambane,4846514,"Households treating water using a ceramic, sand or other filter",0,1,MZ,Mozambique,2015,MZ2015AIS,WS_WTRT_H_CER,250231040,I,431008,1431008,Region,Inhambane,0,,0,1,WSWTRTHCER,MZAIS2015431008,2015,AIS,483,604,,,1
MOZ,Gaza,7303642,"Households treating water using a ceramic, sand or other filter",0,1,MZ,Mozambique,2015,MZ2015AIS,WS_WTRT_H_CER,250231040,I,431009,1431009,Region,Gaza,0,,0,1,WSWTRTHCER,MZAIS2015431009,2015,AIS,594,785,,,1
MOZ,Maputo Provincia,1178914,"Households treating water using a ceramic, sand or other filter",0.4,1,MZ,Mozambique,2015,MZ2015AIS,WS_WTRT_H_CER,250231040,I,431010,1431010,Region,Maputo Provincia,0,,0,1,WSWTRTHCER,MZAIS2015431010,2015,AIS,394,614,,,1
MOZ,Maputo Cidade,6076224,"Households treating water using a ceramic, sand or other filter",0.4,1,MZ,Mozambique,2015,MZ2015AIS,WS_WTRT_H_CER,250231040,I,431011,1431011,Region,Maputo Cidade,0,,0,1,WSWTRTHCER,MZAIS2015431011,2015,AIS,339,584,,,1
MOZ,Niassa,5059904,Households treating water using other methods,5.4,1,MZ,Mozambique,2015,MZ2015AIS,WS_WTRT_H_OTH,250231060,I,431001,1431001,Region,Niassa,0,,0,1,WSWTRTHOTH,MZAIS2015431001,2015,AIS,370,612,,,1
MOZ,Cabo Delgado,734435,Households treating water using other methods,9.3,1,MZ,Mozambique,2015,MZ2015AIS,WS_WTRT_H_OTH,250231060,I,431002,1431002,Region,Cabo Delgado,0,,0,1,WSWTRTHOTH,MZAIS2015431002,2015,AIS,753,608,,,1
MOZ,Nampula,2836974,Households treating water using other methods,6.8,1,MZ,Mozambique,2015,MZ2015AIS,WS_WTRT_H_OTH,250231060,I,431003,1431003,Region,Nampula,0,,0,1,WSWTRTHOTH,MZAIS2015431003,2015,AIS,1608,791,,,1
MOZ,Zambézia,6036840,Households treating water using other methods,5,1,MZ,Mozambique,2015,MZ2015AIS,WS_WTRT_H_OTH,250231060,I,431004,1431004,Region,Zambézia,0,,0,1,WSWTRTHOTH,MZAIS2015431004,2015,AIS,898,731,,,1
MOZ,Tete,2743958,Households treating water using other methods,3.8,1,MZ,Mozambique,2015,MZ2015AIS,WS_WTRT_H_OTH,250231060,I,431005,1431005,Region,Tete,0,,0,1,WSWTRTHOTH,MZAIS2015431005,2015,AIS,585,608,,,1
MOZ,Manica,6927724,Households treating water using other methods,4.4,1,MZ,Mozambique,2015,MZ2015AIS,WS_WTRT_H_OTH,250231060,I,431006,1431006,Region,Manica,0,,0,1,WSWTRTHOTH,MZAIS2015431006,2015,AIS,548,619,,,1
MOZ,Sofala,2881287,Households treating water using other methods,11.3,1,MZ,Mozambique,2015,MZ2015AIS,WS_WTRT_H_OTH,250231060,I,431007,1431007,Region,Sofala,0,,0,1,WSWTRTHOTH,MZAIS2015431007,2015,AIS,598,613,,,1
MOZ,Inhambane,4846526,Households treating water using other methods,1.2,1,MZ,Mozambique,2015,MZ2015AIS,WS_WTRT_H_OTH,250231060,I,431008,1431008,Region,Inhambane,0,,0,1,WSWTRTHOTH,MZAIS2015431008,2015,AIS,483,604,,,1
MOZ,Gaza,7303651,Households treating water using other methods,5.1,1,MZ,Mozambique,2015,MZ2015AIS,WS_WTRT_H_OTH,250231060,I,431009,1431009,Region,Gaza,0,,0,1,WSWTRTHOTH,MZAIS2015431009,2015,AIS,594,785,,,1
MOZ,Maputo Provincia,1178947,Households treating water using other methods,5.6,1,MZ,Mozambique,2015,MZ2015AIS,WS_WTRT_H_OTH,250231060,I,431010,1431010,Region,Maputo Provincia,0,,0,1,WSWTRTHOTH,MZAIS2015431010,2015,AIS,394,614,,,1
MOZ,Maputo Cidade,6076236,Households treating water using other methods,7.1,1,MZ,Mozambique,2015,MZ2015AIS,WS_WTRT_H_OTH,250231060,I,431011,1431011,Region,Maputo Cidade,0,,0,1,WSWTRTHOTH,MZAIS2015431011,2015,AIS,339,584,,,1
MOZ,Niassa,5059905,Households not treating water,89.9,1,MZ,Mozambique,2015,MZ2015AIS,WS_WTRT_H_NTR,250231070,I,431001,1431001,Region,Niassa,0,,0,1,WSWTRTHNTR,MZAIS2015431001,2015,AIS,370,612,,,1
MOZ,Cabo Delgado,734436,Households not treating water,85.9,1,MZ,Mozambique,2015,MZ2015AIS,WS_WTRT_H_NTR,250231070,I,431002,1431002,Region,Cabo Delgado,0,,0,1,WSWTRTHNTR,MZAIS2015431002,2015,AIS,753,608,,,1
MOZ,Nampula,2836975,Households not treating water,89.6,1,MZ,Mozambique,2015,MZ2015AIS,WS_WTRT_H_NTR,250231070,I,431003,1431003,Region,Nampula,0,,0,1,WSWTRTHNTR,MZAIS2015431003,2015,AIS,1608,791,,,1
MOZ,Zambézia,6036841,Households not treating water,90.9,1,MZ,Mozambique,2015,MZ2015AIS,WS_WTRT_H_NTR,250231070,I,431004,1431004,Region,Zambézia,0,,0,1,WSWTRTHNTR,MZAIS2015431004,2015,AIS,898,731,,,1
MOZ,Tete,2743959,Households not treating water,93.8,1,MZ,Mozambique,2015,MZ2015AIS,WS_WTRT_H_NTR,250231070,I,431005,1431005,Region,Tete,0,,0,1,WSWTRTHNTR,MZAIS2015431005,2015,AIS,585,608,,,1
MOZ,Manica,6927725,Households not treating water,87.8,1,MZ,Mozambique,2015,MZ2015AIS,WS_WTRT_H_NTR,250231070,I,431006,1431006,Region,Manica,0,,0,1,WSWTRTHNTR,MZAIS2015431006,2015,AIS,548,619,,,1
MOZ,Sofala,2881288,Households not treating water,84.1,1,MZ,Mozambique,2015,MZ2015AIS,WS_WTRT_H_NTR,250231070,I,431007,1431007,Region,Sofala,0,,0,1,WSWTRTHNTR,MZAIS2015431007,2015,AIS,598,613,,,1
MOZ,Inhambane,4846544,Households not treating water,95.1,1,MZ,Mozambique,2015,MZ2015AIS,WS_WTRT_H_NTR,250231070,I,431008,1431008,Region,Inhambane,0,,0,1,WSWTRTHNTR,MZAIS2015431008,2015,AIS,483,604,,,1
MOZ,Gaza,7303652,Households not treating water,90.5,1,MZ,Mozambique,2015,MZ2015AIS,WS_WTRT_H_NTR,250231070,I,431009,1431009,Region,Gaza,0,,0,1,WSWTRTHNTR,MZAIS2015431009,2015,AIS,594,785,,,1
MOZ,Maputo Provincia,1178948,Households not treating water,87.4,1,MZ,Mozambique,2015,MZ2015AIS,WS_WTRT_H_NTR,250231070,I,431010,1431010,Region,Maputo Provincia,0,,0,1,WSWTRTHNTR,MZAIS2015431010,2015,AIS,394,614,,,1
MOZ,Maputo Cidade,6076237,Households not treating water,73.5,1,MZ,Mozambique,2015,MZ2015AIS,WS_WTRT_H_NTR,250231070,I,431011,1431011,Region,Maputo Cidade,0,,0,1,WSWTRTHNTR,MZAIS2015431011,2015,AIS,339,584,,,1
MOZ,Niassa,5059946,Households with missing information on treatment of water,0.1,1,MZ,Mozambique,2015,MZ2015AIS,WS_WTRT_H_DKM,250231080,S,431001,1431001,Region,Niassa,0,,0,1,WSWTRTHDKM,MZAIS2015431001,2015,AIS,370,612,,,1
MOZ,Cabo Delgado,734437,Households with missing information on treatment of water,0,1,MZ,Mozambique,2015,MZ2015AIS,WS_WTRT_H_DKM,250231080,S,431002,1431002,Region,Cabo Delgado,0,,0,1,WSWTRTHDKM,MZAIS2015431002,2015,AIS,753,608,,,1
MOZ,Nampula,2836976,Households with missing information on treatment of water,0,1,MZ,Mozambique,2015,MZ2015AIS,WS_WTRT_H_DKM,250231080,S,431003,1431003,Region,Nampula,0,,0,1,WSWTRTHDKM,MZAIS2015431003,2015,AIS,1608,791,,,1
MOZ,Zambézia,6036842,Households with missing information on treatment of water,0,1,MZ,Mozambique,2015,MZ2015AIS,WS_WTRT_H_DKM,250231080,S,431004,1431004,Region,Zambézia,0,,0,1,WSWTRTHDKM,MZAIS2015431004,2015,AIS,898,731,,,1
MOZ,Tete,2743960,Households with missing information on treatment of water,0,1,MZ,Mozambique,2015,MZ2015AIS,WS_WTRT_H_DKM,250231080,S,431005,1431005,Region,Tete,0,,0,1,WSWTRTHDKM,MZAIS2015431005,2015,AIS,585,608,,,1
MOZ,Manica,6927726,Households with missing information on treatment of water,0,1,MZ,Mozambique,2015,MZ2015AIS,WS_WTRT_H_DKM,250231080,S,431006,1431006,Region,Manica,0,,0,1,WSWTRTHDKM,MZAIS2015431006,2015,AIS,548,619,,,1
MOZ,Sofala,2881289,Households with missing information on treatment of water,0,1,MZ,Mozambique,2015,MZ2015AIS,WS_WTRT_H_DKM,250231080,S,431007,1431007,Region,Sofala,0,,0,1,WSWTRTHDKM,MZAIS2015431007,2015,AIS,598,613,,,1
MOZ,Inhambane,4846545,Households with missing information on treatment of water,0,1,MZ,Mozambique,2015,MZ2015AIS,WS_WTRT_H_DKM,250231080,S,431008,1431008,Region,Inhambane,0,,0,1,WSWTRTHDKM,MZAIS2015431008,2015,AIS,483,604,,,1
MOZ,Gaza,7303653,Households with missing information on treatment of water,0,1,MZ,Mozambique,2015,MZ2015AIS,WS_WTRT_H_DKM,250231080,S,431009,1431009,Region,Gaza,0,,0,1,WSWTRTHDKM,MZAIS2015431009,2015,AIS,594,785,,,1
MOZ,Maputo Provincia,1178949,Households with missing information on treatment of water,0.1,1,MZ,Mozambique,2015,MZ2015AIS,WS_WTRT_H_DKM,250231080,S,431010,1431010,Region,Maputo Provincia,0,,0,1,WSWTRTHDKM,MZAIS2015431010,2015,AIS,394,614,,,1
MOZ,Maputo Cidade,6076238,Households with missing information on treatment of water,0,1,MZ,Mozambique,2015,MZ2015AIS,WS_WTRT_H_DKM,250231080,S,431011,1431011,Region,Maputo Cidade,0,,0,1,WSWTRTHDKM,MZAIS2015431011,2015,AIS,339,584,,,1
MOZ,Niassa,5059814,Households using an appropriate treatment method,9.7,1,MZ,Mozambique,2015,MZ2015AIS,WS_WTRT_H_APP,250231090,I,431001,1431001,Region,Niassa,0,,0,1,WSWTRTHAPP,MZAIS2015431001,2015,AIS,370,612,,,1
MOZ,Cabo Delgado,734438,Households using an appropriate treatment method,13.3,1,MZ,Mozambique,2015,MZ2015AIS,WS_WTRT_H_APP,250231090,I,431002,1431002,Region,Cabo Delgado,0,,0,1,WSWTRTHAPP,MZAIS2015431002,2015,AIS,753,608,,,1
MOZ,Nampula,2836977,Households using an appropriate treatment method,9.6,1,MZ,Mozambique,2015,MZ2015AIS,WS_WTRT_H_APP,250231090,I,431003,1431003,Region,Nampula,0,,0,1,WSWTRTHAPP,MZAIS2015431003,2015,AIS,1608,791,,,1
MOZ,Zambézia,6036843,Households using an appropriate treatment method,8.5,1,MZ,Mozambique,2015,MZ2015AIS,WS_WTRT_H_APP,250231090,I,431004,1431004,Region,Zambézia,0,,0,1,WSWTRTHAPP,MZAIS2015431004,2015,AIS,898,731,,,1
MOZ,Tete,2743961,Households using an appropriate treatment method,5.7,1,MZ,Mozambique,2015,MZ2015AIS,WS_WTRT_H_APP,250231090,I,431005,1431005,Region,Tete,0,,0,1,WSWTRTHAPP,MZAIS2015431005,2015,AIS,585,608,,,1
MOZ,Manica,6927727,Households using an appropriate treatment method,12,1,MZ,Mozambique,2015,MZ2015AIS,WS_WTRT_H_APP,250231090,I,431006,1431006,Region,Manica,0,,0,1,WSWTRTHAPP,MZAIS2015431006,2015,AIS,548,619,,,1
MOZ,Sofala,2881290,Households using an appropriate treatment method,15.3,1,MZ,Mozambique,2015,MZ2015AIS,WS_WTRT_H_APP,250231090,I,431007,1431007,Region,Sofala,0,,0,1,WSWTRTHAPP,MZAIS2015431007,2015,AIS,598,613,,,1
MOZ,Inhambane,4846546,Households using an appropriate treatment method,4.4,1,MZ,Mozambique,2015,MZ2015AIS,WS_WTRT_H_APP,250231090,I,431008,1431008,Region,Inhambane,0,,0,1,WSWTRTHAPP,MZAIS2015431008,2015,AIS,483,604,,,1
MOZ,Gaza,7303654,Households using an appropriate treatment method,9.1,1,MZ,Mozambique,2015,MZ2015AIS,WS_WTRT_H_APP,250231090,I,431009,1431009,Region,Gaza,0,,0,1,WSWTRTHAPP,MZAIS2015431009,2015,AIS,594,785,,,1
MOZ,Maputo Provincia,1178950,Households using an appropriate treatment method,12.1,1,MZ,Mozambique,2015,MZ2015AIS,WS_WTRT_H_APP,250231090,I,431010,1431010,Region,Maputo Provincia,0,,0,1,WSWTRTHAPP,MZAIS2015431010,2015,AIS,394,614,,,1
MOZ,Maputo Cidade,6076239,Households using an appropriate treatment method,26.1,1,MZ,Mozambique,2015,MZ2015AIS,WS_WTRT_H_APP,250231090,I,431011,1431011,Region,Maputo Cidade,0,,0,1,WSWTRTHAPP,MZAIS2015431011,2015,AIS,339,584,,,1
MOZ,Niassa,5170906,Number of households,370,0,MZ,Mozambique,2015,MZ2015AIS,WS_WTRT_H_NUM,250231100,D,431001,1431001,Region,Niassa,0,,0,1,WSWTRTHNUM,MZAIS2015431001,2015,AIS,,612,,,1
MOZ,Cabo Delgado,1186681,Number of households,753,0,MZ,Mozambique,2015,MZ2015AIS,WS_WTRT_H_NUM,250231100,D,431002,1431002,Region,Cabo Delgado,0,,0,1,WSWTRTHNUM,MZAIS2015431002,2015,AIS,,608,,,1
MOZ,Nampula,1171604,Number of households,1608,0,MZ,Mozambique,2015,MZ2015AIS,WS_WTRT_H_NUM,250231100,D,431003,1431003,Region,Nampula,0,,0,1,WSWTRTHNUM,MZAIS2015431003,2015,AIS,,791,,,1
MOZ,Zambézia,6177520,Number of households,898,0,MZ,Mozambique,2015,MZ2015AIS,WS_WTRT_H_NUM,250231100,D,431004,1431004,Region,Zambézia,0,,0,1,WSWTRTHNUM,MZAIS2015431004,2015,AIS,,731,,,1
MOZ,Tete,265587,Number of households,585,0,MZ,Mozambique,2015,MZ2015AIS,WS_WTRT_H_NUM,250231100,D,431005,1431005,Region,Tete,0,,0,1,WSWTRTHNUM,MZAIS2015431005,2015,AIS,,608,,,1
MOZ,Manica,6958631,Number of households,548,0,MZ,Mozambique,2015,MZ2015AIS,WS_WTRT_H_NUM,250231100,D,431006,1431006,Region,Manica,0,,0,1,WSWTRTHNUM,MZAIS2015431006,2015,AIS,,619,,,1
MOZ,Sofala,1178936,Number of households,598,0,MZ,Mozambique,2015,MZ2015AIS,WS_WTRT_H_NUM,250231100,D,431007,1431007,Region,Sofala,0,,0,1,WSWTRTHNUM,MZAIS2015431007,2015,AIS,,613,,,1
MOZ,Inhambane,4925414,Number of households,483,0,MZ,Mozambique,2015,MZ2015AIS,WS_WTRT_H_NUM,250231100,D,431008,1431008,Region,Inhambane,0,,0,1,WSWTRTHNUM,MZAIS2015431008,2015,AIS,,604,,,1
MOZ,Gaza,7336383,Number of households,594,0,MZ,Mozambique,2015,MZ2015AIS,WS_WTRT_H_NUM,250231100,D,431009,1431009,Region,Gaza,0,,0,1,WSWTRTHNUM,MZAIS2015431009,2015,AIS,,785,,,1
MOZ,Maputo Provincia,1178932,Number of households,394,0,MZ,Mozambique,2015,MZ2015AIS,WS_WTRT_H_NUM,250231100,D,431010,1431010,Region,Maputo Provincia,0,,0,1,WSWTRTHNUM,MZAIS2015431010,2015,AIS,,614,,,1
MOZ,Maputo Cidade,6159883,Number of households,339,0,MZ,Mozambique,2015,MZ2015AIS,WS_WTRT_H_NUM,250231100,D,431011,1431011,Region,Maputo Cidade,0,,0,1,WSWTRTHNUM,MZAIS2015431011,2015,AIS,,584,,,1
MOZ,Niassa,200451,Number of households (unweighted),612,0,MZ,Mozambique,2015,MZ2015AIS,WS_WTRT_H_UNW,250231110,U,431001,1431001,Region,Niassa,0,,0,1,WSWTRTHUNW,MZAIS2015431001,2015,AIS,370,,,,1
MOZ,Cabo Delgado,734450,Number of households (unweighted),608,0,MZ,Mozambique,2015,MZ2015AIS,WS_WTRT_H_UNW,250231110,U,431002,1431002,Region,Cabo Delgado,0,,0,1,WSWTRTHUNW,MZAIS2015431002,2015,AIS,753,,,,1
MOZ,Nampula,2836996,Number of households (unweighted),791,0,MZ,Mozambique,2015,MZ2015AIS,WS_WTRT_H_UNW,250231110,U,431003,1431003,Region,Nampula,0,,0,1,WSWTRTHUNW,MZAIS2015431003,2015,AIS,1608,,,,1
MOZ,Zambézia,786876,Number of households (unweighted),731,0,MZ,Mozambique,2015,MZ2015AIS,WS_WTRT_H_UNW,250231110,U,431004,1431004,Region,Zambézia,0,,0,1,WSWTRTHUNW,MZAIS2015431004,2015,AIS,898,,,,1
MOZ,Tete,2743934,Number of households (unweighted),608,0,MZ,Mozambique,2015,MZ2015AIS,WS_WTRT_H_UNW,250231110,U,431005,1431005,Region,Tete,0,,0,1,WSWTRTHUNW,MZAIS2015431005,2015,AIS,585,,,,1
MOZ,Manica,502547,Number of households (unweighted),619,0,MZ,Mozambique,2015,MZ2015AIS,WS_WTRT_H_UNW,250231110,U,431006,1431006,Region,Manica,0,,0,1,WSWTRTHUNW,MZAIS2015431006,2015,AIS,548,,,,1
MOZ,Sofala,2881244,Number of households (unweighted),613,0,MZ,Mozambique,2015,MZ2015AIS,WS_WTRT_H_UNW,250231110,U,431007,1431007,Region,Sofala,0,,0,1,WSWTRTHUNW,MZAIS2015431007,2015,AIS,598,,,,1
MOZ,Inhambane,3025610,Number of households (unweighted),604,0,MZ,Mozambique,2015,MZ2015AIS,WS_WTRT_H_UNW,250231110,U,431008,1431008,Region,Inhambane,0,,0,1,WSWTRTHUNW,MZAIS2015431008,2015,AIS,483,,,,1
MOZ,Gaza,3314482,Number of households (unweighted),785,0,MZ,Mozambique,2015,MZ2015AIS,WS_WTRT_H_UNW,250231110,U,431009,1431009,Region,Gaza,0,,0,1,WSWTRTHUNW,MZAIS2015431009,2015,AIS,594,,,,1
MOZ,Maputo Provincia,1178987,Number of households (unweighted),614,0,MZ,Mozambique,2015,MZ2015AIS,WS_WTRT_H_UNW,250231110,U,431010,1431010,Region,Maputo Provincia,0,,0,1,WSWTRTHUNW,MZAIS2015431010,2015,AIS,394,,,,1
MOZ,Maputo Cidade,402909,Number of households (unweighted),584,0,MZ,Mozambique,2015,MZ2015AIS,WS_WTRT_H_UNW,250231110,U,431011,1431011,Region,Maputo Cidade,0,,0,1,WSWTRTHUNW,MZAIS2015431011,2015,AIS,339,,,,1
MOZ,Niassa,6830155,Population treating water by boiling,6.3,1,MZ,Mozambique,2015,MZ2015AIS,WS_WTRT_P_BOL,250232010,I,431001,1431001,Region,Niassa,0,,0,1,WSWTRTPBOL,MZAIS2015431001,2015,AIS,1864,3120,,,1
MOZ,Cabo Delgado,1186721,Population treating water by boiling,2.8,1,MZ,Mozambique,2015,MZ2015AIS,WS_WTRT_P_BOL,250232010,I,431002,1431002,Region,Cabo Delgado,0,,0,1,WSWTRTPBOL,MZAIS2015431002,2015,AIS,3300,2698,,,1
MOZ,Nampula,6974483,Population treating water by boiling,5,1,MZ,Mozambique,2015,MZ2015AIS,WS_WTRT_P_BOL,250232010,I,431003,1431003,Region,Nampula,0,,0,1,WSWTRTPBOL,MZAIS2015431003,2015,AIS,6861,3441,,,1
MOZ,Zambézia,1163407,Population treating water by boiling,3.6,1,MZ,Mozambique,2015,MZ2015AIS,WS_WTRT_P_BOL,250232010,I,431004,1431004,Region,Zambézia,0,,0,1,WSWTRTPBOL,MZAIS2015431004,2015,AIS,3768,3095,,,1
MOZ,Tete,4505583,Population treating water by boiling,1.2,1,MZ,Mozambique,2015,MZ2015AIS,WS_WTRT_P_BOL,250232010,I,431005,1431005,Region,Tete,0,,0,1,WSWTRTPBOL,MZAIS2015431005,2015,AIS,2399,2562,,,1
MOZ,Manica,4188094,Population treating water by boiling,1.5,1,MZ,Mozambique,2015,MZ2015AIS,WS_WTRT_P_BOL,250232010,I,431006,1431006,Region,Manica,0,,0,1,WSWTRTPBOL,MZAIS2015431006,2015,AIS,2494,2852,,,1
MOZ,Sofala,4612639,Population treating water by boiling,3.8,1,MZ,Mozambique,2015,MZ2015AIS,WS_WTRT_P_BOL,250232010,I,431007,1431007,Region,Sofala,0,,0,1,WSWTRTPBOL,MZAIS2015431007,2015,AIS,3007,2991,,,1
MOZ,Inhambane,5879663,Population treating water by boiling,3.5,1,MZ,Mozambique,2015,MZ2015AIS,WS_WTRT_P_BOL,250232010,I,431008,1431008,Region,Inhambane,0,,0,1,WSWTRTPBOL,MZAIS2015431008,2015,AIS,2204,2653,,,1
MOZ,Gaza,5440127,Population treating water by boiling,2.5,1,MZ,Mozambique,2015,MZ2015AIS,WS_WTRT_P_BOL,250232010,I,431009,1431009,Region,Gaza,0,,0,1,WSWTRTPBOL,MZAIS2015431009,2015,AIS,2739,3568,,,1
MOZ,Maputo Provincia,5532241,Population treating water by boiling,6.1,1,MZ,Mozambique,2015,MZ2015AIS,WS_WTRT_P_BOL,250232010,I,431010,1431010,Region,Maputo Provincia,0,,0,1,WSWTRTPBOL,MZAIS2015431010,2015,AIS,1714,2728,,,1
MOZ,Maputo Cidade,1179019,Population treating water by boiling,20.9,1,MZ,Mozambique,2015,MZ2015AIS,WS_WTRT_P_BOL,250232010,I,431011,1431011,Region,Maputo Cidade,0,,0,1,WSWTRTPBOL,MZAIS2015431011,2015,AIS,1652,2849,,,1
MOZ,Niassa,6830156,Population treating water by adding bleach/chlorine,1.3,1,MZ,Mozambique,2015,MZ2015AIS,WS_WTRT_P_BLC,250232020,I,431001,1431001,Region,Niassa,0,,0,1,WSWTRTPBLC,MZAIS2015431001,2015,AIS,1864,3120,,,1
MOZ,Cabo Delgado,1186728,Population treating water by adding bleach/chlorine,3.8,1,MZ,Mozambique,2015,MZ2015AIS,WS_WTRT_P_BLC,250232020,I,431002,1431002,Region,Cabo Delgado,0,,0,1,WSWTRTPBLC,MZAIS2015431002,2015,AIS,3300,2698,,,1
MOZ,Nampula,6974484,Population treating water by adding bleach/chlorine,0.8,1,MZ,Mozambique,2015,MZ2015AIS,WS_WTRT_P_BLC,250232020,I,431003,1431003,Region,Nampula,0,,0,1,WSWTRTPBLC,MZAIS2015431003,2015,AIS,6861,3441,,,1
MOZ,Zambézia,1163422,Population treating water by adding bleach/chlorine,1.6,1,MZ,Mozambique,2015,MZ2015AIS,WS_WTRT_P_BLC,250232020,I,431004,1431004,Region,Zambézia,0,,0,1,WSWTRTPBLC,MZAIS2015431004,2015,AIS,3768,3095,,,1
MOZ,Tete,4505584,Population treating water by adding bleach/chlorine,1,1,MZ,Mozambique,2015,MZ2015AIS,WS_WTRT_P_BLC,250232020,I,431005,1431005,Region,Tete,0,,0,1,WSWTRTPBLC,MZAIS2015431005,2015,AIS,2399,2562,,,1
MOZ,Manica,4188109,Population treating water by adding bleach/chlorine,9,1,MZ,Mozambique,2015,MZ2015AIS,WS_WTRT_P_BLC,250232020,I,431006,1431006,Region,Manica,0,,0,1,WSWTRTPBLC,MZAIS2015431006,2015,AIS,2494,2852,,,1
MOZ,Sofala,4612640,Population treating water by adding bleach/chlorine,1.5,1,MZ,Mozambique,2015,MZ2015AIS,WS_WTRT_P_BLC,250232020,I,431007,1431007,Region,Sofala,0,,0,1,WSWTRTPBLC,MZAIS2015431007,2015,AIS,3007,2991,,,1
MOZ,Inhambane,5879664,Population treating water by adding bleach/chlorine,0.1,1,MZ,Mozambique,2015,MZ2015AIS,WS_WTRT_P_BLC,250232020,I,431008,1431008,Region,Inhambane,0,,0,1,WSWTRTPBLC,MZAIS2015431008,2015,AIS,2204,2653,,,1
MOZ,Gaza,5440128,Population treating water by adding bleach/chlorine,2.4,1,MZ,Mozambique,2015,MZ2015AIS,WS_WTRT_P_BLC,250232020,I,431009,1431009,Region,Gaza,0,,0,1,WSWTRTPBLC,MZAIS2015431009,2015,AIS,2739,3568,,,1
MOZ,Maputo Provincia,5532242,Population treating water by adding bleach/chlorine,1.4,1,MZ,Mozambique,2015,MZ2015AIS,WS_WTRT_P_BLC,250232020,I,431010,1431010,Region,Maputo Provincia,0,,0,1,WSWTRTPBLC,MZAIS2015431010,2015,AIS,1714,2728,,,1
MOZ,Maputo Cidade,1179020,Population treating water by adding bleach/chlorine,1.1,1,MZ,Mozambique,2015,MZ2015AIS,WS_WTRT_P_BLC,250232020,I,431011,1431011,Region,Maputo Cidade,0,,0,1,WSWTRTPBLC,MZAIS2015431011,2015,AIS,1652,2849,,,1
MOZ,Niassa,6830161,Population treating water by straining through a cloth,0.4,1,MZ,Mozambique,2015,MZ2015AIS,WS_WTRT_P_STN,250232030,I,431001,1431001,Region,Niassa,0,,0,1,WSWTRTPSTN,MZAIS2015431001,2015,AIS,1864,3120,,,1
MOZ,Cabo Delgado,1186719,Population treating water by straining through a cloth,0.6,1,MZ,Mozambique,2015,MZ2015AIS,WS_WTRT_P_STN,250232030,I,431002,1431002,Region,Cabo Delgado,0,,0,1,WSWTRTPSTN,MZAIS2015431002,2015,AIS,3300,2698,,,1
MOZ,Nampula,6974490,Population treating water by straining through a cloth,0.1,1,MZ,Mozambique,2015,MZ2015AIS,WS_WTRT_P_STN,250232030,I,431003,1431003,Region,Nampula,0,,0,1,WSWTRTPSTN,MZAIS2015431003,2015,AIS,6861,3441,,,1
MOZ,Zambézia,1163421,Population treating water by straining through a cloth,0,1,MZ,Mozambique,2015,MZ2015AIS,WS_WTRT_P_STN,250232030,I,431004,1431004,Region,Zambézia,0,,0,1,WSWTRTPSTN,MZAIS2015431004,2015,AIS,3768,3095,,,1
MOZ,Tete,4505580,Population treating water by straining through a cloth,0,1,MZ,Mozambique,2015,MZ2015AIS,WS_WTRT_P_STN,250232030,I,431005,1431005,Region,Tete,0,,0,1,WSWTRTPSTN,MZAIS2015431005,2015,AIS,2399,2562,,,1
MOZ,Manica,4188107,Population treating water by straining through a cloth,0,1,MZ,Mozambique,2015,MZ2015AIS,WS_WTRT_P_STN,250232030,I,431006,1431006,Region,Manica,0,,0,1,WSWTRTPSTN,MZAIS2015431006,2015,AIS,2494,2852,,,1
MOZ,Sofala,4612748,Population treating water by straining through a cloth,0.1,1,MZ,Mozambique,2015,MZ2015AIS,WS_WTRT_P_STN,250232030,I,431007,1431007,Region,Sofala,0,,0,1,WSWTRTPSTN,MZAIS2015431007,2015,AIS,3007,2991,,,1
MOZ,Inhambane,5879766,Population treating water by straining through a cloth,0,1,MZ,Mozambique,2015,MZ2015AIS,WS_WTRT_P_STN,250232030,I,431008,1431008,Region,Inhambane,0,,0,1,WSWTRTPSTN,MZAIS2015431008,2015,AIS,2204,2653,,,1
MOZ,Gaza,5440119,Population treating water by straining through a cloth,0,1,MZ,Mozambique,2015,MZ2015AIS,WS_WTRT_P_STN,250232030,I,431009,1431009,Region,Gaza,0,,0,1,WSWTRTPSTN,MZAIS2015431009,2015,AIS,2739,3568,,,1
MOZ,Maputo Provincia,5532223,Population treating water by straining through a cloth,0,1,MZ,Mozambique,2015,MZ2015AIS,WS_WTRT_P_STN,250232030,I,431010,1431010,Region,Maputo Provincia,0,,0,1,WSWTRTPSTN,MZAIS2015431010,2015,AIS,1714,2728,,,1
MOZ,Maputo Cidade,1179013,Population treating water by straining through a cloth,0.2,1,MZ,Mozambique,2015,MZ2015AIS,WS_WTRT_P_STN,250232030,I,431011,1431011,Region,Maputo Cidade,0,,0,1,WSWTRTPSTN,MZAIS2015431011,2015,AIS,1652,2849,,,1
MOZ,Niassa,6830150,"Population treating water using a ceramic, sand or other filter",0.1,1,MZ,Mozambique,2015,MZ2015AIS,WS_WTRT_P_CER,250232040,I,431001,1431001,Region,Niassa,0,,0,1,WSWTRTPCER,MZAIS2015431001,2015,AIS,1864,3120,,,1
MOZ,Cabo Delgado,1186696,"Population treating water using a ceramic, sand or other filter",0.4,1,MZ,Mozambique,2015,MZ2015AIS,WS_WTRT_P_CER,250232040,I,431002,1431002,Region,Cabo Delgado,0,,0,1,WSWTRTPCER,MZAIS2015431002,2015,AIS,3300,2698,,,1
MOZ,Nampula,6974666,"Population treating water using a ceramic, sand or other filter",0,1,MZ,Mozambique,2015,MZ2015AIS,WS_WTRT_P_CER,250232040,I,431003,1431003,Region,Nampula,0,,0,1,WSWTRTPCER,MZAIS2015431003,2015,AIS,6861,3441,,,1
MOZ,Zambézia,1163399,"Population treating water using a ceramic, sand or other filter",0,1,MZ,Mozambique,2015,MZ2015AIS,WS_WTRT_P_CER,250232040,I,431004,1431004,Region,Zambézia,0,,0,1,WSWTRTPCER,MZAIS2015431004,2015,AIS,3768,3095,,,1
MOZ,Tete,4505565,"Population treating water using a ceramic, sand or other filter",0,1,MZ,Mozambique,2015,MZ2015AIS,WS_WTRT_P_CER,250232040,I,431005,1431005,Region,Tete,0,,0,1,WSWTRTPCER,MZAIS2015431005,2015,AIS,2399,2562,,,1
MOZ,Manica,4188108,"Population treating water using a ceramic, sand or other filter",0,1,MZ,Mozambique,2015,MZ2015AIS,WS_WTRT_P_CER,250232040,I,431006,1431006,Region,Manica,0,,0,1,WSWTRTPCER,MZAIS2015431006,2015,AIS,2494,2852,,,1
MOZ,Sofala,4612745,"Population treating water using a ceramic, sand or other filter",0,1,MZ,Mozambique,2015,MZ2015AIS,WS_WTRT_P_CER,250232040,I,431007,1431007,Region,Sofala,0,,0,1,WSWTRTPCER,MZAIS2015431007,2015,AIS,3007,2991,,,1
MOZ,Inhambane,5879659,"Population treating water using a ceramic, sand or other filter",0,1,MZ,Mozambique,2015,MZ2015AIS,WS_WTRT_P_CER,250232040,I,431008,1431008,Region,Inhambane,0,,0,1,WSWTRTPCER,MZAIS2015431008,2015,AIS,2204,2653,,,1
MOZ,Gaza,5440121,"Population treating water using a ceramic, sand or other filter",0,1,MZ,Mozambique,2015,MZ2015AIS,WS_WTRT_P_CER,250232040,I,431009,1431009,Region,Gaza,0,,0,1,WSWTRTPCER,MZAIS2015431009,2015,AIS,2739,3568,,,1
MOZ,Maputo Provincia,5532220,"Population treating water using a ceramic, sand or other filter",0.3,1,MZ,Mozambique,2015,MZ2015AIS,WS_WTRT_P_CER,250232040,I,431010,1431010,Region,Maputo Provincia,0,,0,1,WSWTRTPCER,MZAIS2015431010,2015,AIS,1714,2728,,,1
MOZ,Maputo Cidade,1179012,"Population treating water using a ceramic, sand or other filter",0.3,1,MZ,Mozambique,2015,MZ2015AIS,WS_WTRT_P_CER,250232040,I,431011,1431011,Region,Maputo Cidade,0,,0,1,WSWTRTPCER,MZAIS2015431011,2015,AIS,1652,2849,,,1
MOZ,Niassa,6830151,Population treating water using other methods,6.4,1,MZ,Mozambique,2015,MZ2015AIS,WS_WTRT_P_OTH,250232060,I,431001,1431001,Region,Niassa,0,,0,1,WSWTRTPOTH,MZAIS2015431001,2015,AIS,1864,3120,,,1
MOZ,Cabo Delgado,1186698,Population treating water using other methods,11.1,1,MZ,Mozambique,2015,MZ2015AIS,WS_WTRT_P_OTH,250232060,I,431002,1431002,Region,Cabo Delgado,0,,0,1,WSWTRTPOTH,MZAIS2015431002,2015,AIS,3300,2698,,,1
MOZ,Nampula,6974474,Population treating water using other methods,8.2,1,MZ,Mozambique,2015,MZ2015AIS,WS_WTRT_P_OTH,250232060,I,431003,1431003,Region,Nampula,0,,0,1,WSWTRTPOTH,MZAIS2015431003,2015,AIS,6861,3441,,,1
MOZ,Zambézia,1163400,Population treating water using other methods,5.7,1,MZ,Mozambique,2015,MZ2015AIS,WS_WTRT_P_OTH,250232060,I,431004,1431004,Region,Zambézia,0,,0,1,WSWTRTPOTH,MZAIS2015431004,2015,AIS,3768,3095,,,1
MOZ,Tete,4505566,Population treating water using other methods,4.5,1,MZ,Mozambique,2015,MZ2015AIS,WS_WTRT_P_OTH,250232060,I,431005,1431005,Region,Tete,0,,0,1,WSWTRTPOTH,MZAIS2015431005,2015,AIS,2399,2562,,,1
MOZ,Manica,4188110,Population treating water using other methods,4.8,1,MZ,Mozambique,2015,MZ2015AIS,WS_WTRT_P_OTH,250232060,I,431006,1431006,Region,Manica,0,,0,1,WSWTRTPOTH,MZAIS2015431006,2015,AIS,2494,2852,,,1
MOZ,Sofala,4612747,Population treating water using other methods,11.2,1,MZ,Mozambique,2015,MZ2015AIS,WS_WTRT_P_OTH,250232060,I,431007,1431007,Region,Sofala,0,,0,1,WSWTRTPOTH,MZAIS2015431007,2015,AIS,3007,2991,,,1
MOZ,Inhambane,5879660,Population treating water using other methods,0.9,1,MZ,Mozambique,2015,MZ2015AIS,WS_WTRT_P_OTH,250232060,I,431008,1431008,Region,Inhambane,0,,0,1,WSWTRTPOTH,MZAIS2015431008,2015,AIS,2204,2653,,,1
MOZ,Gaza,5440122,Population treating water using other methods,5.1,1,MZ,Mozambique,2015,MZ2015AIS,WS_WTRT_P_OTH,250232060,I,431009,1431009,Region,Gaza,0,,0,1,WSWTRTPOTH,MZAIS2015431009,2015,AIS,2739,3568,,,1
MOZ,Maputo Provincia,5532221,Population treating water using other methods,5.9,1,MZ,Mozambique,2015,MZ2015AIS,WS_WTRT_P_OTH,250232060,I,431010,1431010,Region,Maputo Provincia,0,,0,1,WSWTRTPOTH,MZAIS2015431010,2015,AIS,1714,2728,,,1
MOZ,Maputo Cidade,1179021,Population treating water using other methods,6.8,1,MZ,Mozambique,2015,MZ2015AIS,WS_WTRT_P_OTH,250232060,I,431011,1431011,Region,Maputo Cidade,0,,0,1,WSWTRTPOTH,MZAIS2015431011,2015,AIS,1652,2849,,,1
MOZ,Niassa,6830162,Population not treating water,88.3,1,MZ,Mozambique,2015,MZ2015AIS,WS_WTRT_P_NTR,250232070,I,431001,1431001,Region,Niassa,0,,0,1,WSWTRTPNTR,MZAIS2015431001,2015,AIS,1864,3120,,,1
MOZ,Cabo Delgado,1186720,Population not treating water,83.7,1,MZ,Mozambique,2015,MZ2015AIS,WS_WTRT_P_NTR,250232070,I,431002,1431002,Region,Cabo Delgado,0,,0,1,WSWTRTPNTR,MZAIS2015431002,2015,AIS,3300,2698,,,1
MOZ,Nampula,6974491,Population not treating water,87.9,1,MZ,Mozambique,2015,MZ2015AIS,WS_WTRT_P_NTR,250232070,I,431003,1431003,Region,Nampula,0,,0,1,WSWTRTPNTR,MZAIS2015431003,2015,AIS,6861,3441,,,1
MOZ,Zambézia,1163423,Population not treating water,89.7,1,MZ,Mozambique,2015,MZ2015AIS,WS_WTRT_P_NTR,250232070,I,431004,1431004,Region,Zambézia,0,,0,1,WSWTRTPNTR,MZAIS2015431004,2015,AIS,3768,3095,,,1
MOZ,Tete,4505581,Population not treating water,93.2,1,MZ,Mozambique,2015,MZ2015AIS,WS_WTRT_P_NTR,250232070,I,431005,1431005,Region,Tete,0,,0,1,WSWTRTPNTR,MZAIS2015431005,2015,AIS,2399,2562,,,1
MOZ,Manica,4188111,Population not treating water,87.1,1,MZ,Mozambique,2015,MZ2015AIS,WS_WTRT_P_NTR,250232070,I,431006,1431006,Region,Manica,0,,0,1,WSWTRTPNTR,MZAIS2015431006,2015,AIS,2494,2852,,,1
MOZ,Sofala,4612749,Population not treating water,84.8,1,MZ,Mozambique,2015,MZ2015AIS,WS_WTRT_P_NTR,250232070,I,431007,1431007,Region,Sofala,0,,0,1,WSWTRTPNTR,MZAIS2015431007,2015,AIS,3007,2991,,,1
MOZ,Inhambane,5879767,Population not treating water,95.4,1,MZ,Mozambique,2015,MZ2015AIS,WS_WTRT_P_NTR,250232070,I,431008,1431008,Region,Inhambane,0,,0,1,WSWTRTPNTR,MZAIS2015431008,2015,AIS,2204,2653,,,1
MOZ,Gaza,5440125,Population not treating water,90.8,1,MZ,Mozambique,2015,MZ2015AIS,WS_WTRT_P_NTR,250232070,I,431009,1431009,Region,Gaza,0,,0,1,WSWTRTPNTR,MZAIS2015431009,2015,AIS,2739,3568,,,1
MOZ,Maputo Provincia,5532224,Population not treating water,88.2,1,MZ,Mozambique,2015,MZ2015AIS,WS_WTRT_P_NTR,250232070,I,431010,1431010,Region,Maputo Provincia,0,,0,1,WSWTRTPNTR,MZAIS2015431010,2015,AIS,1714,2728,,,1
MOZ,Maputo Cidade,1179014,Population not treating water,74.4,1,MZ,Mozambique,2015,MZ2015AIS,WS_WTRT_P_NTR,250232070,I,431011,1431011,Region,Maputo Cidade,0,,0,1,WSWTRTPNTR,MZAIS2015431011,2015,AIS,1652,2849,,,1
MOZ,Niassa,6830166,Population with missing information on treatment of water,0.1,1,MZ,Mozambique,2015,MZ2015AIS,WS_WTRT_P_DKM,250232080,S,431001,1431001,Region,Niassa,0,,0,1,WSWTRTPDKM,MZAIS2015431001,2015,AIS,1864,3120,,,1
MOZ,Cabo Delgado,1186712,Population with missing information on treatment of water,0,1,MZ,Mozambique,2015,MZ2015AIS,WS_WTRT_P_DKM,250232080,S,431002,1431002,Region,Cabo Delgado,0,,0,1,WSWTRTPDKM,MZAIS2015431002,2015,AIS,3300,2698,,,1
MOZ,Nampula,6974497,Population with missing information on treatment of water,0,1,MZ,Mozambique,2015,MZ2015AIS,WS_WTRT_P_DKM,250232080,S,431003,1431003,Region,Nampula,0,,0,1,WSWTRTPDKM,MZAIS2015431003,2015,AIS,6861,3441,,,1
MOZ,Zambézia,1163442,Population with missing information on treatment of water,0,1,MZ,Mozambique,2015,MZ2015AIS,WS_WTRT_P_DKM,250232080,S,431004,1431004,Region,Zambézia,0,,0,1,WSWTRTPDKM,MZAIS2015431004,2015,AIS,3768,3095,,,1
MOZ,Tete,4505589,Population with missing information on treatment of water,0,1,MZ,Mozambique,2015,MZ2015AIS,WS_WTRT_P_DKM,250232080,S,431005,1431005,Region,Tete,0,,0,1,WSWTRTPDKM,MZAIS2015431005,2015,AIS,2399,2562,,,1
MOZ,Manica,4188112,Population with missing information on treatment of water,0,1,MZ,Mozambique,2015,MZ2015AIS,WS_WTRT_P_DKM,250232080,S,431006,1431006,Region,Manica,0,,0,1,WSWTRTPDKM,MZAIS2015431006,2015,AIS,2494,2852,,,1
MOZ,Sofala,4612744,Population with missing information on treatment of water,0,1,MZ,Mozambique,2015,MZ2015AIS,WS_WTRT_P_DKM,250232080,S,431007,1431007,Region,Sofala,0,,0,1,WSWTRTPDKM,MZAIS2015431007,2015,AIS,3007,2991,,,1
MOZ,Inhambane,5879769,Population with missing information on treatment of water,0,1,MZ,Mozambique,2015,MZ2015AIS,WS_WTRT_P_DKM,250232080,S,431008,1431008,Region,Inhambane,0,,0,1,WSWTRTPDKM,MZAIS2015431008,2015,AIS,2204,2653,,,1
MOZ,Gaza,5440153,Population with missing information on treatment of water,0,1,MZ,Mozambique,2015,MZ2015AIS,WS_WTRT_P_DKM,250232080,S,431009,1431009,Region,Gaza,0,,0,1,WSWTRTPDKM,MZAIS2015431009,2015,AIS,2739,3568,,,1
MOZ,Maputo Provincia,5532305,Population with missing information on treatment of water,0.1,1,MZ,Mozambique,2015,MZ2015AIS,WS_WTRT_P_DKM,250232080,S,431010,1431010,Region,Maputo Provincia,0,,0,1,WSWTRTPDKM,MZAIS2015431010,2015,AIS,1714,2728,,,1
MOZ,Maputo Cidade,1179016,Population with missing information on treatment of water,0,1,MZ,Mozambique,2015,MZ2015AIS,WS_WTRT_P_DKM,250232080,S,431011,1431011,Region,Maputo Cidade,0,,0,1,WSWTRTPDKM,MZAIS2015431011,2015,AIS,1652,2849,,,1
MOZ,Niassa,6830172,Population using an appropriate treatment method,11.3,1,MZ,Mozambique,2015,MZ2015AIS,WS_WTRT_P_APP,250232090,I,431001,1431001,Region,Niassa,0,,0,1,WSWTRTPAPP,MZAIS2015431001,2015,AIS,1864,3120,,,1
MOZ,Cabo Delgado,1186713,Population using an appropriate treatment method,15.5,1,MZ,Mozambique,2015,MZ2015AIS,WS_WTRT_P_APP,250232090,I,431002,1431002,Region,Cabo Delgado,0,,0,1,WSWTRTPAPP,MZAIS2015431002,2015,AIS,3300,2698,,,1
MOZ,Nampula,6974498,Population using an appropriate treatment method,11.1,1,MZ,Mozambique,2015,MZ2015AIS,WS_WTRT_P_APP,250232090,I,431003,1431003,Region,Nampula,0,,0,1,WSWTRTPAPP,MZAIS2015431003,2015,AIS,6861,3441,,,1
MOZ,Zambézia,1163443,Population using an appropriate treatment method,9.7,1,MZ,Mozambique,2015,MZ2015AIS,WS_WTRT_P_APP,250232090,I,431004,1431004,Region,Zambézia,0,,0,1,WSWTRTPAPP,MZAIS2015431004,2015,AIS,3768,3095,,,1
MOZ,Tete,4505590,Population using an appropriate treatment method,6.5,1,MZ,Mozambique,2015,MZ2015AIS,WS_WTRT_P_APP,250232090,I,431005,1431005,Region,Tete,0,,0,1,WSWTRTPAPP,MZAIS2015431005,2015,AIS,2399,2562,,,1
MOZ,Manica,4188079,Population using an appropriate treatment method,12.7,1,MZ,Mozambique,2015,MZ2015AIS,WS_WTRT_P_APP,250232090,I,431006,1431006,Region,Manica,0,,0,1,WSWTRTPAPP,MZAIS2015431006,2015,AIS,2494,2852,,,1
MOZ,Sofala,4612750,Population using an appropriate treatment method,14.6,1,MZ,Mozambique,2015,MZ2015AIS,WS_WTRT_P_APP,250232090,I,431007,1431007,Region,Sofala,0,,0,1,WSWTRTPAPP,MZAIS2015431007,2015,AIS,3007,2991,,,1
MOZ,Inhambane,5879770,Population using an appropriate treatment method,4.4,1,MZ,Mozambique,2015,MZ2015AIS,WS_WTRT_P_APP,250232090,I,431008,1431008,Region,Inhambane,0,,0,1,WSWTRTPAPP,MZAIS2015431008,2015,AIS,2204,2653,,,1
MOZ,Gaza,5440154,Population using an appropriate treatment method,8.7,1,MZ,Mozambique,2015,MZ2015AIS,WS_WTRT_P_APP,250232090,I,431009,1431009,Region,Gaza,0,,0,1,WSWTRTPAPP,MZAIS2015431009,2015,AIS,2739,3568,,,1
MOZ,Maputo Provincia,5532306,Population using an appropriate treatment method,11.5,1,MZ,Mozambique,2015,MZ2015AIS,WS_WTRT_P_APP,250232090,I,431010,1431010,Region,Maputo Provincia,0,,0,1,WSWTRTPAPP,MZAIS2015431010,2015,AIS,1714,2728,,,1
MOZ,Maputo Cidade,1179017,Population using an appropriate treatment method,25.3,1,MZ,Mozambique,2015,MZ2015AIS,WS_WTRT_P_APP,250232090,I,431011,1431011,Region,Maputo Cidade,0,,0,1,WSWTRTPAPP,MZAIS2015431011,2015,AIS,1652,2849,,,1
MOZ,Niassa,6829673,Number of persons,1864,0,MZ,Mozambique,2015,MZ2015AIS,WS_WTRT_P_NUM,250232100,D,431001,1431001,Region,Niassa,0,,0,1,WSWTRTPNUM,MZAIS2015431001,2015,AIS,,3120,,,1
MOZ,Cabo Delgado,1186729,Number of persons,3300,0,MZ,Mozambique,2015,MZ2015AIS,WS_WTRT_P_NUM,250232100,D,431002,1431002,Region,Cabo Delgado,0,,0,1,WSWTRTPNUM,MZAIS2015431002,2015,AIS,,2698,,,1
MOZ,Nampula,7005057,Number of persons,6861,0,MZ,Mozambique,2015,MZ2015AIS,WS_WTRT_P_NUM,250232100,D,431003,1431003,Region,Nampula,0,,0,1,WSWTRTPNUM,MZAIS2015431003,2015,AIS,,3441,,,1
MOZ,Zambézia,1163444,Number of persons,3768,0,MZ,Mozambique,2015,MZ2015AIS,WS_WTRT_P_NUM,250232100,D,431004,1431004,Region,Zambézia,0,,0,1,WSWTRTPNUM,MZAIS2015431004,2015,AIS,,3095,,,1
MOZ,Tete,4504881,Number of persons,2399,0,MZ,Mozambique,2015,MZ2015AIS,WS_WTRT_P_NUM,250232100,D,431005,1431005,Region,Tete,0,,0,1,WSWTRTPNUM,MZAIS2015431005,2015,AIS,,2562,,,1
MOZ,Manica,4321356,Number of persons,2494,0,MZ,Mozambique,2015,MZ2015AIS,WS_WTRT_P_NUM,250232100,D,431006,1431006,Region,Manica,0,,0,1,WSWTRTPNUM,MZAIS2015431006,2015,AIS,,2852,,,1
MOZ,Sofala,4701775,Number of persons,3007,0,MZ,Mozambique,2015,MZ2015AIS,WS_WTRT_P_NUM,250232100,D,431007,1431007,Region,Sofala,0,,0,1,WSWTRTPNUM,MZAIS2015431007,2015,AIS,,2991,,,1
MOZ,Inhambane,5994784,Number of persons,2204,0,MZ,Mozambique,2015,MZ2015AIS,WS_WTRT_P_NUM,250232100,D,431008,1431008,Region,Inhambane,0,,0,1,WSWTRTPNUM,MZAIS2015431008,2015,AIS,,2653,,,1
MOZ,Gaza,5684224,Number of persons,2739,0,MZ,Mozambique,2015,MZ2015AIS,WS_WTRT_P_NUM,250232100,D,431009,1431009,Region,Gaza,0,,0,1,WSWTRTPNUM,MZAIS2015431009,2015,AIS,,3568,,,1
MOZ,Maputo Provincia,5642595,Number of persons,1714,0,MZ,Mozambique,2015,MZ2015AIS,WS_WTRT_P_NUM,250232100,D,431010,1431010,Region,Maputo Provincia,0,,0,1,WSWTRTPNUM,MZAIS2015431010,2015,AIS,,2728,,,1
MOZ,Maputo Cidade,1179018,Number of persons,1652,0,MZ,Mozambique,2015,MZ2015AIS,WS_WTRT_P_NUM,250232100,D,431011,1431011,Region,Maputo Cidade,0,,0,1,WSWTRTPNUM,MZAIS2015431011,2015,AIS,,2849,,,1
MOZ,Niassa,3332871,Number of persons (unweighted),3120,0,MZ,Mozambique,2015,MZ2015AIS,WS_WTRT_P_UNW,250232110,U,431001,1431001,Region,Niassa,0,,0,1,WSWTRTPUNW,MZAIS2015431001,2015,AIS,1864,,,,1
MOZ,Cabo Delgado,1186768,Number of persons (unweighted),2698,0,MZ,Mozambique,2015,MZ2015AIS,WS_WTRT_P_UNW,250232110,U,431002,1431002,Region,Cabo Delgado,0,,0,1,WSWTRTPUNW,MZAIS2015431002,2015,AIS,3300,,,,1
MOZ,Nampula,570748,Number of persons (unweighted),3441,0,MZ,Mozambique,2015,MZ2015AIS,WS_WTRT_P_UNW,250232110,U,431003,1431003,Region,Nampula,0,,0,1,WSWTRTPUNW,MZAIS2015431003,2015,AIS,6861,,,,1
MOZ,Zambézia,1163480,Number of persons (unweighted),3095,0,MZ,Mozambique,2015,MZ2015AIS,WS_WTRT_P_UNW,250232110,U,431004,1431004,Region,Zambézia,0,,0,1,WSWTRTPUNW,MZAIS2015431004,2015,AIS,3768,,,,1
MOZ,Tete,207031,Number of persons (unweighted),2562,0,MZ,Mozambique,2015,MZ2015AIS,WS_WTRT_P_UNW,250232110,U,431005,1431005,Region,Tete,0,,0,1,WSWTRTPUNW,MZAIS2015431005,2015,AIS,2399,,,,1
MOZ,Manica,2604398,Number of persons (unweighted),2852,0,MZ,Mozambique,2015,MZ2015AIS,WS_WTRT_P_UNW,250232110,U,431006,1431006,Region,Manica,0,,0,1,WSWTRTPUNW,MZAIS2015431006,2015,AIS,2494,,,,1
MOZ,Sofala,3104607,Number of persons (unweighted),2991,0,MZ,Mozambique,2015,MZ2015AIS,WS_WTRT_P_UNW,250232110,U,431007,1431007,Region,Sofala,0,,0,1,WSWTRTPUNW,MZAIS2015431007,2015,AIS,3007,,,,1
MOZ,Inhambane,722526,Number of persons (unweighted),2653,0,MZ,Mozambique,2015,MZ2015AIS,WS_WTRT_P_UNW,250232110,U,431008,1431008,Region,Inhambane,0,,0,1,WSWTRTPUNW,MZAIS2015431008,2015,AIS,2204,,,,1
MOZ,Gaza,2736460,Number of persons (unweighted),3568,0,MZ,Mozambique,2015,MZ2015AIS,WS_WTRT_P_UNW,250232110,U,431009,1431009,Region,Gaza,0,,0,1,WSWTRTPUNW,MZAIS2015431009,2015,AIS,2739,,,,1
MOZ,Maputo Provincia,464086,Number of persons (unweighted),2728,0,MZ,Mozambique,2015,MZ2015AIS,WS_WTRT_P_UNW,250232110,U,431010,1431010,Region,Maputo Provincia,0,,0,1,WSWTRTPUNW,MZAIS2015431010,2015,AIS,1714,,,,1
MOZ,Maputo Cidade,1179022,Number of persons (unweighted),2849,0,MZ,Mozambique,2015,MZ2015AIS,WS_WTRT_P_UNW,250232110,U,431011,1431011,Region,Maputo Cidade,0,,0,1,WSWTRTPUNW,MZAIS2015431011,2015,AIS,1652,,,,1
MOZ,Niassa,2762120,Households using an improved water source,53.2,1,MZ,Mozambique,2018,MZ2018MIS,WS_SRCE_H_IMP,250161010,I,431001,1431001,Region,Niassa,0,,0,1,WSSRCEHIMP,MZMIS2018431001,2018,MIS,344,559,,,1
MOZ,Cabo Delgado,5286673,Households using an improved water source,44.4,1,MZ,Mozambique,2018,MZ2018MIS,WS_SRCE_H_IMP,250161010,I,431002,1431002,Region,Cabo Delgado,0,,0,1,WSSRCEHIMP,MZMIS2018431002,2018,MIS,536,577,,,1
MOZ,Nampula,3033428,Households using an improved water source,63.4,1,MZ,Mozambique,2018,MZ2018MIS,WS_SRCE_H_IMP,250161010,I,431003,1431003,Region,Nampula,0,,0,1,WSSRCEHIMP,MZMIS2018431003,2018,MIS,1277,559,,,1
MOZ,Zambézia,6310856,Households using an improved water source,54.6,1,MZ,Mozambique,2018,MZ2018MIS,WS_SRCE_H_IMP,250161010,I,431004,1431004,Region,Zambézia,0,,0,1,WSSRCEHIMP,MZMIS2018431004,2018,MIS,1229,588,,,1
MOZ,Tete,1179470,Households using an improved water source,54.6,1,MZ,Mozambique,2018,MZ2018MIS,WS_SRCE_H_IMP,250161010,I,431005,1431005,Region,Tete,0,,0,1,WSSRCEHIMP,MZMIS2018431005,2018,MIS,569,561,,,1
MOZ,Manica,1179449,Households using an improved water source,58.3,1,MZ,Mozambique,2018,MZ2018MIS,WS_SRCE_H_IMP,250161010,I,431006,1431006,Region,Manica,0,,0,1,WSSRCEHIMP,MZMIS2018431006,2018,MIS,368,582,,,1
MOZ,Sofala,6990594,Households using an improved water source,78.8,1,MZ,Mozambique,2018,MZ2018MIS,WS_SRCE_H_IMP,250161010,I,431007,1431007,Region,Sofala,0,,0,1,WSSRCEHIMP,MZMIS2018431007,2018,MIS,467,560,,,1
MOZ,Inhambane,7631179,Households using an improved water source,76.1,1,MZ,Mozambique,2018,MZ2018MIS,WS_SRCE_H_IMP,250161010,I,431008,1431008,Region,Inhambane,0,,0,1,WSSRCEHIMP,MZMIS2018431008,2018,MIS,402,558,,,1
MOZ,Gaza,4616206,Households using an improved water source,64.8,1,MZ,Mozambique,2018,MZ2018MIS,WS_SRCE_H_IMP,250161010,I,431009,1431009,Region,Gaza,0,,0,1,WSSRCEHIMP,MZMIS2018431009,2018,MIS,336,553,,,1
MOZ,Maputo Provincia,6498484,Households using an improved water source,95.7,1,MZ,Mozambique,2018,MZ2018MIS,WS_SRCE_H_IMP,250161010,I,431010,1431010,Region,Maputo Provincia,0,,0,1,WSSRCEHIMP,MZMIS2018431010,2018,MIS,371,572,,,1
MOZ,Maputo Cidade,6134889,Households using an improved water source,100,1,MZ,Mozambique,2018,MZ2018MIS,WS_SRCE_H_IMP,250161010,I,431011,1431011,Region,Maputo Cidade,0,,0,1,WSSRCEHIMP,MZMIS2018431011,2018,MIS,298,527,,,1
MOZ,Niassa,2762136,Households using water piped into dwelling,0.2,1,MZ,Mozambique,2018,MZ2018MIS,WS_SRCE_H_PIP,250161020,I,431001,1431001,Region,Niassa,0,,0,1,WSSRCEHPIP,MZMIS2018431001,2018,MIS,344,559,,,1
MOZ,Cabo Delgado,5286556,Households using water piped into dwelling,0.7,1,MZ,Mozambique,2018,MZ2018MIS,WS_SRCE_H_PIP,250161020,I,431002,1431002,Region,Cabo Delgado,0,,0,1,WSSRCEHPIP,MZMIS2018431002,2018,MIS,536,577,,,1
MOZ,Nampula,3033435,Households using water piped into dwelling,0.6,1,MZ,Mozambique,2018,MZ2018MIS,WS_SRCE_H_PIP,250161020,I,431003,1431003,Region,Nampula,0,,0,1,WSSRCEHPIP,MZMIS2018431003,2018,MIS,1277,559,,,1
MOZ,Zambézia,6310872,Households using water piped into dwelling,0.7,1,MZ,Mozambique,2018,MZ2018MIS,WS_SRCE_H_PIP,250161020,I,431004,1431004,Region,Zambézia,0,,0,1,WSSRCEHPIP,MZMIS2018431004,2018,MIS,1229,588,,,1
MOZ,Tete,1179465,Households using water piped into dwelling,1.3,1,MZ,Mozambique,2018,MZ2018MIS,WS_SRCE_H_PIP,250161020,I,431005,1431005,Region,Tete,0,,0,1,WSSRCEHPIP,MZMIS2018431005,2018,MIS,569,561,,,1
MOZ,Manica,1179439,Households using water piped into dwelling,4.1,1,MZ,Mozambique,2018,MZ2018MIS,WS_SRCE_H_PIP,250161020,I,431006,1431006,Region,Manica,0,,0,1,WSSRCEHPIP,MZMIS2018431006,2018,MIS,368,582,,,1
MOZ,Sofala,6990579,Households using water piped into dwelling,1.7,1,MZ,Mozambique,2018,MZ2018MIS,WS_SRCE_H_PIP,250161020,I,431007,1431007,Region,Sofala,0,,0,1,WSSRCEHPIP,MZMIS2018431007,2018,MIS,467,560,,,1
MOZ,Inhambane,7631195,Households using water piped into dwelling,0.4,1,MZ,Mozambique,2018,MZ2018MIS,WS_SRCE_H_PIP,250161020,I,431008,1431008,Region,Inhambane,0,,0,1,WSSRCEHPIP,MZMIS2018431008,2018,MIS,402,558,,,1
MOZ,Gaza,4616205,Households using water piped into dwelling,2.1,1,MZ,Mozambique,2018,MZ2018MIS,WS_SRCE_H_PIP,250161020,I,431009,1431009,Region,Gaza,0,,0,1,WSSRCEHPIP,MZMIS2018431009,2018,MIS,336,553,,,1
MOZ,Maputo Provincia,6497124,Households using water piped into dwelling,6.6,1,MZ,Mozambique,2018,MZ2018MIS,WS_SRCE_H_PIP,250161020,I,431010,1431010,Region,Maputo Provincia,0,,0,1,WSSRCEHPIP,MZMIS2018431010,2018,MIS,371,572,,,1
MOZ,Maputo Cidade,6134897,Households using water piped into dwelling,18.2,1,MZ,Mozambique,2018,MZ2018MIS,WS_SRCE_H_PIP,250161020,I,431011,1431011,Region,Maputo Cidade,0,,0,1,WSSRCEHPIP,MZMIS2018431011,2018,MIS,298,527,,,1
MOZ,Niassa,2762138,Households using a public tap/standpipe,22,1,MZ,Mozambique,2018,MZ2018MIS,WS_SRCE_H_TAP,250161030,I,431001,1431001,Region,Niassa,0,,0,1,WSSRCEHTAP,MZMIS2018431001,2018,MIS,344,559,,,1
MOZ,Cabo Delgado,5286622,Households using a public tap/standpipe,27.7,1,MZ,Mozambique,2018,MZ2018MIS,WS_SRCE_H_TAP,250161030,I,431002,1431002,Region,Cabo Delgado,0,,0,1,WSSRCEHTAP,MZMIS2018431002,2018,MIS,536,577,,,1
MOZ,Nampula,3033437,Households using a public tap/standpipe,28.6,1,MZ,Mozambique,2018,MZ2018MIS,WS_SRCE_H_TAP,250161030,I,431003,1431003,Region,Nampula,0,,0,1,WSSRCEHTAP,MZMIS2018431003,2018,MIS,1277,559,,,1
MOZ,Zambézia,6310874,Households using a public tap/standpipe,4.4,1,MZ,Mozambique,2018,MZ2018MIS,WS_SRCE_H_TAP,250161030,I,431004,1431004,Region,Zambézia,0,,0,1,WSSRCEHTAP,MZMIS2018431004,2018,MIS,1229,588,,,1
MOZ,Tete,1179467,Households using a public tap/standpipe,7.1,1,MZ,Mozambique,2018,MZ2018MIS,WS_SRCE_H_TAP,250161030,I,431005,1431005,Region,Tete,0,,0,1,WSSRCEHTAP,MZMIS2018431005,2018,MIS,569,561,,,1
MOZ,Manica,1179441,Households using a public tap/standpipe,1.7,1,MZ,Mozambique,2018,MZ2018MIS,WS_SRCE_H_TAP,250161030,I,431006,1431006,Region,Manica,0,,0,1,WSSRCEHTAP,MZMIS2018431006,2018,MIS,368,582,,,1
MOZ,Sofala,6990581,Households using a public tap/standpipe,40.6,1,MZ,Mozambique,2018,MZ2018MIS,WS_SRCE_H_TAP,250161030,I,431007,1431007,Region,Sofala,0,,0,1,WSSRCEHTAP,MZMIS2018431007,2018,MIS,467,560,,,1
MOZ,Inhambane,7631197,Households using a public tap/standpipe,9.3,1,MZ,Mozambique,2018,MZ2018MIS,WS_SRCE_H_TAP,250161030,I,431008,1431008,Region,Inhambane,0,,0,1,WSSRCEHTAP,MZMIS2018431008,2018,MIS,402,558,,,1
MOZ,Gaza,4616214,Households using a public tap/standpipe,9.1,1,MZ,Mozambique,2018,MZ2018MIS,WS_SRCE_H_TAP,250161030,I,431009,1431009,Region,Gaza,0,,0,1,WSSRCEHTAP,MZMIS2018431009,2018,MIS,336,553,,,1
MOZ,Maputo Provincia,6497126,Households using a public tap/standpipe,6.3,1,MZ,Mozambique,2018,MZ2018MIS,WS_SRCE_H_TAP,250161030,I,431010,1431010,Region,Maputo Provincia,0,,0,1,WSSRCEHTAP,MZMIS2018431010,2018,MIS,371,572,,,1
MOZ,Maputo Cidade,6134899,Households using a public tap/standpipe,4.5,1,MZ,Mozambique,2018,MZ2018MIS,WS_SRCE_H_TAP,250161030,I,431011,1431011,Region,Maputo Cidade,0,,0,1,WSSRCEHTAP,MZMIS2018431011,2018,MIS,298,527,,,1
MOZ,Niassa,2762187,Households using a tubewell/borehole,11.3,1,MZ,Mozambique,2018,MZ2018MIS,WS_SRCE_H_TUB,250161040,I,431001,1431001,Region,Niassa,0,,0,1,WSSRCEHTUB,MZMIS2018431001,2018,MIS,344,559,,,1
MOZ,Cabo Delgado,5286624,Households using a tubewell/borehole,1.7,1,MZ,Mozambique,2018,MZ2018MIS,WS_SRCE_H_TUB,250161040,I,431002,1431002,Region,Cabo Delgado,0,,0,1,WSSRCEHTUB,MZMIS2018431002,2018,MIS,536,577,,,1
MOZ,Nampula,3033439,Households using a tubewell/borehole,2.4,1,MZ,Mozambique,2018,MZ2018MIS,WS_SRCE_H_TUB,250161040,I,431003,1431003,Region,Nampula,0,,0,1,WSSRCEHTUB,MZMIS2018431003,2018,MIS,1277,559,,,1
MOZ,Zambézia,6310876,Households using a tubewell/borehole,26.2,1,MZ,Mozambique,2018,MZ2018MIS,WS_SRCE_H_TUB,250161040,I,431004,1431004,Region,Zambézia,0,,0,1,WSSRCEHTUB,MZMIS2018431004,2018,MIS,1229,588,,,1
MOZ,Tete,1179469,Households using a tubewell/borehole,33.1,1,MZ,Mozambique,2018,MZ2018MIS,WS_SRCE_H_TUB,250161040,I,431005,1431005,Region,Tete,0,,0,1,WSSRCEHTUB,MZMIS2018431005,2018,MIS,569,561,,,1
MOZ,Manica,1179443,Households using a tubewell/borehole,28,1,MZ,Mozambique,2018,MZ2018MIS,WS_SRCE_H_TUB,250161040,I,431006,1431006,Region,Manica,0,,0,1,WSSRCEHTUB,MZMIS2018431006,2018,MIS,368,582,,,1
MOZ,Sofala,6990588,Households using a tubewell/borehole,2,1,MZ,Mozambique,2018,MZ2018MIS,WS_SRCE_H_TUB,250161040,I,431007,1431007,Region,Sofala,0,,0,1,WSSRCEHTUB,MZMIS2018431007,2018,MIS,467,560,,,1
MOZ,Inhambane,7631199,Households using a tubewell/borehole,9,1,MZ,Mozambique,2018,MZ2018MIS,WS_SRCE_H_TUB,250161040,I,431008,1431008,Region,Inhambane,0,,0,1,WSSRCEHTUB,MZMIS2018431008,2018,MIS,402,558,,,1
MOZ,Gaza,4616216,Households using a tubewell/borehole,4.8,1,MZ,Mozambique,2018,MZ2018MIS,WS_SRCE_H_TUB,250161040,I,431009,1431009,Region,Gaza,0,,0,1,WSSRCEHTUB,MZMIS2018431009,2018,MIS,336,553,,,1
MOZ,Maputo Provincia,6497128,Households using a tubewell/borehole,3.8,1,MZ,Mozambique,2018,MZ2018MIS,WS_SRCE_H_TUB,250161040,I,431010,1431010,Region,Maputo Provincia,0,,0,1,WSSRCEHTUB,MZMIS2018431010,2018,MIS,371,572,,,1
MOZ,Maputo Cidade,6134901,Households using a tubewell/borehole,0.4,1,MZ,Mozambique,2018,MZ2018MIS,WS_SRCE_H_TUB,250161040,I,431011,1431011,Region,Maputo Cidade,0,,0,1,WSSRCEHTUB,MZMIS2018431011,2018,MIS,298,527,,,1
MOZ,Niassa,2762188,Households using a protected well,13.5,1,MZ,Mozambique,2018,MZ2018MIS,WS_SRCE_H_PWL,250161050,I,431001,1431001,Region,Niassa,0,,0,1,WSSRCEHPWL,MZMIS2018431001,2018,MIS,344,559,,,1
MOZ,Cabo Delgado,5286625,Households using a protected well,5.2,1,MZ,Mozambique,2018,MZ2018MIS,WS_SRCE_H_PWL,250161050,I,431002,1431002,Region,Cabo Delgado,0,,0,1,WSSRCEHPWL,MZMIS2018431002,2018,MIS,536,577,,,1
MOZ,Nampula,3033440,Households using a protected well,15.5,1,MZ,Mozambique,2018,MZ2018MIS,WS_SRCE_H_PWL,250161050,I,431003,1431003,Region,Nampula,0,,0,1,WSSRCEHPWL,MZMIS2018431003,2018,MIS,1277,559,,,1
MOZ,Zambézia,6310877,Households using a protected well,16.2,1,MZ,Mozambique,2018,MZ2018MIS,WS_SRCE_H_PWL,250161050,I,431004,1431004,Region,Zambézia,0,,0,1,WSSRCEHPWL,MZMIS2018431004,2018,MIS,1229,588,,,1
MOZ,Tete,1179473,Households using a protected well,3.3,1,MZ,Mozambique,2018,MZ2018MIS,WS_SRCE_H_PWL,250161050,I,431005,1431005,Region,Tete,0,,0,1,WSSRCEHPWL,MZMIS2018431005,2018,MIS,569,561,,,1
MOZ,Manica,1179444,Households using a protected well,3.1,1,MZ,Mozambique,2018,MZ2018MIS,WS_SRCE_H_PWL,250161050,I,431006,1431006,Region,Manica,0,,0,1,WSSRCEHPWL,MZMIS2018431006,2018,MIS,368,582,,,1
MOZ,Sofala,6990589,Households using a protected well,6.4,1,MZ,Mozambique,2018,MZ2018MIS,WS_SRCE_H_PWL,250161050,I,431007,1431007,Region,Sofala,0,,0,1,WSSRCEHPWL,MZMIS2018431007,2018,MIS,467,560,,,1
MOZ,Inhambane,7631200,Households using a protected well,15.4,1,MZ,Mozambique,2018,MZ2018MIS,WS_SRCE_H_PWL,250161050,I,431008,1431008,Region,Inhambane,0,,0,1,WSSRCEHPWL,MZMIS2018431008,2018,MIS,402,558,,,1
MOZ,Gaza,4616217,Households using a protected well,1.6,1,MZ,Mozambique,2018,MZ2018MIS,WS_SRCE_H_PWL,250161050,I,431009,1431009,Region,Gaza,0,,0,1,WSSRCEHPWL,MZMIS2018431009,2018,MIS,336,553,,,1
MOZ,Maputo Provincia,6497129,Households using a protected well,1.3,1,MZ,Mozambique,2018,MZ2018MIS,WS_SRCE_H_PWL,250161050,I,431010,1431010,Region,Maputo Provincia,0,,0,1,WSSRCEHPWL,MZMIS2018431010,2018,MIS,371,572,,,1
MOZ,Maputo Cidade,6134918,Households using a protected well,0.2,1,MZ,Mozambique,2018,MZ2018MIS,WS_SRCE_H_PWL,250161050,I,431011,1431011,Region,Maputo Cidade,0,,0,1,WSSRCEHPWL,MZMIS2018431011,2018,MIS,298,527,,,1
MOZ,Niassa,2762122,Households using a protected spring,1.2,1,MZ,Mozambique,2018,MZ2018MIS,WS_SRCE_H_PSG,250161060,I,431001,1431001,Region,Niassa,0,,0,1,WSSRCEHPSG,MZMIS2018431001,2018,MIS,344,559,,,1
MOZ,Cabo Delgado,5286552,Households using a protected spring,0,1,MZ,Mozambique,2018,MZ2018MIS,WS_SRCE_H_PSG,250161060,I,431002,1431002,Region,Cabo Delgado,0,,0,1,WSSRCEHPSG,MZMIS2018431002,2018,MIS,536,577,,,1
MOZ,Nampula,3033430,Households using a protected spring,0,1,MZ,Mozambique,2018,MZ2018MIS,WS_SRCE_H_PSG,250161060,I,431003,1431003,Region,Nampula,0,,0,1,WSSRCEHPSG,MZMIS2018431003,2018,MIS,1277,559,,,1
MOZ,Zambézia,6310858,Households using a protected spring,2,1,MZ,Mozambique,2018,MZ2018MIS,WS_SRCE_H_PSG,250161060,I,431004,1431004,Region,Zambézia,0,,0,1,WSSRCEHPSG,MZMIS2018431004,2018,MIS,1229,588,,,1
MOZ,Tete,1179472,Households using a protected spring,0.4,1,MZ,Mozambique,2018,MZ2018MIS,WS_SRCE_H_PSG,250161060,I,431005,1431005,Region,Tete,0,,0,1,WSSRCEHPSG,MZMIS2018431005,2018,MIS,569,561,,,1
MOZ,Manica,1179451,Households using a protected spring,1.3,1,MZ,Mozambique,2018,MZ2018MIS,WS_SRCE_H_PSG,250161060,I,431006,1431006,Region,Manica,0,,0,1,WSSRCEHPSG,MZMIS2018431006,2018,MIS,368,582,,,1
MOZ,Sofala,6990596,Households using a protected spring,0,1,MZ,Mozambique,2018,MZ2018MIS,WS_SRCE_H_PSG,250161060,I,431007,1431007,Region,Sofala,0,,0,1,WSSRCEHPSG,MZMIS2018431007,2018,MIS,467,560,,,1
MOZ,Inhambane,7631181,Households using a protected spring,0.8,1,MZ,Mozambique,2018,MZ2018MIS,WS_SRCE_H_PSG,250161060,I,431008,1431008,Region,Inhambane,0,,0,1,WSSRCEHPSG,MZMIS2018431008,2018,MIS,402,558,,,1
MOZ,Gaza,4616208,Households using a protected spring,0.2,1,MZ,Mozambique,2018,MZ2018MIS,WS_SRCE_H_PSG,250161060,I,431009,1431009,Region,Gaza,0,,0,1,WSSRCEHPSG,MZMIS2018431009,2018,MIS,336,553,,,1
MOZ,Maputo Provincia,6497134,Households using a protected spring,0,1,MZ,Mozambique,2018,MZ2018MIS,WS_SRCE_H_PSG,250161060,I,431010,1431010,Region,Maputo Provincia,0,,0,1,WSSRCEHPSG,MZMIS2018431010,2018,MIS,371,572,,,1
MOZ,Maputo Cidade,6134891,Households using a protected spring,0,1,MZ,Mozambique,2018,MZ2018MIS,WS_SRCE_H_PSG,250161060,I,431011,1431011,Region,Maputo Cidade,0,,0,1,WSSRCEHPSG,MZMIS2018431011,2018,MIS,298,527,,,1
MOZ,Niassa,2762124,Households using rainwater,0,1,MZ,Mozambique,2018,MZ2018MIS,WS_SRCE_H_RNW,250161070,I,431001,1431001,Region,Niassa,0,,0,1,WSSRCEHRNW,MZMIS2018431001,2018,MIS,344,559,,,1
MOZ,Cabo Delgado,5286664,Households using rainwater,3.1,1,MZ,Mozambique,2018,MZ2018MIS,WS_SRCE_H_RNW,250161070,I,431002,1431002,Region,Cabo Delgado,0,,0,1,WSSRCEHRNW,MZMIS2018431002,2018,MIS,536,577,,,1
MOZ,Nampula,3033420,Households using rainwater,0.5,1,MZ,Mozambique,2018,MZ2018MIS,WS_SRCE_H_RNW,250161070,I,431003,1431003,Region,Nampula,0,,0,1,WSSRCEHRNW,MZMIS2018431003,2018,MIS,1277,559,,,1
MOZ,Zambézia,6310861,Households using rainwater,1,1,MZ,Mozambique,2018,MZ2018MIS,WS_SRCE_H_RNW,250161070,I,431004,1431004,Region,Zambézia,0,,0,1,WSSRCEHRNW,MZMIS2018431004,2018,MIS,1229,588,,,1
MOZ,Tete,1179503,Households using rainwater,0,1,MZ,Mozambique,2018,MZ2018MIS,WS_SRCE_H_RNW,250161070,I,431005,1431005,Region,Tete,0,,0,1,WSSRCEHRNW,MZMIS2018431005,2018,MIS,569,561,,,1
MOZ,Manica,1179515,Households using rainwater,0.8,1,MZ,Mozambique,2018,MZ2018MIS,WS_SRCE_H_RNW,250161070,I,431006,1431006,Region,Manica,0,,0,1,WSSRCEHRNW,MZMIS2018431006,2018,MIS,368,582,,,1
MOZ,Sofala,6990598,Households using rainwater,0,1,MZ,Mozambique,2018,MZ2018MIS,WS_SRCE_H_RNW,250161070,I,431007,1431007,Region,Sofala,0,,0,1,WSSRCEHRNW,MZMIS2018431007,2018,MIS,467,560,,,1
MOZ,Inhambane,7631189,Households using rainwater,13.3,1,MZ,Mozambique,2018,MZ2018MIS,WS_SRCE_H_RNW,250161070,I,431008,1431008,Region,Inhambane,0,,0,1,WSSRCEHRNW,MZMIS2018431008,2018,MIS,402,558,,,1
MOZ,Gaza,4616210,Households using rainwater,4.2,1,MZ,Mozambique,2018,MZ2018MIS,WS_SRCE_H_RNW,250161070,I,431009,1431009,Region,Gaza,0,,0,1,WSSRCEHRNW,MZMIS2018431009,2018,MIS,336,553,,,1
MOZ,Maputo Provincia,6497138,Households using rainwater,0.3,1,MZ,Mozambique,2018,MZ2018MIS,WS_SRCE_H_RNW,250161070,I,431010,1431010,Region,Maputo Provincia,0,,0,1,WSSRCEHRNW,MZMIS2018431010,2018,MIS,371,572,,,1
MOZ,Maputo Cidade,6134893,Households using rainwater,0,1,MZ,Mozambique,2018,MZ2018MIS,WS_SRCE_H_RNW,250161070,I,431011,1431011,Region,Maputo Cidade,0,,0,1,WSSRCEHRNW,MZMIS2018431011,2018,MIS,298,527,,,1
MOZ,Niassa,2762131,Households using tanker truck,0,1,MZ,Mozambique,2018,MZ2018MIS,WS_SRCE_H_TNK,250161074,I,431001,1431001,Region,Niassa,0,,0,1,WSSRCEHTNK,MZMIS2018431001,2018,MIS,344,559,,,1
MOZ,Cabo Delgado,5286670,Households using tanker truck,1.6,1,MZ,Mozambique,2018,MZ2018MIS,WS_SRCE_H_TNK,250161074,I,431002,1431002,Region,Cabo Delgado,0,,0,1,WSSRCEHTNK,MZMIS2018431002,2018,MIS,536,577,,,1
MOZ,Nampula,3033426,Households using tanker truck,0,1,MZ,Mozambique,2018,MZ2018MIS,WS_SRCE_H_TNK,250161074,I,431003,1431003,Region,Nampula,0,,0,1,WSSRCEHTNK,MZMIS2018431003,2018,MIS,1277,559,,,1
MOZ,Zambézia,6310864,Households using tanker truck,0,1,MZ,Mozambique,2018,MZ2018MIS,WS_SRCE_H_TNK,250161074,I,431004,1431004,Region,Zambézia,0,,0,1,WSSRCEHTNK,MZMIS2018431004,2018,MIS,1229,588,,,1
MOZ,Tete,1179478,Households using tanker truck,0,1,MZ,Mozambique,2018,MZ2018MIS,WS_SRCE_H_TNK,250161074,I,431005,1431005,Region,Tete,0,,0,1,WSSRCEHTNK,MZMIS2018431005,2018,MIS,569,561,,,1
MOZ,Manica,1179458,Households using tanker truck,0,1,MZ,Mozambique,2018,MZ2018MIS,WS_SRCE_H_TNK,250161074,I,431006,1431006,Region,Manica,0,,0,1,WSSRCEHTNK,MZMIS2018431006,2018,MIS,368,582,,,1
MOZ,Sofala,6990585,Households using tanker truck,0,1,MZ,Mozambique,2018,MZ2018MIS,WS_SRCE_H_TNK,250161074,I,431007,1431007,Region,Sofala,0,,0,1,WSSRCEHTNK,MZMIS2018431007,2018,MIS,467,560,,,1
MOZ,Inhambane,7631187,Households using tanker truck,0.4,1,MZ,Mozambique,2018,MZ2018MIS,WS_SRCE_H_TNK,250161074,I,431008,1431008,Region,Inhambane,0,,0,1,WSSRCEHTNK,MZMIS2018431008,2018,MIS,402,558,,,1
MOZ,Gaza,4616211,Households using tanker truck,0.1,1,MZ,Mozambique,2018,MZ2018MIS,WS_SRCE_H_TNK,250161074,I,431009,1431009,Region,Gaza,0,,0,1,WSSRCEHTNK,MZMIS2018431009,2018,MIS,336,553,,,1
MOZ,Maputo Provincia,6497121,Households using tanker truck,0,1,MZ,Mozambique,2018,MZ2018MIS,WS_SRCE_H_TNK,250161074,I,431010,1431010,Region,Maputo Provincia,0,,0,1,WSSRCEHTNK,MZMIS2018431010,2018,MIS,371,572,,,1
MOZ,Maputo Cidade,6134896,Households using tanker truck,0,1,MZ,Mozambique,2018,MZ2018MIS,WS_SRCE_H_TNK,250161074,I,431011,1431011,Region,Maputo Cidade,0,,0,1,WSSRCEHTNK,MZMIS2018431011,2018,MIS,298,527,,,1
MOZ,Niassa,2762128,Households using bottled water,0,1,MZ,Mozambique,2018,MZ2018MIS,WS_SRCE_H_BOT,250161080,I,431001,1431001,Region,Niassa,0,,0,1,WSSRCEHBOT,MZMIS2018431001,2018,MIS,344,559,,,1
MOZ,Cabo Delgado,5286553,Households using bottled water,0,1,MZ,Mozambique,2018,MZ2018MIS,WS_SRCE_H_BOT,250161080,I,431002,1431002,Region,Cabo Delgado,0,,0,1,WSSRCEHBOT,MZMIS2018431002,2018,MIS,536,577,,,1
MOZ,Nampula,3033431,Households using bottled water,0,1,MZ,Mozambique,2018,MZ2018MIS,WS_SRCE_H_BOT,250161080,I,431003,1431003,Region,Nampula,0,,0,1,WSSRCEHBOT,MZMIS2018431003,2018,MIS,1277,559,,,1
MOZ,Zambézia,6310859,Households using bottled water,0,1,MZ,Mozambique,2018,MZ2018MIS,WS_SRCE_H_BOT,250161080,I,431004,1431004,Region,Zambézia,0,,0,1,WSSRCEHBOT,MZMIS2018431004,2018,MIS,1229,588,,,1
MOZ,Tete,1179481,Households using bottled water,0.1,1,MZ,Mozambique,2018,MZ2018MIS,WS_SRCE_H_BOT,250161080,I,431005,1431005,Region,Tete,0,,0,1,WSSRCEHBOT,MZMIS2018431005,2018,MIS,569,561,,,1
MOZ,Manica,1179452,Households using bottled water,0,1,MZ,Mozambique,2018,MZ2018MIS,WS_SRCE_H_BOT,250161080,I,431006,1431006,Region,Manica,0,,0,1,WSSRCEHBOT,MZMIS2018431006,2018,MIS,368,582,,,1
MOZ,Sofala,6990599,Households using bottled water,0.2,1,MZ,Mozambique,2018,MZ2018MIS,WS_SRCE_H_BOT,250161080,I,431007,1431007,Region,Sofala,0,,0,1,WSSRCEHBOT,MZMIS2018431007,2018,MIS,467,560,,,1
MOZ,Inhambane,7631182,Households using bottled water,0.2,1,MZ,Mozambique,2018,MZ2018MIS,WS_SRCE_H_BOT,250161080,I,431008,1431008,Region,Inhambane,0,,0,1,WSSRCEHBOT,MZMIS2018431008,2018,MIS,402,558,,,1
MOZ,Gaza,4616228,Households using bottled water,0.2,1,MZ,Mozambique,2018,MZ2018MIS,WS_SRCE_H_BOT,250161080,I,431009,1431009,Region,Gaza,0,,0,1,WSSRCEHBOT,MZMIS2018431009,2018,MIS,336,553,,,1
MOZ,Maputo Provincia,6497135,Households using bottled water,0.3,1,MZ,Mozambique,2018,MZ2018MIS,WS_SRCE_H_BOT,250161080,I,431010,1431010,Region,Maputo Provincia,0,,0,1,WSSRCEHBOT,MZMIS2018431010,2018,MIS,371,572,,,1
MOZ,Maputo Cidade,6134876,Households using bottled water,1.8,1,MZ,Mozambique,2018,MZ2018MIS,WS_SRCE_H_BOT,250161080,I,431011,1431011,Region,Maputo Cidade,0,,0,1,WSSRCEHBOT,MZMIS2018431011,2018,MIS,298,527,,,1
MOZ,Niassa,2762123,Households using an unimproved water source,46.8,1,MZ,Mozambique,2018,MZ2018MIS,WS_SRCE_H_NIM,250161090,I,431001,1431001,Region,Niassa,0,,0,1,WSSRCEHNIM,MZMIS2018431001,2018,MIS,344,559,,,1
MOZ,Cabo Delgado,5286663,Households using an unimproved water source,55.6,1,MZ,Mozambique,2018,MZ2018MIS,WS_SRCE_H_NIM,250161090,I,431002,1431002,Region,Cabo Delgado,0,,0,1,WSSRCEHNIM,MZMIS2018431002,2018,MIS,536,577,,,1
MOZ,Nampula,3033419,Households using an unimproved water source,36.6,1,MZ,Mozambique,2018,MZ2018MIS,WS_SRCE_H_NIM,250161090,I,431003,1431003,Region,Nampula,0,,0,1,WSSRCEHNIM,MZMIS2018431003,2018,MIS,1277,559,,,1
MOZ,Zambézia,6310860,Households using an unimproved water source,45.4,1,MZ,Mozambique,2018,MZ2018MIS,WS_SRCE_H_NIM,250161090,I,431004,1431004,Region,Zambézia,0,,0,1,WSSRCEHNIM,MZMIS2018431004,2018,MIS,1229,588,,,1
MOZ,Tete,1179502,Households using an unimproved water source,45.4,1,MZ,Mozambique,2018,MZ2018MIS,WS_SRCE_H_NIM,250161090,I,431005,1431005,Region,Tete,0,,0,1,WSSRCEHNIM,MZMIS2018431005,2018,MIS,569,561,,,1
MOZ,Manica,1179514,Households using an unimproved water source,41.7,1,MZ,Mozambique,2018,MZ2018MIS,WS_SRCE_H_NIM,250161090,I,431006,1431006,Region,Manica,0,,0,1,WSSRCEHNIM,MZMIS2018431006,2018,MIS,368,582,,,1
MOZ,Sofala,6990597,Households using an unimproved water source,21.2,1,MZ,Mozambique,2018,MZ2018MIS,WS_SRCE_H_NIM,250161090,I,431007,1431007,Region,Sofala,0,,0,1,WSSRCEHNIM,MZMIS2018431007,2018,MIS,467,560,,,1
MOZ,Inhambane,7631188,Households using an unimproved water source,23.9,1,MZ,Mozambique,2018,MZ2018MIS,WS_SRCE_H_NIM,250161090,I,431008,1431008,Region,Inhambane,0,,0,1,WSSRCEHNIM,MZMIS2018431008,2018,MIS,402,558,,,1
MOZ,Gaza,4616209,Households using an unimproved water source,35.2,1,MZ,Mozambique,2018,MZ2018MIS,WS_SRCE_H_NIM,250161090,I,431009,1431009,Region,Gaza,0,,0,1,WSSRCEHNIM,MZMIS2018431009,2018,MIS,336,553,,,1
MOZ,Maputo Provincia,6497137,Households using an unimproved water source,4.3,1,MZ,Mozambique,2018,MZ2018MIS,WS_SRCE_H_NIM,250161090,I,431010,1431010,Region,Maputo Provincia,0,,0,1,WSSRCEHNIM,MZMIS2018431010,2018,MIS,371,572,,,1
MOZ,Maputo Cidade,6134892,Households using an unimproved water source,0,1,MZ,Mozambique,2018,MZ2018MIS,WS_SRCE_H_NIM,250161090,I,431011,1431011,Region,Maputo Cidade,0,,0,1,WSSRCEHNIM,MZMIS2018431011,2018,MIS,298,527,,,1
MOZ,Niassa,2762121,Households using an unprotected well water,21,1,MZ,Mozambique,2018,MZ2018MIS,WS_SRCE_H_UWL,250161100,I,431001,1431001,Region,Niassa,0,,0,1,WSSRCEHUWL,MZMIS2018431001,2018,MIS,344,559,,,1
MOZ,Cabo Delgado,5286674,Households using an unprotected well water,46,1,MZ,Mozambique,2018,MZ2018MIS,WS_SRCE_H_UWL,250161100,I,431002,1431002,Region,Cabo Delgado,0,,0,1,WSSRCEHUWL,MZMIS2018431002,2018,MIS,536,577,,,1
MOZ,Nampula,3033429,Households using an unprotected well water,19.6,1,MZ,Mozambique,2018,MZ2018MIS,WS_SRCE_H_UWL,250161100,I,431003,1431003,Region,Nampula,0,,0,1,WSSRCEHUWL,MZMIS2018431003,2018,MIS,1277,559,,,1
MOZ,Zambézia,6310857,Households using an unprotected well water,39.3,1,MZ,Mozambique,2018,MZ2018MIS,WS_SRCE_H_UWL,250161100,I,431004,1431004,Region,Zambézia,0,,0,1,WSSRCEHUWL,MZMIS2018431004,2018,MIS,1229,588,,,1
MOZ,Tete,1179471,Households using an unprotected well water,27.9,1,MZ,Mozambique,2018,MZ2018MIS,WS_SRCE_H_UWL,250161100,I,431005,1431005,Region,Tete,0,,0,1,WSSRCEHUWL,MZMIS2018431005,2018,MIS,569,561,,,1
MOZ,Manica,1179450,Households using an unprotected well water,9.9,1,MZ,Mozambique,2018,MZ2018MIS,WS_SRCE_H_UWL,250161100,I,431006,1431006,Region,Manica,0,,0,1,WSSRCEHUWL,MZMIS2018431006,2018,MIS,368,582,,,1
MOZ,Sofala,6990595,Households using an unprotected well water,13.4,1,MZ,Mozambique,2018,MZ2018MIS,WS_SRCE_H_UWL,250161100,I,431007,1431007,Region,Sofala,0,,0,1,WSSRCEHUWL,MZMIS2018431007,2018,MIS,467,560,,,1
MOZ,Inhambane,7631180,Households using an unprotected well water,22.1,1,MZ,Mozambique,2018,MZ2018MIS,WS_SRCE_H_UWL,250161100,I,431008,1431008,Region,Inhambane,0,,0,1,WSSRCEHUWL,MZMIS2018431008,2018,MIS,402,558,,,1
MOZ,Gaza,4616207,Households using an unprotected well water,31.1,1,MZ,Mozambique,2018,MZ2018MIS,WS_SRCE_H_UWL,250161100,I,431009,1431009,Region,Gaza,0,,0,1,WSSRCEHUWL,MZMIS2018431009,2018,MIS,336,553,,,1
MOZ,Maputo Provincia,6498485,Households using an unprotected well water,3.7,1,MZ,Mozambique,2018,MZ2018MIS,WS_SRCE_H_UWL,250161100,I,431010,1431010,Region,Maputo Provincia,0,,0,1,WSSRCEHUWL,MZMIS2018431010,2018,MIS,371,572,,,1
MOZ,Maputo Cidade,6134890,Households using an unprotected well water,0,1,MZ,Mozambique,2018,MZ2018MIS,WS_SRCE_H_UWL,250161100,I,431011,1431011,Region,Maputo Cidade,0,,0,1,WSSRCEHUWL,MZMIS2018431011,2018,MIS,298,527,,,1
MOZ,Niassa,2762126,Households using an unprotected spring,7.2,1,MZ,Mozambique,2018,MZ2018MIS,WS_SRCE_H_USG,250161110,I,431001,1431001,Region,Niassa,0,,0,1,WSSRCEHUSG,MZMIS2018431001,2018,MIS,344,559,,,1
MOZ,Cabo Delgado,5286668,Households using an unprotected spring,0,1,MZ,Mozambique,2018,MZ2018MIS,WS_SRCE_H_USG,250161110,I,431002,1431002,Region,Cabo Delgado,0,,0,1,WSSRCEHUSG,MZMIS2018431002,2018,MIS,536,577,,,1
MOZ,Nampula,3033424,Households using an unprotected spring,3,1,MZ,Mozambique,2018,MZ2018MIS,WS_SRCE_H_USG,250161110,I,431003,1431003,Region,Nampula,0,,0,1,WSSRCEHUSG,MZMIS2018431003,2018,MIS,1277,559,,,1
MOZ,Zambézia,6310862,Households using an unprotected spring,0.8,1,MZ,Mozambique,2018,MZ2018MIS,WS_SRCE_H_USG,250161110,I,431004,1431004,Region,Zambézia,0,,0,1,WSSRCEHUSG,MZMIS2018431004,2018,MIS,1229,588,,,1
MOZ,Tete,1179463,Households using an unprotected spring,1.3,1,MZ,Mozambique,2018,MZ2018MIS,WS_SRCE_H_USG,250161110,I,431005,1431005,Region,Tete,0,,0,1,WSSRCEHUSG,MZMIS2018431005,2018,MIS,569,561,,,1
MOZ,Manica,1179456,Households using an unprotected spring,9.1,1,MZ,Mozambique,2018,MZ2018MIS,WS_SRCE_H_USG,250161110,I,431006,1431006,Region,Manica,0,,0,1,WSSRCEHUSG,MZMIS2018431006,2018,MIS,368,582,,,1
MOZ,Sofala,6990583,Households using an unprotected spring,1.9,1,MZ,Mozambique,2018,MZ2018MIS,WS_SRCE_H_USG,250161110,I,431007,1431007,Region,Sofala,0,,0,1,WSSRCEHUSG,MZMIS2018431007,2018,MIS,467,560,,,1
MOZ,Inhambane,7631185,Households using an unprotected spring,0.4,1,MZ,Mozambique,2018,MZ2018MIS,WS_SRCE_H_USG,250161110,I,431008,1431008,Region,Inhambane,0,,0,1,WSSRCEHUSG,MZMIS2018431008,2018,MIS,402,558,,,1
MOZ,Gaza,4616203,Households using an unprotected spring,0,1,MZ,Mozambique,2018,MZ2018MIS,WS_SRCE_H_USG,250161110,I,431009,1431009,Region,Gaza,0,,0,1,WSSRCEHUSG,MZMIS2018431009,2018,MIS,336,553,,,1
MOZ,Maputo Provincia,6497119,Households using an unprotected spring,0.2,1,MZ,Mozambique,2018,MZ2018MIS,WS_SRCE_H_USG,250161110,I,431010,1431010,Region,Maputo Provincia,0,,0,1,WSSRCEHUSG,MZMIS2018431010,2018,MIS,371,572,,,1
MOZ,Maputo Cidade,6134894,Households using an unprotected spring,0,1,MZ,Mozambique,2018,MZ2018MIS,WS_SRCE_H_USG,250161110,I,431011,1431011,Region,Maputo Cidade,0,,0,1,WSSRCEHUSG,MZMIS2018431011,2018,MIS,298,527,,,1
MOZ,Niassa,2762127,Households using surface water,18.6,1,MZ,Mozambique,2018,MZ2018MIS,WS_SRCE_H_SRF,250161130,I,431001,1431001,Region,Niassa,0,,0,1,WSSRCEHSRF,MZMIS2018431001,2018,MIS,344,559,,,1
MOZ,Cabo Delgado,5286669,Households using surface water,9.6,1,MZ,Mozambique,2018,MZ2018MIS,WS_SRCE_H_SRF,250161130,I,431002,1431002,Region,Cabo Delgado,0,,0,1,WSSRCEHSRF,MZMIS2018431002,2018,MIS,536,577,,,1
MOZ,Nampula,3033425,Households using surface water,13.8,1,MZ,Mozambique,2018,MZ2018MIS,WS_SRCE_H_SRF,250161130,I,431003,1431003,Region,Nampula,0,,0,1,WSSRCEHSRF,MZMIS2018431003,2018,MIS,1277,559,,,1
MOZ,Zambézia,6310863,Households using surface water,4.9,1,MZ,Mozambique,2018,MZ2018MIS,WS_SRCE_H_SRF,250161130,I,431004,1431004,Region,Zambézia,0,,0,1,WSSRCEHSRF,MZMIS2018431004,2018,MIS,1229,588,,,1
MOZ,Tete,1179464,Households using surface water,16.1,1,MZ,Mozambique,2018,MZ2018MIS,WS_SRCE_H_SRF,250161130,I,431005,1431005,Region,Tete,0,,0,1,WSSRCEHSRF,MZMIS2018431005,2018,MIS,569,561,,,1
MOZ,Manica,1179457,Households using surface water,21.3,1,MZ,Mozambique,2018,MZ2018MIS,WS_SRCE_H_SRF,250161130,I,431006,1431006,Region,Manica,0,,0,1,WSSRCEHSRF,MZMIS2018431006,2018,MIS,368,582,,,1
MOZ,Sofala,6990584,Households using surface water,5.5,1,MZ,Mozambique,2018,MZ2018MIS,WS_SRCE_H_SRF,250161130,I,431007,1431007,Region,Sofala,0,,0,1,WSSRCEHSRF,MZMIS2018431007,2018,MIS,467,560,,,1
MOZ,Inhambane,7631186,Households using surface water,1.5,1,MZ,Mozambique,2018,MZ2018MIS,WS_SRCE_H_SRF,250161130,I,431008,1431008,Region,Inhambane,0,,0,1,WSSRCEHSRF,MZMIS2018431008,2018,MIS,402,558,,,1
MOZ,Gaza,4616204,Households using surface water,4.1,1,MZ,Mozambique,2018,MZ2018MIS,WS_SRCE_H_SRF,250161130,I,431009,1431009,Region,Gaza,0,,0,1,WSSRCEHSRF,MZMIS2018431009,2018,MIS,336,553,,,1
MOZ,Maputo Provincia,6497120,Households using surface water,0.3,1,MZ,Mozambique,2018,MZ2018MIS,WS_SRCE_H_SRF,250161130,I,431010,1431010,Region,Maputo Provincia,0,,0,1,WSSRCEHSRF,MZMIS2018431010,2018,MIS,371,572,,,1
MOZ,Maputo Cidade,6134895,Households using surface water,0,1,MZ,Mozambique,2018,MZ2018MIS,WS_SRCE_H_SRF,250161130,I,431011,1431011,Region,Maputo Cidade,0,,0,1,WSSRCEHSRF,MZMIS2018431011,2018,MIS,298,527,,,1
MOZ,Niassa,2762133,Households using other water source,0,1,MZ,Mozambique,2018,MZ2018MIS,WS_SRCE_H_OTH,250161140,I,431001,1431001,Region,Niassa,0,,0,1,WSSRCEHOTH,MZMIS2018431001,2018,MIS,344,559,,,1
MOZ,Cabo Delgado,5286672,Households using other water source,0,1,MZ,Mozambique,2018,MZ2018MIS,WS_SRCE_H_OTH,250161140,I,431002,1431002,Region,Cabo Delgado,0,,0,1,WSSRCEHOTH,MZMIS2018431002,2018,MIS,536,577,,,1
MOZ,Nampula,3033434,Households using other water source,0.2,1,MZ,Mozambique,2018,MZ2018MIS,WS_SRCE_H_OTH,250161140,I,431003,1431003,Region,Nampula,0,,0,1,WSSRCEHOTH,MZMIS2018431003,2018,MIS,1277,559,,,1
MOZ,Zambézia,6310871,Households using other water source,0.4,1,MZ,Mozambique,2018,MZ2018MIS,WS_SRCE_H_OTH,250161140,I,431004,1431004,Region,Zambézia,0,,0,1,WSSRCEHOTH,MZMIS2018431004,2018,MIS,1229,588,,,1
MOZ,Tete,1179480,Households using other water source,0.1,1,MZ,Mozambique,2018,MZ2018MIS,WS_SRCE_H_OTH,250161140,I,431005,1431005,Region,Tete,0,,0,1,WSSRCEHOTH,MZMIS2018431005,2018,MIS,569,561,,,1
MOZ,Manica,1179508,Households using other water source,1.4,1,MZ,Mozambique,2018,MZ2018MIS,WS_SRCE_H_OTH,250161140,I,431006,1431006,Region,Manica,0,,0,1,WSSRCEHOTH,MZMIS2018431006,2018,MIS,368,582,,,1
MOZ,Sofala,6990587,Households using other water source,0.5,1,MZ,Mozambique,2018,MZ2018MIS,WS_SRCE_H_OTH,250161140,I,431007,1431007,Region,Sofala,0,,0,1,WSSRCEHOTH,MZMIS2018431007,2018,MIS,467,560,,,1
MOZ,Inhambane,7631194,Households using other water source,0,1,MZ,Mozambique,2018,MZ2018MIS,WS_SRCE_H_OTH,250161140,I,431008,1431008,Region,Inhambane,0,,0,1,WSSRCEHOTH,MZMIS2018431008,2018,MIS,402,558,,,1
MOZ,Gaza,4616234,Households using other water source,0,1,MZ,Mozambique,2018,MZ2018MIS,WS_SRCE_H_OTH,250161140,I,431009,1431009,Region,Gaza,0,,0,1,WSSRCEHOTH,MZMIS2018431009,2018,MIS,336,553,,,1
MOZ,Maputo Provincia,6497123,Households using other water source,0.2,1,MZ,Mozambique,2018,MZ2018MIS,WS_SRCE_H_OTH,250161140,I,431010,1431010,Region,Maputo Provincia,0,,0,1,WSSRCEHOTH,MZMIS2018431010,2018,MIS,371,572,,,1
MOZ,Maputo Cidade,6134880,Households using other water source,0,1,MZ,Mozambique,2018,MZ2018MIS,WS_SRCE_H_OTH,250161140,I,431011,1431011,Region,Maputo Cidade,0,,0,1,WSSRCEHOTH,MZMIS2018431011,2018,MIS,298,527,,,1
MOZ,Niassa,2762125,Households: Total,100,1,MZ,Mozambique,2018,MZ2018MIS,WS_SRCE_H_TOT,250161160,T,431001,1431001,Region,Niassa,0,,0,1,WSSRCEHTOT,MZMIS2018431001,2018,MIS,344,559,,,1
MOZ,Cabo Delgado,5286665,Households: Total,100,1,MZ,Mozambique,2018,MZ2018MIS,WS_SRCE_H_TOT,250161160,T,431002,1431002,Region,Cabo Delgado,0,,0,1,WSSRCEHTOT,MZMIS2018431002,2018,MIS,536,577,,,1
MOZ,Nampula,3033421,Households: Total,100,1,MZ,Mozambique,2018,MZ2018MIS,WS_SRCE_H_TOT,250161160,T,431003,1431003,Region,Nampula,0,,0,1,WSSRCEHTOT,MZMIS2018431003,2018,MIS,1277,559,,,1
MOZ,Zambézia,6310867,Households: Total,100,1,MZ,Mozambique,2018,MZ2018MIS,WS_SRCE_H_TOT,250161160,T,431004,1431004,Region,Zambézia,0,,0,1,WSSRCEHTOT,MZMIS2018431004,2018,MIS,1229,588,,,1
MOZ,Tete,1179506,Households: Total,100,1,MZ,Mozambique,2018,MZ2018MIS,WS_SRCE_H_TOT,250161160,T,431005,1431005,Region,Tete,0,,0,1,WSSRCEHTOT,MZMIS2018431005,2018,MIS,569,561,,,1
MOZ,Manica,1179516,Households: Total,100,1,MZ,Mozambique,2018,MZ2018MIS,WS_SRCE_H_TOT,250161160,T,431006,1431006,Region,Manica,0,,0,1,WSSRCEHTOT,MZMIS2018431006,2018,MIS,368,582,,,1
MOZ,Sofala,6990602,Households: Total,100,1,MZ,Mozambique,2018,MZ2018MIS,WS_SRCE_H_TOT,250161160,T,431007,1431007,Region,Sofala,0,,0,1,WSSRCEHTOT,MZMIS2018431007,2018,MIS,467,560,,,1
MOZ,Inhambane,7631190,Households: Total,100,1,MZ,Mozambique,2018,MZ2018MIS,WS_SRCE_H_TOT,250161160,T,431008,1431008,Region,Inhambane,0,,0,1,WSSRCEHTOT,MZMIS2018431008,2018,MIS,402,558,,,1
MOZ,Gaza,4616231,Households: Total,100,1,MZ,Mozambique,2018,MZ2018MIS,WS_SRCE_H_TOT,250161160,T,431009,1431009,Region,Gaza,0,,0,1,WSSRCEHTOT,MZMIS2018431009,2018,MIS,336,553,,,1
MOZ,Maputo Provincia,6497139,Households: Total,100,1,MZ,Mozambique,2018,MZ2018MIS,WS_SRCE_H_TOT,250161160,T,431010,1431010,Region,Maputo Provincia,0,,0,1,WSSRCEHTOT,MZMIS2018431010,2018,MIS,371,572,,,1
MOZ,Maputo Cidade,6134919,Households: Total,100,1,MZ,Mozambique,2018,MZ2018MIS,WS_SRCE_H_TOT,250161160,T,431011,1431011,Region,Maputo Cidade,0,,0,1,WSSRCEHTOT,MZMIS2018431011,2018,MIS,298,527,,,1
MOZ,Niassa,7414985,Population using an improved water source,54.2,1,MZ,Mozambique,2018,MZ2018MIS,WS_SRCE_P_IMP,250162010,I,431001,1431001,Region,Niassa,0,,0,1,WSSRCEPIMP,MZMIS2018431001,2018,MIS,1521,2491,,,1
MOZ,Cabo Delgado,4171584,Population using an improved water source,45.4,1,MZ,Mozambique,2018,MZ2018MIS,WS_SRCE_P_IMP,250162010,I,431002,1431002,Region,Cabo Delgado,0,,0,1,WSSRCEPIMP,MZMIS2018431002,2018,MIS,2194,2413,,,1
MOZ,Nampula,5844461,Population using an improved water source,64.3,1,MZ,Mozambique,2018,MZ2018MIS,WS_SRCE_P_IMP,250162010,I,431003,1431003,Region,Nampula,0,,0,1,WSSRCEPIMP,MZMIS2018431003,2018,MIS,5610,2457,,,1
MOZ,Zambézia,7029116,Population using an improved water source,54.4,1,MZ,Mozambique,2018,MZ2018MIS,WS_SRCE_P_IMP,250162010,I,431004,1431004,Region,Zambézia,0,,0,1,WSSRCEPIMP,MZMIS2018431004,2018,MIS,5242,2567,,,1
MOZ,Tete,4068794,Population using an improved water source,55.8,1,MZ,Mozambique,2018,MZ2018MIS,WS_SRCE_P_IMP,250162010,I,431005,1431005,Region,Tete,0,,0,1,WSSRCEPIMP,MZMIS2018431005,2018,MIS,2517,2482,,,1
MOZ,Manica,2598577,Population using an improved water source,57.1,1,MZ,Mozambique,2018,MZ2018MIS,WS_SRCE_P_IMP,250162010,I,431006,1431006,Region,Manica,0,,0,1,WSSRCEPIMP,MZMIS2018431006,2018,MIS,2024,3106,,,1
MOZ,Sofala,3020823,Population using an improved water source,79.6,1,MZ,Mozambique,2018,MZ2018MIS,WS_SRCE_P_IMP,250162010,I,431007,1431007,Region,Sofala,0,,0,1,WSSRCEPIMP,MZMIS2018431007,2018,MIS,2340,2765,,,1
MOZ,Inhambane,7632746,Population using an improved water source,77.2,1,MZ,Mozambique,2018,MZ2018MIS,WS_SRCE_P_IMP,250162010,I,431008,1431008,Region,Inhambane,0,,0,1,WSSRCEPIMP,MZMIS2018431008,2018,MIS,1832,2592,,,1
MOZ,Gaza,3980594,Population using an improved water source,66.4,1,MZ,Mozambique,2018,MZ2018MIS,WS_SRCE_P_IMP,250162010,I,431009,1431009,Region,Gaza,0,,0,1,WSSRCEPIMP,MZMIS2018431009,2018,MIS,1590,2676,,,1
MOZ,Maputo Provincia,1187001,Population using an improved water source,95.7,1,MZ,Mozambique,2018,MZ2018MIS,WS_SRCE_P_IMP,250162010,I,431010,1431010,Region,Maputo Provincia,0,,0,1,WSSRCEPIMP,MZMIS2018431010,2018,MIS,1697,2578,,,1
MOZ,Maputo Cidade,5066581,Population using an improved water source,100,1,MZ,Mozambique,2018,MZ2018MIS,WS_SRCE_P_IMP,250162010,I,431011,1431011,Region,Maputo Cidade,0,,0,1,WSSRCEPIMP,MZMIS2018431011,2018,MIS,1460,2596,,,1
MOZ,Niassa,7414967,Population using water piped into dwelling,0.5,1,MZ,Mozambique,2018,MZ2018MIS,WS_SRCE_P_PIP,250162020,I,431001,1431001,Region,Niassa,0,,0,1,WSSRCEPPIP,MZMIS2018431001,2018,MIS,1521,2491,,,1
MOZ,Cabo Delgado,4171599,Population using water piped into dwelling,1.1,1,MZ,Mozambique,2018,MZ2018MIS,WS_SRCE_P_PIP,250162020,I,431002,1431002,Region,Cabo Delgado,0,,0,1,WSSRCEPPIP,MZMIS2018431002,2018,MIS,2194,2413,,,1
MOZ,Nampula,5844473,Population using water piped into dwelling,0.5,1,MZ,Mozambique,2018,MZ2018MIS,WS_SRCE_P_PIP,250162020,I,431003,1431003,Region,Nampula,0,,0,1,WSSRCEPPIP,MZMIS2018431003,2018,MIS,5610,2457,,,1
MOZ,Zambézia,7029048,Population using water piped into dwelling,0.7,1,MZ,Mozambique,2018,MZ2018MIS,WS_SRCE_P_PIP,250162020,I,431004,1431004,Region,Zambézia,0,,0,1,WSSRCEPPIP,MZMIS2018431004,2018,MIS,5242,2567,,,1
MOZ,Tete,4068801,Population using water piped into dwelling,1.4,1,MZ,Mozambique,2018,MZ2018MIS,WS_SRCE_P_PIP,250162020,I,431005,1431005,Region,Tete,0,,0,1,WSSRCEPPIP,MZMIS2018431005,2018,MIS,2517,2482,,,1
MOZ,Manica,2598580,Population using water piped into dwelling,4,1,MZ,Mozambique,2018,MZ2018MIS,WS_SRCE_P_PIP,250162020,I,431006,1431006,Region,Manica,0,,0,1,WSSRCEPPIP,MZMIS2018431006,2018,MIS,2024,3106,,,1
MOZ,Sofala,3020734,Population using water piped into dwelling,1.3,1,MZ,Mozambique,2018,MZ2018MIS,WS_SRCE_P_PIP,250162020,I,431007,1431007,Region,Sofala,0,,0,1,WSSRCEPPIP,MZMIS2018431007,2018,MIS,2340,2765,,,1
MOZ,Inhambane,7632751,Population using water piped into dwelling,0.1,1,MZ,Mozambique,2018,MZ2018MIS,WS_SRCE_P_PIP,250162020,I,431008,1431008,Region,Inhambane,0,,0,1,WSSRCEPPIP,MZMIS2018431008,2018,MIS,1832,2592,,,1
MOZ,Gaza,3980589,Population using water piped into dwelling,1.7,1,MZ,Mozambique,2018,MZ2018MIS,WS_SRCE_P_PIP,250162020,I,431009,1431009,Region,Gaza,0,,0,1,WSSRCEPPIP,MZMIS2018431009,2018,MIS,1590,2676,,,1
MOZ,Maputo Provincia,1186999,Population using water piped into dwelling,6.1,1,MZ,Mozambique,2018,MZ2018MIS,WS_SRCE_P_PIP,250162020,I,431010,1431010,Region,Maputo Provincia,0,,0,1,WSSRCEPPIP,MZMIS2018431010,2018,MIS,1697,2578,,,1
MOZ,Maputo Cidade,5066572,Population using water piped into dwelling,17.4,1,MZ,Mozambique,2018,MZ2018MIS,WS_SRCE_P_PIP,250162020,I,431011,1431011,Region,Maputo Cidade,0,,0,1,WSSRCEPPIP,MZMIS2018431011,2018,MIS,1460,2596,,,1
MOZ,Niassa,7414986,Population using a public tap/standpipe,21.7,1,MZ,Mozambique,2018,MZ2018MIS,WS_SRCE_P_TAP,250162030,I,431001,1431001,Region,Niassa,0,,0,1,WSSRCEPTAP,MZMIS2018431001,2018,MIS,1521,2491,,,1
MOZ,Cabo Delgado,4171585,Population using a public tap/standpipe,27.9,1,MZ,Mozambique,2018,MZ2018MIS,WS_SRCE_P_TAP,250162030,I,431002,1431002,Region,Cabo Delgado,0,,0,1,WSSRCEPTAP,MZMIS2018431002,2018,MIS,2194,2413,,,1
MOZ,Nampula,5844462,Population using a public tap/standpipe,29.1,1,MZ,Mozambique,2018,MZ2018MIS,WS_SRCE_P_TAP,250162030,I,431003,1431003,Region,Nampula,0,,0,1,WSSRCEPTAP,MZMIS2018431003,2018,MIS,5610,2457,,,1
MOZ,Zambézia,7029117,Population using a public tap/standpipe,5,1,MZ,Mozambique,2018,MZ2018MIS,WS_SRCE_P_TAP,250162030,I,431004,1431004,Region,Zambézia,0,,0,1,WSSRCEPTAP,MZMIS2018431004,2018,MIS,5242,2567,,,1
MOZ,Tete,4068795,Population using a public tap/standpipe,7.2,1,MZ,Mozambique,2018,MZ2018MIS,WS_SRCE_P_TAP,250162030,I,431005,1431005,Region,Tete,0,,0,1,WSSRCEPTAP,MZMIS2018431005,2018,MIS,2517,2482,,,1
MOZ,Manica,2598578,Population using a public tap/standpipe,2.9,1,MZ,Mozambique,2018,MZ2018MIS,WS_SRCE_P_TAP,250162030,I,431006,1431006,Region,Manica,0,,0,1,WSSRCEPTAP,MZMIS2018431006,2018,MIS,2024,3106,,,1
MOZ,Sofala,3020824,Population using a public tap/standpipe,43.8,1,MZ,Mozambique,2018,MZ2018MIS,WS_SRCE_P_TAP,250162030,I,431007,1431007,Region,Sofala,0,,0,1,WSSRCEPTAP,MZMIS2018431007,2018,MIS,2340,2765,,,1
MOZ,Inhambane,7632753,Population using a public tap/standpipe,8.2,1,MZ,Mozambique,2018,MZ2018MIS,WS_SRCE_P_TAP,250162030,I,431008,1431008,Region,Inhambane,0,,0,1,WSSRCEPTAP,MZMIS2018431008,2018,MIS,1832,2592,,,1
MOZ,Gaza,3980595,Population using a public tap/standpipe,9.8,1,MZ,Mozambique,2018,MZ2018MIS,WS_SRCE_P_TAP,250162030,I,431009,1431009,Region,Gaza,0,,0,1,WSSRCEPTAP,MZMIS2018431009,2018,MIS,1590,2676,,,1
MOZ,Maputo Provincia,1187002,Population using a public tap/standpipe,5.2,1,MZ,Mozambique,2018,MZ2018MIS,WS_SRCE_P_TAP,250162030,I,431010,1431010,Region,Maputo Provincia,0,,0,1,WSSRCEPTAP,MZMIS2018431010,2018,MIS,1697,2578,,,1
MOZ,Maputo Cidade,5066582,Population using a public tap/standpipe,4.4,1,MZ,Mozambique,2018,MZ2018MIS,WS_SRCE_P_TAP,250162030,I,431011,1431011,Region,Maputo Cidade,0,,0,1,WSSRCEPTAP,MZMIS2018431011,2018,MIS,1460,2596,,,1
MOZ,Niassa,7414979,Population using a tubewell/borehole,11.5,1,MZ,Mozambique,2018,MZ2018MIS,WS_SRCE_P_TUB,250162040,I,431001,1431001,Region,Niassa,0,,0,1,WSSRCEPTUB,MZMIS2018431001,2018,MIS,1521,2491,,,1
MOZ,Cabo Delgado,4171707,Population using a tubewell/borehole,1.6,1,MZ,Mozambique,2018,MZ2018MIS,WS_SRCE_P_TUB,250162040,I,431002,1431002,Region,Cabo Delgado,0,,0,1,WSSRCEPTUB,MZMIS2018431002,2018,MIS,2194,2413,,,1
MOZ,Nampula,5844454,Population using a tubewell/borehole,2.3,1,MZ,Mozambique,2018,MZ2018MIS,WS_SRCE_P_TUB,250162040,I,431003,1431003,Region,Nampula,0,,0,1,WSSRCEPTUB,MZMIS2018431003,2018,MIS,5610,2457,,,1
MOZ,Zambézia,7029109,Population using a tubewell/borehole,24.4,1,MZ,Mozambique,2018,MZ2018MIS,WS_SRCE_P_TUB,250162040,I,431004,1431004,Region,Zambézia,0,,0,1,WSSRCEPTUB,MZMIS2018431004,2018,MIS,5242,2567,,,1
MOZ,Tete,4068787,Population using a tubewell/borehole,33.5,1,MZ,Mozambique,2018,MZ2018MIS,WS_SRCE_P_TUB,250162040,I,431005,1431005,Region,Tete,0,,0,1,WSSRCEPTUB,MZMIS2018431005,2018,MIS,2517,2482,,,1
MOZ,Manica,2598571,Population using a tubewell/borehole,25.6,1,MZ,Mozambique,2018,MZ2018MIS,WS_SRCE_P_TUB,250162040,I,431006,1431006,Region,Manica,0,,0,1,WSSRCEPTUB,MZMIS2018431006,2018,MIS,2024,3106,,,1
MOZ,Sofala,3020818,Population using a tubewell/borehole,2,1,MZ,Mozambique,2018,MZ2018MIS,WS_SRCE_P_TUB,250162040,I,431007,1431007,Region,Sofala,0,,0,1,WSSRCEPTUB,MZMIS2018431007,2018,MIS,2340,2765,,,1
MOZ,Inhambane,7632748,Population using a tubewell/borehole,9.3,1,MZ,Mozambique,2018,MZ2018MIS,WS_SRCE_P_TUB,250162040,I,431008,1431008,Region,Inhambane,0,,0,1,WSSRCEPTUB,MZMIS2018431008,2018,MIS,1832,2592,,,1
MOZ,Gaza,3980585,Population using a tubewell/borehole,3.6,1,MZ,Mozambique,2018,MZ2018MIS,WS_SRCE_P_TUB,250162040,I,431009,1431009,Region,Gaza,0,,0,1,WSSRCEPTUB,MZMIS2018431009,2018,MIS,1590,2676,,,1
MOZ,Maputo Provincia,1187008,Population using a tubewell/borehole,3,1,MZ,Mozambique,2018,MZ2018MIS,WS_SRCE_P_TUB,250162040,I,431010,1431010,Region,Maputo Provincia,0,,0,1,WSSRCEPTUB,MZMIS2018431010,2018,MIS,1697,2578,,,1
MOZ,Maputo Cidade,5066576,Population using a tubewell/borehole,0.4,1,MZ,Mozambique,2018,MZ2018MIS,WS_SRCE_P_TUB,250162040,I,431011,1431011,Region,Maputo Cidade,0,,0,1,WSSRCEPTUB,MZMIS2018431011,2018,MIS,1460,2596,,,1
MOZ,Niassa,7414980,Population using a protected well,13.9,1,MZ,Mozambique,2018,MZ2018MIS,WS_SRCE_P_PWL,250162050,I,431001,1431001,Region,Niassa,0,,0,1,WSSRCEPPWL,MZMIS2018431001,2018,MIS,1521,2491,,,1
MOZ,Cabo Delgado,4171708,Population using a protected well,4.8,1,MZ,Mozambique,2018,MZ2018MIS,WS_SRCE_P_PWL,250162050,I,431002,1431002,Region,Cabo Delgado,0,,0,1,WSSRCEPPWL,MZMIS2018431002,2018,MIS,2194,2413,,,1
MOZ,Nampula,5844455,Population using a protected well,15.1,1,MZ,Mozambique,2018,MZ2018MIS,WS_SRCE_P_PWL,250162050,I,431003,1431003,Region,Nampula,0,,0,1,WSSRCEPPWL,MZMIS2018431003,2018,MIS,5610,2457,,,1
MOZ,Zambézia,7029110,Population using a protected well,16.2,1,MZ,Mozambique,2018,MZ2018MIS,WS_SRCE_P_PWL,250162050,I,431004,1431004,Region,Zambézia,0,,0,1,WSSRCEPPWL,MZMIS2018431004,2018,MIS,5242,2567,,,1
MOZ,Tete,4068788,Population using a protected well,3.2,1,MZ,Mozambique,2018,MZ2018MIS,WS_SRCE_P_PWL,250162050,I,431005,1431005,Region,Tete,0,,0,1,WSSRCEPPWL,MZMIS2018431005,2018,MIS,2517,2482,,,1
MOZ,Manica,2598572,Population using a protected well,2.8,1,MZ,Mozambique,2018,MZ2018MIS,WS_SRCE_P_PWL,250162050,I,431006,1431006,Region,Manica,0,,0,1,WSSRCEPPWL,MZMIS2018431006,2018,MIS,2024,3106,,,1
MOZ,Sofala,3020819,Population using a protected well,5.4,1,MZ,Mozambique,2018,MZ2018MIS,WS_SRCE_P_PWL,250162050,I,431007,1431007,Region,Sofala,0,,0,1,WSSRCEPPWL,MZMIS2018431007,2018,MIS,2340,2765,,,1
MOZ,Inhambane,7632749,Population using a protected well,14.6,1,MZ,Mozambique,2018,MZ2018MIS,WS_SRCE_P_PWL,250162050,I,431008,1431008,Region,Inhambane,0,,0,1,WSSRCEPPWL,MZMIS2018431008,2018,MIS,1832,2592,,,1
MOZ,Gaza,3980586,Population using a protected well,1.7,1,MZ,Mozambique,2018,MZ2018MIS,WS_SRCE_P_PWL,250162050,I,431009,1431009,Region,Gaza,0,,0,1,WSSRCEPPWL,MZMIS2018431009,2018,MIS,1590,2676,,,1
MOZ,Maputo Provincia,1187009,Population using a protected well,1.4,1,MZ,Mozambique,2018,MZ2018MIS,WS_SRCE_P_PWL,250162050,I,431010,1431010,Region,Maputo Provincia,0,,0,1,WSSRCEPPWL,MZMIS2018431010,2018,MIS,1697,2578,,,1
MOZ,Maputo Cidade,5066577,Population using a protected well,0.1,1,MZ,Mozambique,2018,MZ2018MIS,WS_SRCE_P_PWL,250162050,I,431011,1431011,Region,Maputo Cidade,0,,0,1,WSSRCEPPWL,MZMIS2018431011,2018,MIS,1460,2596,,,1
MOZ,Niassa,7414981,Population using a protected spring,1.3,1,MZ,Mozambique,2018,MZ2018MIS,WS_SRCE_P_PSG,250162060,I,431001,1431001,Region,Niassa,0,,0,1,WSSRCEPPSG,MZMIS2018431001,2018,MIS,1521,2491,,,1
MOZ,Cabo Delgado,4171709,Population using a protected spring,0,1,MZ,Mozambique,2018,MZ2018MIS,WS_SRCE_P_PSG,250162060,I,431002,1431002,Region,Cabo Delgado,0,,0,1,WSSRCEPPSG,MZMIS2018431002,2018,MIS,2194,2413,,,1
MOZ,Nampula,5844456,Population using a protected spring,0,1,MZ,Mozambique,2018,MZ2018MIS,WS_SRCE_P_PSG,250162060,I,431003,1431003,Region,Nampula,0,,0,1,WSSRCEPPSG,MZMIS2018431003,2018,MIS,5610,2457,,,1
MOZ,Zambézia,7029111,Population using a protected spring,2.2,1,MZ,Mozambique,2018,MZ2018MIS,WS_SRCE_P_PSG,250162060,I,431004,1431004,Region,Zambézia,0,,0,1,WSSRCEPPSG,MZMIS2018431004,2018,MIS,5242,2567,,,1
MOZ,Tete,4068789,Population using a protected spring,0.6,1,MZ,Mozambique,2018,MZ2018MIS,WS_SRCE_P_PSG,250162060,I,431005,1431005,Region,Tete,0,,0,1,WSSRCEPPSG,MZMIS2018431005,2018,MIS,2517,2482,,,1
MOZ,Manica,2598573,Population using a protected spring,1.4,1,MZ,Mozambique,2018,MZ2018MIS,WS_SRCE_P_PSG,250162060,I,431006,1431006,Region,Manica,0,,0,1,WSSRCEPPSG,MZMIS2018431006,2018,MIS,2024,3106,,,1
MOZ,Sofala,3020820,Population using a protected spring,0,1,MZ,Mozambique,2018,MZ2018MIS,WS_SRCE_P_PSG,250162060,I,431007,1431007,Region,Sofala,0,,0,1,WSSRCEPPSG,MZMIS2018431007,2018,MIS,2340,2765,,,1
MOZ,Inhambane,7632750,Population using a protected spring,0.9,1,MZ,Mozambique,2018,MZ2018MIS,WS_SRCE_P_PSG,250162060,I,431008,1431008,Region,Inhambane,0,,0,1,WSSRCEPPSG,MZMIS2018431008,2018,MIS,1832,2592,,,1
MOZ,Gaza,3980587,Population using a protected spring,0,1,MZ,Mozambique,2018,MZ2018MIS,WS_SRCE_P_PSG,250162060,I,431009,1431009,Region,Gaza,0,,0,1,WSSRCEPPSG,MZMIS2018431009,2018,MIS,1590,2676,,,1
MOZ,Maputo Provincia,1187010,Population using a protected spring,0,1,MZ,Mozambique,2018,MZ2018MIS,WS_SRCE_P_PSG,250162060,I,431010,1431010,Region,Maputo Provincia,0,,0,1,WSSRCEPPSG,MZMIS2018431010,2018,MIS,1697,2578,,,1
MOZ,Maputo Cidade,5066578,Population using a protected spring,0,1,MZ,Mozambique,2018,MZ2018MIS,WS_SRCE_P_PSG,250162060,I,431011,1431011,Region,Maputo Cidade,0,,0,1,WSSRCEPPSG,MZMIS2018431011,2018,MIS,1460,2596,,,1
MOZ,Niassa,7414982,Population using rainwater,0,1,MZ,Mozambique,2018,MZ2018MIS,WS_SRCE_P_RNW,250162070,I,431001,1431001,Region,Niassa,0,,0,1,WSSRCEPRNW,MZMIS2018431001,2018,MIS,1521,2491,,,1
MOZ,Cabo Delgado,4171720,Population using rainwater,3.4,1,MZ,Mozambique,2018,MZ2018MIS,WS_SRCE_P_RNW,250162070,I,431002,1431002,Region,Cabo Delgado,0,,0,1,WSSRCEPRNW,MZMIS2018431002,2018,MIS,2194,2413,,,1
MOZ,Nampula,5844457,Population using rainwater,0.5,1,MZ,Mozambique,2018,MZ2018MIS,WS_SRCE_P_RNW,250162070,I,431003,1431003,Region,Nampula,0,,0,1,WSSRCEPRNW,MZMIS2018431003,2018,MIS,5610,2457,,,1
MOZ,Zambézia,7029112,Population using rainwater,1.1,1,MZ,Mozambique,2018,MZ2018MIS,WS_SRCE_P_RNW,250162070,I,431004,1431004,Region,Zambézia,0,,0,1,WSSRCEPRNW,MZMIS2018431004,2018,MIS,5242,2567,,,1
MOZ,Tete,4068790,Population using rainwater,0,1,MZ,Mozambique,2018,MZ2018MIS,WS_SRCE_P_RNW,250162070,I,431005,1431005,Region,Tete,0,,0,1,WSSRCEPRNW,MZMIS2018431005,2018,MIS,2517,2482,,,1
MOZ,Manica,2598576,Population using rainwater,0.4,1,MZ,Mozambique,2018,MZ2018MIS,WS_SRCE_P_RNW,250162070,I,431006,1431006,Region,Manica,0,,0,1,WSSRCEPRNW,MZMIS2018431006,2018,MIS,2024,3106,,,1
MOZ,Sofala,3020821,Population using rainwater,0,1,MZ,Mozambique,2018,MZ2018MIS,WS_SRCE_P_RNW,250162070,I,431007,1431007,Region,Sofala,0,,0,1,WSSRCEPRNW,MZMIS2018431007,2018,MIS,2340,2765,,,1
MOZ,Inhambane,7632759,Population using rainwater,13.5,1,MZ,Mozambique,2018,MZ2018MIS,WS_SRCE_P_RNW,250162070,I,431008,1431008,Region,Inhambane,0,,0,1,WSSRCEPRNW,MZMIS2018431008,2018,MIS,1832,2592,,,1
MOZ,Gaza,3980588,Population using rainwater,3,1,MZ,Mozambique,2018,MZ2018MIS,WS_SRCE_P_RNW,250162070,I,431009,1431009,Region,Gaza,0,,0,1,WSSRCEPRNW,MZMIS2018431009,2018,MIS,1590,2676,,,1
MOZ,Maputo Provincia,1187011,Population using rainwater,0.1,1,MZ,Mozambique,2018,MZ2018MIS,WS_SRCE_P_RNW,250162070,I,431010,1431010,Region,Maputo Provincia,0,,0,1,WSSRCEPRNW,MZMIS2018431010,2018,MIS,1697,2578,,,1
MOZ,Maputo Cidade,5066579,Population using rainwater,0,1,MZ,Mozambique,2018,MZ2018MIS,WS_SRCE_P_RNW,250162070,I,431011,1431011,Region,Maputo Cidade,0,,0,1,WSSRCEPRNW,MZMIS2018431011,2018,MIS,1460,2596,,,1
MOZ,Niassa,7414975,Population using tanker truck,0,1,MZ,Mozambique,2018,MZ2018MIS,WS_SRCE_P_TNK,250162074,I,431001,1431001,Region,Niassa,0,,0,1,WSSRCEPTNK,MZMIS2018431001,2018,MIS,1521,2491,,,1
MOZ,Cabo Delgado,4171606,Population using tanker truck,1.8,1,MZ,Mozambique,2018,MZ2018MIS,WS_SRCE_P_TNK,250162074,I,431002,1431002,Region,Cabo Delgado,0,,0,1,WSSRCEPTNK,MZMIS2018431002,2018,MIS,2194,2413,,,1
MOZ,Nampula,5844478,Population using tanker truck,0,1,MZ,Mozambique,2018,MZ2018MIS,WS_SRCE_P_TNK,250162074,I,431003,1431003,Region,Nampula,0,,0,1,WSSRCEPTNK,MZMIS2018431003,2018,MIS,5610,2457,,,1
MOZ,Zambézia,7029054,Population using tanker truck,0,1,MZ,Mozambique,2018,MZ2018MIS,WS_SRCE_P_TNK,250162074,I,431004,1431004,Region,Zambézia,0,,0,1,WSSRCEPTNK,MZMIS2018431004,2018,MIS,5242,2567,,,1
MOZ,Tete,4068809,Population using tanker truck,0,1,MZ,Mozambique,2018,MZ2018MIS,WS_SRCE_P_TNK,250162074,I,431005,1431005,Region,Tete,0,,0,1,WSSRCEPTNK,MZMIS2018431005,2018,MIS,2517,2482,,,1
MOZ,Manica,2598629,Population using tanker truck,0,1,MZ,Mozambique,2018,MZ2018MIS,WS_SRCE_P_TNK,250162074,I,431006,1431006,Region,Manica,0,,0,1,WSSRCEPTNK,MZMIS2018431006,2018,MIS,2024,3106,,,1
MOZ,Sofala,3020781,Population using tanker truck,0,1,MZ,Mozambique,2018,MZ2018MIS,WS_SRCE_P_TNK,250162074,I,431007,1431007,Region,Sofala,0,,0,1,WSSRCEPTNK,MZMIS2018431007,2018,MIS,2340,2765,,,1
MOZ,Inhambane,7632769,Population using tanker truck,0.6,1,MZ,Mozambique,2018,MZ2018MIS,WS_SRCE_P_TNK,250162074,I,431008,1431008,Region,Inhambane,0,,0,1,WSSRCEPTNK,MZMIS2018431008,2018,MIS,1832,2592,,,1
MOZ,Gaza,3980607,Population using tanker truck,0.1,1,MZ,Mozambique,2018,MZ2018MIS,WS_SRCE_P_TNK,250162074,I,431009,1431009,Region,Gaza,0,,0,1,WSSRCEPTNK,MZMIS2018431009,2018,MIS,1590,2676,,,1
MOZ,Maputo Provincia,1187023,Population using tanker truck,0,1,MZ,Mozambique,2018,MZ2018MIS,WS_SRCE_P_TNK,250162074,I,431010,1431010,Region,Maputo Provincia,0,,0,1,WSSRCEPTNK,MZMIS2018431010,2018,MIS,1697,2578,,,1
MOZ,Maputo Cidade,5066595,Population using tanker truck,0,1,MZ,Mozambique,2018,MZ2018MIS,WS_SRCE_P_TNK,250162074,I,431011,1431011,Region,Maputo Cidade,0,,0,1,WSSRCEPTNK,MZMIS2018431011,2018,MIS,1460,2596,,,1
MOZ,Niassa,7414962,Population using bottled water/demi john,0,1,MZ,Mozambique,2018,MZ2018MIS,WS_SRCE_P_BOT,250162080,I,431001,1431001,Region,Niassa,0,,0,1,WSSRCEPBOT,MZMIS2018431001,2018,MIS,1521,2491,,,1
MOZ,Cabo Delgado,4171587,Population using bottled water/demi john,0,1,MZ,Mozambique,2018,MZ2018MIS,WS_SRCE_P_BOT,250162080,I,431002,1431002,Region,Cabo Delgado,0,,0,1,WSSRCEPBOT,MZMIS2018431002,2018,MIS,2194,2413,,,1
MOZ,Nampula,5844469,Population using bottled water/demi john,0,1,MZ,Mozambique,2018,MZ2018MIS,WS_SRCE_P_BOT,250162080,I,431003,1431003,Region,Nampula,0,,0,1,WSSRCEPBOT,MZMIS2018431003,2018,MIS,5610,2457,,,1
MOZ,Zambézia,7029119,Population using bottled water/demi john,0,1,MZ,Mozambique,2018,MZ2018MIS,WS_SRCE_P_BOT,250162080,I,431004,1431004,Region,Zambézia,0,,0,1,WSSRCEPBOT,MZMIS2018431004,2018,MIS,5242,2567,,,1
MOZ,Tete,4068797,Population using bottled water/demi john,0.1,1,MZ,Mozambique,2018,MZ2018MIS,WS_SRCE_P_BOT,250162080,I,431005,1431005,Region,Tete,0,,0,1,WSSRCEPBOT,MZMIS2018431005,2018,MIS,2517,2482,,,1
MOZ,Manica,2598591,Population using bottled water/demi john,0,1,MZ,Mozambique,2018,MZ2018MIS,WS_SRCE_P_BOT,250162080,I,431006,1431006,Region,Manica,0,,0,1,WSSRCEPBOT,MZMIS2018431006,2018,MIS,2024,3106,,,1
MOZ,Sofala,3020826,Population using bottled water/demi john,0.1,1,MZ,Mozambique,2018,MZ2018MIS,WS_SRCE_P_BOT,250162080,I,431007,1431007,Region,Sofala,0,,0,1,WSSRCEPBOT,MZMIS2018431007,2018,MIS,2340,2765,,,1
MOZ,Inhambane,7632763,Population using bottled water/demi john,0,1,MZ,Mozambique,2018,MZ2018MIS,WS_SRCE_P_BOT,250162080,I,431008,1431008,Region,Inhambane,0,,0,1,WSSRCEPBOT,MZMIS2018431008,2018,MIS,1832,2592,,,1
MOZ,Gaza,3980597,Population using bottled water/demi john,0.2,1,MZ,Mozambique,2018,MZ2018MIS,WS_SRCE_P_BOT,250162080,I,431009,1431009,Region,Gaza,0,,0,1,WSSRCEPBOT,MZMIS2018431009,2018,MIS,1590,2676,,,1
MOZ,Maputo Provincia,1187016,Population using bottled water/demi john,0.1,1,MZ,Mozambique,2018,MZ2018MIS,WS_SRCE_P_BOT,250162080,I,431010,1431010,Region,Maputo Provincia,0,,0,1,WSSRCEPBOT,MZMIS2018431010,2018,MIS,1697,2578,,,1
MOZ,Maputo Cidade,5066584,Population using bottled water/demi john,1.3,1,MZ,Mozambique,2018,MZ2018MIS,WS_SRCE_P_BOT,250162080,I,431011,1431011,Region,Maputo Cidade,0,,0,1,WSSRCEPBOT,MZMIS2018431011,2018,MIS,1460,2596,,,1
MOZ,Niassa,7414969,Population using an unimproved water source,45.8,1,MZ,Mozambique,2018,MZ2018MIS,WS_SRCE_P_NIM,250162090,I,431001,1431001,Region,Niassa,0,,0,1,WSSRCEPNIM,MZMIS2018431001,2018,MIS,1521,2491,,,1
MOZ,Cabo Delgado,4171601,Population using an unimproved water source,54.6,1,MZ,Mozambique,2018,MZ2018MIS,WS_SRCE_P_NIM,250162090,I,431002,1431002,Region,Cabo Delgado,0,,0,1,WSSRCEPNIM,MZMIS2018431002,2018,MIS,2194,2413,,,1
MOZ,Nampula,5844475,Population using an unimproved water source,35.7,1,MZ,Mozambique,2018,MZ2018MIS,WS_SRCE_P_NIM,250162090,I,431003,1431003,Region,Nampula,0,,0,1,WSSRCEPNIM,MZMIS2018431003,2018,MIS,5610,2457,,,1
MOZ,Zambézia,7029050,Population using an unimproved water source,45.6,1,MZ,Mozambique,2018,MZ2018MIS,WS_SRCE_P_NIM,250162090,I,431004,1431004,Region,Zambézia,0,,0,1,WSSRCEPNIM,MZMIS2018431004,2018,MIS,5242,2567,,,1
MOZ,Tete,4068803,Population using an unimproved water source,44.2,1,MZ,Mozambique,2018,MZ2018MIS,WS_SRCE_P_NIM,250162090,I,431005,1431005,Region,Tete,0,,0,1,WSSRCEPNIM,MZMIS2018431005,2018,MIS,2517,2482,,,1
MOZ,Manica,2598582,Population using an unimproved water source,42.9,1,MZ,Mozambique,2018,MZ2018MIS,WS_SRCE_P_NIM,250162090,I,431006,1431006,Region,Manica,0,,0,1,WSSRCEPNIM,MZMIS2018431006,2018,MIS,2024,3106,,,1
MOZ,Sofala,3020748,Population using an unimproved water source,20.4,1,MZ,Mozambique,2018,MZ2018MIS,WS_SRCE_P_NIM,250162090,I,431007,1431007,Region,Sofala,0,,0,1,WSSRCEPNIM,MZMIS2018431007,2018,MIS,2340,2765,,,1
MOZ,Inhambane,7632755,Population using an unimproved water source,22.8,1,MZ,Mozambique,2018,MZ2018MIS,WS_SRCE_P_NIM,250162090,I,431008,1431008,Region,Inhambane,0,,0,1,WSSRCEPNIM,MZMIS2018431008,2018,MIS,1832,2592,,,1
MOZ,Gaza,3980591,Population using an unimproved water source,33.6,1,MZ,Mozambique,2018,MZ2018MIS,WS_SRCE_P_NIM,250162090,I,431009,1431009,Region,Gaza,0,,0,1,WSSRCEPNIM,MZMIS2018431009,2018,MIS,1590,2676,,,1
MOZ,Maputo Provincia,1187004,Population using an unimproved water source,4.3,1,MZ,Mozambique,2018,MZ2018MIS,WS_SRCE_P_NIM,250162090,I,431010,1431010,Region,Maputo Provincia,0,,0,1,WSSRCEPNIM,MZMIS2018431010,2018,MIS,1697,2578,,,1
MOZ,Maputo Cidade,5066574,Population using an unimproved water source,0,1,MZ,Mozambique,2018,MZ2018MIS,WS_SRCE_P_NIM,250162090,I,431011,1431011,Region,Maputo Cidade,0,,0,1,WSSRCEPNIM,MZMIS2018431011,2018,MIS,1460,2596,,,1
MOZ,Niassa,7414961,Population using an unprotected well water,19.4,1,MZ,Mozambique,2018,MZ2018MIS,WS_SRCE_P_UWL,250162100,I,431001,1431001,Region,Niassa,0,,0,1,WSSRCEPUWL,MZMIS2018431001,2018,MIS,1521,2491,,,1
MOZ,Cabo Delgado,4171586,Population using an unprotected well water,45.3,1,MZ,Mozambique,2018,MZ2018MIS,WS_SRCE_P_UWL,250162100,I,431002,1431002,Region,Cabo Delgado,0,,0,1,WSSRCEPUWL,MZMIS2018431002,2018,MIS,2194,2413,,,1
MOZ,Nampula,5844468,Population using an unprotected well water,19.4,1,MZ,Mozambique,2018,MZ2018MIS,WS_SRCE_P_UWL,250162100,I,431003,1431003,Region,Nampula,0,,0,1,WSSRCEPUWL,MZMIS2018431003,2018,MIS,5610,2457,,,1
MOZ,Zambézia,7029118,Population using an unprotected well water,39.7,1,MZ,Mozambique,2018,MZ2018MIS,WS_SRCE_P_UWL,250162100,I,431004,1431004,Region,Zambézia,0,,0,1,WSSRCEPUWL,MZMIS2018431004,2018,MIS,5242,2567,,,1
MOZ,Tete,4068796,Population using an unprotected well water,27.2,1,MZ,Mozambique,2018,MZ2018MIS,WS_SRCE_P_UWL,250162100,I,431005,1431005,Region,Tete,0,,0,1,WSSRCEPUWL,MZMIS2018431005,2018,MIS,2517,2482,,,1
MOZ,Manica,2598579,Population using an unprotected well water,9.8,1,MZ,Mozambique,2018,MZ2018MIS,WS_SRCE_P_UWL,250162100,I,431006,1431006,Region,Manica,0,,0,1,WSSRCEPUWL,MZMIS2018431006,2018,MIS,2024,3106,,,1
MOZ,Sofala,3020825,Population using an unprotected well water,12.5,1,MZ,Mozambique,2018,MZ2018MIS,WS_SRCE_P_UWL,250162100,I,431007,1431007,Region,Sofala,0,,0,1,WSSRCEPUWL,MZMIS2018431007,2018,MIS,2340,2765,,,1
MOZ,Inhambane,7632754,Population using an unprotected well water,20.9,1,MZ,Mozambique,2018,MZ2018MIS,WS_SRCE_P_UWL,250162100,I,431008,1431008,Region,Inhambane,0,,0,1,WSSRCEPUWL,MZMIS2018431008,2018,MIS,1832,2592,,,1
MOZ,Gaza,3980596,Population using an unprotected well water,30.1,1,MZ,Mozambique,2018,MZ2018MIS,WS_SRCE_P_UWL,250162100,I,431009,1431009,Region,Gaza,0,,0,1,WSSRCEPUWL,MZMIS2018431009,2018,MIS,1590,2676,,,1
MOZ,Maputo Provincia,1187015,Population using an unprotected well water,3.7,1,MZ,Mozambique,2018,MZ2018MIS,WS_SRCE_P_UWL,250162100,I,431010,1431010,Region,Maputo Provincia,0,,0,1,WSSRCEPUWL,MZMIS2018431010,2018,MIS,1697,2578,,,1
MOZ,Maputo Cidade,5066583,Population using an unprotected well water,0,1,MZ,Mozambique,2018,MZ2018MIS,WS_SRCE_P_UWL,250162100,I,431011,1431011,Region,Maputo Cidade,0,,0,1,WSSRCEPUWL,MZMIS2018431011,2018,MIS,1460,2596,,,1
MOZ,Niassa,7414968,Population using an unprotected spring,6.8,1,MZ,Mozambique,2018,MZ2018MIS,WS_SRCE_P_USG,250162110,I,431001,1431001,Region,Niassa,0,,0,1,WSSRCEPUSG,MZMIS2018431001,2018,MIS,1521,2491,,,1
MOZ,Cabo Delgado,4171600,Population using an unprotected spring,0,1,MZ,Mozambique,2018,MZ2018MIS,WS_SRCE_P_USG,250162110,I,431002,1431002,Region,Cabo Delgado,0,,0,1,WSSRCEPUSG,MZMIS2018431002,2018,MIS,2194,2413,,,1
MOZ,Nampula,5844474,Population using an unprotected spring,2.7,1,MZ,Mozambique,2018,MZ2018MIS,WS_SRCE_P_USG,250162110,I,431003,1431003,Region,Nampula,0,,0,1,WSSRCEPUSG,MZMIS2018431003,2018,MIS,5610,2457,,,1
MOZ,Zambézia,7029049,Population using an unprotected spring,0.9,1,MZ,Mozambique,2018,MZ2018MIS,WS_SRCE_P_USG,250162110,I,431004,1431004,Region,Zambézia,0,,0,1,WSSRCEPUSG,MZMIS2018431004,2018,MIS,5242,2567,,,1
MOZ,Tete,4068802,Population using an unprotected spring,1,1,MZ,Mozambique,2018,MZ2018MIS,WS_SRCE_P_USG,250162110,I,431005,1431005,Region,Tete,0,,0,1,WSSRCEPUSG,MZMIS2018431005,2018,MIS,2517,2482,,,1
MOZ,Manica,2598581,Population using an unprotected spring,12,1,MZ,Mozambique,2018,MZ2018MIS,WS_SRCE_P_USG,250162110,I,431006,1431006,Region,Manica,0,,0,1,WSSRCEPUSG,MZMIS2018431006,2018,MIS,2024,3106,,,1
MOZ,Sofala,3020735,Population using an unprotected spring,2.3,1,MZ,Mozambique,2018,MZ2018MIS,WS_SRCE_P_USG,250162110,I,431007,1431007,Region,Sofala,0,,0,1,WSSRCEPUSG,MZMIS2018431007,2018,MIS,2340,2765,,,1
MOZ,Inhambane,7632752,Population using an unprotected spring,0.4,1,MZ,Mozambique,2018,MZ2018MIS,WS_SRCE_P_USG,250162110,I,431008,1431008,Region,Inhambane,0,,0,1,WSSRCEPUSG,MZMIS2018431008,2018,MIS,1832,2592,,,1
MOZ,Gaza,3980590,Population using an unprotected spring,0,1,MZ,Mozambique,2018,MZ2018MIS,WS_SRCE_P_USG,250162110,I,431009,1431009,Region,Gaza,0,,0,1,WSSRCEPUSG,MZMIS2018431009,2018,MIS,1590,2676,,,1
MOZ,Maputo Provincia,1187003,Population using an unprotected spring,0.3,1,MZ,Mozambique,2018,MZ2018MIS,WS_SRCE_P_USG,250162110,I,431010,1431010,Region,Maputo Provincia,0,,0,1,WSSRCEPUSG,MZMIS2018431010,2018,MIS,1697,2578,,,1
MOZ,Maputo Cidade,5066573,Population using an unprotected spring,0,1,MZ,Mozambique,2018,MZ2018MIS,WS_SRCE_P_USG,250162110,I,431011,1431011,Region,Maputo Cidade,0,,0,1,WSSRCEPUSG,MZMIS2018431011,2018,MIS,1460,2596,,,1
MOZ,Niassa,7414974,Population using surface water,19.7,1,MZ,Mozambique,2018,MZ2018MIS,WS_SRCE_P_SRF,250162130,I,431001,1431001,Region,Niassa,0,,0,1,WSSRCEPSRF,MZMIS2018431001,2018,MIS,1521,2491,,,1
MOZ,Cabo Delgado,4171598,Population using surface water,9.3,1,MZ,Mozambique,2018,MZ2018MIS,WS_SRCE_P_SRF,250162130,I,431002,1431002,Region,Cabo Delgado,0,,0,1,WSSRCEPSRF,MZMIS2018431002,2018,MIS,2194,2413,,,1
MOZ,Nampula,5844477,Population using surface water,13.5,1,MZ,Mozambique,2018,MZ2018MIS,WS_SRCE_P_SRF,250162130,I,431003,1431003,Region,Nampula,0,,0,1,WSSRCEPSRF,MZMIS2018431003,2018,MIS,5610,2457,,,1
MOZ,Zambézia,7029053,Population using surface water,4.7,1,MZ,Mozambique,2018,MZ2018MIS,WS_SRCE_P_SRF,250162130,I,431004,1431004,Region,Zambézia,0,,0,1,WSSRCEPSRF,MZMIS2018431004,2018,MIS,5242,2567,,,1
MOZ,Tete,4068808,Population using surface water,15.9,1,MZ,Mozambique,2018,MZ2018MIS,WS_SRCE_P_SRF,250162130,I,431005,1431005,Region,Tete,0,,0,1,WSSRCEPSRF,MZMIS2018431005,2018,MIS,2517,2482,,,1
MOZ,Manica,2598584,Population using surface water,19.6,1,MZ,Mozambique,2018,MZ2018MIS,WS_SRCE_P_SRF,250162130,I,431006,1431006,Region,Manica,0,,0,1,WSSRCEPSRF,MZMIS2018431006,2018,MIS,2024,3106,,,1
MOZ,Sofala,3020780,Population using surface water,5,1,MZ,Mozambique,2018,MZ2018MIS,WS_SRCE_P_SRF,250162130,I,431007,1431007,Region,Sofala,0,,0,1,WSSRCEPSRF,MZMIS2018431007,2018,MIS,2340,2765,,,1
MOZ,Inhambane,7632768,Population using surface water,1.5,1,MZ,Mozambique,2018,MZ2018MIS,WS_SRCE_P_SRF,250162130,I,431008,1431008,Region,Inhambane,0,,0,1,WSSRCEPSRF,MZMIS2018431008,2018,MIS,1832,2592,,,1
MOZ,Gaza,3980606,Population using surface water,3.6,1,MZ,Mozambique,2018,MZ2018MIS,WS_SRCE_P_SRF,250162130,I,431009,1431009,Region,Gaza,0,,0,1,WSSRCEPSRF,MZMIS2018431009,2018,MIS,1590,2676,,,1
MOZ,Maputo Provincia,1187022,Population using surface water,0.2,1,MZ,Mozambique,2018,MZ2018MIS,WS_SRCE_P_SRF,250162130,I,431010,1431010,Region,Maputo Provincia,0,,0,1,WSSRCEPSRF,MZMIS2018431010,2018,MIS,1697,2578,,,1
MOZ,Maputo Cidade,5066594,Population using surface water,0,1,MZ,Mozambique,2018,MZ2018MIS,WS_SRCE_P_SRF,250162130,I,431011,1431011,Region,Maputo Cidade,0,,0,1,WSSRCEPSRF,MZMIS2018431011,2018,MIS,1460,2596,,,1
MOZ,Niassa,7414976,Population using other water source,0,1,MZ,Mozambique,2018,MZ2018MIS,WS_SRCE_P_OTH,250162140,I,431001,1431001,Region,Niassa,0,,0,1,WSSRCEPOTH,MZMIS2018431001,2018,MIS,1521,2491,,,1
MOZ,Cabo Delgado,4171607,Population using other water source,0,1,MZ,Mozambique,2018,MZ2018MIS,WS_SRCE_P_OTH,250162140,I,431002,1431002,Region,Cabo Delgado,0,,0,1,WSSRCEPOTH,MZMIS2018431002,2018,MIS,2194,2413,,,1
MOZ,Nampula,5844482,Population using other water source,0.2,1,MZ,Mozambique,2018,MZ2018MIS,WS_SRCE_P_OTH,250162140,I,431003,1431003,Region,Nampula,0,,0,1,WSSRCEPOTH,MZMIS2018431003,2018,MIS,5610,2457,,,1
MOZ,Zambézia,7029055,Population using other water source,0.3,1,MZ,Mozambique,2018,MZ2018MIS,WS_SRCE_P_OTH,250162140,I,431004,1431004,Region,Zambézia,0,,0,1,WSSRCEPOTH,MZMIS2018431004,2018,MIS,5242,2567,,,1
MOZ,Tete,4068843,Population using other water source,0,1,MZ,Mozambique,2018,MZ2018MIS,WS_SRCE_P_OTH,250162140,I,431005,1431005,Region,Tete,0,,0,1,WSSRCEPOTH,MZMIS2018431005,2018,MIS,2517,2482,,,1
MOZ,Manica,2598630,Population using other water source,1.5,1,MZ,Mozambique,2018,MZ2018MIS,WS_SRCE_P_OTH,250162140,I,431006,1431006,Region,Manica,0,,0,1,WSSRCEPOTH,MZMIS2018431006,2018,MIS,2024,3106,,,1
MOZ,Sofala,3020782,Population using other water source,0.6,1,MZ,Mozambique,2018,MZ2018MIS,WS_SRCE_P_OTH,250162140,I,431007,1431007,Region,Sofala,0,,0,1,WSSRCEPOTH,MZMIS2018431007,2018,MIS,2340,2765,,,1
MOZ,Inhambane,7632770,Population using other water source,0,1,MZ,Mozambique,2018,MZ2018MIS,WS_SRCE_P_OTH,250162140,I,431008,1431008,Region,Inhambane,0,,0,1,WSSRCEPOTH,MZMIS2018431008,2018,MIS,1832,2592,,,1
MOZ,Gaza,3980608,Population using other water source,0,1,MZ,Mozambique,2018,MZ2018MIS,WS_SRCE_P_OTH,250162140,I,431009,1431009,Region,Gaza,0,,0,1,WSSRCEPOTH,MZMIS2018431009,2018,MIS,1590,2676,,,1
MOZ,Maputo Provincia,1187032,Population using other water source,0.2,1,MZ,Mozambique,2018,MZ2018MIS,WS_SRCE_P_OTH,250162140,I,431010,1431010,Region,Maputo Provincia,0,,0,1,WSSRCEPOTH,MZMIS2018431010,2018,MIS,1697,2578,,,1
MOZ,Maputo Cidade,5066596,Population using other water source,0,1,MZ,Mozambique,2018,MZ2018MIS,WS_SRCE_P_OTH,250162140,I,431011,1431011,Region,Maputo Cidade,0,,0,1,WSSRCEPOTH,MZMIS2018431011,2018,MIS,1460,2596,,,1
MOZ,Niassa,7414970,Population: Total,100,1,MZ,Mozambique,2018,MZ2018MIS,WS_SRCE_P_TOT,250162160,T,431001,1431001,Region,Niassa,0,,0,1,WSSRCEPTOT,MZMIS2018431001,2018,MIS,1521,2491,,,1
MOZ,Cabo Delgado,4171603,Population: Total,100,1,MZ,Mozambique,2018,MZ2018MIS,WS_SRCE_P_TOT,250162160,T,431002,1431002,Region,Cabo Delgado,0,,0,1,WSSRCEPTOT,MZMIS2018431002,2018,MIS,2194,2413,,,1
MOZ,Nampula,5844479,Population: Total,100,1,MZ,Mozambique,2018,MZ2018MIS,WS_SRCE_P_TOT,250162160,T,431003,1431003,Region,Nampula,0,,0,1,WSSRCEPTOT,MZMIS2018431003,2018,MIS,5610,2457,,,1
MOZ,Zambézia,7029051,Population: Total,100,1,MZ,Mozambique,2018,MZ2018MIS,WS_SRCE_P_TOT,250162160,T,431004,1431004,Region,Zambézia,0,,0,1,WSSRCEPTOT,MZMIS2018431004,2018,MIS,5242,2567,,,1
MOZ,Tete,4068804,Population: Total,100,1,MZ,Mozambique,2018,MZ2018MIS,WS_SRCE_P_TOT,250162160,T,431005,1431005,Region,Tete,0,,0,1,WSSRCEPTOT,MZMIS2018431005,2018,MIS,2517,2482,,,1
MOZ,Manica,2598585,Population: Total,100,1,MZ,Mozambique,2018,MZ2018MIS,WS_SRCE_P_TOT,250162160,T,431006,1431006,Region,Manica,0,,0,1,WSSRCEPTOT,MZMIS2018431006,2018,MIS,2024,3106,,,1
MOZ,Sofala,3020749,Population: Total,100,1,MZ,Mozambique,2018,MZ2018MIS,WS_SRCE_P_TOT,250162160,T,431007,1431007,Region,Sofala,0,,0,1,WSSRCEPTOT,MZMIS2018431007,2018,MIS,2340,2765,,,1
MOZ,Inhambane,7632756,Population: Total,100,1,MZ,Mozambique,2018,MZ2018MIS,WS_SRCE_P_TOT,250162160,T,431008,1431008,Region,Inhambane,0,,0,1,WSSRCEPTOT,MZMIS2018431008,2018,MIS,1832,2592,,,1
MOZ,Gaza,3980592,Population: Total,100,1,MZ,Mozambique,2018,MZ2018MIS,WS_SRCE_P_TOT,250162160,T,431009,1431009,Region,Gaza,0,,0,1,WSSRCEPTOT,MZMIS2018431009,2018,MIS,1590,2676,,,1
MOZ,Maputo Provincia,1187005,Population: Total,100,1,MZ,Mozambique,2018,MZ2018MIS,WS_SRCE_P_TOT,250162160,T,431010,1431010,Region,Maputo Provincia,0,,0,1,WSSRCEPTOT,MZMIS2018431010,2018,MIS,1697,2578,,,1
MOZ,Maputo Cidade,5066585,Population: Total,100,1,MZ,Mozambique,2018,MZ2018MIS,WS_SRCE_P_TOT,250162160,T,431011,1431011,Region,Maputo Cidade,0,,0,1,WSSRCEPTOT,MZMIS2018431011,2018,MIS,1460,2596,,,1
MOZ,Niassa,2762129,Households with water on the premises,11,1,MZ,Mozambique,2018,MZ2018MIS,WS_TIME_H_ONP,250201010,I,431001,1431001,Region,Niassa,0,,0,1,WSTIMEHONP,MZMIS2018431001,2018,MIS,344,559,,,1
MOZ,Cabo Delgado,5286554,Households with water on the premises,17.6,1,MZ,Mozambique,2018,MZ2018MIS,WS_TIME_H_ONP,250201010,I,431002,1431002,Region,Cabo Delgado,0,,0,1,WSTIMEHONP,MZMIS2018431002,2018,MIS,536,577,,,1
MOZ,Nampula,3033432,Households with water on the premises,39.2,1,MZ,Mozambique,2018,MZ2018MIS,WS_TIME_H_ONP,250201010,I,431003,1431003,Region,Nampula,0,,0,1,WSTIMEHONP,MZMIS2018431003,2018,MIS,1277,559,,,1
MOZ,Zambézia,6310866,Households with water on the premises,14.5,1,MZ,Mozambique,2018,MZ2018MIS,WS_TIME_H_ONP,250201010,I,431004,1431004,Region,Zambézia,0,,0,1,WSTIMEHONP,MZMIS2018431004,2018,MIS,1229,588,,,1
MOZ,Tete,1179482,Households with water on the premises,16.1,1,MZ,Mozambique,2018,MZ2018MIS,WS_TIME_H_ONP,250201010,I,431005,1431005,Region,Tete,0,,0,1,WSTIMEHONP,MZMIS2018431005,2018,MIS,569,561,,,1
MOZ,Manica,1179454,Households with water on the premises,26.6,1,MZ,Mozambique,2018,MZ2018MIS,WS_TIME_H_ONP,250201010,I,431006,1431006,Region,Manica,0,,0,1,WSTIMEHONP,MZMIS2018431006,2018,MIS,368,582,,,1
MOZ,Sofala,6990600,Households with water on the premises,34.8,1,MZ,Mozambique,2018,MZ2018MIS,WS_TIME_H_ONP,250201010,I,431007,1431007,Region,Sofala,0,,0,1,WSTIMEHONP,MZMIS2018431007,2018,MIS,467,560,,,1
MOZ,Inhambane,7631183,Households with water on the premises,50.1,1,MZ,Mozambique,2018,MZ2018MIS,WS_TIME_H_ONP,250201010,I,431008,1431008,Region,Inhambane,0,,0,1,WSTIMEHONP,MZMIS2018431008,2018,MIS,402,558,,,1
MOZ,Gaza,4616229,Households with water on the premises,51.4,1,MZ,Mozambique,2018,MZ2018MIS,WS_TIME_H_ONP,250201010,I,431009,1431009,Region,Gaza,0,,0,1,WSTIMEHONP,MZMIS2018431009,2018,MIS,336,553,,,1
MOZ,Maputo Provincia,6497136,Households with water on the premises,85,1,MZ,Mozambique,2018,MZ2018MIS,WS_TIME_H_ONP,250201010,I,431010,1431010,Region,Maputo Provincia,0,,0,1,WSTIMEHONP,MZMIS2018431010,2018,MIS,371,572,,,1
MOZ,Maputo Cidade,6134877,Households with water on the premises,96.3,1,MZ,Mozambique,2018,MZ2018MIS,WS_TIME_H_ONP,250201010,I,431011,1431011,Region,Maputo Cidade,0,,0,1,WSTIMEHONP,MZMIS2018431011,2018,MIS,298,527,,,1
MOZ,Niassa,2762134,Households with water 30 minutes or less away round trip,75.2,1,MZ,Mozambique,2018,MZ2018MIS,WS_TIME_H_L30,250201020,I,431001,1431001,Region,Niassa,0,,0,1,WSTIMEHL30,MZMIS2018431001,2018,MIS,344,559,,,1
MOZ,Cabo Delgado,5286666,Households with water 30 minutes or less away round trip,55.4,1,MZ,Mozambique,2018,MZ2018MIS,WS_TIME_H_L30,250201020,I,431002,1431002,Region,Cabo Delgado,0,,0,1,WSTIMEHL30,MZMIS2018431002,2018,MIS,536,577,,,1
MOZ,Nampula,3033422,Households with water 30 minutes or less away round trip,46.3,1,MZ,Mozambique,2018,MZ2018MIS,WS_TIME_H_L30,250201020,I,431003,1431003,Region,Nampula,0,,0,1,WSTIMEHL30,MZMIS2018431003,2018,MIS,1277,559,,,1
MOZ,Zambézia,6310868,Households with water 30 minutes or less away round trip,53.3,1,MZ,Mozambique,2018,MZ2018MIS,WS_TIME_H_L30,250201020,I,431004,1431004,Region,Zambézia,0,,0,1,WSTIMEHL30,MZMIS2018431004,2018,MIS,1229,588,,,1
MOZ,Tete,1179525,Households with water 30 minutes or less away round trip,43.2,1,MZ,Mozambique,2018,MZ2018MIS,WS_TIME_H_L30,250201020,I,431005,1431005,Region,Tete,0,,0,1,WSTIMEHL30,MZMIS2018431005,2018,MIS,569,561,,,1
MOZ,Manica,1179517,Households with water 30 minutes or less away round trip,46.5,1,MZ,Mozambique,2018,MZ2018MIS,WS_TIME_H_L30,250201020,I,431006,1431006,Region,Manica,0,,0,1,WSTIMEHL30,MZMIS2018431006,2018,MIS,368,582,,,1
MOZ,Sofala,6990603,Households with water 30 minutes or less away round trip,45,1,MZ,Mozambique,2018,MZ2018MIS,WS_TIME_H_L30,250201020,I,431007,1431007,Region,Sofala,0,,0,1,WSTIMEHL30,MZMIS2018431007,2018,MIS,467,560,,,1
MOZ,Inhambane,7631191,Households with water 30 minutes or less away round trip,39.5,1,MZ,Mozambique,2018,MZ2018MIS,WS_TIME_H_L30,250201020,I,431008,1431008,Region,Inhambane,0,,0,1,WSTIMEHL30,MZMIS2018431008,2018,MIS,402,558,,,1
MOZ,Gaza,4616232,Households with water 30 minutes or less away round trip,33.6,1,MZ,Mozambique,2018,MZ2018MIS,WS_TIME_H_L30,250201020,I,431009,1431009,Region,Gaza,0,,0,1,WSTIMEHL30,MZMIS2018431009,2018,MIS,336,553,,,1
MOZ,Maputo Provincia,6497155,Households with water 30 minutes or less away round trip,11.2,1,MZ,Mozambique,2018,MZ2018MIS,WS_TIME_H_L30,250201020,I,431010,1431010,Region,Maputo Provincia,0,,0,1,WSTIMEHL30,MZMIS2018431010,2018,MIS,371,572,,,1
MOZ,Maputo Cidade,6134920,Households with water 30 minutes or less away round trip,2.9,1,MZ,Mozambique,2018,MZ2018MIS,WS_TIME_H_L30,250201020,I,431011,1431011,Region,Maputo Cidade,0,,0,1,WSTIMEHL30,MZMIS2018431011,2018,MIS,298,527,,,1
MOZ,Niassa,2762189,Households with water more than 30 minutes away round trip,6.6,1,MZ,Mozambique,2018,MZ2018MIS,WS_TIME_H_M30,250201030,I,431001,1431001,Region,Niassa,0,,0,1,WSTIMEHM30,MZMIS2018431001,2018,MIS,344,559,,,1
MOZ,Cabo Delgado,5286626,Households with water more than 30 minutes away round trip,18.1,1,MZ,Mozambique,2018,MZ2018MIS,WS_TIME_H_M30,250201030,I,431002,1431002,Region,Cabo Delgado,0,,0,1,WSTIMEHM30,MZMIS2018431002,2018,MIS,536,577,,,1
MOZ,Nampula,3033446,Households with water more than 30 minutes away round trip,12.9,1,MZ,Mozambique,2018,MZ2018MIS,WS_TIME_H_M30,250201030,I,431003,1431003,Region,Nampula,0,,0,1,WSTIMEHM30,MZMIS2018431003,2018,MIS,1277,559,,,1
MOZ,Zambézia,6310878,Households with water more than 30 minutes away round trip,9.2,1,MZ,Mozambique,2018,MZ2018MIS,WS_TIME_H_M30,250201030,I,431004,1431004,Region,Zambézia,0,,0,1,WSTIMEHM30,MZMIS2018431004,2018,MIS,1229,588,,,1
MOZ,Tete,1179474,Households with water more than 30 minutes away round trip,28.7,1,MZ,Mozambique,2018,MZ2018MIS,WS_TIME_H_M30,250201030,I,431005,1431005,Region,Tete,0,,0,1,WSTIMEHM30,MZMIS2018431005,2018,MIS,569,561,,,1
MOZ,Manica,1179445,Households with water more than 30 minutes away round trip,24,1,MZ,Mozambique,2018,MZ2018MIS,WS_TIME_H_M30,250201030,I,431006,1431006,Region,Manica,0,,0,1,WSTIMEHM30,MZMIS2018431006,2018,MIS,368,582,,,1
MOZ,Sofala,6990590,Households with water more than 30 minutes away round trip,15.3,1,MZ,Mozambique,2018,MZ2018MIS,WS_TIME_H_M30,250201030,I,431007,1431007,Region,Sofala,0,,0,1,WSTIMEHM30,MZMIS2018431007,2018,MIS,467,560,,,1
MOZ,Inhambane,7631201,Households with water more than 30 minutes away round trip,8.3,1,MZ,Mozambique,2018,MZ2018MIS,WS_TIME_H_M30,250201030,I,431008,1431008,Region,Inhambane,0,,0,1,WSTIMEHM30,MZMIS2018431008,2018,MIS,402,558,,,1
MOZ,Gaza,4616224,Households with water more than 30 minutes away round trip,14.4,1,MZ,Mozambique,2018,MZ2018MIS,WS_TIME_H_M30,250201030,I,431009,1431009,Region,Gaza,0,,0,1,WSTIMEHM30,MZMIS2018431009,2018,MIS,336,553,,,1
MOZ,Maputo Provincia,6497130,Households with water more than 30 minutes away round trip,2.1,1,MZ,Mozambique,2018,MZ2018MIS,WS_TIME_H_M30,250201030,I,431010,1431010,Region,Maputo Provincia,0,,0,1,WSTIMEHM30,MZMIS2018431010,2018,MIS,371,572,,,1
MOZ,Maputo Cidade,6134926,Households with water more than 30 minutes away round trip,0.1,1,MZ,Mozambique,2018,MZ2018MIS,WS_TIME_H_M30,250201030,I,431011,1431011,Region,Maputo Cidade,0,,0,1,WSTIMEHM30,MZMIS2018431011,2018,MIS,298,527,,,1
MOZ,Niassa,2762190,Household with unknown or missing information on round trip time to water,7.2,1,MZ,Mozambique,2018,MZ2018MIS,WS_TIME_H_DKM,250201040,S,431001,1431001,Region,Niassa,0,,0,1,WSTIMEHDKM,MZMIS2018431001,2018,MIS,344,559,,,1
MOZ,Cabo Delgado,5286627,Household with unknown or missing information on round trip time to water,8.9,1,MZ,Mozambique,2018,MZ2018MIS,WS_TIME_H_DKM,250201040,S,431002,1431002,Region,Cabo Delgado,0,,0,1,WSTIMEHDKM,MZMIS2018431002,2018,MIS,536,577,,,1
MOZ,Nampula,3033447,Household with unknown or missing information on round trip time to water,1.7,1,MZ,Mozambique,2018,MZ2018MIS,WS_TIME_H_DKM,250201040,S,431003,1431003,Region,Nampula,0,,0,1,WSTIMEHDKM,MZMIS2018431003,2018,MIS,1277,559,,,1
MOZ,Zambézia,6310879,Household with unknown or missing information on round trip time to water,23,1,MZ,Mozambique,2018,MZ2018MIS,WS_TIME_H_DKM,250201040,S,431004,1431004,Region,Zambézia,0,,0,1,WSTIMEHDKM,MZMIS2018431004,2018,MIS,1229,588,,,1
MOZ,Tete,1179475,Household with unknown or missing information on round trip time to water,12,1,MZ,Mozambique,2018,MZ2018MIS,WS_TIME_H_DKM,250201040,S,431005,1431005,Region,Tete,0,,0,1,WSTIMEHDKM,MZMIS2018431005,2018,MIS,569,561,,,1
MOZ,Manica,1179446,Household with unknown or missing information on round trip time to water,2.9,1,MZ,Mozambique,2018,MZ2018MIS,WS_TIME_H_DKM,250201040,S,431006,1431006,Region,Manica,0,,0,1,WSTIMEHDKM,MZMIS2018431006,2018,MIS,368,582,,,1
MOZ,Sofala,6990591,Household with unknown or missing information on round trip time to water,5,1,MZ,Mozambique,2018,MZ2018MIS,WS_TIME_H_DKM,250201040,S,431007,1431007,Region,Sofala,0,,0,1,WSTIMEHDKM,MZMIS2018431007,2018,MIS,467,560,,,1
MOZ,Inhambane,7631202,Household with unknown or missing information on round trip time to water,2.1,1,MZ,Mozambique,2018,MZ2018MIS,WS_TIME_H_DKM,250201040,S,431008,1431008,Region,Inhambane,0,,0,1,WSTIMEHDKM,MZMIS2018431008,2018,MIS,402,558,,,1
MOZ,Gaza,4616225,Household with unknown or missing information on round trip time to water,0.6,1,MZ,Mozambique,2018,MZ2018MIS,WS_TIME_H_DKM,250201040,S,431009,1431009,Region,Gaza,0,,0,1,WSTIMEHDKM,MZMIS2018431009,2018,MIS,336,553,,,1
MOZ,Maputo Provincia,6497131,Household with unknown or missing information on round trip time to water,1.7,1,MZ,Mozambique,2018,MZ2018MIS,WS_TIME_H_DKM,250201040,S,431010,1431010,Region,Maputo Provincia,0,,0,1,WSTIMEHDKM,MZMIS2018431010,2018,MIS,371,572,,,1
MOZ,Maputo Cidade,6134928,Household with unknown or missing information on round trip time to water,0.7,1,MZ,Mozambique,2018,MZ2018MIS,WS_TIME_H_DKM,250201040,S,431011,1431011,Region,Maputo Cidade,0,,0,1,WSTIMEHDKM,MZMIS2018431011,2018,MIS,298,527,,,1
MOZ,Niassa,2762191,Households: Total,100,1,MZ,Mozambique,2018,MZ2018MIS,WS_TIME_H_TOT,250201050,T,431001,1431001,Region,Niassa,0,,0,1,WSTIMEHTOT,MZMIS2018431001,2018,MIS,344,559,,,1
MOZ,Cabo Delgado,5286638,Households: Total,100,1,MZ,Mozambique,2018,MZ2018MIS,WS_TIME_H_TOT,250201050,T,431002,1431002,Region,Cabo Delgado,0,,0,1,WSTIMEHTOT,MZMIS2018431002,2018,MIS,536,577,,,1
MOZ,Nampula,3033448,Households: Total,100,1,MZ,Mozambique,2018,MZ2018MIS,WS_TIME_H_TOT,250201050,T,431003,1431003,Region,Nampula,0,,0,1,WSTIMEHTOT,MZMIS2018431003,2018,MIS,1277,559,,,1
MOZ,Zambézia,6310912,Households: Total,100,1,MZ,Mozambique,2018,MZ2018MIS,WS_TIME_H_TOT,250201050,T,431004,1431004,Region,Zambézia,0,,0,1,WSTIMEHTOT,MZMIS2018431004,2018,MIS,1229,588,,,1
MOZ,Tete,1179476,Households: Total,100,1,MZ,Mozambique,2018,MZ2018MIS,WS_TIME_H_TOT,250201050,T,431005,1431005,Region,Tete,0,,0,1,WSTIMEHTOT,MZMIS2018431005,2018,MIS,569,561,,,1
MOZ,Manica,1179447,Households: Total,100,1,MZ,Mozambique,2018,MZ2018MIS,WS_TIME_H_TOT,250201050,T,431006,1431006,Region,Manica,0,,0,1,WSTIMEHTOT,MZMIS2018431006,2018,MIS,368,582,,,1
MOZ,Sofala,6990592,Households: Total,100,1,MZ,Mozambique,2018,MZ2018MIS,WS_TIME_H_TOT,250201050,T,431007,1431007,Region,Sofala,0,,0,1,WSTIMEHTOT,MZMIS2018431007,2018,MIS,467,560,,,1
MOZ,Inhambane,7631308,Households: Total,100,1,MZ,Mozambique,2018,MZ2018MIS,WS_TIME_H_TOT,250201050,T,431008,1431008,Region,Inhambane,0,,0,1,WSTIMEHTOT,MZMIS2018431008,2018,MIS,402,558,,,1
MOZ,Gaza,4616226,Households: Total,100,1,MZ,Mozambique,2018,MZ2018MIS,WS_TIME_H_TOT,250201050,T,431009,1431009,Region,Gaza,0,,0,1,WSTIMEHTOT,MZMIS2018431009,2018,MIS,336,553,,,1
MOZ,Maputo Provincia,6497132,Households: Total,100,1,MZ,Mozambique,2018,MZ2018MIS,WS_TIME_H_TOT,250201050,T,431010,1431010,Region,Maputo Provincia,0,,0,1,WSTIMEHTOT,MZMIS2018431010,2018,MIS,371,572,,,1
MOZ,Maputo Cidade,6134935,Households: Total,100,1,MZ,Mozambique,2018,MZ2018MIS,WS_TIME_H_TOT,250201050,T,431011,1431011,Region,Maputo Cidade,0,,0,1,WSTIMEHTOT,MZMIS2018431011,2018,MIS,298,527,,,1
MOZ,Niassa,7414963,Population with water on the premises,12.2,1,MZ,Mozambique,2018,MZ2018MIS,WS_TIME_P_ONP,250202010,I,431001,1431001,Region,Niassa,0,,0,1,WSTIMEPONP,MZMIS2018431001,2018,MIS,1521,2491,,,1
MOZ,Cabo Delgado,4171588,Population with water on the premises,17.8,1,MZ,Mozambique,2018,MZ2018MIS,WS_TIME_P_ONP,250202010,I,431002,1431002,Region,Cabo Delgado,0,,0,1,WSTIMEPONP,MZMIS2018431002,2018,MIS,2194,2413,,,1
MOZ,Nampula,5844470,Population with water on the premises,38.9,1,MZ,Mozambique,2018,MZ2018MIS,WS_TIME_P_ONP,250202010,I,431003,1431003,Region,Nampula,0,,0,1,WSTIMEPONP,MZMIS2018431003,2018,MIS,5610,2457,,,1
MOZ,Zambézia,7029120,Population with water on the premises,16,1,MZ,Mozambique,2018,MZ2018MIS,WS_TIME_P_ONP,250202010,I,431004,1431004,Region,Zambézia,0,,0,1,WSTIMEPONP,MZMIS2018431004,2018,MIS,5242,2567,,,1
MOZ,Tete,4068798,Population with water on the premises,16.9,1,MZ,Mozambique,2018,MZ2018MIS,WS_TIME_P_ONP,250202010,I,431005,1431005,Region,Tete,0,,0,1,WSTIMEPONP,MZMIS2018431005,2018,MIS,2517,2482,,,1
MOZ,Manica,2598592,Population with water on the premises,26.5,1,MZ,Mozambique,2018,MZ2018MIS,WS_TIME_P_ONP,250202010,I,431006,1431006,Region,Manica,0,,0,1,WSTIMEPONP,MZMIS2018431006,2018,MIS,2024,3106,,,1
MOZ,Sofala,3020731,Population with water on the premises,32.6,1,MZ,Mozambique,2018,MZ2018MIS,WS_TIME_P_ONP,250202010,I,431007,1431007,Region,Sofala,0,,0,1,WSTIMEPONP,MZMIS2018431007,2018,MIS,2340,2765,,,1
MOZ,Inhambane,7632764,Population with water on the premises,51.9,1,MZ,Mozambique,2018,MZ2018MIS,WS_TIME_P_ONP,250202010,I,431008,1431008,Region,Inhambane,0,,0,1,WSTIMEPONP,MZMIS2018431008,2018,MIS,1832,2592,,,1
MOZ,Gaza,3980599,Population with water on the premises,53.9,1,MZ,Mozambique,2018,MZ2018MIS,WS_TIME_P_ONP,250202010,I,431009,1431009,Region,Gaza,0,,0,1,WSTIMEPONP,MZMIS2018431009,2018,MIS,1590,2676,,,1
MOZ,Maputo Provincia,1187017,Population with water on the premises,87.5,1,MZ,Mozambique,2018,MZ2018MIS,WS_TIME_P_ONP,250202010,I,431010,1431010,Region,Maputo Provincia,0,,0,1,WSTIMEPONP,MZMIS2018431010,2018,MIS,1697,2578,,,1
MOZ,Maputo Cidade,5066590,Population with water on the premises,96.5,1,MZ,Mozambique,2018,MZ2018MIS,WS_TIME_P_ONP,250202010,I,431011,1431011,Region,Maputo Cidade,0,,0,1,WSTIMEPONP,MZMIS2018431011,2018,MIS,1460,2596,,,1
MOZ,Niassa,7414971,Population with water 30 minutes or less away round trip,74.6,1,MZ,Mozambique,2018,MZ2018MIS,WS_TIME_P_L30,250202020,I,431001,1431001,Region,Niassa,0,,0,1,WSTIMEPL30,MZMIS2018431001,2018,MIS,1521,2491,,,1
MOZ,Cabo Delgado,4171604,Population with water 30 minutes or less away round trip,55.9,1,MZ,Mozambique,2018,MZ2018MIS,WS_TIME_P_L30,250202020,I,431002,1431002,Region,Cabo Delgado,0,,0,1,WSTIMEPL30,MZMIS2018431002,2018,MIS,2194,2413,,,1
MOZ,Nampula,5844480,Population with water 30 minutes or less away round trip,44.8,1,MZ,Mozambique,2018,MZ2018MIS,WS_TIME_P_L30,250202020,I,431003,1431003,Region,Nampula,0,,0,1,WSTIMEPL30,MZMIS2018431003,2018,MIS,5610,2457,,,1
MOZ,Zambézia,7029096,Population with water 30 minutes or less away round trip,53.9,1,MZ,Mozambique,2018,MZ2018MIS,WS_TIME_P_L30,250202020,I,431004,1431004,Region,Zambézia,0,,0,1,WSTIMEPL30,MZMIS2018431004,2018,MIS,5242,2567,,,1
MOZ,Tete,4068805,Population with water 30 minutes or less away round trip,42.1,1,MZ,Mozambique,2018,MZ2018MIS,WS_TIME_P_L30,250202020,I,431005,1431005,Region,Tete,0,,0,1,WSTIMEPL30,MZMIS2018431005,2018,MIS,2517,2482,,,1
MOZ,Manica,2598586,Population with water 30 minutes or less away round trip,45.2,1,MZ,Mozambique,2018,MZ2018MIS,WS_TIME_P_L30,250202020,I,431006,1431006,Region,Manica,0,,0,1,WSTIMEPL30,MZMIS2018431006,2018,MIS,2024,3106,,,1
MOZ,Sofala,3020750,Population with water 30 minutes or less away round trip,45.8,1,MZ,Mozambique,2018,MZ2018MIS,WS_TIME_P_L30,250202020,I,431007,1431007,Region,Sofala,0,,0,1,WSTIMEPL30,MZMIS2018431007,2018,MIS,2340,2765,,,1
MOZ,Inhambane,7632757,Population with water 30 minutes or less away round trip,38.2,1,MZ,Mozambique,2018,MZ2018MIS,WS_TIME_P_L30,250202020,I,431008,1431008,Region,Inhambane,0,,0,1,WSTIMEPL30,MZMIS2018431008,2018,MIS,1832,2592,,,1
MOZ,Gaza,3980593,Population with water 30 minutes or less away round trip,33.7,1,MZ,Mozambique,2018,MZ2018MIS,WS_TIME_P_L30,250202020,I,431009,1431009,Region,Gaza,0,,0,1,WSTIMEPL30,MZMIS2018431009,2018,MIS,1590,2676,,,1
MOZ,Maputo Provincia,1187006,Population with water 30 minutes or less away round trip,9.6,1,MZ,Mozambique,2018,MZ2018MIS,WS_TIME_P_L30,250202020,I,431010,1431010,Region,Maputo Provincia,0,,0,1,WSTIMEPL30,MZMIS2018431010,2018,MIS,1697,2578,,,1
MOZ,Maputo Cidade,5066586,Population with water 30 minutes or less away round trip,3,1,MZ,Mozambique,2018,MZ2018MIS,WS_TIME_P_L30,250202020,I,431011,1431011,Region,Maputo Cidade,0,,0,1,WSTIMEPL30,MZMIS2018431011,2018,MIS,1460,2596,,,1
MOZ,Niassa,7414964,Population with water more than 30 minutes away round trip,6.7,1,MZ,Mozambique,2018,MZ2018MIS,WS_TIME_P_M30,250202030,I,431001,1431001,Region,Niassa,0,,0,1,WSTIMEPM30,MZMIS2018431001,2018,MIS,1521,2491,,,1
MOZ,Cabo Delgado,4171589,Population with water more than 30 minutes away round trip,17.9,1,MZ,Mozambique,2018,MZ2018MIS,WS_TIME_P_M30,250202030,I,431002,1431002,Region,Cabo Delgado,0,,0,1,WSTIMEPM30,MZMIS2018431002,2018,MIS,2194,2413,,,1
MOZ,Nampula,5844471,Population with water more than 30 minutes away round trip,14.4,1,MZ,Mozambique,2018,MZ2018MIS,WS_TIME_P_M30,250202030,I,431003,1431003,Region,Nampula,0,,0,1,WSTIMEPM30,MZMIS2018431003,2018,MIS,5610,2457,,,1
MOZ,Zambézia,7029121,Population with water more than 30 minutes away round trip,9.3,1,MZ,Mozambique,2018,MZ2018MIS,WS_TIME_P_M30,250202030,I,431004,1431004,Region,Zambézia,0,,0,1,WSTIMEPM30,MZMIS2018431004,2018,MIS,5242,2567,,,1
MOZ,Tete,4068799,Population with water more than 30 minutes away round trip,29.7,1,MZ,Mozambique,2018,MZ2018MIS,WS_TIME_P_M30,250202030,I,431005,1431005,Region,Tete,0,,0,1,WSTIMEPM30,MZMIS2018431005,2018,MIS,2517,2482,,,1
MOZ,Manica,2598593,Population with water more than 30 minutes away round trip,25.3,1,MZ,Mozambique,2018,MZ2018MIS,WS_TIME_P_M30,250202030,I,431006,1431006,Region,Manica,0,,0,1,WSTIMEPM30,MZMIS2018431006,2018,MIS,2024,3106,,,1
MOZ,Sofala,3020732,Population with water more than 30 minutes away round trip,17.6,1,MZ,Mozambique,2018,MZ2018MIS,WS_TIME_P_M30,250202030,I,431007,1431007,Region,Sofala,0,,0,1,WSTIMEPM30,MZMIS2018431007,2018,MIS,2340,2765,,,1
MOZ,Inhambane,7632765,Population with water more than 30 minutes away round trip,7.9,1,MZ,Mozambique,2018,MZ2018MIS,WS_TIME_P_M30,250202030,I,431008,1431008,Region,Inhambane,0,,0,1,WSTIMEPM30,MZMIS2018431008,2018,MIS,1832,2592,,,1
MOZ,Gaza,3980600,Population with water more than 30 minutes away round trip,12.2,1,MZ,Mozambique,2018,MZ2018MIS,WS_TIME_P_M30,250202030,I,431009,1431009,Region,Gaza,0,,0,1,WSTIMEPM30,MZMIS2018431009,2018,MIS,1590,2676,,,1
MOZ,Maputo Provincia,1187018,Population with water more than 30 minutes away round trip,1.4,1,MZ,Mozambique,2018,MZ2018MIS,WS_TIME_P_M30,250202030,I,431010,1431010,Region,Maputo Provincia,0,,0,1,WSTIMEPM30,MZMIS2018431010,2018,MIS,1697,2578,,,1
MOZ,Maputo Cidade,5066591,Population with water more than 30 minutes away round trip,0.1,1,MZ,Mozambique,2018,MZ2018MIS,WS_TIME_P_M30,250202030,I,431011,1431011,Region,Maputo Cidade,0,,0,1,WSTIMEPM30,MZMIS2018431011,2018,MIS,1460,2596,,,1
MOZ,Niassa,7414984,Population with unknown or missing information on round trip time to water,6.5,1,MZ,Mozambique,2018,MZ2018MIS,WS_TIME_P_DKM,250202040,S,431001,1431001,Region,Niassa,0,,0,1,WSTIMEPDKM,MZMIS2018431001,2018,MIS,1521,2491,,,1
MOZ,Cabo Delgado,4171722,Population with unknown or missing information on round trip time to water,8.5,1,MZ,Mozambique,2018,MZ2018MIS,WS_TIME_P_DKM,250202040,S,431002,1431002,Region,Cabo Delgado,0,,0,1,WSTIMEPDKM,MZMIS2018431002,2018,MIS,2194,2413,,,1
MOZ,Nampula,5844459,Population with unknown or missing information on round trip time to water,1.9,1,MZ,Mozambique,2018,MZ2018MIS,WS_TIME_P_DKM,250202040,S,431003,1431003,Region,Nampula,0,,0,1,WSTIMEPDKM,MZMIS2018431003,2018,MIS,5610,2457,,,1
MOZ,Zambézia,7029114,Population with unknown or missing information on round trip time to water,20.8,1,MZ,Mozambique,2018,MZ2018MIS,WS_TIME_P_DKM,250202040,S,431004,1431004,Region,Zambézia,0,,0,1,WSTIMEPDKM,MZMIS2018431004,2018,MIS,5242,2567,,,1
MOZ,Tete,4068792,Population with unknown or missing information on round trip time to water,11.3,1,MZ,Mozambique,2018,MZ2018MIS,WS_TIME_P_DKM,250202040,S,431005,1431005,Region,Tete,0,,0,1,WSTIMEPDKM,MZMIS2018431005,2018,MIS,2517,2482,,,1
MOZ,Manica,2598589,Population with unknown or missing information on round trip time to water,3,1,MZ,Mozambique,2018,MZ2018MIS,WS_TIME_P_DKM,250202040,S,431006,1431006,Region,Manica,0,,0,1,WSTIMEPDKM,MZMIS2018431006,2018,MIS,2024,3106,,,1
MOZ,Sofala,3020853,Population with unknown or missing information on round trip time to water,4.1,1,MZ,Mozambique,2018,MZ2018MIS,WS_TIME_P_DKM,250202040,S,431007,1431007,Region,Sofala,0,,0,1,WSTIMEPDKM,MZMIS2018431007,2018,MIS,2340,2765,,,1
MOZ,Inhambane,7632761,Population with unknown or missing information on round trip time to water,1.9,1,MZ,Mozambique,2018,MZ2018MIS,WS_TIME_P_DKM,250202040,S,431008,1431008,Region,Inhambane,0,,0,1,WSTIMEPDKM,MZMIS2018431008,2018,MIS,1832,2592,,,1
MOZ,Gaza,3980603,Population with unknown or missing information on round trip time to water,0.2,1,MZ,Mozambique,2018,MZ2018MIS,WS_TIME_P_DKM,250202040,S,431009,1431009,Region,Gaza,0,,0,1,WSTIMEPDKM,MZMIS2018431009,2018,MIS,1590,2676,,,1
MOZ,Maputo Provincia,1187013,Population with unknown or missing information on round trip time to water,1.4,1,MZ,Mozambique,2018,MZ2018MIS,WS_TIME_P_DKM,250202040,S,431010,1431010,Region,Maputo Provincia,0,,0,1,WSTIMEPDKM,MZMIS2018431010,2018,MIS,1697,2578,,,1
MOZ,Maputo Cidade,5066588,Population with unknown or missing information on round trip time to water,0.5,1,MZ,Mozambique,2018,MZ2018MIS,WS_TIME_P_DKM,250202040,S,431011,1431011,Region,Maputo Cidade,0,,0,1,WSTIMEPDKM,MZMIS2018431011,2018,MIS,1460,2596,,,1
MOZ,Niassa,7414965,Population: Total,100,1,MZ,Mozambique,2018,MZ2018MIS,WS_TIME_P_TOT,250202050,T,431001,1431001,Region,Niassa,0,,0,1,WSTIMEPTOT,MZMIS2018431001,2018,MIS,1521,2491,,,1
MOZ,Cabo Delgado,4171723,Population: Total,100,1,MZ,Mozambique,2018,MZ2018MIS,WS_TIME_P_TOT,250202050,T,431002,1431002,Region,Cabo Delgado,0,,0,1,WSTIMEPTOT,MZMIS2018431002,2018,MIS,2194,2413,,,1
MOZ,Nampula,5844460,Population: Total,100,1,MZ,Mozambique,2018,MZ2018MIS,WS_TIME_P_TOT,250202050,T,431003,1431003,Region,Nampula,0,,0,1,WSTIMEPTOT,MZMIS2018431003,2018,MIS,5610,2457,,,1
MOZ,Zambézia,7029115,Population: Total,100,1,MZ,Mozambique,2018,MZ2018MIS,WS_TIME_P_TOT,250202050,T,431004,1431004,Region,Zambézia,0,,0,1,WSTIMEPTOT,MZMIS2018431004,2018,MIS,5242,2567,,,1
MOZ,Tete,4068793,Population: Total,100,1,MZ,Mozambique,2018,MZ2018MIS,WS_TIME_P_TOT,250202050,T,431005,1431005,Region,Tete,0,,0,1,WSTIMEPTOT,MZMIS2018431005,2018,MIS,2517,2482,,,1
MOZ,Manica,2598590,Population: Total,100,1,MZ,Mozambique,2018,MZ2018MIS,WS_TIME_P_TOT,250202050,T,431006,1431006,Region,Manica,0,,0,1,WSTIMEPTOT,MZMIS2018431006,2018,MIS,2024,3106,,,1
MOZ,Sofala,3020854,Population: Total,100,1,MZ,Mozambique,2018,MZ2018MIS,WS_TIME_P_TOT,250202050,T,431007,1431007,Region,Sofala,0,,0,1,WSTIMEPTOT,MZMIS2018431007,2018,MIS,2340,2765,,,1
MOZ,Inhambane,7632762,Population: Total,100,1,MZ,Mozambique,2018,MZ2018MIS,WS_TIME_P_TOT,250202050,T,431008,1431008,Region,Inhambane,0,,0,1,WSTIMEPTOT,MZMIS2018431008,2018,MIS,1832,2592,,,1
MOZ,Gaza,3980604,Population: Total,100,1,MZ,Mozambique,2018,MZ2018MIS,WS_TIME_P_TOT,250202050,T,431009,1431009,Region,Gaza,0,,0,1,WSTIMEPTOT,MZMIS2018431009,2018,MIS,1590,2676,,,1
MOZ,Maputo Provincia,1187014,Population: Total,100,1,MZ,Mozambique,2018,MZ2018MIS,WS_TIME_P_TOT,250202050,T,431010,1431010,Region,Maputo Provincia,0,,0,1,WSTIMEPTOT,MZMIS2018431010,2018,MIS,1697,2578,,,1
MOZ,Maputo Cidade,5066589,Population: Total,100,1,MZ,Mozambique,2018,MZ2018MIS,WS_TIME_P_TOT,250202050,T,431011,1431011,Region,Maputo Cidade,0,,0,1,WSTIMEPTOT,MZMIS2018431011,2018,MIS,1460,2596,,,1
MOZ,Niassa,1163853,Number of households,344,0,MZ,Mozambique,2018,MZ2018MIS,WS_WTRT_H_NUM,250231100,D,431001,1431001,Region,Niassa,0,,0,1,WSWTRTHNUM,MZMIS2018431001,2018,MIS,,559,,,1
MOZ,Cabo Delgado,5341236,Number of households,536,0,MZ,Mozambique,2018,MZ2018MIS,WS_WTRT_H_NUM,250231100,D,431002,1431002,Region,Cabo Delgado,0,,0,1,WSWTRTHNUM,MZMIS2018431002,2018,MIS,,577,,,1
MOZ,Nampula,1163733,Number of households,1277,0,MZ,Mozambique,2018,MZ2018MIS,WS_WTRT_H_NUM,250231100,D,431003,1431003,Region,Nampula,0,,0,1,WSWTRTHNUM,MZMIS2018431003,2018,MIS,,559,,,1
MOZ,Zambézia,6396058,Number of households,1229,0,MZ,Mozambique,2018,MZ2018MIS,WS_WTRT_H_NUM,250231100,D,431004,1431004,Region,Zambézia,0,,0,1,WSWTRTHNUM,MZMIS2018431004,2018,MIS,,588,,,1
MOZ,Tete,1179529,Number of households,569,0,MZ,Mozambique,2018,MZ2018MIS,WS_WTRT_H_NUM,250231100,D,431005,1431005,Region,Tete,0,,0,1,WSWTRTHNUM,MZMIS2018431005,2018,MIS,,561,,,1
MOZ,Manica,1179531,Number of households,368,0,MZ,Mozambique,2018,MZ2018MIS,WS_WTRT_H_NUM,250231100,D,431006,1431006,Region,Manica,0,,0,1,WSWTRTHNUM,MZMIS2018431006,2018,MIS,,582,,,1
MOZ,Sofala,7019465,Number of households,467,0,MZ,Mozambique,2018,MZ2018MIS,WS_WTRT_H_NUM,250231100,D,431007,1431007,Region,Sofala,0,,0,1,WSWTRTHNUM,MZMIS2018431007,2018,MIS,,560,,,1
MOZ,Inhambane,7631311,Number of households,402,0,MZ,Mozambique,2018,MZ2018MIS,WS_WTRT_H_NUM,250231100,D,431008,1431008,Region,Inhambane,0,,0,1,WSWTRTHNUM,MZMIS2018431008,2018,MIS,,558,,,1
MOZ,Gaza,4614622,Number of households,336,0,MZ,Mozambique,2018,MZ2018MIS,WS_WTRT_H_NUM,250231100,D,431009,1431009,Region,Gaza,0,,0,1,WSWTRTHNUM,MZMIS2018431009,2018,MIS,,553,,,1
MOZ,Maputo Provincia,6696318,Number of households,371,0,MZ,Mozambique,2018,MZ2018MIS,WS_WTRT_H_NUM,250231100,D,431010,1431010,Region,Maputo Provincia,0,,0,1,WSWTRTHNUM,MZMIS2018431010,2018,MIS,,572,,,1
MOZ,Maputo Cidade,6251402,Number of households,298,0,MZ,Mozambique,2018,MZ2018MIS,WS_WTRT_H_NUM,250231100,D,431011,1431011,Region,Maputo Cidade,0,,0,1,WSWTRTHNUM,MZMIS2018431011,2018,MIS,,527,,,1
MOZ,Niassa,2762241,Number of households (unweighted),559,0,MZ,Mozambique,2018,MZ2018MIS,WS_WTRT_H_UNW,250231110,U,431001,1431001,Region,Niassa,0,,0,1,WSWTRTHUNW,MZMIS2018431001,2018,MIS,344,,,,1
MOZ,Cabo Delgado,2591854,Number of households (unweighted),577,0,MZ,Mozambique,2018,MZ2018MIS,WS_WTRT_H_UNW,250231110,U,431002,1431002,Region,Cabo Delgado,0,,0,1,WSWTRTHUNW,MZMIS2018431002,2018,MIS,536,,,,1
MOZ,Nampula,3033450,Number of households (unweighted),559,0,MZ,Mozambique,2018,MZ2018MIS,WS_WTRT_H_UNW,250231110,U,431003,1431003,Region,Nampula,0,,0,1,WSWTRTHUNW,MZMIS2018431003,2018,MIS,1277,,,,1
MOZ,Zambézia,767226,Number of households (unweighted),588,0,MZ,Mozambique,2018,MZ2018MIS,WS_WTRT_H_UNW,250231110,U,431004,1431004,Region,Zambézia,0,,0,1,WSWTRTHUNW,MZMIS2018431004,2018,MIS,1229,,,,1
MOZ,Tete,1179504,Number of households (unweighted),561,0,MZ,Mozambique,2018,MZ2018MIS,WS_WTRT_H_UNW,250231110,U,431005,1431005,Region,Tete,0,,0,1,WSWTRTHUNW,MZMIS2018431005,2018,MIS,569,,,,1
MOZ,Manica,1179533,Number of households (unweighted),582,0,MZ,Mozambique,2018,MZ2018MIS,WS_WTRT_H_UNW,250231110,U,431006,1431006,Region,Manica,0,,0,1,WSWTRTHUNW,MZMIS2018431006,2018,MIS,368,,,,1
MOZ,Sofala,294423,Number of households (unweighted),560,0,MZ,Mozambique,2018,MZ2018MIS,WS_WTRT_H_UNW,250231110,U,431007,1431007,Region,Sofala,0,,0,1,WSWTRTHUNW,MZMIS2018431007,2018,MIS,467,,,,1
MOZ,Inhambane,7632741,Number of households (unweighted),558,0,MZ,Mozambique,2018,MZ2018MIS,WS_WTRT_H_UNW,250231110,U,431008,1431008,Region,Inhambane,0,,0,1,WSWTRTHUNW,MZMIS2018431008,2018,MIS,402,,,,1
MOZ,Gaza,3267123,Number of households (unweighted),553,0,MZ,Mozambique,2018,MZ2018MIS,WS_WTRT_H_UNW,250231110,U,431009,1431009,Region,Gaza,0,,0,1,WSWTRTHUNW,MZMIS2018431009,2018,MIS,336,,,,1
MOZ,Maputo Provincia,3772366,Number of households (unweighted),572,0,MZ,Mozambique,2018,MZ2018MIS,WS_WTRT_H_UNW,250231110,U,431010,1431010,Region,Maputo Provincia,0,,0,1,WSWTRTHUNW,MZMIS2018431010,2018,MIS,371,,,,1
MOZ,Maputo Cidade,3356896,Number of households (unweighted),527,0,MZ,Mozambique,2018,MZ2018MIS,WS_WTRT_H_UNW,250231110,U,431011,1431011,Region,Maputo Cidade,0,,0,1,WSWTRTHUNW,MZMIS2018431011,2018,MIS,298,,,,1
MOZ,Niassa,7445138,Number of persons,1521,0,MZ,Mozambique,2018,MZ2018MIS,WS_WTRT_P_NUM,250232100,D,431001,1431001,Region,Niassa,0,,0,1,WSWTRTPNUM,MZMIS2018431001,2018,MIS,,2491,,,1
MOZ,Cabo Delgado,4284479,Number of persons,2194,0,MZ,Mozambique,2018,MZ2018MIS,WS_WTRT_P_NUM,250232100,D,431002,1431002,Region,Cabo Delgado,0,,0,1,WSWTRTPNUM,MZMIS2018431002,2018,MIS,,2413,,,1
MOZ,Nampula,5844520,Number of persons,5610,0,MZ,Mozambique,2018,MZ2018MIS,WS_WTRT_P_NUM,250232100,D,431003,1431003,Region,Nampula,0,,0,1,WSWTRTPNUM,MZMIS2018431003,2018,MIS,,2457,,,1
MOZ,Zambézia,7066194,Number of persons,5242,0,MZ,Mozambique,2018,MZ2018MIS,WS_WTRT_P_NUM,250232100,D,431004,1431004,Region,Zambézia,0,,0,1,WSWTRTPNUM,MZMIS2018431004,2018,MIS,,2567,,,1
MOZ,Tete,4068845,Number of persons,2517,0,MZ,Mozambique,2018,MZ2018MIS,WS_WTRT_P_NUM,250232100,D,431005,1431005,Region,Tete,0,,0,1,WSWTRTPNUM,MZMIS2018431005,2018,MIS,,2482,,,1
MOZ,Manica,1179532,Number of persons,2024,0,MZ,Mozambique,2018,MZ2018MIS,WS_WTRT_P_NUM,250232100,D,431006,1431006,Region,Manica,0,,0,1,WSWTRTPNUM,MZMIS2018431006,2018,MIS,,3106,,,1
MOZ,Sofala,1179487,Number of persons,2340,0,MZ,Mozambique,2018,MZ2018MIS,WS_WTRT_P_NUM,250232100,D,431007,1431007,Region,Sofala,0,,0,1,WSWTRTPNUM,MZMIS2018431007,2018,MIS,,2765,,,1
MOZ,Inhambane,7632745,Number of persons,1832,0,MZ,Mozambique,2018,MZ2018MIS,WS_WTRT_P_NUM,250232100,D,431008,1431008,Region,Inhambane,0,,0,1,WSWTRTPNUM,MZMIS2018431008,2018,MIS,,2592,,,1
MOZ,Gaza,4100136,Number of persons,1590,0,MZ,Mozambique,2018,MZ2018MIS,WS_WTRT_P_NUM,250232100,D,431009,1431009,Region,Gaza,0,,0,1,WSWTRTPNUM,MZMIS2018431009,2018,MIS,,2676,,,1
MOZ,Maputo Provincia,1187034,Number of persons,1697,0,MZ,Mozambique,2018,MZ2018MIS,WS_WTRT_P_NUM,250232100,D,431010,1431010,Region,Maputo Provincia,0,,0,1,WSWTRTPNUM,MZMIS2018431010,2018,MIS,,2578,,,1
MOZ,Maputo Cidade,5180232,Number of persons,1460,0,MZ,Mozambique,2018,MZ2018MIS,WS_WTRT_P_NUM,250232100,D,431011,1431011,Region,Maputo Cidade,0,,0,1,WSWTRTPNUM,MZMIS2018431011,2018,MIS,,2596,,,1
MOZ,Niassa,840460,Number of persons (unweighted),2491,0,MZ,Mozambique,2018,MZ2018MIS,WS_WTRT_P_UNW,250232110,U,431001,1431001,Region,Niassa,0,,0,1,WSWTRTPUNW,MZMIS2018431001,2018,MIS,1521,,,,1
MOZ,Cabo Delgado,3096731,Number of persons (unweighted),2413,0,MZ,Mozambique,2018,MZ2018MIS,WS_WTRT_P_UNW,250232110,U,431002,1431002,Region,Cabo Delgado,0,,0,1,WSWTRTPUNW,MZMIS2018431002,2018,MIS,2194,,,,1
MOZ,Nampula,1163754,Number of persons (unweighted),2457,0,MZ,Mozambique,2018,MZ2018MIS,WS_WTRT_P_UNW,250232110,U,431003,1431003,Region,Nampula,0,,0,1,WSWTRTPUNW,MZMIS2018431003,2018,MIS,5610,,,,1
MOZ,Zambézia,342566,Number of persons (unweighted),2567,0,MZ,Mozambique,2018,MZ2018MIS,WS_WTRT_P_UNW,250232110,U,431004,1431004,Region,Zambézia,0,,0,1,WSWTRTPUNW,MZMIS2018431004,2018,MIS,5242,,,,1
MOZ,Tete,1179505,Number of persons (unweighted),2482,0,MZ,Mozambique,2018,MZ2018MIS,WS_WTRT_P_UNW,250232110,U,431005,1431005,Region,Tete,0,,0,1,WSWTRTPUNW,MZMIS2018431005,2018,MIS,2517,,,,1
MOZ,Manica,2598574,Number of persons (unweighted),3106,0,MZ,Mozambique,2018,MZ2018MIS,WS_WTRT_P_UNW,250232110,U,431006,1431006,Region,Manica,0,,0,1,WSWTRTPUNW,MZMIS2018431006,2018,MIS,2024,,,,1
MOZ,Sofala,3020784,Number of persons (unweighted),2765,0,MZ,Mozambique,2018,MZ2018MIS,WS_WTRT_P_UNW,250232110,U,431007,1431007,Region,Sofala,0,,0,1,WSWTRTPUNW,MZMIS2018431007,2018,MIS,2340,,,,1
MOZ,Inhambane,7632687,Number of persons (unweighted),2592,0,MZ,Mozambique,2018,MZ2018MIS,WS_WTRT_P_UNW,250232110,U,431008,1431008,Region,Inhambane,0,,0,1,WSWTRTPUNW,MZMIS2018431008,2018,MIS,1832,,,,1
MOZ,Gaza,546710,Number of persons (unweighted),2676,0,MZ,Mozambique,2018,MZ2018MIS,WS_WTRT_P_UNW,250232110,U,431009,1431009,Region,Gaza,0,,0,1,WSWTRTPUNW,MZMIS2018431009,2018,MIS,1590,,,,1
MOZ,Maputo Provincia,3874207,Number of persons (unweighted),2578,0,MZ,Mozambique,2018,MZ2018MIS,WS_WTRT_P_UNW,250232110,U,431010,1431010,Region,Maputo Provincia,0,,0,1,WSWTRTPUNW,MZMIS2018431010,2018,MIS,1697,,,,1
MOZ,Maputo Cidade,573478,Number of persons (unweighted),2596,0,MZ,Mozambique,2018,MZ2018MIS,WS_WTRT_P_UNW,250232110,U,431011,1431011,Region,Maputo Cidade,0,,0,1,WSWTRTPUNW,MZMIS2018431011,2018,MIS,1460,,,,1
MOZ,Niassa,4149039,Households using an improved water source,53.3,1,MZ,Mozambique,2022,MZ2022DHS,WS_SRCE_H_IMP,250161010,I,431001,1431001,Region,Niassa,0,,0,1,WSSRCEHIMP,MZDHS2022431001,2022-23,DHS,897,1163,,,1
MOZ,Cabo Delgado,6839390,Households using an improved water source,71.1,1,MZ,Mozambique,2022,MZ2022DHS,WS_SRCE_H_IMP,250161010,I,431002,1431002,Region,Cabo Delgado,0,,0,1,WSSRCEHIMP,MZDHS2022431002,2022-23,DHS,745,1443,,,1
MOZ,Nampula,2942254,Households using an improved water source,44.4,1,MZ,Mozambique,2022,MZ2022DHS,WS_SRCE_H_IMP,250161010,I,431003,1431003,Region,Nampula,0,,0,1,WSSRCEHIMP,MZDHS2022431003,2022-23,DHS,3403,1568,,,1
MOZ,Zambézia,5003532,Households using an improved water source,42.7,1,MZ,Mozambique,2022,MZ2022DHS,WS_SRCE_H_IMP,250161010,I,431004,1431004,Region,Zambézia,0,,0,1,WSSRCEHIMP,MZDHS2022431004,2022-23,DHS,2582,1317,,,1
MOZ,Tete,7231011,Households using an improved water source,66.9,1,MZ,Mozambique,2022,MZ2022DHS,WS_SRCE_H_IMP,250161010,I,431005,1431005,Region,Tete,0,,0,1,WSSRCEHIMP,MZDHS2022431005,2022-23,DHS,1482,1310,,,1
MOZ,Manica,4590178,Households using an improved water source,57.1,1,MZ,Mozambique,2022,MZ2022DHS,WS_SRCE_H_IMP,250161010,I,431006,1431006,Region,Manica,0,,0,1,WSSRCEHIMP,MZDHS2022431006,2022-23,DHS,936,1243,,,1
MOZ,Sofala,6707055,Households using an improved water source,68.2,1,MZ,Mozambique,2022,MZ2022DHS,WS_SRCE_H_IMP,250161010,I,431007,1431007,Region,Sofala,0,,0,1,WSSRCEHIMP,MZDHS2022431007,2022-23,DHS,931,1257,,,1
MOZ,Inhambane,4238766,Households using an improved water source,73.6,1,MZ,Mozambique,2022,MZ2022DHS,WS_SRCE_H_IMP,250161010,I,431008,1431008,Region,Inhambane,0,,0,1,WSSRCEHIMP,MZDHS2022431008,2022-23,DHS,717,1273,,,1
MOZ,Gaza,775833,Households using an improved water source,92.2,1,MZ,Mozambique,2022,MZ2022DHS,WS_SRCE_H_IMP,250161010,I,431009,1431009,Region,Gaza,0,,0,1,WSSRCEHIMP,MZDHS2022431009,2022-23,DHS,692,1234,,,1
MOZ,Maputo Provincia,757062,Households using an improved water source,97.4,1,MZ,Mozambique,2022,MZ2022DHS,WS_SRCE_H_IMP,250161010,I,431010,1431010,Region,Maputo Provincia,0,,0,1,WSSRCEHIMP,MZDHS2022431010,2022-23,DHS,1276,1268,,,1
MOZ,Maputo Cidade,2121923,Households using an improved water source,99.8,1,MZ,Mozambique,2022,MZ2022DHS,WS_SRCE_H_IMP,250161010,I,431011,1431011,Region,Maputo Cidade,0,,0,1,WSSRCEHIMP,MZDHS2022431011,2022-23,DHS,590,1174,,,1
MOZ,Niassa,4149035,Households using water piped into dwelling,0.1,1,MZ,Mozambique,2022,MZ2022DHS,WS_SRCE_H_PIP,250161020,I,431001,1431001,Region,Niassa,0,,0,1,WSSRCEHPIP,MZDHS2022431001,2022-23,DHS,897,1163,,,1
MOZ,Cabo Delgado,6839384,Households using water piped into dwelling,2.1,1,MZ,Mozambique,2022,MZ2022DHS,WS_SRCE_H_PIP,250161020,I,431002,1431002,Region,Cabo Delgado,0,,0,1,WSSRCEHPIP,MZDHS2022431002,2022-23,DHS,745,1443,,,1
MOZ,Nampula,2942218,Households using water piped into dwelling,0.5,1,MZ,Mozambique,2022,MZ2022DHS,WS_SRCE_H_PIP,250161020,I,431003,1431003,Region,Nampula,0,,0,1,WSSRCEHPIP,MZDHS2022431003,2022-23,DHS,3403,1568,,,1
MOZ,Zambézia,5003513,Households using water piped into dwelling,0.7,1,MZ,Mozambique,2022,MZ2022DHS,WS_SRCE_H_PIP,250161020,I,431004,1431004,Region,Zambézia,0,,0,1,WSSRCEHPIP,MZDHS2022431004,2022-23,DHS,2582,1317,,,1
MOZ,Tete,7231000,Households using water piped into dwelling,0.3,1,MZ,Mozambique,2022,MZ2022DHS,WS_SRCE_H_PIP,250161020,I,431005,1431005,Region,Tete,0,,0,1,WSSRCEHPIP,MZDHS2022431005,2022-23,DHS,1482,1310,,,1
MOZ,Manica,4590172,Households using water piped into dwelling,0.9,1,MZ,Mozambique,2022,MZ2022DHS,WS_SRCE_H_PIP,250161020,I,431006,1431006,Region,Manica,0,,0,1,WSSRCEHPIP,MZDHS2022431006,2022-23,DHS,936,1243,,,1
MOZ,Sofala,6707082,Households using water piped into dwelling,3.4,1,MZ,Mozambique,2022,MZ2022DHS,WS_SRCE_H_PIP,250161020,I,431007,1431007,Region,Sofala,0,,0,1,WSSRCEHPIP,MZDHS2022431007,2022-23,DHS,931,1257,,,1
MOZ,Inhambane,4238771,Households using water piped into dwelling,1.4,1,MZ,Mozambique,2022,MZ2022DHS,WS_SRCE_H_PIP,250161020,I,431008,1431008,Region,Inhambane,0,,0,1,WSSRCEHPIP,MZDHS2022431008,2022-23,DHS,717,1273,,,1
MOZ,Gaza,775820,Households using water piped into dwelling,0.5,1,MZ,Mozambique,2022,MZ2022DHS,WS_SRCE_H_PIP,250161020,I,431009,1431009,Region,Gaza,0,,0,1,WSSRCEHPIP,MZDHS2022431009,2022-23,DHS,692,1234,,,1
MOZ,Maputo Provincia,757063,Households using water piped into dwelling,4.1,1,MZ,Mozambique,2022,MZ2022DHS,WS_SRCE_H_PIP,250161020,I,431010,1431010,Region,Maputo Provincia,0,,0,1,WSSRCEHPIP,MZDHS2022431010,2022-23,DHS,1276,1268,,,1
MOZ,Maputo Cidade,2121911,Households using water piped into dwelling,8.2,1,MZ,Mozambique,2022,MZ2022DHS,WS_SRCE_H_PIP,250161020,I,431011,1431011,Region,Maputo Cidade,0,,0,1,WSSRCEHPIP,MZDHS2022431011,2022-23,DHS,590,1174,,,1
MOZ,Niassa,4149037,Households using a public tap/standpipe,12.9,1,MZ,Mozambique,2022,MZ2022DHS,WS_SRCE_H_TAP,250161030,I,431001,1431001,Region,Niassa,0,,0,1,WSSRCEHTAP,MZDHS2022431001,2022-23,DHS,897,1163,,,1
MOZ,Cabo Delgado,6839386,Households using a public tap/standpipe,17.8,1,MZ,Mozambique,2022,MZ2022DHS,WS_SRCE_H_TAP,250161030,I,431002,1431002,Region,Cabo Delgado,0,,0,1,WSSRCEHTAP,MZDHS2022431002,2022-23,DHS,745,1443,,,1
MOZ,Nampula,2942220,Households using a public tap/standpipe,16.2,1,MZ,Mozambique,2022,MZ2022DHS,WS_SRCE_H_TAP,250161030,I,431003,1431003,Region,Nampula,0,,0,1,WSSRCEHTAP,MZDHS2022431003,2022-23,DHS,3403,1568,,,1
MOZ,Zambézia,5003515,Households using a public tap/standpipe,6.2,1,MZ,Mozambique,2022,MZ2022DHS,WS_SRCE_H_TAP,250161030,I,431004,1431004,Region,Zambézia,0,,0,1,WSSRCEHTAP,MZDHS2022431004,2022-23,DHS,2582,1317,,,1
MOZ,Tete,7231002,Households using a public tap/standpipe,8.6,1,MZ,Mozambique,2022,MZ2022DHS,WS_SRCE_H_TAP,250161030,I,431005,1431005,Region,Tete,0,,0,1,WSSRCEHTAP,MZDHS2022431005,2022-23,DHS,1482,1310,,,1
MOZ,Manica,4590174,Households using a public tap/standpipe,3.2,1,MZ,Mozambique,2022,MZ2022DHS,WS_SRCE_H_TAP,250161030,I,431006,1431006,Region,Manica,0,,0,1,WSSRCEHTAP,MZDHS2022431006,2022-23,DHS,936,1243,,,1
MOZ,Sofala,6707084,Households using a public tap/standpipe,14.5,1,MZ,Mozambique,2022,MZ2022DHS,WS_SRCE_H_TAP,250161030,I,431007,1431007,Region,Sofala,0,,0,1,WSSRCEHTAP,MZDHS2022431007,2022-23,DHS,931,1257,,,1
MOZ,Inhambane,4238773,Households using a public tap/standpipe,7.8,1,MZ,Mozambique,2022,MZ2022DHS,WS_SRCE_H_TAP,250161030,I,431008,1431008,Region,Inhambane,0,,0,1,WSSRCEHTAP,MZDHS2022431008,2022-23,DHS,717,1273,,,1
MOZ,Gaza,775822,Households using a public tap/standpipe,11.6,1,MZ,Mozambique,2022,MZ2022DHS,WS_SRCE_H_TAP,250161030,I,431009,1431009,Region,Gaza,0,,0,1,WSSRCEHTAP,MZDHS2022431009,2022-23,DHS,692,1234,,,1
MOZ,Maputo Provincia,757065,Households using a public tap/standpipe,4.4,1,MZ,Mozambique,2022,MZ2022DHS,WS_SRCE_H_TAP,250161030,I,431010,1431010,Region,Maputo Provincia,0,,0,1,WSSRCEHTAP,MZDHS2022431010,2022-23,DHS,1276,1268,,,1
MOZ,Maputo Cidade,2121913,Households using a public tap/standpipe,2.5,1,MZ,Mozambique,2022,MZ2022DHS,WS_SRCE_H_TAP,250161030,I,431011,1431011,Region,Maputo Cidade,0,,0,1,WSSRCEHTAP,MZDHS2022431011,2022-23,DHS,590,1174,,,1
MOZ,Niassa,4149040,Households using a tubewell/borehole,24.8,1,MZ,Mozambique,2022,MZ2022DHS,WS_SRCE_H_TUB,250161040,I,431001,1431001,Region,Niassa,0,,0,1,WSSRCEHTUB,MZDHS2022431001,2022-23,DHS,897,1163,,,1
MOZ,Cabo Delgado,6839388,Households using a tubewell/borehole,32.6,1,MZ,Mozambique,2022,MZ2022DHS,WS_SRCE_H_TUB,250161040,I,431002,1431002,Region,Cabo Delgado,0,,0,1,WSSRCEHTUB,MZDHS2022431002,2022-23,DHS,745,1443,,,1
MOZ,Nampula,2942222,Households using a tubewell/borehole,8.8,1,MZ,Mozambique,2022,MZ2022DHS,WS_SRCE_H_TUB,250161040,I,431003,1431003,Region,Nampula,0,,0,1,WSSRCEHTUB,MZDHS2022431003,2022-23,DHS,3403,1568,,,1
MOZ,Zambézia,5003517,Households using a tubewell/borehole,23.1,1,MZ,Mozambique,2022,MZ2022DHS,WS_SRCE_H_TUB,250161040,I,431004,1431004,Region,Zambézia,0,,0,1,WSSRCEHTUB,MZDHS2022431004,2022-23,DHS,2582,1317,,,1
MOZ,Tete,7231004,Households using a tubewell/borehole,35.8,1,MZ,Mozambique,2022,MZ2022DHS,WS_SRCE_H_TUB,250161040,I,431005,1431005,Region,Tete,0,,0,1,WSSRCEHTUB,MZDHS2022431005,2022-23,DHS,1482,1310,,,1
MOZ,Manica,4590176,Households using a tubewell/borehole,23,1,MZ,Mozambique,2022,MZ2022DHS,WS_SRCE_H_TUB,250161040,I,431006,1431006,Region,Manica,0,,0,1,WSSRCEHTUB,MZDHS2022431006,2022-23,DHS,936,1243,,,1
MOZ,Sofala,6707086,Households using a tubewell/borehole,17.3,1,MZ,Mozambique,2022,MZ2022DHS,WS_SRCE_H_TUB,250161040,I,431007,1431007,Region,Sofala,0,,0,1,WSSRCEHTUB,MZDHS2022431007,2022-23,DHS,931,1257,,,1
MOZ,Inhambane,4238775,Households using a tubewell/borehole,11.6,1,MZ,Mozambique,2022,MZ2022DHS,WS_SRCE_H_TUB,250161040,I,431008,1431008,Region,Inhambane,0,,0,1,WSSRCEHTUB,MZDHS2022431008,2022-23,DHS,717,1273,,,1
MOZ,Gaza,775824,Households using a tubewell/borehole,15.2,1,MZ,Mozambique,2022,MZ2022DHS,WS_SRCE_H_TUB,250161040,I,431009,1431009,Region,Gaza,0,,0,1,WSSRCEHTUB,MZDHS2022431009,2022-23,DHS,692,1234,,,1
MOZ,Maputo Provincia,757067,Households using a tubewell/borehole,6.1,1,MZ,Mozambique,2022,MZ2022DHS,WS_SRCE_H_TUB,250161040,I,431010,1431010,Region,Maputo Provincia,0,,0,1,WSSRCEHTUB,MZDHS2022431010,2022-23,DHS,1276,1268,,,1
MOZ,Maputo Cidade,2121915,Households using a tubewell/borehole,0.9,1,MZ,Mozambique,2022,MZ2022DHS,WS_SRCE_H_TUB,250161040,I,431011,1431011,Region,Maputo Cidade,0,,0,1,WSSRCEHTUB,MZDHS2022431011,2022-23,DHS,590,1174,,,1
MOZ,Niassa,4149041,Households using a protected well,10.1,1,MZ,Mozambique,2022,MZ2022DHS,WS_SRCE_H_PWL,250161050,I,431001,1431001,Region,Niassa,0,,0,1,WSSRCEHPWL,MZDHS2022431001,2022-23,DHS,897,1163,,,1
MOZ,Cabo Delgado,6839389,Households using a protected well,6.7,1,MZ,Mozambique,2022,MZ2022DHS,WS_SRCE_H_PWL,250161050,I,431002,1431002,Region,Cabo Delgado,0,,0,1,WSSRCEHPWL,MZDHS2022431002,2022-23,DHS,745,1443,,,1
MOZ,Nampula,2942223,Households using a protected well,2.9,1,MZ,Mozambique,2022,MZ2022DHS,WS_SRCE_H_PWL,250161050,I,431003,1431003,Region,Nampula,0,,0,1,WSSRCEHPWL,MZDHS2022431003,2022-23,DHS,3403,1568,,,1
MOZ,Zambézia,5003518,Households using a protected well,6.4,1,MZ,Mozambique,2022,MZ2022DHS,WS_SRCE_H_PWL,250161050,I,431004,1431004,Region,Zambézia,0,,0,1,WSSRCEHPWL,MZDHS2022431004,2022-23,DHS,2582,1317,,,1
MOZ,Tete,7231005,Households using a protected well,7.1,1,MZ,Mozambique,2022,MZ2022DHS,WS_SRCE_H_PWL,250161050,I,431005,1431005,Region,Tete,0,,0,1,WSSRCEHPWL,MZDHS2022431005,2022-23,DHS,1482,1310,,,1
MOZ,Manica,4590177,Households using a protected well,10,1,MZ,Mozambique,2022,MZ2022DHS,WS_SRCE_H_PWL,250161050,I,431006,1431006,Region,Manica,0,,0,1,WSSRCEHPWL,MZDHS2022431006,2022-23,DHS,936,1243,,,1
MOZ,Sofala,6707049,Households using a protected well,6.9,1,MZ,Mozambique,2022,MZ2022DHS,WS_SRCE_H_PWL,250161050,I,431007,1431007,Region,Sofala,0,,0,1,WSSRCEHPWL,MZDHS2022431007,2022-23,DHS,931,1257,,,1
MOZ,Inhambane,4238776,Households using a protected well,9,1,MZ,Mozambique,2022,MZ2022DHS,WS_SRCE_H_PWL,250161050,I,431008,1431008,Region,Inhambane,0,,0,1,WSSRCEHPWL,MZDHS2022431008,2022-23,DHS,717,1273,,,1
MOZ,Gaza,775825,Households using a protected well,1.7,1,MZ,Mozambique,2022,MZ2022DHS,WS_SRCE_H_PWL,250161050,I,431009,1431009,Region,Gaza,0,,0,1,WSSRCEHPWL,MZDHS2022431009,2022-23,DHS,692,1234,,,1
MOZ,Maputo Provincia,757068,Households using a protected well,2.9,1,MZ,Mozambique,2022,MZ2022DHS,WS_SRCE_H_PWL,250161050,I,431010,1431010,Region,Maputo Provincia,0,,0,1,WSSRCEHPWL,MZDHS2022431010,2022-23,DHS,1276,1268,,,1
MOZ,Maputo Cidade,2121917,Households using a protected well,0.5,1,MZ,Mozambique,2022,MZ2022DHS,WS_SRCE_H_PWL,250161050,I,431011,1431011,Region,Maputo Cidade,0,,0,1,WSSRCEHPWL,MZDHS2022431011,2022-23,DHS,590,1174,,,1
MOZ,Niassa,4149046,Households using a protected spring,0.5,1,MZ,Mozambique,2022,MZ2022DHS,WS_SRCE_H_PSG,250161060,I,431001,1431001,Region,Niassa,0,,0,1,WSSRCEHPSG,MZDHS2022431001,2022-23,DHS,897,1163,,,1
MOZ,Cabo Delgado,6839370,Households using a protected spring,0.2,1,MZ,Mozambique,2022,MZ2022DHS,WS_SRCE_H_PSG,250161060,I,431002,1431002,Region,Cabo Delgado,0,,0,1,WSSRCEHPSG,MZDHS2022431002,2022-23,DHS,745,1443,,,1
MOZ,Nampula,2942256,Households using a protected spring,0,1,MZ,Mozambique,2022,MZ2022DHS,WS_SRCE_H_PSG,250161060,I,431003,1431003,Region,Nampula,0,,0,1,WSSRCEHPSG,MZDHS2022431003,2022-23,DHS,3403,1568,,,1
MOZ,Zambézia,5003534,Households using a protected spring,0.3,1,MZ,Mozambique,2022,MZ2022DHS,WS_SRCE_H_PSG,250161060,I,431004,1431004,Region,Zambézia,0,,0,1,WSSRCEHPSG,MZDHS2022431004,2022-23,DHS,2582,1317,,,1
MOZ,Tete,7231013,Households using a protected spring,0.2,1,MZ,Mozambique,2022,MZ2022DHS,WS_SRCE_H_PSG,250161060,I,431005,1431005,Region,Tete,0,,0,1,WSSRCEHPSG,MZDHS2022431005,2022-23,DHS,1482,1310,,,1
MOZ,Manica,4590180,Households using a protected spring,1.6,1,MZ,Mozambique,2022,MZ2022DHS,WS_SRCE_H_PSG,250161060,I,431006,1431006,Region,Manica,0,,0,1,WSSRCEHPSG,MZDHS2022431006,2022-23,DHS,936,1243,,,1
MOZ,Sofala,6707057,Households using a protected spring,0,1,MZ,Mozambique,2022,MZ2022DHS,WS_SRCE_H_PSG,250161060,I,431007,1431007,Region,Sofala,0,,0,1,WSSRCEHPSG,MZDHS2022431007,2022-23,DHS,931,1257,,,1
MOZ,Inhambane,4238768,Households using a protected spring,0,1,MZ,Mozambique,2022,MZ2022DHS,WS_SRCE_H_PSG,250161060,I,431008,1431008,Region,Inhambane,0,,0,1,WSSRCEHPSG,MZDHS2022431008,2022-23,DHS,717,1273,,,1
MOZ,Gaza,775835,Households using a protected spring,0,1,MZ,Mozambique,2022,MZ2022DHS,WS_SRCE_H_PSG,250161060,I,431009,1431009,Region,Gaza,0,,0,1,WSSRCEHPSG,MZDHS2022431009,2022-23,DHS,692,1234,,,1
MOZ,Maputo Provincia,757077,Households using a protected spring,0.1,1,MZ,Mozambique,2022,MZ2022DHS,WS_SRCE_H_PSG,250161060,I,431010,1431010,Region,Maputo Provincia,0,,0,1,WSSRCEHPSG,MZDHS2022431010,2022-23,DHS,1276,1268,,,1
MOZ,Maputo Cidade,2121925,Households using a protected spring,0,1,MZ,Mozambique,2022,MZ2022DHS,WS_SRCE_H_PSG,250161060,I,431011,1431011,Region,Maputo Cidade,0,,0,1,WSSRCEHPSG,MZDHS2022431011,2022-23,DHS,590,1174,,,1
MOZ,Niassa,4149050,Households using rainwater,0,1,MZ,Mozambique,2022,MZ2022DHS,WS_SRCE_H_RNW,250161070,I,431001,1431001,Region,Niassa,0,,0,1,WSSRCEHRNW,MZDHS2022431001,2022-23,DHS,897,1163,,,1
MOZ,Cabo Delgado,6839364,Households using rainwater,0,1,MZ,Mozambique,2022,MZ2022DHS,WS_SRCE_H_RNW,250161070,I,431002,1431002,Region,Cabo Delgado,0,,0,1,WSSRCEHRNW,MZDHS2022431002,2022-23,DHS,745,1443,,,1
MOZ,Nampula,2942231,Households using rainwater,0.1,1,MZ,Mozambique,2022,MZ2022DHS,WS_SRCE_H_RNW,250161070,I,431003,1431003,Region,Nampula,0,,0,1,WSSRCEHRNW,MZDHS2022431003,2022-23,DHS,3403,1568,,,1
MOZ,Zambézia,5003520,Households using rainwater,0,1,MZ,Mozambique,2022,MZ2022DHS,WS_SRCE_H_RNW,250161070,I,431004,1431004,Region,Zambézia,0,,0,1,WSSRCEHRNW,MZDHS2022431004,2022-23,DHS,2582,1317,,,1
MOZ,Tete,7230998,Households using rainwater,0,1,MZ,Mozambique,2022,MZ2022DHS,WS_SRCE_H_RNW,250161070,I,431005,1431005,Region,Tete,0,,0,1,WSSRCEHRNW,MZDHS2022431005,2022-23,DHS,1482,1310,,,1
MOZ,Manica,4590187,Households using rainwater,0,1,MZ,Mozambique,2022,MZ2022DHS,WS_SRCE_H_RNW,250161070,I,431006,1431006,Region,Manica,0,,0,1,WSSRCEHRNW,MZDHS2022431006,2022-23,DHS,936,1243,,,1
MOZ,Sofala,6707064,Households using rainwater,0.1,1,MZ,Mozambique,2022,MZ2022DHS,WS_SRCE_H_RNW,250161070,I,431007,1431007,Region,Sofala,0,,0,1,WSSRCEHRNW,MZDHS2022431007,2022-23,DHS,931,1257,,,1
MOZ,Inhambane,4238763,Households using rainwater,12.6,1,MZ,Mozambique,2022,MZ2022DHS,WS_SRCE_H_RNW,250161070,I,431008,1431008,Region,Inhambane,0,,0,1,WSSRCEHRNW,MZDHS2022431008,2022-23,DHS,717,1273,,,1
MOZ,Gaza,775812,Households using rainwater,3,1,MZ,Mozambique,2022,MZ2022DHS,WS_SRCE_H_RNW,250161070,I,431009,1431009,Region,Gaza,0,,0,1,WSSRCEHRNW,MZDHS2022431009,2022-23,DHS,692,1234,,,1
MOZ,Maputo Provincia,757070,Households using rainwater,0.1,1,MZ,Mozambique,2022,MZ2022DHS,WS_SRCE_H_RNW,250161070,I,431010,1431010,Region,Maputo Provincia,0,,0,1,WSSRCEHRNW,MZDHS2022431010,2022-23,DHS,1276,1268,,,1
MOZ,Maputo Cidade,2121904,Households using rainwater,0,1,MZ,Mozambique,2022,MZ2022DHS,WS_SRCE_H_RNW,250161070,I,431011,1431011,Region,Maputo Cidade,0,,0,1,WSSRCEHRNW,MZDHS2022431011,2022-23,DHS,590,1174,,,1
MOZ,Niassa,4149055,Households using tanker truck,0,1,MZ,Mozambique,2022,MZ2022DHS,WS_SRCE_H_TNK,250161074,I,431001,1431001,Region,Niassa,0,,0,1,WSSRCEHTNK,MZDHS2022431001,2022-23,DHS,897,1163,,,1
MOZ,Cabo Delgado,6839378,Households using tanker truck,0.6,1,MZ,Mozambique,2022,MZ2022DHS,WS_SRCE_H_TNK,250161074,I,431002,1431002,Region,Cabo Delgado,0,,0,1,WSSRCEHTNK,MZDHS2022431002,2022-23,DHS,745,1443,,,1
MOZ,Nampula,2942210,Households using tanker truck,1.5,1,MZ,Mozambique,2022,MZ2022DHS,WS_SRCE_H_TNK,250161074,I,431003,1431003,Region,Nampula,0,,0,1,WSSRCEHTNK,MZDHS2022431003,2022-23,DHS,3403,1568,,,1
MOZ,Zambézia,5003563,Households using tanker truck,0.3,1,MZ,Mozambique,2022,MZ2022DHS,WS_SRCE_H_TNK,250161074,I,431004,1431004,Region,Zambézia,0,,0,1,WSSRCEHTNK,MZDHS2022431004,2022-23,DHS,2582,1317,,,1
MOZ,Tete,7230991,Households using tanker truck,0.2,1,MZ,Mozambique,2022,MZ2022DHS,WS_SRCE_H_TNK,250161074,I,431005,1431005,Region,Tete,0,,0,1,WSSRCEHTNK,MZDHS2022431005,2022-23,DHS,1482,1310,,,1
MOZ,Manica,4590184,Households using tanker truck,0.1,1,MZ,Mozambique,2022,MZ2022DHS,WS_SRCE_H_TNK,250161074,I,431006,1431006,Region,Manica,0,,0,1,WSSRCEHTNK,MZDHS2022431006,2022-23,DHS,936,1243,,,1
MOZ,Sofala,6707068,Households using tanker truck,0,1,MZ,Mozambique,2022,MZ2022DHS,WS_SRCE_H_TNK,250161074,I,431007,1431007,Region,Sofala,0,,0,1,WSSRCEHTNK,MZDHS2022431007,2022-23,DHS,931,1257,,,1
MOZ,Inhambane,4238791,Households using tanker truck,2.2,1,MZ,Mozambique,2022,MZ2022DHS,WS_SRCE_H_TNK,250161074,I,431008,1431008,Region,Inhambane,0,,0,1,WSSRCEHTNK,MZDHS2022431008,2022-23,DHS,717,1273,,,1
MOZ,Gaza,775816,Households using tanker truck,0,1,MZ,Mozambique,2022,MZ2022DHS,WS_SRCE_H_TNK,250161074,I,431009,1431009,Region,Gaza,0,,0,1,WSSRCEHTNK,MZDHS2022431009,2022-23,DHS,692,1234,,,1
MOZ,Maputo Provincia,757042,Households using tanker truck,1.7,1,MZ,Mozambique,2022,MZ2022DHS,WS_SRCE_H_TNK,250161074,I,431010,1431010,Region,Maputo Provincia,0,,0,1,WSSRCEHTNK,MZDHS2022431010,2022-23,DHS,1276,1268,,,1
MOZ,Maputo Cidade,2121933,Households using tanker truck,0.1,1,MZ,Mozambique,2022,MZ2022DHS,WS_SRCE_H_TNK,250161074,I,431011,1431011,Region,Maputo Cidade,0,,0,1,WSSRCEHTNK,MZDHS2022431011,2022-23,DHS,590,1174,,,1
MOZ,Niassa,4149047,Households using bottled water,0,1,MZ,Mozambique,2022,MZ2022DHS,WS_SRCE_H_BOT,250161080,I,431001,1431001,Region,Niassa,0,,0,1,WSSRCEHBOT,MZDHS2022431001,2022-23,DHS,897,1163,,,1
MOZ,Cabo Delgado,6839371,Households using bottled water,0,1,MZ,Mozambique,2022,MZ2022DHS,WS_SRCE_H_BOT,250161080,I,431002,1431002,Region,Cabo Delgado,0,,0,1,WSSRCEHBOT,MZDHS2022431002,2022-23,DHS,745,1443,,,1
MOZ,Nampula,2942257,Households using bottled water,0.1,1,MZ,Mozambique,2022,MZ2022DHS,WS_SRCE_H_BOT,250161080,I,431003,1431003,Region,Nampula,0,,0,1,WSSRCEHBOT,MZDHS2022431003,2022-23,DHS,3403,1568,,,1
MOZ,Zambézia,5003535,Households using bottled water,0.4,1,MZ,Mozambique,2022,MZ2022DHS,WS_SRCE_H_BOT,250161080,I,431004,1431004,Region,Zambézia,0,,0,1,WSSRCEHBOT,MZDHS2022431004,2022-23,DHS,2582,1317,,,1
MOZ,Tete,7230940,Households using bottled water,0,1,MZ,Mozambique,2022,MZ2022DHS,WS_SRCE_H_BOT,250161080,I,431005,1431005,Region,Tete,0,,0,1,WSSRCEHBOT,MZDHS2022431005,2022-23,DHS,1482,1310,,,1
MOZ,Manica,4590181,Households using bottled water,0.1,1,MZ,Mozambique,2022,MZ2022DHS,WS_SRCE_H_BOT,250161080,I,431006,1431006,Region,Manica,0,,0,1,WSSRCEHBOT,MZDHS2022431006,2022-23,DHS,936,1243,,,1
MOZ,Sofala,6707058,Households using bottled water,1.1,1,MZ,Mozambique,2022,MZ2022DHS,WS_SRCE_H_BOT,250161080,I,431007,1431007,Region,Sofala,0,,0,1,WSSRCEHBOT,MZDHS2022431007,2022-23,DHS,931,1257,,,1
MOZ,Inhambane,4238769,Households using bottled water,0.3,1,MZ,Mozambique,2022,MZ2022DHS,WS_SRCE_H_BOT,250161080,I,431008,1431008,Region,Inhambane,0,,0,1,WSSRCEHBOT,MZDHS2022431008,2022-23,DHS,717,1273,,,1
MOZ,Gaza,775836,Households using bottled water,0.1,1,MZ,Mozambique,2022,MZ2022DHS,WS_SRCE_H_BOT,250161080,I,431009,1431009,Region,Gaza,0,,0,1,WSSRCEHBOT,MZDHS2022431009,2022-23,DHS,692,1234,,,1
MOZ,Maputo Provincia,757078,Households using bottled water,4.2,1,MZ,Mozambique,2022,MZ2022DHS,WS_SRCE_H_BOT,250161080,I,431010,1431010,Region,Maputo Provincia,0,,0,1,WSSRCEHBOT,MZDHS2022431010,2022-23,DHS,1276,1268,,,1
MOZ,Maputo Cidade,2121926,Households using bottled water,10,1,MZ,Mozambique,2022,MZ2022DHS,WS_SRCE_H_BOT,250161080,I,431011,1431011,Region,Maputo Cidade,0,,0,1,WSSRCEHBOT,MZDHS2022431011,2022-23,DHS,590,1174,,,1
MOZ,Niassa,4149049,Households using an unimproved water source,41.6,1,MZ,Mozambique,2022,MZ2022DHS,WS_SRCE_H_NIM,250161090,I,431001,1431001,Region,Niassa,0,,0,1,WSSRCEHNIM,MZDHS2022431001,2022-23,DHS,897,1163,,,1
MOZ,Cabo Delgado,6839363,Households using an unimproved water source,19,1,MZ,Mozambique,2022,MZ2022DHS,WS_SRCE_H_NIM,250161090,I,431002,1431002,Region,Cabo Delgado,0,,0,1,WSSRCEHNIM,MZDHS2022431002,2022-23,DHS,745,1443,,,1
MOZ,Nampula,2942229,Households using an unimproved water source,43.6,1,MZ,Mozambique,2022,MZ2022DHS,WS_SRCE_H_NIM,250161090,I,431003,1431003,Region,Nampula,0,,0,1,WSSRCEHNIM,MZDHS2022431003,2022-23,DHS,3403,1568,,,1
MOZ,Zambézia,5003519,Households using an unimproved water source,45.3,1,MZ,Mozambique,2022,MZ2022DHS,WS_SRCE_H_NIM,250161090,I,431004,1431004,Region,Zambézia,0,,0,1,WSSRCEHNIM,MZDHS2022431004,2022-23,DHS,2582,1317,,,1
MOZ,Tete,7230997,Households using an unimproved water source,20.9,1,MZ,Mozambique,2022,MZ2022DHS,WS_SRCE_H_NIM,250161090,I,431005,1431005,Region,Tete,0,,0,1,WSSRCEHNIM,MZDHS2022431005,2022-23,DHS,1482,1310,,,1
MOZ,Manica,4590186,Households using an unimproved water source,34.9,1,MZ,Mozambique,2022,MZ2022DHS,WS_SRCE_H_NIM,250161090,I,431006,1431006,Region,Manica,0,,0,1,WSSRCEHNIM,MZDHS2022431006,2022-23,DHS,936,1243,,,1
MOZ,Sofala,6707063,Households using an unimproved water source,25.9,1,MZ,Mozambique,2022,MZ2022DHS,WS_SRCE_H_NIM,250161090,I,431007,1431007,Region,Sofala,0,,0,1,WSSRCEHNIM,MZDHS2022431007,2022-23,DHS,931,1257,,,1
MOZ,Inhambane,4238762,Households using an unimproved water source,25.3,1,MZ,Mozambique,2022,MZ2022DHS,WS_SRCE_H_NIM,250161090,I,431008,1431008,Region,Inhambane,0,,0,1,WSSRCEHNIM,MZDHS2022431008,2022-23,DHS,717,1273,,,1
MOZ,Gaza,775811,Households using an unimproved water source,4,1,MZ,Mozambique,2022,MZ2022DHS,WS_SRCE_H_NIM,250161090,I,431009,1431009,Region,Gaza,0,,0,1,WSSRCEHNIM,MZDHS2022431009,2022-23,DHS,692,1234,,,1
MOZ,Maputo Provincia,757069,Households using an unimproved water source,2,1,MZ,Mozambique,2022,MZ2022DHS,WS_SRCE_H_NIM,250161090,I,431010,1431010,Region,Maputo Provincia,0,,0,1,WSSRCEHNIM,MZDHS2022431010,2022-23,DHS,1276,1268,,,1
MOZ,Maputo Cidade,2121903,Households using an unimproved water source,0.2,1,MZ,Mozambique,2022,MZ2022DHS,WS_SRCE_H_NIM,250161090,I,431011,1431011,Region,Maputo Cidade,0,,0,1,WSSRCEHNIM,MZDHS2022431011,2022-23,DHS,590,1174,,,1
MOZ,Niassa,4149045,Households using an unprotected well water,41.3,1,MZ,Mozambique,2022,MZ2022DHS,WS_SRCE_H_UWL,250161100,I,431001,1431001,Region,Niassa,0,,0,1,WSSRCEHUWL,MZDHS2022431001,2022-23,DHS,897,1163,,,1
MOZ,Cabo Delgado,6839391,Households using an unprotected well water,15.9,1,MZ,Mozambique,2022,MZ2022DHS,WS_SRCE_H_UWL,250161100,I,431002,1431002,Region,Cabo Delgado,0,,0,1,WSSRCEHUWL,MZDHS2022431002,2022-23,DHS,745,1443,,,1
MOZ,Nampula,2942255,Households using an unprotected well water,42.5,1,MZ,Mozambique,2022,MZ2022DHS,WS_SRCE_H_UWL,250161100,I,431003,1431003,Region,Nampula,0,,0,1,WSSRCEHUWL,MZDHS2022431003,2022-23,DHS,3403,1568,,,1
MOZ,Zambézia,5003533,Households using an unprotected well water,41.1,1,MZ,Mozambique,2022,MZ2022DHS,WS_SRCE_H_UWL,250161100,I,431004,1431004,Region,Zambézia,0,,0,1,WSSRCEHUWL,MZDHS2022431004,2022-23,DHS,2582,1317,,,1
MOZ,Tete,7231012,Households using an unprotected well water,17.8,1,MZ,Mozambique,2022,MZ2022DHS,WS_SRCE_H_UWL,250161100,I,431005,1431005,Region,Tete,0,,0,1,WSSRCEHUWL,MZDHS2022431005,2022-23,DHS,1482,1310,,,1
MOZ,Manica,4590179,Households using an unprotected well water,24.9,1,MZ,Mozambique,2022,MZ2022DHS,WS_SRCE_H_UWL,250161100,I,431006,1431006,Region,Manica,0,,0,1,WSSRCEHUWL,MZDHS2022431006,2022-23,DHS,936,1243,,,1
MOZ,Sofala,6707056,Households using an unprotected well water,25.2,1,MZ,Mozambique,2022,MZ2022DHS,WS_SRCE_H_UWL,250161100,I,431007,1431007,Region,Sofala,0,,0,1,WSSRCEHUWL,MZDHS2022431007,2022-23,DHS,931,1257,,,1
MOZ,Inhambane,4238767,Households using an unprotected well water,24.1,1,MZ,Mozambique,2022,MZ2022DHS,WS_SRCE_H_UWL,250161100,I,431008,1431008,Region,Inhambane,0,,0,1,WSSRCEHUWL,MZDHS2022431008,2022-23,DHS,717,1273,,,1
MOZ,Gaza,775834,Households using an unprotected well water,3.9,1,MZ,Mozambique,2022,MZ2022DHS,WS_SRCE_H_UWL,250161100,I,431009,1431009,Region,Gaza,0,,0,1,WSSRCEHUWL,MZDHS2022431009,2022-23,DHS,692,1234,,,1
MOZ,Maputo Provincia,757076,Households using an unprotected well water,1.6,1,MZ,Mozambique,2022,MZ2022DHS,WS_SRCE_H_UWL,250161100,I,431010,1431010,Region,Maputo Provincia,0,,0,1,WSSRCEHUWL,MZDHS2022431010,2022-23,DHS,1276,1268,,,1
MOZ,Maputo Cidade,2121924,Households using an unprotected well water,0.1,1,MZ,Mozambique,2022,MZ2022DHS,WS_SRCE_H_UWL,250161100,I,431011,1431011,Region,Maputo Cidade,0,,0,1,WSSRCEHUWL,MZDHS2022431011,2022-23,DHS,590,1174,,,1
MOZ,Niassa,4149053,Households using an unprotected spring,0.3,1,MZ,Mozambique,2022,MZ2022DHS,WS_SRCE_H_USG,250161110,I,431001,1431001,Region,Niassa,0,,0,1,WSSRCEHUSG,MZDHS2022431001,2022-23,DHS,897,1163,,,1
MOZ,Cabo Delgado,6839376,Households using an unprotected spring,3.2,1,MZ,Mozambique,2022,MZ2022DHS,WS_SRCE_H_USG,250161110,I,431002,1431002,Region,Cabo Delgado,0,,0,1,WSSRCEHUSG,MZDHS2022431002,2022-23,DHS,745,1443,,,1
MOZ,Nampula,2942196,Households using an unprotected spring,1.1,1,MZ,Mozambique,2022,MZ2022DHS,WS_SRCE_H_USG,250161110,I,431003,1431003,Region,Nampula,0,,0,1,WSSRCEHUSG,MZDHS2022431003,2022-23,DHS,3403,1568,,,1
MOZ,Zambézia,5003540,Households using an unprotected spring,4.2,1,MZ,Mozambique,2022,MZ2022DHS,WS_SRCE_H_USG,250161110,I,431004,1431004,Region,Zambézia,0,,0,1,WSSRCEHUSG,MZDHS2022431004,2022-23,DHS,2582,1317,,,1
MOZ,Tete,7230989,Households using an unprotected spring,2.9,1,MZ,Mozambique,2022,MZ2022DHS,WS_SRCE_H_USG,250161110,I,431005,1431005,Region,Tete,0,,0,1,WSSRCEHUSG,MZDHS2022431005,2022-23,DHS,1482,1310,,,1
MOZ,Manica,4590182,Households using an unprotected spring,10,1,MZ,Mozambique,2022,MZ2022DHS,WS_SRCE_H_USG,250161110,I,431006,1431006,Region,Manica,0,,0,1,WSSRCEHUSG,MZDHS2022431006,2022-23,DHS,936,1243,,,1
MOZ,Sofala,6707066,Households using an unprotected spring,0,1,MZ,Mozambique,2022,MZ2022DHS,WS_SRCE_H_USG,250161110,I,431007,1431007,Region,Sofala,0,,0,1,WSSRCEHUSG,MZDHS2022431007,2022-23,DHS,931,1257,,,1
MOZ,Inhambane,4238789,Households using an unprotected spring,1.2,1,MZ,Mozambique,2022,MZ2022DHS,WS_SRCE_H_USG,250161110,I,431008,1431008,Region,Inhambane,0,,0,1,WSSRCEHUSG,MZDHS2022431008,2022-23,DHS,717,1273,,,1
MOZ,Gaza,775814,Households using an unprotected spring,0.2,1,MZ,Mozambique,2022,MZ2022DHS,WS_SRCE_H_USG,250161110,I,431009,1431009,Region,Gaza,0,,0,1,WSSRCEHUSG,MZDHS2022431009,2022-23,DHS,692,1234,,,1
MOZ,Maputo Provincia,757040,Households using an unprotected spring,0.1,1,MZ,Mozambique,2022,MZ2022DHS,WS_SRCE_H_USG,250161110,I,431010,1431010,Region,Maputo Provincia,0,,0,1,WSSRCEHUSG,MZDHS2022431010,2022-23,DHS,1276,1268,,,1
MOZ,Maputo Cidade,2121931,Households using an unprotected spring,0,1,MZ,Mozambique,2022,MZ2022DHS,WS_SRCE_H_USG,250161110,I,431011,1431011,Region,Maputo Cidade,0,,0,1,WSSRCEHUSG,MZDHS2022431011,2022-23,DHS,590,1174,,,1
MOZ,Niassa,4149054,Households using surface water,5.1,1,MZ,Mozambique,2022,MZ2022DHS,WS_SRCE_H_SRF,250161130,I,431001,1431001,Region,Niassa,0,,0,1,WSSRCEHSRF,MZDHS2022431001,2022-23,DHS,897,1163,,,1
MOZ,Cabo Delgado,6839377,Households using surface water,9.8,1,MZ,Mozambique,2022,MZ2022DHS,WS_SRCE_H_SRF,250161130,I,431002,1431002,Region,Cabo Delgado,0,,0,1,WSSRCEHSRF,MZDHS2022431002,2022-23,DHS,745,1443,,,1
MOZ,Nampula,2942197,Households using surface water,12,1,MZ,Mozambique,2022,MZ2022DHS,WS_SRCE_H_SRF,250161130,I,431003,1431003,Region,Nampula,0,,0,1,WSSRCEHSRF,MZDHS2022431003,2022-23,DHS,3403,1568,,,1
MOZ,Zambézia,5003562,Households using surface water,12.1,1,MZ,Mozambique,2022,MZ2022DHS,WS_SRCE_H_SRF,250161130,I,431004,1431004,Region,Zambézia,0,,0,1,WSSRCEHSRF,MZDHS2022431004,2022-23,DHS,2582,1317,,,1
MOZ,Tete,7230990,Households using surface water,12.2,1,MZ,Mozambique,2022,MZ2022DHS,WS_SRCE_H_SRF,250161130,I,431005,1431005,Region,Tete,0,,0,1,WSSRCEHSRF,MZDHS2022431005,2022-23,DHS,1482,1310,,,1
MOZ,Manica,4590183,Households using surface water,8,1,MZ,Mozambique,2022,MZ2022DHS,WS_SRCE_H_SRF,250161130,I,431006,1431006,Region,Manica,0,,0,1,WSSRCEHSRF,MZDHS2022431006,2022-23,DHS,936,1243,,,1
MOZ,Sofala,6707067,Households using surface water,6,1,MZ,Mozambique,2022,MZ2022DHS,WS_SRCE_H_SRF,250161130,I,431007,1431007,Region,Sofala,0,,0,1,WSSRCEHSRF,MZDHS2022431007,2022-23,DHS,931,1257,,,1
MOZ,Inhambane,4238790,Households using surface water,1.1,1,MZ,Mozambique,2022,MZ2022DHS,WS_SRCE_H_SRF,250161130,I,431008,1431008,Region,Inhambane,0,,0,1,WSSRCEHSRF,MZDHS2022431008,2022-23,DHS,717,1273,,,1
MOZ,Gaza,775815,Households using surface water,3.8,1,MZ,Mozambique,2022,MZ2022DHS,WS_SRCE_H_SRF,250161130,I,431009,1431009,Region,Gaza,0,,0,1,WSSRCEHSRF,MZDHS2022431009,2022-23,DHS,692,1234,,,1
MOZ,Maputo Provincia,757041,Households using surface water,0.7,1,MZ,Mozambique,2022,MZ2022DHS,WS_SRCE_H_SRF,250161130,I,431010,1431010,Region,Maputo Provincia,0,,0,1,WSSRCEHSRF,MZDHS2022431010,2022-23,DHS,1276,1268,,,1
MOZ,Maputo Cidade,2121932,Households using surface water,0.1,1,MZ,Mozambique,2022,MZ2022DHS,WS_SRCE_H_SRF,250161130,I,431011,1431011,Region,Maputo Cidade,0,,0,1,WSSRCEHSRF,MZDHS2022431011,2022-23,DHS,590,1174,,,1
MOZ,Niassa,4149056,Households using other water source,0,1,MZ,Mozambique,2022,MZ2022DHS,WS_SRCE_H_OTH,250161140,I,431001,1431001,Region,Niassa,0,,0,1,WSSRCEHOTH,MZDHS2022431001,2022-23,DHS,897,1163,,,1
MOZ,Cabo Delgado,6839379,Households using other water source,0,1,MZ,Mozambique,2022,MZ2022DHS,WS_SRCE_H_OTH,250161140,I,431002,1431002,Region,Cabo Delgado,0,,0,1,WSSRCEHOTH,MZDHS2022431002,2022-23,DHS,745,1443,,,1
MOZ,Nampula,2942211,Households using other water source,0,1,MZ,Mozambique,2022,MZ2022DHS,WS_SRCE_H_OTH,250161140,I,431003,1431003,Region,Nampula,0,,0,1,WSSRCEHOTH,MZDHS2022431003,2022-23,DHS,3403,1568,,,1
MOZ,Zambézia,5003564,Households using other water source,0,1,MZ,Mozambique,2022,MZ2022DHS,WS_SRCE_H_OTH,250161140,I,431004,1431004,Region,Zambézia,0,,0,1,WSSRCEHOTH,MZDHS2022431004,2022-23,DHS,2582,1317,,,1
MOZ,Tete,7230992,Households using other water source,0.2,1,MZ,Mozambique,2022,MZ2022DHS,WS_SRCE_H_OTH,250161140,I,431005,1431005,Region,Tete,0,,0,1,WSSRCEHOTH,MZDHS2022431005,2022-23,DHS,1482,1310,,,1
MOZ,Manica,4590185,Households using other water source,0.1,1,MZ,Mozambique,2022,MZ2022DHS,WS_SRCE_H_OTH,250161140,I,431006,1431006,Region,Manica,0,,0,1,WSSRCEHOTH,MZDHS2022431006,2022-23,DHS,936,1243,,,1
MOZ,Sofala,6707069,Households using other water source,0.6,1,MZ,Mozambique,2022,MZ2022DHS,WS_SRCE_H_OTH,250161140,I,431007,1431007,Region,Sofala,0,,0,1,WSSRCEHOTH,MZDHS2022431007,2022-23,DHS,931,1257,,,1
MOZ,Inhambane,4238792,Households using other water source,0,1,MZ,Mozambique,2022,MZ2022DHS,WS_SRCE_H_OTH,250161140,I,431008,1431008,Region,Inhambane,0,,0,1,WSSRCEHOTH,MZDHS2022431008,2022-23,DHS,717,1273,,,1
MOZ,Gaza,775817,Households using other water source,0,1,MZ,Mozambique,2022,MZ2022DHS,WS_SRCE_H_OTH,250161140,I,431009,1431009,Region,Gaza,0,,0,1,WSSRCEHOTH,MZDHS2022431009,2022-23,DHS,692,1234,,,1
MOZ,Maputo Provincia,757055,Households using other water source,0.2,1,MZ,Mozambique,2022,MZ2022DHS,WS_SRCE_H_OTH,250161140,I,431010,1431010,Region,Maputo Provincia,0,,0,1,WSSRCEHOTH,MZDHS2022431010,2022-23,DHS,1276,1268,,,1
MOZ,Maputo Cidade,2121934,Households using other water source,0.1,1,MZ,Mozambique,2022,MZ2022DHS,WS_SRCE_H_OTH,250161140,I,431011,1431011,Region,Maputo Cidade,0,,0,1,WSSRCEHOTH,MZDHS2022431011,2022-23,DHS,590,1174,,,1
MOZ,Niassa,4149051,Households: Total,100,1,MZ,Mozambique,2022,MZ2022DHS,WS_SRCE_H_TOT,250161160,T,431001,1431001,Region,Niassa,0,,0,1,WSSRCEHTOT,MZDHS2022431001,2022-23,DHS,897,1163,,,1
MOZ,Cabo Delgado,6839365,Households: Total,100,1,MZ,Mozambique,2022,MZ2022DHS,WS_SRCE_H_TOT,250161160,T,431002,1431002,Region,Cabo Delgado,0,,0,1,WSSRCEHTOT,MZDHS2022431002,2022-23,DHS,745,1443,,,1
MOZ,Nampula,2942232,Households: Total,100,1,MZ,Mozambique,2022,MZ2022DHS,WS_SRCE_H_TOT,250161160,T,431003,1431003,Region,Nampula,0,,0,1,WSSRCEHTOT,MZDHS2022431003,2022-23,DHS,3403,1568,,,1
MOZ,Zambézia,5003521,Households: Total,100,1,MZ,Mozambique,2022,MZ2022DHS,WS_SRCE_H_TOT,250161160,T,431004,1431004,Region,Zambézia,0,,0,1,WSSRCEHTOT,MZDHS2022431004,2022-23,DHS,2582,1317,,,1
MOZ,Tete,7230999,Households: Total,100,1,MZ,Mozambique,2022,MZ2022DHS,WS_SRCE_H_TOT,250161160,T,431005,1431005,Region,Tete,0,,0,1,WSSRCEHTOT,MZDHS2022431005,2022-23,DHS,1482,1310,,,1
MOZ,Manica,4590188,Households: Total,100,1,MZ,Mozambique,2022,MZ2022DHS,WS_SRCE_H_TOT,250161160,T,431006,1431006,Region,Manica,0,,0,1,WSSRCEHTOT,MZDHS2022431006,2022-23,DHS,936,1243,,,1
MOZ,Sofala,6707065,Households: Total,100,1,MZ,Mozambique,2022,MZ2022DHS,WS_SRCE_H_TOT,250161160,T,431007,1431007,Region,Sofala,0,,0,1,WSSRCEHTOT,MZDHS2022431007,2022-23,DHS,931,1257,,,1
MOZ,Inhambane,4238764,Households: Total,100,1,MZ,Mozambique,2022,MZ2022DHS,WS_SRCE_H_TOT,250161160,T,431008,1431008,Region,Inhambane,0,,0,1,WSSRCEHTOT,MZDHS2022431008,2022-23,DHS,717,1273,,,1
MOZ,Gaza,775813,Households: Total,100,1,MZ,Mozambique,2022,MZ2022DHS,WS_SRCE_H_TOT,250161160,T,431009,1431009,Region,Gaza,0,,0,1,WSSRCEHTOT,MZDHS2022431009,2022-23,DHS,692,1234,,,1
MOZ,Maputo Provincia,757071,Households: Total,100,1,MZ,Mozambique,2022,MZ2022DHS,WS_SRCE_H_TOT,250161160,T,431010,1431010,Region,Maputo Provincia,0,,0,1,WSSRCEHTOT,MZDHS2022431010,2022-23,DHS,1276,1268,,,1
MOZ,Maputo Cidade,2121905,Households: Total,100,1,MZ,Mozambique,2022,MZ2022DHS,WS_SRCE_H_TOT,250161160,T,431011,1431011,Region,Maputo Cidade,0,,0,1,WSSRCEHTOT,MZDHS2022431011,2022-23,DHS,590,1174,,,1
MOZ,Niassa,5442294,Population using an improved water source,54.1,1,MZ,Mozambique,2022,MZ2022DHS,WS_SRCE_P_IMP,250162010,I,431001,1431001,Region,Niassa,0,,0,1,WSSRCEPIMP,MZDHS2022431001,2022-23,DHS,4571,5901,,,1
MOZ,Cabo Delgado,7289254,Population using an improved water source,73.5,1,MZ,Mozambique,2022,MZ2022DHS,WS_SRCE_P_IMP,250162010,I,431002,1431002,Region,Cabo Delgado,0,,0,1,WSSRCEPIMP,MZDHS2022431002,2022-23,DHS,3740,7084,,,1
MOZ,Nampula,108190,Population using an improved water source,46.2,1,MZ,Mozambique,2022,MZ2022DHS,WS_SRCE_P_IMP,250162010,I,431003,1431003,Region,Nampula,0,,0,1,WSSRCEPIMP,MZDHS2022431003,2022-23,DHS,16140,7441,,,1
MOZ,Zambézia,6778425,Population using an improved water source,44.1,1,MZ,Mozambique,2022,MZ2022DHS,WS_SRCE_P_IMP,250162010,I,431004,1431004,Region,Zambézia,0,,0,1,WSSRCEPIMP,MZDHS2022431004,2022-23,DHS,11861,6062,,,1
MOZ,Tete,2115300,Population using an improved water source,67,1,MZ,Mozambique,2022,MZ2022DHS,WS_SRCE_P_IMP,250162010,I,431005,1431005,Region,Tete,0,,0,1,WSSRCEPIMP,MZDHS2022431005,2022-23,DHS,6685,5950,,,1
MOZ,Manica,460637,Population using an improved water source,59.3,1,MZ,Mozambique,2022,MZ2022DHS,WS_SRCE_P_IMP,250162010,I,431006,1431006,Region,Manica,0,,0,1,WSSRCEPIMP,MZDHS2022431006,2022-23,DHS,4879,6446,,,1
MOZ,Sofala,3858444,Population using an improved water source,67.4,1,MZ,Mozambique,2022,MZ2022DHS,WS_SRCE_P_IMP,250162010,I,431007,1431007,Region,Sofala,0,,0,1,WSSRCEPIMP,MZDHS2022431007,2022-23,DHS,4578,6320,,,1
MOZ,Inhambane,5014040,Population using an improved water source,72.4,1,MZ,Mozambique,2022,MZ2022DHS,WS_SRCE_P_IMP,250162010,I,431008,1431008,Region,Inhambane,0,,0,1,WSSRCEPIMP,MZDHS2022431008,2022-23,DHS,2863,5084,,,1
MOZ,Gaza,7190563,Population using an improved water source,93,1,MZ,Mozambique,2022,MZ2022DHS,WS_SRCE_P_IMP,250162010,I,431009,1431009,Region,Gaza,0,,0,1,WSSRCEPIMP,MZDHS2022431009,2022-23,DHS,3078,5497,,,1
MOZ,Maputo Provincia,4776303,Population using an improved water source,97.2,1,MZ,Mozambique,2022,MZ2022DHS,WS_SRCE_P_IMP,250162010,I,431010,1431010,Region,Maputo Provincia,0,,0,1,WSSRCEPIMP,MZDHS2022431010,2022-23,DHS,5134,5152,,,1
MOZ,Maputo Cidade,6246436,Population using an improved water source,99.7,1,MZ,Mozambique,2022,MZ2022DHS,WS_SRCE_P_IMP,250162010,I,431011,1431011,Region,Maputo Cidade,0,,0,1,WSSRCEPIMP,MZDHS2022431011,2022-23,DHS,2507,4994,,,1
MOZ,Niassa,5442292,Population using water piped into dwelling,0.1,1,MZ,Mozambique,2022,MZ2022DHS,WS_SRCE_P_PIP,250162020,I,431001,1431001,Region,Niassa,0,,0,1,WSSRCEPPIP,MZDHS2022431001,2022-23,DHS,4571,5901,,,1
MOZ,Cabo Delgado,7289242,Population using water piped into dwelling,2.6,1,MZ,Mozambique,2022,MZ2022DHS,WS_SRCE_P_PIP,250162020,I,431002,1431002,Region,Cabo Delgado,0,,0,1,WSSRCEPPIP,MZDHS2022431002,2022-23,DHS,3740,7084,,,1
MOZ,Nampula,108183,Population using water piped into dwelling,0.7,1,MZ,Mozambique,2022,MZ2022DHS,WS_SRCE_P_PIP,250162020,I,431003,1431003,Region,Nampula,0,,0,1,WSSRCEPPIP,MZDHS2022431003,2022-23,DHS,16140,7441,,,1
MOZ,Zambézia,6778462,Population using water piped into dwelling,0.5,1,MZ,Mozambique,2022,MZ2022DHS,WS_SRCE_P_PIP,250162020,I,431004,1431004,Region,Zambézia,0,,0,1,WSSRCEPPIP,MZDHS2022431004,2022-23,DHS,11861,6062,,,1
MOZ,Tete,2115294,Population using water piped into dwelling,0.3,1,MZ,Mozambique,2022,MZ2022DHS,WS_SRCE_P_PIP,250162020,I,431005,1431005,Region,Tete,0,,0,1,WSSRCEPPIP,MZDHS2022431005,2022-23,DHS,6685,5950,,,1
MOZ,Manica,460671,Population using water piped into dwelling,1,1,MZ,Mozambique,2022,MZ2022DHS,WS_SRCE_P_PIP,250162020,I,431006,1431006,Region,Manica,0,,0,1,WSSRCEPPIP,MZDHS2022431006,2022-23,DHS,4879,6446,,,1
MOZ,Sofala,3858429,Population using water piped into dwelling,3.2,1,MZ,Mozambique,2022,MZ2022DHS,WS_SRCE_P_PIP,250162020,I,431007,1431007,Region,Sofala,0,,0,1,WSSRCEPPIP,MZDHS2022431007,2022-23,DHS,4578,6320,,,1
MOZ,Inhambane,5014023,Population using water piped into dwelling,1.2,1,MZ,Mozambique,2022,MZ2022DHS,WS_SRCE_P_PIP,250162020,I,431008,1431008,Region,Inhambane,0,,0,1,WSSRCEPPIP,MZDHS2022431008,2022-23,DHS,2863,5084,,,1
MOZ,Gaza,7190628,Population using water piped into dwelling,0.5,1,MZ,Mozambique,2022,MZ2022DHS,WS_SRCE_P_PIP,250162020,I,431009,1431009,Region,Gaza,0,,0,1,WSSRCEPPIP,MZDHS2022431009,2022-23,DHS,3078,5497,,,1
MOZ,Maputo Provincia,4776296,Population using water piped into dwelling,4.2,1,MZ,Mozambique,2022,MZ2022DHS,WS_SRCE_P_PIP,250162020,I,431010,1431010,Region,Maputo Provincia,0,,0,1,WSSRCEPPIP,MZDHS2022431010,2022-23,DHS,5134,5152,,,1
MOZ,Maputo Cidade,6246431,Population using water piped into dwelling,7,1,MZ,Mozambique,2022,MZ2022DHS,WS_SRCE_P_PIP,250162020,I,431011,1431011,Region,Maputo Cidade,0,,0,1,WSSRCEPPIP,MZDHS2022431011,2022-23,DHS,2507,4994,,,1
MOZ,Niassa,5442295,Population using a public tap/standpipe,12.9,1,MZ,Mozambique,2022,MZ2022DHS,WS_SRCE_P_TAP,250162030,I,431001,1431001,Region,Niassa,0,,0,1,WSSRCEPTAP,MZDHS2022431001,2022-23,DHS,4571,5901,,,1
MOZ,Cabo Delgado,7289255,Population using a public tap/standpipe,17.9,1,MZ,Mozambique,2022,MZ2022DHS,WS_SRCE_P_TAP,250162030,I,431002,1431002,Region,Cabo Delgado,0,,0,1,WSSRCEPTAP,MZDHS2022431002,2022-23,DHS,3740,7084,,,1
MOZ,Nampula,108191,Population using a public tap/standpipe,16.5,1,MZ,Mozambique,2022,MZ2022DHS,WS_SRCE_P_TAP,250162030,I,431003,1431003,Region,Nampula,0,,0,1,WSSRCEPTAP,MZDHS2022431003,2022-23,DHS,16140,7441,,,1
MOZ,Zambézia,6778426,Population using a public tap/standpipe,6,1,MZ,Mozambique,2022,MZ2022DHS,WS_SRCE_P_TAP,250162030,I,431004,1431004,Region,Zambézia,0,,0,1,WSSRCEPTAP,MZDHS2022431004,2022-23,DHS,11861,6062,,,1
MOZ,Tete,2115301,Population using a public tap/standpipe,9.4,1,MZ,Mozambique,2022,MZ2022DHS,WS_SRCE_P_TAP,250162030,I,431005,1431005,Region,Tete,0,,0,1,WSSRCEPTAP,MZDHS2022431005,2022-23,DHS,6685,5950,,,1
MOZ,Manica,460638,Population using a public tap/standpipe,3.2,1,MZ,Mozambique,2022,MZ2022DHS,WS_SRCE_P_TAP,250162030,I,431006,1431006,Region,Manica,0,,0,1,WSSRCEPTAP,MZDHS2022431006,2022-23,DHS,4879,6446,,,1
MOZ,Sofala,3858445,Population using a public tap/standpipe,14.4,1,MZ,Mozambique,2022,MZ2022DHS,WS_SRCE_P_TAP,250162030,I,431007,1431007,Region,Sofala,0,,0,1,WSSRCEPTAP,MZDHS2022431007,2022-23,DHS,4578,6320,,,1
MOZ,Inhambane,5014041,Population using a public tap/standpipe,8.6,1,MZ,Mozambique,2022,MZ2022DHS,WS_SRCE_P_TAP,250162030,I,431008,1431008,Region,Inhambane,0,,0,1,WSSRCEPTAP,MZDHS2022431008,2022-23,DHS,2863,5084,,,1
MOZ,Gaza,7190564,Population using a public tap/standpipe,11,1,MZ,Mozambique,2022,MZ2022DHS,WS_SRCE_P_TAP,250162030,I,431009,1431009,Region,Gaza,0,,0,1,WSSRCEPTAP,MZDHS2022431009,2022-23,DHS,3078,5497,,,1
MOZ,Maputo Provincia,4776304,Population using a public tap/standpipe,4.2,1,MZ,Mozambique,2022,MZ2022DHS,WS_SRCE_P_TAP,250162030,I,431010,1431010,Region,Maputo Provincia,0,,0,1,WSSRCEPTAP,MZDHS2022431010,2022-23,DHS,5134,5152,,,1
MOZ,Maputo Cidade,6246437,Population using a public tap/standpipe,2.2,1,MZ,Mozambique,2022,MZ2022DHS,WS_SRCE_P_TAP,250162030,I,431011,1431011,Region,Maputo Cidade,0,,0,1,WSSRCEPTAP,MZDHS2022431011,2022-23,DHS,2507,4994,,,1
MOZ,Niassa,5442289,Population using a tubewell/borehole,23.1,1,MZ,Mozambique,2022,MZ2022DHS,WS_SRCE_P_TUB,250162040,I,431001,1431001,Region,Niassa,0,,0,1,WSSRCEPTUB,MZDHS2022431001,2022-23,DHS,4571,5901,,,1
MOZ,Cabo Delgado,7289238,Population using a tubewell/borehole,30.7,1,MZ,Mozambique,2022,MZ2022DHS,WS_SRCE_P_TUB,250162040,I,431002,1431002,Region,Cabo Delgado,0,,0,1,WSSRCEPTUB,MZDHS2022431002,2022-23,DHS,3740,7084,,,1
MOZ,Nampula,108181,Population using a tubewell/borehole,8.6,1,MZ,Mozambique,2022,MZ2022DHS,WS_SRCE_P_TUB,250162040,I,431003,1431003,Region,Nampula,0,,0,1,WSSRCEPTUB,MZDHS2022431003,2022-23,DHS,16140,7441,,,1
MOZ,Zambézia,6778415,Population using a tubewell/borehole,25.5,1,MZ,Mozambique,2022,MZ2022DHS,WS_SRCE_P_TUB,250162040,I,431004,1431004,Region,Zambézia,0,,0,1,WSSRCEPTUB,MZDHS2022431004,2022-23,DHS,11861,6062,,,1
MOZ,Tete,2115297,Population using a tubewell/borehole,34.7,1,MZ,Mozambique,2022,MZ2022DHS,WS_SRCE_P_TUB,250162040,I,431005,1431005,Region,Tete,0,,0,1,WSSRCEPTUB,MZDHS2022431005,2022-23,DHS,6685,5950,,,1
MOZ,Manica,460669,Population using a tubewell/borehole,24.1,1,MZ,Mozambique,2022,MZ2022DHS,WS_SRCE_P_TUB,250162040,I,431006,1431006,Region,Manica,0,,0,1,WSSRCEPTUB,MZDHS2022431006,2022-23,DHS,4879,6446,,,1
MOZ,Sofala,3858424,Population using a tubewell/borehole,18.9,1,MZ,Mozambique,2022,MZ2022DHS,WS_SRCE_P_TUB,250162040,I,431007,1431007,Region,Sofala,0,,0,1,WSSRCEPTUB,MZDHS2022431007,2022-23,DHS,4578,6320,,,1
MOZ,Inhambane,5014032,Population using a tubewell/borehole,10.7,1,MZ,Mozambique,2022,MZ2022DHS,WS_SRCE_P_TUB,250162040,I,431008,1431008,Region,Inhambane,0,,0,1,WSSRCEPTUB,MZDHS2022431008,2022-23,DHS,2863,5084,,,1
MOZ,Gaza,7190626,Population using a tubewell/borehole,17.4,1,MZ,Mozambique,2022,MZ2022DHS,WS_SRCE_P_TUB,250162040,I,431009,1431009,Region,Gaza,0,,0,1,WSSRCEPTUB,MZDHS2022431009,2022-23,DHS,3078,5497,,,1
MOZ,Maputo Provincia,4776302,Population using a tubewell/borehole,6.8,1,MZ,Mozambique,2022,MZ2022DHS,WS_SRCE_P_TUB,250162040,I,431010,1431010,Region,Maputo Provincia,0,,0,1,WSSRCEPTUB,MZDHS2022431010,2022-23,DHS,5134,5152,,,1
MOZ,Maputo Cidade,6246429,Population using a tubewell/borehole,1.2,1,MZ,Mozambique,2022,MZ2022DHS,WS_SRCE_P_TUB,250162040,I,431011,1431011,Region,Maputo Cidade,0,,0,1,WSSRCEPTUB,MZDHS2022431011,2022-23,DHS,2507,4994,,,1
MOZ,Niassa,5442290,Population using a protected well,12.2,1,MZ,Mozambique,2022,MZ2022DHS,WS_SRCE_P_PWL,250162050,I,431001,1431001,Region,Niassa,0,,0,1,WSSRCEPPWL,MZDHS2022431001,2022-23,DHS,4571,5901,,,1
MOZ,Cabo Delgado,7289239,Population using a protected well,6.4,1,MZ,Mozambique,2022,MZ2022DHS,WS_SRCE_P_PWL,250162050,I,431002,1431002,Region,Cabo Delgado,0,,0,1,WSSRCEPPWL,MZDHS2022431002,2022-23,DHS,3740,7084,,,1
MOZ,Nampula,108182,Population using a protected well,2.7,1,MZ,Mozambique,2022,MZ2022DHS,WS_SRCE_P_PWL,250162050,I,431003,1431003,Region,Nampula,0,,0,1,WSSRCEPPWL,MZDHS2022431003,2022-23,DHS,16140,7441,,,1
MOZ,Zambézia,6778416,Population using a protected well,6.2,1,MZ,Mozambique,2022,MZ2022DHS,WS_SRCE_P_PWL,250162050,I,431004,1431004,Region,Zambézia,0,,0,1,WSSRCEPPWL,MZDHS2022431004,2022-23,DHS,11861,6062,,,1
MOZ,Tete,2115298,Population using a protected well,6.8,1,MZ,Mozambique,2022,MZ2022DHS,WS_SRCE_P_PWL,250162050,I,431005,1431005,Region,Tete,0,,0,1,WSSRCEPPWL,MZDHS2022431005,2022-23,DHS,6685,5950,,,1
MOZ,Manica,460670,Population using a protected well,11.2,1,MZ,Mozambique,2022,MZ2022DHS,WS_SRCE_P_PWL,250162050,I,431006,1431006,Region,Manica,0,,0,1,WSSRCEPPWL,MZDHS2022431006,2022-23,DHS,4879,6446,,,1
MOZ,Sofala,3858425,Population using a protected well,7.3,1,MZ,Mozambique,2022,MZ2022DHS,WS_SRCE_P_PWL,250162050,I,431007,1431007,Region,Sofala,0,,0,1,WSSRCEPPWL,MZDHS2022431007,2022-23,DHS,4578,6320,,,1
MOZ,Inhambane,5014033,Population using a protected well,9.9,1,MZ,Mozambique,2022,MZ2022DHS,WS_SRCE_P_PWL,250162050,I,431008,1431008,Region,Inhambane,0,,0,1,WSSRCEPPWL,MZDHS2022431008,2022-23,DHS,2863,5084,,,1
MOZ,Gaza,7190627,Population using a protected well,1.8,1,MZ,Mozambique,2022,MZ2022DHS,WS_SRCE_P_PWL,250162050,I,431009,1431009,Region,Gaza,0,,0,1,WSSRCEPPWL,MZDHS2022431009,2022-23,DHS,3078,5497,,,1
MOZ,Maputo Provincia,4776309,Population using a protected well,2.9,1,MZ,Mozambique,2022,MZ2022DHS,WS_SRCE_P_PWL,250162050,I,431010,1431010,Region,Maputo Provincia,0,,0,1,WSSRCEPPWL,MZDHS2022431010,2022-23,DHS,5134,5152,,,1
MOZ,Maputo Cidade,6246430,Population using a protected well,0.7,1,MZ,Mozambique,2022,MZ2022DHS,WS_SRCE_P_PWL,250162050,I,431011,1431011,Region,Maputo Cidade,0,,0,1,WSSRCEPPWL,MZDHS2022431011,2022-23,DHS,2507,4994,,,1
MOZ,Niassa,5442291,Population using a protected spring,0.3,1,MZ,Mozambique,2022,MZ2022DHS,WS_SRCE_P_PSG,250162060,I,431001,1431001,Region,Niassa,0,,0,1,WSSRCEPPSG,MZDHS2022431001,2022-23,DHS,4571,5901,,,1
MOZ,Cabo Delgado,7289240,Population using a protected spring,0.3,1,MZ,Mozambique,2022,MZ2022DHS,WS_SRCE_P_PSG,250162060,I,431002,1431002,Region,Cabo Delgado,0,,0,1,WSSRCEPPSG,MZDHS2022431002,2022-23,DHS,3740,7084,,,1
MOZ,Nampula,108195,Population using a protected spring,0,1,MZ,Mozambique,2022,MZ2022DHS,WS_SRCE_P_PSG,250162060,I,431003,1431003,Region,Nampula,0,,0,1,WSSRCEPPSG,MZDHS2022431003,2022-23,DHS,16140,7441,,,1
MOZ,Zambézia,6778417,Population using a protected spring,0.2,1,MZ,Mozambique,2022,MZ2022DHS,WS_SRCE_P_PSG,250162060,I,431004,1431004,Region,Zambézia,0,,0,1,WSSRCEPPSG,MZDHS2022431004,2022-23,DHS,11861,6062,,,1
MOZ,Tete,2115299,Population using a protected spring,0.2,1,MZ,Mozambique,2022,MZ2022DHS,WS_SRCE_P_PSG,250162060,I,431005,1431005,Region,Tete,0,,0,1,WSSRCEPPSG,MZDHS2022431005,2022-23,DHS,6685,5950,,,1
MOZ,Manica,460737,Population using a protected spring,1.7,1,MZ,Mozambique,2022,MZ2022DHS,WS_SRCE_P_PSG,250162060,I,431006,1431006,Region,Manica,0,,0,1,WSSRCEPPSG,MZDHS2022431006,2022-23,DHS,4879,6446,,,1
MOZ,Sofala,3858426,Population using a protected spring,0,1,MZ,Mozambique,2022,MZ2022DHS,WS_SRCE_P_PSG,250162060,I,431007,1431007,Region,Sofala,0,,0,1,WSSRCEPPSG,MZDHS2022431007,2022-23,DHS,4578,6320,,,1
MOZ,Inhambane,5014034,Population using a protected spring,0,1,MZ,Mozambique,2022,MZ2022DHS,WS_SRCE_P_PSG,250162060,I,431008,1431008,Region,Inhambane,0,,0,1,WSSRCEPPSG,MZDHS2022431008,2022-23,DHS,2863,5084,,,1
MOZ,Gaza,7190573,Population using a protected spring,0,1,MZ,Mozambique,2022,MZ2022DHS,WS_SRCE_P_PSG,250162060,I,431009,1431009,Region,Gaza,0,,0,1,WSSRCEPPSG,MZDHS2022431009,2022-23,DHS,3078,5497,,,1
MOZ,Maputo Provincia,4776310,Population using a protected spring,0.1,1,MZ,Mozambique,2022,MZ2022DHS,WS_SRCE_P_PSG,250162060,I,431010,1431010,Region,Maputo Provincia,0,,0,1,WSSRCEPPSG,MZDHS2022431010,2022-23,DHS,5134,5152,,,1
MOZ,Maputo Cidade,6246434,Population using a protected spring,0,1,MZ,Mozambique,2022,MZ2022DHS,WS_SRCE_P_PSG,250162060,I,431011,1431011,Region,Maputo Cidade,0,,0,1,WSSRCEPPSG,MZDHS2022431011,2022-23,DHS,2507,4994,,,1
MOZ,Niassa,5442269,Population using rainwater,0,1,MZ,Mozambique,2022,MZ2022DHS,WS_SRCE_P_RNW,250162070,I,431001,1431001,Region,Niassa,0,,0,1,WSSRCEPRNW,MZDHS2022431001,2022-23,DHS,4571,5901,,,1
MOZ,Cabo Delgado,7289241,Population using rainwater,0,1,MZ,Mozambique,2022,MZ2022DHS,WS_SRCE_P_RNW,250162070,I,431002,1431002,Region,Cabo Delgado,0,,0,1,WSSRCEPRNW,MZDHS2022431002,2022-23,DHS,3740,7084,,,1
MOZ,Nampula,108196,Population using rainwater,0.2,1,MZ,Mozambique,2022,MZ2022DHS,WS_SRCE_P_RNW,250162070,I,431003,1431003,Region,Nampula,0,,0,1,WSSRCEPRNW,MZDHS2022431003,2022-23,DHS,16140,7441,,,1
MOZ,Zambézia,6778418,Population using rainwater,0,1,MZ,Mozambique,2022,MZ2022DHS,WS_SRCE_P_RNW,250162070,I,431004,1431004,Region,Zambézia,0,,0,1,WSSRCEPRNW,MZDHS2022431004,2022-23,DHS,11861,6062,,,1
MOZ,Tete,2115310,Population using rainwater,0,1,MZ,Mozambique,2022,MZ2022DHS,WS_SRCE_P_RNW,250162070,I,431005,1431005,Region,Tete,0,,0,1,WSSRCEPRNW,MZDHS2022431005,2022-23,DHS,6685,5950,,,1
MOZ,Manica,460738,Population using rainwater,0,1,MZ,Mozambique,2022,MZ2022DHS,WS_SRCE_P_RNW,250162070,I,431006,1431006,Region,Manica,0,,0,1,WSSRCEPRNW,MZDHS2022431006,2022-23,DHS,4879,6446,,,1
MOZ,Sofala,3858427,Population using rainwater,0.1,1,MZ,Mozambique,2022,MZ2022DHS,WS_SRCE_P_RNW,250162070,I,431007,1431007,Region,Sofala,0,,0,1,WSSRCEPRNW,MZDHS2022431007,2022-23,DHS,4578,6320,,,1
MOZ,Inhambane,5014035,Population using rainwater,11.4,1,MZ,Mozambique,2022,MZ2022DHS,WS_SRCE_P_RNW,250162070,I,431008,1431008,Region,Inhambane,0,,0,1,WSSRCEPRNW,MZDHS2022431008,2022-23,DHS,2863,5084,,,1
MOZ,Gaza,7190574,Population using rainwater,2.5,1,MZ,Mozambique,2022,MZ2022DHS,WS_SRCE_P_RNW,250162070,I,431009,1431009,Region,Gaza,0,,0,1,WSSRCEPRNW,MZDHS2022431009,2022-23,DHS,3078,5497,,,1
MOZ,Maputo Provincia,4776311,Population using rainwater,0,1,MZ,Mozambique,2022,MZ2022DHS,WS_SRCE_P_RNW,250162070,I,431010,1431010,Region,Maputo Provincia,0,,0,1,WSSRCEPRNW,MZDHS2022431010,2022-23,DHS,5134,5152,,,1
MOZ,Maputo Cidade,6246435,Population using rainwater,0,1,MZ,Mozambique,2022,MZ2022DHS,WS_SRCE_P_RNW,250162070,I,431011,1431011,Region,Maputo Cidade,0,,0,1,WSSRCEPRNW,MZDHS2022431011,2022-23,DHS,2507,4994,,,1
MOZ,Niassa,5442283,Population using tanker truck,0,1,MZ,Mozambique,2022,MZ2022DHS,WS_SRCE_P_TNK,250162074,I,431001,1431001,Region,Niassa,0,,0,1,WSSRCEPTNK,MZDHS2022431001,2022-23,DHS,4571,5901,,,1
MOZ,Cabo Delgado,7289266,Population using tanker truck,0.6,1,MZ,Mozambique,2022,MZ2022DHS,WS_SRCE_P_TNK,250162074,I,431002,1431002,Region,Cabo Delgado,0,,0,1,WSSRCEPTNK,MZDHS2022431002,2022-23,DHS,3740,7084,,,1
MOZ,Nampula,108209,Population using tanker truck,1.4,1,MZ,Mozambique,2022,MZ2022DHS,WS_SRCE_P_TNK,250162074,I,431003,1431003,Region,Nampula,0,,0,1,WSSRCEPTNK,MZDHS2022431003,2022-23,DHS,16140,7441,,,1
MOZ,Zambézia,6778437,Population using tanker truck,0.2,1,MZ,Mozambique,2022,MZ2022DHS,WS_SRCE_P_TNK,250162074,I,431004,1431004,Region,Zambézia,0,,0,1,WSSRCEPTNK,MZDHS2022431004,2022-23,DHS,11861,6062,,,1
MOZ,Tete,2115323,Population using tanker truck,0.2,1,MZ,Mozambique,2022,MZ2022DHS,WS_SRCE_P_TNK,250162074,I,431005,1431005,Region,Tete,0,,0,1,WSSRCEPTNK,MZDHS2022431005,2022-23,DHS,6685,5950,,,1
MOZ,Manica,460649,Population using tanker truck,0.1,1,MZ,Mozambique,2022,MZ2022DHS,WS_SRCE_P_TNK,250162074,I,431006,1431006,Region,Manica,0,,0,1,WSSRCEPTNK,MZDHS2022431006,2022-23,DHS,4879,6446,,,1
MOZ,Sofala,3858339,Population using tanker truck,0,1,MZ,Mozambique,2022,MZ2022DHS,WS_SRCE_P_TNK,250162074,I,431007,1431007,Region,Sofala,0,,0,1,WSSRCEPTNK,MZDHS2022431007,2022-23,DHS,4578,6320,,,1
MOZ,Inhambane,5014052,Population using tanker truck,1.9,1,MZ,Mozambique,2022,MZ2022DHS,WS_SRCE_P_TNK,250162074,I,431008,1431008,Region,Inhambane,0,,0,1,WSSRCEPTNK,MZDHS2022431008,2022-23,DHS,2863,5084,,,1
MOZ,Gaza,7190581,Population using tanker truck,0,1,MZ,Mozambique,2022,MZ2022DHS,WS_SRCE_P_TNK,250162074,I,431009,1431009,Region,Gaza,0,,0,1,WSSRCEPTNK,MZDHS2022431009,2022-23,DHS,3078,5497,,,1
MOZ,Maputo Provincia,4776329,Population using tanker truck,1.6,1,MZ,Mozambique,2022,MZ2022DHS,WS_SRCE_P_TNK,250162074,I,431010,1431010,Region,Maputo Provincia,0,,0,1,WSSRCEPTNK,MZDHS2022431010,2022-23,DHS,5134,5152,,,1
MOZ,Maputo Cidade,6246441,Population using tanker truck,0.1,1,MZ,Mozambique,2022,MZ2022DHS,WS_SRCE_P_TNK,250162074,I,431011,1431011,Region,Maputo Cidade,0,,0,1,WSSRCEPTNK,MZDHS2022431011,2022-23,DHS,2507,4994,,,1
MOZ,Niassa,5442274,Population using bottled water/demi john,0,1,MZ,Mozambique,2022,MZ2022DHS,WS_SRCE_P_BOT,250162080,I,431001,1431001,Region,Niassa,0,,0,1,WSSRCEPBOT,MZDHS2022431001,2022-23,DHS,4571,5901,,,1
MOZ,Cabo Delgado,7289257,Population using bottled water/demi john,0,1,MZ,Mozambique,2022,MZ2022DHS,WS_SRCE_P_BOT,250162080,I,431002,1431002,Region,Cabo Delgado,0,,0,1,WSSRCEPBOT,MZDHS2022431002,2022-23,DHS,3740,7084,,,1
MOZ,Nampula,108193,Population using bottled water/demi john,0.1,1,MZ,Mozambique,2022,MZ2022DHS,WS_SRCE_P_BOT,250162080,I,431003,1431003,Region,Nampula,0,,0,1,WSSRCEPBOT,MZDHS2022431003,2022-23,DHS,16140,7441,,,1
MOZ,Zambézia,6778428,Population using bottled water/demi john,0.3,1,MZ,Mozambique,2022,MZ2022DHS,WS_SRCE_P_BOT,250162080,I,431004,1431004,Region,Zambézia,0,,0,1,WSSRCEPBOT,MZDHS2022431004,2022-23,DHS,11861,6062,,,1
MOZ,Tete,2115315,Population using bottled water/demi john,0,1,MZ,Mozambique,2022,MZ2022DHS,WS_SRCE_P_BOT,250162080,I,431005,1431005,Region,Tete,0,,0,1,WSSRCEPBOT,MZDHS2022431005,2022-23,DHS,6685,5950,,,1
MOZ,Manica,460640,Population using bottled water/demi john,0,1,MZ,Mozambique,2022,MZ2022DHS,WS_SRCE_P_BOT,250162080,I,431006,1431006,Region,Manica,0,,0,1,WSSRCEPBOT,MZDHS2022431006,2022-23,DHS,4879,6446,,,1
MOZ,Sofala,3858507,Population using bottled water/demi john,0.9,1,MZ,Mozambique,2022,MZ2022DHS,WS_SRCE_P_BOT,250162080,I,431007,1431007,Region,Sofala,0,,0,1,WSSRCEPBOT,MZDHS2022431007,2022-23,DHS,4578,6320,,,1
MOZ,Inhambane,5014043,Population using bottled water/demi john,0.1,1,MZ,Mozambique,2022,MZ2022DHS,WS_SRCE_P_BOT,250162080,I,431008,1431008,Region,Inhambane,0,,0,1,WSSRCEPBOT,MZDHS2022431008,2022-23,DHS,2863,5084,,,1
MOZ,Gaza,7190566,Population using bottled water/demi john,0,1,MZ,Mozambique,2022,MZ2022DHS,WS_SRCE_P_BOT,250162080,I,431009,1431009,Region,Gaza,0,,0,1,WSSRCEPBOT,MZDHS2022431009,2022-23,DHS,3078,5497,,,1
MOZ,Maputo Provincia,4776306,Population using bottled water/demi john,3.5,1,MZ,Mozambique,2022,MZ2022DHS,WS_SRCE_P_BOT,250162080,I,431010,1431010,Region,Maputo Provincia,0,,0,1,WSSRCEPBOT,MZDHS2022431010,2022-23,DHS,5134,5152,,,1
MOZ,Maputo Cidade,6246439,Population using bottled water/demi john,7.2,1,MZ,Mozambique,2022,MZ2022DHS,WS_SRCE_P_BOT,250162080,I,431011,1431011,Region,Maputo Cidade,0,,0,1,WSSRCEPBOT,MZDHS2022431011,2022-23,DHS,2507,4994,,,1
MOZ,Niassa,5442263,Population using an unimproved water source,40.3,1,MZ,Mozambique,2022,MZ2022DHS,WS_SRCE_P_NIM,250162090,I,431001,1431001,Region,Niassa,0,,0,1,WSSRCEPNIM,MZDHS2022431001,2022-23,DHS,4571,5901,,,1
MOZ,Cabo Delgado,7289244,Population using an unimproved water source,17.2,1,MZ,Mozambique,2022,MZ2022DHS,WS_SRCE_P_NIM,250162090,I,431002,1431002,Region,Cabo Delgado,0,,0,1,WSSRCEPNIM,MZDHS2022431002,2022-23,DHS,3740,7084,,,1
MOZ,Nampula,108185,Population using an unimproved water source,42.8,1,MZ,Mozambique,2022,MZ2022DHS,WS_SRCE_P_NIM,250162090,I,431003,1431003,Region,Nampula,0,,0,1,WSSRCEPNIM,MZDHS2022431003,2022-23,DHS,16140,7441,,,1
MOZ,Zambézia,6778404,Population using an unimproved water source,43.9,1,MZ,Mozambique,2022,MZ2022DHS,WS_SRCE_P_NIM,250162090,I,431004,1431004,Region,Zambézia,0,,0,1,WSSRCEPNIM,MZDHS2022431004,2022-23,DHS,11861,6062,,,1
MOZ,Tete,2115304,Population using an unimproved water source,20.8,1,MZ,Mozambique,2022,MZ2022DHS,WS_SRCE_P_NIM,250162090,I,431005,1431005,Region,Tete,0,,0,1,WSSRCEPNIM,MZDHS2022431005,2022-23,DHS,6685,5950,,,1
MOZ,Manica,460678,Population using an unimproved water source,33.1,1,MZ,Mozambique,2022,MZ2022DHS,WS_SRCE_P_NIM,250162090,I,431006,1431006,Region,Manica,0,,0,1,WSSRCEPNIM,MZDHS2022431006,2022-23,DHS,4879,6446,,,1
MOZ,Sofala,3858438,Population using an unimproved water source,25.4,1,MZ,Mozambique,2022,MZ2022DHS,WS_SRCE_P_NIM,250162090,I,431007,1431007,Region,Sofala,0,,0,1,WSSRCEPNIM,MZDHS2022431007,2022-23,DHS,4578,6320,,,1
MOZ,Inhambane,5014025,Population using an unimproved water source,26.3,1,MZ,Mozambique,2022,MZ2022DHS,WS_SRCE_P_NIM,250162090,I,431008,1431008,Region,Inhambane,0,,0,1,WSSRCEPNIM,MZDHS2022431008,2022-23,DHS,2863,5084,,,1
MOZ,Gaza,7190630,Population using an unimproved water source,4.3,1,MZ,Mozambique,2022,MZ2022DHS,WS_SRCE_P_NIM,250162090,I,431009,1431009,Region,Gaza,0,,0,1,WSSRCEPNIM,MZDHS2022431009,2022-23,DHS,3078,5497,,,1
MOZ,Maputo Provincia,4776298,Population using an unimproved water source,2,1,MZ,Mozambique,2022,MZ2022DHS,WS_SRCE_P_NIM,250162090,I,431010,1431010,Region,Maputo Provincia,0,,0,1,WSSRCEPNIM,MZDHS2022431010,2022-23,DHS,5134,5152,,,1
MOZ,Maputo Cidade,6246433,Population using an unimproved water source,0.2,1,MZ,Mozambique,2022,MZ2022DHS,WS_SRCE_P_NIM,250162090,I,431011,1431011,Region,Maputo Cidade,0,,0,1,WSSRCEPNIM,MZDHS2022431011,2022-23,DHS,2507,4994,,,1
MOZ,Niassa,5442296,Population using an unprotected well water,40.1,1,MZ,Mozambique,2022,MZ2022DHS,WS_SRCE_P_UWL,250162100,I,431001,1431001,Region,Niassa,0,,0,1,WSSRCEPUWL,MZDHS2022431001,2022-23,DHS,4571,5901,,,1
MOZ,Cabo Delgado,7289256,Population using an unprotected well water,14.3,1,MZ,Mozambique,2022,MZ2022DHS,WS_SRCE_P_UWL,250162100,I,431002,1431002,Region,Cabo Delgado,0,,0,1,WSSRCEPUWL,MZDHS2022431002,2022-23,DHS,3740,7084,,,1
MOZ,Nampula,108192,Population using an unprotected well water,42,1,MZ,Mozambique,2022,MZ2022DHS,WS_SRCE_P_UWL,250162100,I,431003,1431003,Region,Nampula,0,,0,1,WSSRCEPUWL,MZDHS2022431003,2022-23,DHS,16140,7441,,,1
MOZ,Zambézia,6778427,Population using an unprotected well water,40.1,1,MZ,Mozambique,2022,MZ2022DHS,WS_SRCE_P_UWL,250162100,I,431004,1431004,Region,Zambézia,0,,0,1,WSSRCEPUWL,MZDHS2022431004,2022-23,DHS,11861,6062,,,1
MOZ,Tete,2115302,Population using an unprotected well water,17.7,1,MZ,Mozambique,2022,MZ2022DHS,WS_SRCE_P_UWL,250162100,I,431005,1431005,Region,Tete,0,,0,1,WSSRCEPUWL,MZDHS2022431005,2022-23,DHS,6685,5950,,,1
MOZ,Manica,460639,Population using an unprotected well water,24,1,MZ,Mozambique,2022,MZ2022DHS,WS_SRCE_P_UWL,250162100,I,431006,1431006,Region,Manica,0,,0,1,WSSRCEPUWL,MZDHS2022431006,2022-23,DHS,4879,6446,,,1
MOZ,Sofala,3858446,Population using an unprotected well water,24.7,1,MZ,Mozambique,2022,MZ2022DHS,WS_SRCE_P_UWL,250162100,I,431007,1431007,Region,Sofala,0,,0,1,WSSRCEPUWL,MZDHS2022431007,2022-23,DHS,4578,6320,,,1
MOZ,Inhambane,5014042,Population using an unprotected well water,25.2,1,MZ,Mozambique,2022,MZ2022DHS,WS_SRCE_P_UWL,250162100,I,431008,1431008,Region,Inhambane,0,,0,1,WSSRCEPUWL,MZDHS2022431008,2022-23,DHS,2863,5084,,,1
MOZ,Gaza,7190565,Population using an unprotected well water,4.2,1,MZ,Mozambique,2022,MZ2022DHS,WS_SRCE_P_UWL,250162100,I,431009,1431009,Region,Gaza,0,,0,1,WSSRCEPUWL,MZDHS2022431009,2022-23,DHS,3078,5497,,,1
MOZ,Maputo Provincia,4776305,Population using an unprotected well water,1.7,1,MZ,Mozambique,2022,MZ2022DHS,WS_SRCE_P_UWL,250162100,I,431010,1431010,Region,Maputo Provincia,0,,0,1,WSSRCEPUWL,MZDHS2022431010,2022-23,DHS,5134,5152,,,1
MOZ,Maputo Cidade,6246438,Population using an unprotected well water,0.1,1,MZ,Mozambique,2022,MZ2022DHS,WS_SRCE_P_UWL,250162100,I,431011,1431011,Region,Maputo Cidade,0,,0,1,WSSRCEPUWL,MZDHS2022431011,2022-23,DHS,2507,4994,,,1
MOZ,Niassa,5442293,Population using an unprotected spring,0.2,1,MZ,Mozambique,2022,MZ2022DHS,WS_SRCE_P_USG,250162110,I,431001,1431001,Region,Niassa,0,,0,1,WSSRCEPUSG,MZDHS2022431001,2022-23,DHS,4571,5901,,,1
MOZ,Cabo Delgado,7289243,Population using an unprotected spring,2.9,1,MZ,Mozambique,2022,MZ2022DHS,WS_SRCE_P_USG,250162110,I,431002,1431002,Region,Cabo Delgado,0,,0,1,WSSRCEPUSG,MZDHS2022431002,2022-23,DHS,3740,7084,,,1
MOZ,Nampula,108184,Population using an unprotected spring,0.9,1,MZ,Mozambique,2022,MZ2022DHS,WS_SRCE_P_USG,250162110,I,431003,1431003,Region,Nampula,0,,0,1,WSSRCEPUSG,MZDHS2022431003,2022-23,DHS,16140,7441,,,1
MOZ,Zambézia,6778403,Population using an unprotected spring,3.9,1,MZ,Mozambique,2022,MZ2022DHS,WS_SRCE_P_USG,250162110,I,431004,1431004,Region,Zambézia,0,,0,1,WSSRCEPUSG,MZDHS2022431004,2022-23,DHS,11861,6062,,,1
MOZ,Tete,2115295,Population using an unprotected spring,2.9,1,MZ,Mozambique,2022,MZ2022DHS,WS_SRCE_P_USG,250162110,I,431005,1431005,Region,Tete,0,,0,1,WSSRCEPUSG,MZDHS2022431005,2022-23,DHS,6685,5950,,,1
MOZ,Manica,460672,Population using an unprotected spring,9,1,MZ,Mozambique,2022,MZ2022DHS,WS_SRCE_P_USG,250162110,I,431006,1431006,Region,Manica,0,,0,1,WSSRCEPUSG,MZDHS2022431006,2022-23,DHS,4879,6446,,,1
MOZ,Sofala,3858437,Population using an unprotected spring,0.1,1,MZ,Mozambique,2022,MZ2022DHS,WS_SRCE_P_USG,250162110,I,431007,1431007,Region,Sofala,0,,0,1,WSSRCEPUSG,MZDHS2022431007,2022-23,DHS,4578,6320,,,1
MOZ,Inhambane,5014024,Population using an unprotected spring,1.1,1,MZ,Mozambique,2022,MZ2022DHS,WS_SRCE_P_USG,250162110,I,431008,1431008,Region,Inhambane,0,,0,1,WSSRCEPUSG,MZDHS2022431008,2022-23,DHS,2863,5084,,,1
MOZ,Gaza,7190629,Population using an unprotected spring,0.1,1,MZ,Mozambique,2022,MZ2022DHS,WS_SRCE_P_USG,250162110,I,431009,1431009,Region,Gaza,0,,0,1,WSSRCEPUSG,MZDHS2022431009,2022-23,DHS,3078,5497,,,1
MOZ,Maputo Provincia,4776297,Population using an unprotected spring,0.1,1,MZ,Mozambique,2022,MZ2022DHS,WS_SRCE_P_USG,250162110,I,431010,1431010,Region,Maputo Provincia,0,,0,1,WSSRCEPUSG,MZDHS2022431010,2022-23,DHS,5134,5152,,,1
MOZ,Maputo Cidade,6246432,Population using an unprotected spring,0,1,MZ,Mozambique,2022,MZ2022DHS,WS_SRCE_P_USG,250162110,I,431011,1431011,Region,Maputo Cidade,0,,0,1,WSSRCEPUSG,MZDHS2022431011,2022-23,DHS,2507,4994,,,1
MOZ,Niassa,5442262,Population using surface water,5.6,1,MZ,Mozambique,2022,MZ2022DHS,WS_SRCE_P_SRF,250162130,I,431001,1431001,Region,Niassa,0,,0,1,WSSRCEPSRF,MZDHS2022431001,2022-23,DHS,4571,5901,,,1
MOZ,Cabo Delgado,7289265,Population using surface water,9.3,1,MZ,Mozambique,2022,MZ2022DHS,WS_SRCE_P_SRF,250162130,I,431002,1431002,Region,Cabo Delgado,0,,0,1,WSSRCEPSRF,MZDHS2022431002,2022-23,DHS,3740,7084,,,1
MOZ,Nampula,108208,Population using surface water,10.9,1,MZ,Mozambique,2022,MZ2022DHS,WS_SRCE_P_SRF,250162130,I,431003,1431003,Region,Nampula,0,,0,1,WSSRCEPSRF,MZDHS2022431003,2022-23,DHS,16140,7441,,,1
MOZ,Zambézia,6778436,Population using surface water,12,1,MZ,Mozambique,2022,MZ2022DHS,WS_SRCE_P_SRF,250162130,I,431004,1431004,Region,Zambézia,0,,0,1,WSSRCEPSRF,MZDHS2022431004,2022-23,DHS,11861,6062,,,1
MOZ,Tete,2115322,Population using surface water,12.1,1,MZ,Mozambique,2022,MZ2022DHS,WS_SRCE_P_SRF,250162130,I,431005,1431005,Region,Tete,0,,0,1,WSSRCEPSRF,MZDHS2022431005,2022-23,DHS,6685,5950,,,1
MOZ,Manica,460648,Population using surface water,7.6,1,MZ,Mozambique,2022,MZ2022DHS,WS_SRCE_P_SRF,250162130,I,431006,1431006,Region,Manica,0,,0,1,WSSRCEPSRF,MZDHS2022431006,2022-23,DHS,4879,6446,,,1
MOZ,Sofala,3858338,Population using surface water,7.1,1,MZ,Mozambique,2022,MZ2022DHS,WS_SRCE_P_SRF,250162130,I,431007,1431007,Region,Sofala,0,,0,1,WSSRCEPSRF,MZDHS2022431007,2022-23,DHS,4578,6320,,,1
MOZ,Inhambane,5014051,Population using surface water,1.3,1,MZ,Mozambique,2022,MZ2022DHS,WS_SRCE_P_SRF,250162130,I,431008,1431008,Region,Inhambane,0,,0,1,WSSRCEPSRF,MZDHS2022431008,2022-23,DHS,2863,5084,,,1
MOZ,Gaza,7190580,Population using surface water,2.6,1,MZ,Mozambique,2022,MZ2022DHS,WS_SRCE_P_SRF,250162130,I,431009,1431009,Region,Gaza,0,,0,1,WSSRCEPSRF,MZDHS2022431009,2022-23,DHS,3078,5497,,,1
MOZ,Maputo Provincia,4776328,Population using surface water,0.8,1,MZ,Mozambique,2022,MZ2022DHS,WS_SRCE_P_SRF,250162130,I,431010,1431010,Region,Maputo Provincia,0,,0,1,WSSRCEPSRF,MZDHS2022431010,2022-23,DHS,5134,5152,,,1
MOZ,Maputo Cidade,6246440,Population using surface water,0.1,1,MZ,Mozambique,2022,MZ2022DHS,WS_SRCE_P_SRF,250162130,I,431011,1431011,Region,Maputo Cidade,0,,0,1,WSSRCEPSRF,MZDHS2022431011,2022-23,DHS,2507,4994,,,1
MOZ,Niassa,5442284,Population using other water source,0,1,MZ,Mozambique,2022,MZ2022DHS,WS_SRCE_P_OTH,250162140,I,431001,1431001,Region,Niassa,0,,0,1,WSSRCEPOTH,MZDHS2022431001,2022-23,DHS,4571,5901,,,1
MOZ,Cabo Delgado,7289267,Population using other water source,0,1,MZ,Mozambique,2022,MZ2022DHS,WS_SRCE_P_OTH,250162140,I,431002,1431002,Region,Cabo Delgado,0,,0,1,WSSRCEPOTH,MZDHS2022431002,2022-23,DHS,3740,7084,,,1
MOZ,Nampula,108230,Population using other water source,0,1,MZ,Mozambique,2022,MZ2022DHS,WS_SRCE_P_OTH,250162140,I,431003,1431003,Region,Nampula,0,,0,1,WSSRCEPOTH,MZDHS2022431003,2022-23,DHS,16140,7441,,,1
MOZ,Zambézia,6778438,Population using other water source,0,1,MZ,Mozambique,2022,MZ2022DHS,WS_SRCE_P_OTH,250162140,I,431004,1431004,Region,Zambézia,0,,0,1,WSSRCEPOTH,MZDHS2022431004,2022-23,DHS,11861,6062,,,1
MOZ,Tete,2115324,Population using other water source,0.3,1,MZ,Mozambique,2022,MZ2022DHS,WS_SRCE_P_OTH,250162140,I,431005,1431005,Region,Tete,0,,0,1,WSSRCEPOTH,MZDHS2022431005,2022-23,DHS,6685,5950,,,1
MOZ,Manica,460654,Population using other water source,0.1,1,MZ,Mozambique,2022,MZ2022DHS,WS_SRCE_P_OTH,250162140,I,431006,1431006,Region,Manica,0,,0,1,WSSRCEPOTH,MZDHS2022431006,2022-23,DHS,4879,6446,,,1
MOZ,Sofala,3858340,Population using other water source,0.7,1,MZ,Mozambique,2022,MZ2022DHS,WS_SRCE_P_OTH,250162140,I,431007,1431007,Region,Sofala,0,,0,1,WSSRCEPOTH,MZDHS2022431007,2022-23,DHS,4578,6320,,,1
MOZ,Inhambane,5014074,Population using other water source,0,1,MZ,Mozambique,2022,MZ2022DHS,WS_SRCE_P_OTH,250162140,I,431008,1431008,Region,Inhambane,0,,0,1,WSSRCEPOTH,MZDHS2022431008,2022-23,DHS,2863,5084,,,1
MOZ,Gaza,7190582,Population using other water source,0,1,MZ,Mozambique,2022,MZ2022DHS,WS_SRCE_P_OTH,250162140,I,431009,1431009,Region,Gaza,0,,0,1,WSSRCEPOTH,MZDHS2022431009,2022-23,DHS,3078,5497,,,1
MOZ,Maputo Provincia,4776330,Population using other water source,0.3,1,MZ,Mozambique,2022,MZ2022DHS,WS_SRCE_P_OTH,250162140,I,431010,1431010,Region,Maputo Provincia,0,,0,1,WSSRCEPOTH,MZDHS2022431010,2022-23,DHS,5134,5152,,,1
MOZ,Maputo Cidade,6246442,Population using other water source,0.1,1,MZ,Mozambique,2022,MZ2022DHS,WS_SRCE_P_OTH,250162140,I,431011,1431011,Region,Maputo Cidade,0,,0,1,WSSRCEPOTH,MZDHS2022431011,2022-23,DHS,2507,4994,,,1
MOZ,Niassa,5442264,Population: Total,100,1,MZ,Mozambique,2022,MZ2022DHS,WS_SRCE_P_TOT,250162160,T,431001,1431001,Region,Niassa,0,,0,1,WSSRCEPTOT,MZDHS2022431001,2022-23,DHS,4571,5901,,,1
MOZ,Cabo Delgado,7289245,Population: Total,100,1,MZ,Mozambique,2022,MZ2022DHS,WS_SRCE_P_TOT,250162160,T,431002,1431002,Region,Cabo Delgado,0,,0,1,WSSRCEPTOT,MZDHS2022431002,2022-23,DHS,3740,7084,,,1
MOZ,Nampula,108186,Population: Total,100,1,MZ,Mozambique,2022,MZ2022DHS,WS_SRCE_P_TOT,250162160,T,431003,1431003,Region,Nampula,0,,0,1,WSSRCEPTOT,MZDHS2022431003,2022-23,DHS,16140,7441,,,1
MOZ,Zambézia,6778405,Population: Total,100,1,MZ,Mozambique,2022,MZ2022DHS,WS_SRCE_P_TOT,250162160,T,431004,1431004,Region,Zambézia,0,,0,1,WSSRCEPTOT,MZDHS2022431004,2022-23,DHS,11861,6062,,,1
MOZ,Tete,2115305,Population: Total,100,1,MZ,Mozambique,2022,MZ2022DHS,WS_SRCE_P_TOT,250162160,T,431005,1431005,Region,Tete,0,,0,1,WSSRCEPTOT,MZDHS2022431005,2022-23,DHS,6685,5950,,,1
MOZ,Manica,460679,Population: Total,100,1,MZ,Mozambique,2022,MZ2022DHS,WS_SRCE_P_TOT,250162160,T,431006,1431006,Region,Manica,0,,0,1,WSSRCEPTOT,MZDHS2022431006,2022-23,DHS,4879,6446,,,1
MOZ,Sofala,3858439,Population: Total,100,1,MZ,Mozambique,2022,MZ2022DHS,WS_SRCE_P_TOT,250162160,T,431007,1431007,Region,Sofala,0,,0,1,WSSRCEPTOT,MZDHS2022431007,2022-23,DHS,4578,6320,,,1
MOZ,Inhambane,5014026,Population: Total,100,1,MZ,Mozambique,2022,MZ2022DHS,WS_SRCE_P_TOT,250162160,T,431008,1431008,Region,Inhambane,0,,0,1,WSSRCEPTOT,MZDHS2022431008,2022-23,DHS,2863,5084,,,1
MOZ,Gaza,7190631,Population: Total,100,1,MZ,Mozambique,2022,MZ2022DHS,WS_SRCE_P_TOT,250162160,T,431009,1431009,Region,Gaza,0,,0,1,WSSRCEPTOT,MZDHS2022431009,2022-23,DHS,3078,5497,,,1
MOZ,Maputo Provincia,4776299,Population: Total,100,1,MZ,Mozambique,2022,MZ2022DHS,WS_SRCE_P_TOT,250162160,T,431010,1431010,Region,Maputo Provincia,0,,0,1,WSSRCEPTOT,MZDHS2022431010,2022-23,DHS,5134,5152,,,1
MOZ,Maputo Cidade,6246443,Population: Total,100,1,MZ,Mozambique,2022,MZ2022DHS,WS_SRCE_P_TOT,250162160,T,431011,1431011,Region,Maputo Cidade,0,,0,1,WSSRCEPTOT,MZDHS2022431011,2022-23,DHS,2507,4994,,,1
MOZ,Niassa,4149048,Households with water on the premises,14.6,1,MZ,Mozambique,2022,MZ2022DHS,WS_TIME_H_ONP,250201010,I,431001,1431001,Region,Niassa,0,,0,1,WSTIMEHONP,MZDHS2022431001,2022-23,DHS,897,1163,,,1
MOZ,Cabo Delgado,6839372,Households with water on the premises,18.2,1,MZ,Mozambique,2022,MZ2022DHS,WS_TIME_H_ONP,250201010,I,431002,1431002,Region,Cabo Delgado,0,,0,1,WSTIMEHONP,MZDHS2022431002,2022-23,DHS,745,1443,,,1
MOZ,Nampula,2942258,Households with water on the premises,17.5,1,MZ,Mozambique,2022,MZ2022DHS,WS_TIME_H_ONP,250201010,I,431003,1431003,Region,Nampula,0,,0,1,WSTIMEHONP,MZDHS2022431003,2022-23,DHS,3403,1568,,,1
MOZ,Zambézia,5003536,Households with water on the premises,16.6,1,MZ,Mozambique,2022,MZ2022DHS,WS_TIME_H_ONP,250201010,I,431004,1431004,Region,Zambézia,0,,0,1,WSTIMEHONP,MZDHS2022431004,2022-23,DHS,2582,1317,,,1
MOZ,Tete,7230941,Households with water on the premises,21.4,1,MZ,Mozambique,2022,MZ2022DHS,WS_TIME_H_ONP,250201010,I,431005,1431005,Region,Tete,0,,0,1,WSTIMEHONP,MZDHS2022431005,2022-23,DHS,1482,1310,,,1
MOZ,Manica,4590191,Households with water on the premises,26.9,1,MZ,Mozambique,2022,MZ2022DHS,WS_TIME_H_ONP,250201010,I,431006,1431006,Region,Manica,0,,0,1,WSTIMEHONP,MZDHS2022431006,2022-23,DHS,936,1243,,,1
MOZ,Sofala,6707059,Households with water on the premises,33.9,1,MZ,Mozambique,2022,MZ2022DHS,WS_TIME_H_ONP,250201010,I,431007,1431007,Region,Sofala,0,,0,1,WSTIMEHONP,MZDHS2022431007,2022-23,DHS,931,1257,,,1
MOZ,Inhambane,4238770,Households with water on the premises,46.6,1,MZ,Mozambique,2022,MZ2022DHS,WS_TIME_H_ONP,250201010,I,431008,1431008,Region,Inhambane,0,,0,1,WSTIMEHONP,MZDHS2022431008,2022-23,DHS,717,1273,,,1
MOZ,Gaza,775837,Households with water on the premises,63.9,1,MZ,Mozambique,2022,MZ2022DHS,WS_TIME_H_ONP,250201010,I,431009,1431009,Region,Gaza,0,,0,1,WSTIMEHONP,MZDHS2022431009,2022-23,DHS,692,1234,,,1
MOZ,Maputo Provincia,757036,Households with water on the premises,85.1,1,MZ,Mozambique,2022,MZ2022DHS,WS_TIME_H_ONP,250201010,I,431010,1431010,Region,Maputo Provincia,0,,0,1,WSTIMEHONP,MZDHS2022431010,2022-23,DHS,1276,1268,,,1
MOZ,Maputo Cidade,2121927,Households with water on the premises,96.4,1,MZ,Mozambique,2022,MZ2022DHS,WS_TIME_H_ONP,250201010,I,431011,1431011,Region,Maputo Cidade,0,,0,1,WSTIMEHONP,MZDHS2022431011,2022-23,DHS,590,1174,,,1
MOZ,Niassa,4149052,Households with water 30 minutes or less away round trip,54.3,1,MZ,Mozambique,2022,MZ2022DHS,WS_TIME_H_L30,250201020,I,431001,1431001,Region,Niassa,0,,0,1,WSTIMEHL30,MZDHS2022431001,2022-23,DHS,897,1163,,,1
MOZ,Cabo Delgado,6839366,Households with water 30 minutes or less away round trip,50.1,1,MZ,Mozambique,2022,MZ2022DHS,WS_TIME_H_L30,250201020,I,431002,1431002,Region,Cabo Delgado,0,,0,1,WSTIMEHL30,MZDHS2022431002,2022-23,DHS,745,1443,,,1
MOZ,Nampula,2942233,Households with water 30 minutes or less away round trip,55.8,1,MZ,Mozambique,2022,MZ2022DHS,WS_TIME_H_L30,250201020,I,431003,1431003,Region,Nampula,0,,0,1,WSTIMEHL30,MZDHS2022431003,2022-23,DHS,3403,1568,,,1
MOZ,Zambézia,5003522,Households with water 30 minutes or less away round trip,57.7,1,MZ,Mozambique,2022,MZ2022DHS,WS_TIME_H_L30,250201020,I,431004,1431004,Region,Zambézia,0,,0,1,WSTIMEHL30,MZDHS2022431004,2022-23,DHS,2582,1317,,,1
MOZ,Tete,7230945,Households with water 30 minutes or less away round trip,51.6,1,MZ,Mozambique,2022,MZ2022DHS,WS_TIME_H_L30,250201020,I,431005,1431005,Region,Tete,0,,0,1,WSTIMEHL30,MZDHS2022431005,2022-23,DHS,1482,1310,,,1
MOZ,Manica,4590189,Households with water 30 minutes or less away round trip,52.3,1,MZ,Mozambique,2022,MZ2022DHS,WS_TIME_H_L30,250201020,I,431006,1431006,Region,Manica,0,,0,1,WSTIMEHL30,MZDHS2022431006,2022-23,DHS,936,1243,,,1
MOZ,Sofala,6707071,Households with water 30 minutes or less away round trip,46.2,1,MZ,Mozambique,2022,MZ2022DHS,WS_TIME_H_L30,250201020,I,431007,1431007,Region,Sofala,0,,0,1,WSTIMEHL30,MZDHS2022431007,2022-23,DHS,931,1257,,,1
MOZ,Inhambane,4238765,Households with water 30 minutes or less away round trip,30,1,MZ,Mozambique,2022,MZ2022DHS,WS_TIME_H_L30,250201020,I,431008,1431008,Region,Inhambane,0,,0,1,WSTIMEHL30,MZDHS2022431008,2022-23,DHS,717,1273,,,1
MOZ,Gaza,775818,Households with water 30 minutes or less away round trip,18.6,1,MZ,Mozambique,2022,MZ2022DHS,WS_TIME_H_L30,250201020,I,431009,1431009,Region,Gaza,0,,0,1,WSTIMEHL30,MZDHS2022431009,2022-23,DHS,692,1234,,,1
MOZ,Maputo Provincia,757072,Households with water 30 minutes or less away round trip,9.7,1,MZ,Mozambique,2022,MZ2022DHS,WS_TIME_H_L30,250201020,I,431010,1431010,Region,Maputo Provincia,0,,0,1,WSTIMEHL30,MZDHS2022431010,2022-23,DHS,1276,1268,,,1
MOZ,Maputo Cidade,2121906,Households with water 30 minutes or less away round trip,2.8,1,MZ,Mozambique,2022,MZ2022DHS,WS_TIME_H_L30,250201020,I,431011,1431011,Region,Maputo Cidade,0,,0,1,WSTIMEHL30,MZDHS2022431011,2022-23,DHS,590,1174,,,1
MOZ,Niassa,4149042,Households with water more than 30 minutes away round trip,28.2,1,MZ,Mozambique,2022,MZ2022DHS,WS_TIME_H_M30,250201030,I,431001,1431001,Region,Niassa,0,,0,1,WSTIMEHM30,MZDHS2022431001,2022-23,DHS,897,1163,,,1
MOZ,Cabo Delgado,6839392,Households with water more than 30 minutes away round trip,22.2,1,MZ,Mozambique,2022,MZ2022DHS,WS_TIME_H_M30,250201030,I,431002,1431002,Region,Cabo Delgado,0,,0,1,WSTIMEHM30,MZDHS2022431002,2022-23,DHS,745,1443,,,1
MOZ,Nampula,2942224,Households with water more than 30 minutes away round trip,24.9,1,MZ,Mozambique,2022,MZ2022DHS,WS_TIME_H_M30,250201030,I,431003,1431003,Region,Nampula,0,,0,1,WSTIMEHM30,MZDHS2022431003,2022-23,DHS,3403,1568,,,1
MOZ,Zambézia,5003527,Households with water more than 30 minutes away round trip,14.6,1,MZ,Mozambique,2022,MZ2022DHS,WS_TIME_H_M30,250201030,I,431004,1431004,Region,Zambézia,0,,0,1,WSTIMEHM30,MZDHS2022431004,2022-23,DHS,2582,1317,,,1
MOZ,Tete,7231006,Households with water more than 30 minutes away round trip,15.6,1,MZ,Mozambique,2022,MZ2022DHS,WS_TIME_H_M30,250201030,I,431005,1431005,Region,Tete,0,,0,1,WSTIMEHM30,MZDHS2022431005,2022-23,DHS,1482,1310,,,1
MOZ,Manica,4590198,Households with water more than 30 minutes away round trip,19.5,1,MZ,Mozambique,2022,MZ2022DHS,WS_TIME_H_M30,250201030,I,431006,1431006,Region,Manica,0,,0,1,WSTIMEHM30,MZDHS2022431006,2022-23,DHS,936,1243,,,1
MOZ,Sofala,6707050,Households with water more than 30 minutes away round trip,18.3,1,MZ,Mozambique,2022,MZ2022DHS,WS_TIME_H_M30,250201030,I,431007,1431007,Region,Sofala,0,,0,1,WSTIMEHM30,MZDHS2022431007,2022-23,DHS,931,1257,,,1
MOZ,Inhambane,4238777,Households with water more than 30 minutes away round trip,21.4,1,MZ,Mozambique,2022,MZ2022DHS,WS_TIME_H_M30,250201030,I,431008,1431008,Region,Inhambane,0,,0,1,WSTIMEHM30,MZDHS2022431008,2022-23,DHS,717,1273,,,1
MOZ,Gaza,775826,Households with water more than 30 minutes away round trip,17.3,1,MZ,Mozambique,2022,MZ2022DHS,WS_TIME_H_M30,250201030,I,431009,1431009,Region,Gaza,0,,0,1,WSTIMEHM30,MZDHS2022431009,2022-23,DHS,692,1234,,,1
MOZ,Maputo Provincia,757075,Households with water more than 30 minutes away round trip,3.5,1,MZ,Mozambique,2022,MZ2022DHS,WS_TIME_H_M30,250201030,I,431010,1431010,Region,Maputo Provincia,0,,0,1,WSTIMEHM30,MZDHS2022431010,2022-23,DHS,1276,1268,,,1
MOZ,Maputo Cidade,2121918,Households with water more than 30 minutes away round trip,0.6,1,MZ,Mozambique,2022,MZ2022DHS,WS_TIME_H_M30,250201030,I,431011,1431011,Region,Maputo Cidade,0,,0,1,WSTIMEHM30,MZDHS2022431011,2022-23,DHS,590,1174,,,1
MOZ,Niassa,4149043,Household with unknown or missing information on round trip time to water,2.9,1,MZ,Mozambique,2022,MZ2022DHS,WS_TIME_H_DKM,250201040,S,431001,1431001,Region,Niassa,0,,0,1,WSTIMEHDKM,MZDHS2022431001,2022-23,DHS,897,1163,,,1
MOZ,Cabo Delgado,6839393,Household with unknown or missing information on round trip time to water,9.4,1,MZ,Mozambique,2022,MZ2022DHS,WS_TIME_H_DKM,250201040,S,431002,1431002,Region,Cabo Delgado,0,,0,1,WSTIMEHDKM,MZDHS2022431002,2022-23,DHS,745,1443,,,1
MOZ,Nampula,2942225,Household with unknown or missing information on round trip time to water,1.8,1,MZ,Mozambique,2022,MZ2022DHS,WS_TIME_H_DKM,250201040,S,431003,1431003,Region,Nampula,0,,0,1,WSTIMEHDKM,MZDHS2022431003,2022-23,DHS,3403,1568,,,1
MOZ,Zambézia,5003528,Household with unknown or missing information on round trip time to water,11.1,1,MZ,Mozambique,2022,MZ2022DHS,WS_TIME_H_DKM,250201040,S,431004,1431004,Region,Zambézia,0,,0,1,WSTIMEHDKM,MZDHS2022431004,2022-23,DHS,2582,1317,,,1
MOZ,Tete,7231007,Household with unknown or missing information on round trip time to water,11.4,1,MZ,Mozambique,2022,MZ2022DHS,WS_TIME_H_DKM,250201040,S,431005,1431005,Region,Tete,0,,0,1,WSTIMEHDKM,MZDHS2022431005,2022-23,DHS,1482,1310,,,1
MOZ,Manica,4590199,Household with unknown or missing information on round trip time to water,1.4,1,MZ,Mozambique,2022,MZ2022DHS,WS_TIME_H_DKM,250201040,S,431006,1431006,Region,Manica,0,,0,1,WSTIMEHDKM,MZDHS2022431006,2022-23,DHS,936,1243,,,1
MOZ,Sofala,6707051,Household with unknown or missing information on round trip time to water,1.7,1,MZ,Mozambique,2022,MZ2022DHS,WS_TIME_H_DKM,250201040,S,431007,1431007,Region,Sofala,0,,0,1,WSTIMEHDKM,MZDHS2022431007,2022-23,DHS,931,1257,,,1
MOZ,Inhambane,4238778,Household with unknown or missing information on round trip time to water,2,1,MZ,Mozambique,2022,MZ2022DHS,WS_TIME_H_DKM,250201040,S,431008,1431008,Region,Inhambane,0,,0,1,WSTIMEHDKM,MZDHS2022431008,2022-23,DHS,717,1273,,,1
MOZ,Gaza,775827,Household with unknown or missing information on round trip time to water,0.2,1,MZ,Mozambique,2022,MZ2022DHS,WS_TIME_H_DKM,250201040,S,431009,1431009,Region,Gaza,0,,0,1,WSTIMEHDKM,MZDHS2022431009,2022-23,DHS,692,1234,,,1
MOZ,Maputo Provincia,757080,Household with unknown or missing information on round trip time to water,1.7,1,MZ,Mozambique,2022,MZ2022DHS,WS_TIME_H_DKM,250201040,S,431010,1431010,Region,Maputo Provincia,0,,0,1,WSTIMEHDKM,MZDHS2022431010,2022-23,DHS,1276,1268,,,1
MOZ,Maputo Cidade,2121919,Household with unknown or missing information on round trip time to water,0.3,1,MZ,Mozambique,2022,MZ2022DHS,WS_TIME_H_DKM,250201040,S,431011,1431011,Region,Maputo Cidade,0,,0,1,WSTIMEHDKM,MZDHS2022431011,2022-23,DHS,590,1174,,,1
MOZ,Niassa,4149044,Households: Total,100,1,MZ,Mozambique,2022,MZ2022DHS,WS_TIME_H_TOT,250201050,T,431001,1431001,Region,Niassa,0,,0,1,WSTIMEHTOT,MZDHS2022431001,2022-23,DHS,897,1163,,,1
MOZ,Cabo Delgado,6839394,Households: Total,100,1,MZ,Mozambique,2022,MZ2022DHS,WS_TIME_H_TOT,250201050,T,431002,1431002,Region,Cabo Delgado,0,,0,1,WSTIMEHTOT,MZDHS2022431002,2022-23,DHS,745,1443,,,1
MOZ,Nampula,2942227,Households: Total,100,1,MZ,Mozambique,2022,MZ2022DHS,WS_TIME_H_TOT,250201050,T,431003,1431003,Region,Nampula,0,,0,1,WSTIMEHTOT,MZDHS2022431003,2022-23,DHS,3403,1568,,,1
MOZ,Zambézia,5003529,Households: Total,100,1,MZ,Mozambique,2022,MZ2022DHS,WS_TIME_H_TOT,250201050,T,431004,1431004,Region,Zambézia,0,,0,1,WSTIMEHTOT,MZDHS2022431004,2022-23,DHS,2582,1317,,,1
MOZ,Tete,7231008,Households: Total,100,1,MZ,Mozambique,2022,MZ2022DHS,WS_TIME_H_TOT,250201050,T,431005,1431005,Region,Tete,0,,0,1,WSTIMEHTOT,MZDHS2022431005,2022-23,DHS,1482,1310,,,1
MOZ,Manica,4590200,Households: Total,100,1,MZ,Mozambique,2022,MZ2022DHS,WS_TIME_H_TOT,250201050,T,431006,1431006,Region,Manica,0,,0,1,WSTIMEHTOT,MZDHS2022431006,2022-23,DHS,936,1243,,,1
MOZ,Sofala,6707052,Households: Total,100,1,MZ,Mozambique,2022,MZ2022DHS,WS_TIME_H_TOT,250201050,T,431007,1431007,Region,Sofala,0,,0,1,WSTIMEHTOT,MZDHS2022431007,2022-23,DHS,931,1257,,,1
MOZ,Inhambane,4238783,Households: Total,100,1,MZ,Mozambique,2022,MZ2022DHS,WS_TIME_H_TOT,250201050,T,431008,1431008,Region,Inhambane,0,,0,1,WSTIMEHTOT,MZDHS2022431008,2022-23,DHS,717,1273,,,1
MOZ,Gaza,775828,Households: Total,100,1,MZ,Mozambique,2022,MZ2022DHS,WS_TIME_H_TOT,250201050,T,431009,1431009,Region,Gaza,0,,0,1,WSTIMEHTOT,MZDHS2022431009,2022-23,DHS,692,1234,,,1
MOZ,Maputo Provincia,757135,Households: Total,100,1,MZ,Mozambique,2022,MZ2022DHS,WS_TIME_H_TOT,250201050,T,431010,1431010,Region,Maputo Provincia,0,,0,1,WSTIMEHTOT,MZDHS2022431010,2022-23,DHS,1276,1268,,,1
MOZ,Maputo Cidade,2121920,Households: Total,100,1,MZ,Mozambique,2022,MZ2022DHS,WS_TIME_H_TOT,250201050,T,431011,1431011,Region,Maputo Cidade,0,,0,1,WSTIMEHTOT,MZDHS2022431011,2022-23,DHS,590,1174,,,1
MOZ,Niassa,5442275,Population with water on the premises,17,1,MZ,Mozambique,2022,MZ2022DHS,WS_TIME_P_ONP,250202010,I,431001,1431001,Region,Niassa,0,,0,1,WSTIMEPONP,MZDHS2022431001,2022-23,DHS,4571,5901,,,1
MOZ,Cabo Delgado,7289258,Population with water on the premises,22.5,1,MZ,Mozambique,2022,MZ2022DHS,WS_TIME_P_ONP,250202010,I,431002,1431002,Region,Cabo Delgado,0,,0,1,WSTIMEPONP,MZDHS2022431002,2022-23,DHS,3740,7084,,,1
MOZ,Nampula,108201,Population with water on the premises,19.5,1,MZ,Mozambique,2022,MZ2022DHS,WS_TIME_P_ONP,250202010,I,431003,1431003,Region,Nampula,0,,0,1,WSTIMEPONP,MZDHS2022431003,2022-23,DHS,16140,7441,,,1
MOZ,Zambézia,6778429,Population with water on the premises,16.3,1,MZ,Mozambique,2022,MZ2022DHS,WS_TIME_P_ONP,250202010,I,431004,1431004,Region,Zambézia,0,,0,1,WSTIMEPONP,MZDHS2022431004,2022-23,DHS,11861,6062,,,1
MOZ,Tete,2115316,Population with water on the premises,22.1,1,MZ,Mozambique,2022,MZ2022DHS,WS_TIME_P_ONP,250202010,I,431005,1431005,Region,Tete,0,,0,1,WSTIMEPONP,MZDHS2022431005,2022-23,DHS,6685,5950,,,1
MOZ,Manica,460641,Population with water on the premises,27.9,1,MZ,Mozambique,2022,MZ2022DHS,WS_TIME_P_ONP,250202010,I,431006,1431006,Region,Manica,0,,0,1,WSTIMEPONP,MZDHS2022431006,2022-23,DHS,4879,6446,,,1
MOZ,Sofala,3858508,Population with water on the premises,31.3,1,MZ,Mozambique,2022,MZ2022DHS,WS_TIME_P_ONP,250202010,I,431007,1431007,Region,Sofala,0,,0,1,WSTIMEPONP,MZDHS2022431007,2022-23,DHS,4578,6320,,,1
MOZ,Inhambane,5014044,Population with water on the premises,46.4,1,MZ,Mozambique,2022,MZ2022DHS,WS_TIME_P_ONP,250202010,I,431008,1431008,Region,Inhambane,0,,0,1,WSTIMEPONP,MZDHS2022431008,2022-23,DHS,2863,5084,,,1
MOZ,Gaza,7190567,Population with water on the premises,63.6,1,MZ,Mozambique,2022,MZ2022DHS,WS_TIME_P_ONP,250202010,I,431009,1431009,Region,Gaza,0,,0,1,WSTIMEPONP,MZDHS2022431009,2022-23,DHS,3078,5497,,,1
MOZ,Maputo Provincia,4776307,Population with water on the premises,85.2,1,MZ,Mozambique,2022,MZ2022DHS,WS_TIME_P_ONP,250202010,I,431010,1431010,Region,Maputo Provincia,0,,0,1,WSTIMEPONP,MZDHS2022431010,2022-23,DHS,5134,5152,,,1
MOZ,Maputo Cidade,6246470,Population with water on the premises,96.2,1,MZ,Mozambique,2022,MZ2022DHS,WS_TIME_P_ONP,250202010,I,431011,1431011,Region,Maputo Cidade,0,,0,1,WSTIMEPONP,MZDHS2022431011,2022-23,DHS,2507,4994,,,1
MOZ,Niassa,5442265,Population with water 30 minutes or less away round trip,52.2,1,MZ,Mozambique,2022,MZ2022DHS,WS_TIME_P_L30,250202020,I,431001,1431001,Region,Niassa,0,,0,1,WSTIMEPL30,MZDHS2022431001,2022-23,DHS,4571,5901,,,1
MOZ,Cabo Delgado,7289246,Population with water 30 minutes or less away round trip,47.7,1,MZ,Mozambique,2022,MZ2022DHS,WS_TIME_P_L30,250202020,I,431002,1431002,Region,Cabo Delgado,0,,0,1,WSTIMEPL30,MZDHS2022431002,2022-23,DHS,3740,7084,,,1
MOZ,Nampula,108187,Population with water 30 minutes or less away round trip,54.7,1,MZ,Mozambique,2022,MZ2022DHS,WS_TIME_P_L30,250202020,I,431003,1431003,Region,Nampula,0,,0,1,WSTIMEPL30,MZDHS2022431003,2022-23,DHS,16140,7441,,,1
MOZ,Zambézia,6778406,Population with water 30 minutes or less away round trip,57.5,1,MZ,Mozambique,2022,MZ2022DHS,WS_TIME_P_L30,250202020,I,431004,1431004,Region,Zambézia,0,,0,1,WSTIMEPL30,MZDHS2022431004,2022-23,DHS,11861,6062,,,1
MOZ,Tete,2115306,Population with water 30 minutes or less away round trip,49.5,1,MZ,Mozambique,2022,MZ2022DHS,WS_TIME_P_L30,250202020,I,431005,1431005,Region,Tete,0,,0,1,WSTIMEPL30,MZDHS2022431005,2022-23,DHS,6685,5950,,,1
MOZ,Manica,460681,Population with water 30 minutes or less away round trip,50.7,1,MZ,Mozambique,2022,MZ2022DHS,WS_TIME_P_L30,250202020,I,431006,1431006,Region,Manica,0,,0,1,WSTIMEPL30,MZDHS2022431006,2022-23,DHS,4879,6446,,,1
MOZ,Sofala,3858440,Population with water 30 minutes or less away round trip,47.1,1,MZ,Mozambique,2022,MZ2022DHS,WS_TIME_P_L30,250202020,I,431007,1431007,Region,Sofala,0,,0,1,WSTIMEPL30,MZDHS2022431007,2022-23,DHS,4578,6320,,,1
MOZ,Inhambane,5014027,Population with water 30 minutes or less away round trip,29.3,1,MZ,Mozambique,2022,MZ2022DHS,WS_TIME_P_L30,250202020,I,431008,1431008,Region,Inhambane,0,,0,1,WSTIMEPL30,MZDHS2022431008,2022-23,DHS,2863,5084,,,1
MOZ,Gaza,7190632,Population with water 30 minutes or less away round trip,18,1,MZ,Mozambique,2022,MZ2022DHS,WS_TIME_P_L30,250202020,I,431009,1431009,Region,Gaza,0,,0,1,WSTIMEPL30,MZDHS2022431009,2022-23,DHS,3078,5497,,,1
MOZ,Maputo Provincia,4776300,Population with water 30 minutes or less away round trip,9.6,1,MZ,Mozambique,2022,MZ2022DHS,WS_TIME_P_L30,250202020,I,431010,1431010,Region,Maputo Provincia,0,,0,1,WSTIMEPL30,MZDHS2022431010,2022-23,DHS,5134,5152,,,1
MOZ,Maputo Cidade,6246444,Population with water 30 minutes or less away round trip,2.9,1,MZ,Mozambique,2022,MZ2022DHS,WS_TIME_P_L30,250202020,I,431011,1431011,Region,Maputo Cidade,0,,0,1,WSTIMEPL30,MZDHS2022431011,2022-23,DHS,2507,4994,,,1
MOZ,Niassa,5442276,Population with water more than 30 minutes away round trip,27.8,1,MZ,Mozambique,2022,MZ2022DHS,WS_TIME_P_M30,250202030,I,431001,1431001,Region,Niassa,0,,0,1,WSTIMEPM30,MZDHS2022431001,2022-23,DHS,4571,5901,,,1
MOZ,Cabo Delgado,7289259,Population with water more than 30 minutes away round trip,21.5,1,MZ,Mozambique,2022,MZ2022DHS,WS_TIME_P_M30,250202030,I,431002,1431002,Region,Cabo Delgado,0,,0,1,WSTIMEPM30,MZDHS2022431002,2022-23,DHS,3740,7084,,,1
MOZ,Nampula,108202,Population with water more than 30 minutes away round trip,24.3,1,MZ,Mozambique,2022,MZ2022DHS,WS_TIME_P_M30,250202030,I,431003,1431003,Region,Nampula,0,,0,1,WSTIMEPM30,MZDHS2022431003,2022-23,DHS,16140,7441,,,1
MOZ,Zambézia,6778430,Population with water more than 30 minutes away round trip,15,1,MZ,Mozambique,2022,MZ2022DHS,WS_TIME_P_M30,250202030,I,431004,1431004,Region,Zambézia,0,,0,1,WSTIMEPM30,MZDHS2022431004,2022-23,DHS,11861,6062,,,1
MOZ,Tete,2115317,Population with water more than 30 minutes away round trip,16.8,1,MZ,Mozambique,2022,MZ2022DHS,WS_TIME_P_M30,250202030,I,431005,1431005,Region,Tete,0,,0,1,WSTIMEPM30,MZDHS2022431005,2022-23,DHS,6685,5950,,,1
MOZ,Manica,460642,Population with water more than 30 minutes away round trip,20.5,1,MZ,Mozambique,2022,MZ2022DHS,WS_TIME_P_M30,250202030,I,431006,1431006,Region,Manica,0,,0,1,WSTIMEPM30,MZDHS2022431006,2022-23,DHS,4879,6446,,,1
MOZ,Sofala,3858332,Population with water more than 30 minutes away round trip,20,1,MZ,Mozambique,2022,MZ2022DHS,WS_TIME_P_M30,250202030,I,431007,1431007,Region,Sofala,0,,0,1,WSTIMEPM30,MZDHS2022431007,2022-23,DHS,4578,6320,,,1
MOZ,Inhambane,5014045,Population with water more than 30 minutes away round trip,22.9,1,MZ,Mozambique,2022,MZ2022DHS,WS_TIME_P_M30,250202030,I,431008,1431008,Region,Inhambane,0,,0,1,WSTIMEPM30,MZDHS2022431008,2022-23,DHS,2863,5084,,,1
MOZ,Gaza,7190568,Population with water more than 30 minutes away round trip,18.3,1,MZ,Mozambique,2022,MZ2022DHS,WS_TIME_P_M30,250202030,I,431009,1431009,Region,Gaza,0,,0,1,WSTIMEPM30,MZDHS2022431009,2022-23,DHS,3078,5497,,,1
MOZ,Maputo Provincia,4776308,Population with water more than 30 minutes away round trip,3.7,1,MZ,Mozambique,2022,MZ2022DHS,WS_TIME_P_M30,250202030,I,431010,1431010,Region,Maputo Provincia,0,,0,1,WSTIMEPM30,MZDHS2022431010,2022-23,DHS,5134,5152,,,1
MOZ,Maputo Cidade,6246471,Population with water more than 30 minutes away round trip,0.4,1,MZ,Mozambique,2022,MZ2022DHS,WS_TIME_P_M30,250202030,I,431011,1431011,Region,Maputo Cidade,0,,0,1,WSTIMEPM30,MZDHS2022431011,2022-23,DHS,2507,4994,,,1
MOZ,Niassa,5442270,Population with unknown or missing information on round trip time to water,3,1,MZ,Mozambique,2022,MZ2022DHS,WS_TIME_P_DKM,250202040,S,431001,1431001,Region,Niassa,0,,0,1,WSTIMEPDKM,MZDHS2022431001,2022-23,DHS,4571,5901,,,1
MOZ,Cabo Delgado,7289250,Population with unknown or missing information on round trip time to water,8.3,1,MZ,Mozambique,2022,MZ2022DHS,WS_TIME_P_DKM,250202040,S,431002,1431002,Region,Cabo Delgado,0,,0,1,WSTIMEPDKM,MZDHS2022431002,2022-23,DHS,3740,7084,,,1
MOZ,Nampula,108197,Population with unknown or missing information on round trip time to water,1.5,1,MZ,Mozambique,2022,MZ2022DHS,WS_TIME_P_DKM,250202040,S,431003,1431003,Region,Nampula,0,,0,1,WSTIMEPDKM,MZDHS2022431003,2022-23,DHS,16140,7441,,,1
MOZ,Zambézia,6778419,Population with unknown or missing information on round trip time to water,11.2,1,MZ,Mozambique,2022,MZ2022DHS,WS_TIME_P_DKM,250202040,S,431004,1431004,Region,Zambézia,0,,0,1,WSTIMEPDKM,MZDHS2022431004,2022-23,DHS,11861,6062,,,1
MOZ,Tete,2115311,Population with unknown or missing information on round trip time to water,11.6,1,MZ,Mozambique,2022,MZ2022DHS,WS_TIME_P_DKM,250202040,S,431005,1431005,Region,Tete,0,,0,1,WSTIMEPDKM,MZDHS2022431005,2022-23,DHS,6685,5950,,,1
MOZ,Manica,460633,Population with unknown or missing information on round trip time to water,0.9,1,MZ,Mozambique,2022,MZ2022DHS,WS_TIME_P_DKM,250202040,S,431006,1431006,Region,Manica,0,,0,1,WSTIMEPDKM,MZDHS2022431006,2022-23,DHS,4879,6446,,,1
MOZ,Sofala,3858428,Population with unknown or missing information on round trip time to water,1.6,1,MZ,Mozambique,2022,MZ2022DHS,WS_TIME_P_DKM,250202040,S,431007,1431007,Region,Sofala,0,,0,1,WSTIMEPDKM,MZDHS2022431007,2022-23,DHS,4578,6320,,,1
MOZ,Inhambane,5014036,Population with unknown or missing information on round trip time to water,1.4,1,MZ,Mozambique,2022,MZ2022DHS,WS_TIME_P_DKM,250202040,S,431008,1431008,Region,Inhambane,0,,0,1,WSTIMEPDKM,MZDHS2022431008,2022-23,DHS,2863,5084,,,1
MOZ,Gaza,7190575,Population with unknown or missing information on round trip time to water,0,1,MZ,Mozambique,2022,MZ2022DHS,WS_TIME_P_DKM,250202040,S,431009,1431009,Region,Gaza,0,,0,1,WSTIMEPDKM,MZDHS2022431009,2022-23,DHS,3078,5497,,,1
MOZ,Maputo Provincia,4776312,Population with unknown or missing information on round trip time to water,1.5,1,MZ,Mozambique,2022,MZ2022DHS,WS_TIME_P_DKM,250202040,S,431010,1431010,Region,Maputo Provincia,0,,0,1,WSTIMEPDKM,MZDHS2022431010,2022-23,DHS,5134,5152,,,1
MOZ,Maputo Cidade,6246476,Population with unknown or missing information on round trip time to water,0.5,1,MZ,Mozambique,2022,MZ2022DHS,WS_TIME_P_DKM,250202040,S,431011,1431011,Region,Maputo Cidade,0,,0,1,WSTIMEPDKM,MZDHS2022431011,2022-23,DHS,2507,4994,,,1
MOZ,Niassa,5442271,Population: Total,100,1,MZ,Mozambique,2022,MZ2022DHS,WS_TIME_P_TOT,250202050,T,431001,1431001,Region,Niassa,0,,0,1,WSTIMEPTOT,MZDHS2022431001,2022-23,DHS,4571,5901,,,1
MOZ,Cabo Delgado,7289251,Population: Total,100,1,MZ,Mozambique,2022,MZ2022DHS,WS_TIME_P_TOT,250202050,T,431002,1431002,Region,Cabo Delgado,0,,0,1,WSTIMEPTOT,MZDHS2022431002,2022-23,DHS,3740,7084,,,1
MOZ,Nampula,108198,Population: Total,100,1,MZ,Mozambique,2022,MZ2022DHS,WS_TIME_P_TOT,250202050,T,431003,1431003,Region,Nampula,0,,0,1,WSTIMEPTOT,MZDHS2022431003,2022-23,DHS,16140,7441,,,1
MOZ,Zambézia,6778420,Population: Total,100,1,MZ,Mozambique,2022,MZ2022DHS,WS_TIME_P_TOT,250202050,T,431004,1431004,Region,Zambézia,0,,0,1,WSTIMEPTOT,MZDHS2022431004,2022-23,DHS,11861,6062,,,1
MOZ,Tete,2115312,Population: Total,100,1,MZ,Mozambique,2022,MZ2022DHS,WS_TIME_P_TOT,250202050,T,431005,1431005,Region,Tete,0,,0,1,WSTIMEPTOT,MZDHS2022431005,2022-23,DHS,6685,5950,,,1
MOZ,Manica,460634,Population: Total,100,1,MZ,Mozambique,2022,MZ2022DHS,WS_TIME_P_TOT,250202050,T,431006,1431006,Region,Manica,0,,0,1,WSTIMEPTOT,MZDHS2022431006,2022-23,DHS,4879,6446,,,1
MOZ,Sofala,3858430,Population: Total,100,1,MZ,Mozambique,2022,MZ2022DHS,WS_TIME_P_TOT,250202050,T,431007,1431007,Region,Sofala,0,,0,1,WSTIMEPTOT,MZDHS2022431007,2022-23,DHS,4578,6320,,,1
MOZ,Inhambane,5014037,Population: Total,100,1,MZ,Mozambique,2022,MZ2022DHS,WS_TIME_P_TOT,250202050,T,431008,1431008,Region,Inhambane,0,,0,1,WSTIMEPTOT,MZDHS2022431008,2022-23,DHS,2863,5084,,,1
MOZ,Gaza,7190576,Population: Total,100,1,MZ,Mozambique,2022,MZ2022DHS,WS_TIME_P_TOT,250202050,T,431009,1431009,Region,Gaza,0,,0,1,WSTIMEPTOT,MZDHS2022431009,2022-23,DHS,3078,5497,,,1
MOZ,Maputo Provincia,4776313,Population: Total,100,1,MZ,Mozambique,2022,MZ2022DHS,WS_TIME_P_TOT,250202050,T,431010,1431010,Region,Maputo Provincia,0,,0,1,WSTIMEPTOT,MZDHS2022431010,2022-23,DHS,5134,5152,,,1
MOZ,Maputo Cidade,6246477,Population: Total,100,1,MZ,Mozambique,2022,MZ2022DHS,WS_TIME_P_TOT,250202050,T,431011,1431011,Region,Maputo Cidade,0,,0,1,WSTIMEPTOT,MZDHS2022431011,2022-23,DHS,2507,4994,,,1
MOZ,Niassa,4149067,Households treating water by boiling,2.1,1,MZ,Mozambique,2022,MZ2022DHS,WS_WTRT_H_BOL,250231010,I,431001,1431001,Region,Niassa,0,,0,1,WSWTRTHBOL,MZDHS2022431001,2022-23,DHS,897,1163,,,1
MOZ,Cabo Delgado,6839362,Households treating water by boiling,2.8,1,MZ,Mozambique,2022,MZ2022DHS,WS_WTRT_H_BOL,250231010,I,431002,1431002,Region,Cabo Delgado,0,,0,1,WSWTRTHBOL,MZDHS2022431002,2022-23,DHS,745,1443,,,1
MOZ,Nampula,2942230,Households treating water by boiling,1.4,1,MZ,Mozambique,2022,MZ2022DHS,WS_WTRT_H_BOL,250231010,I,431003,1431003,Region,Nampula,0,,0,1,WSWTRTHBOL,MZDHS2022431003,2022-23,DHS,3403,1568,,,1
MOZ,Zambézia,5003531,Households treating water by boiling,1.2,1,MZ,Mozambique,2022,MZ2022DHS,WS_WTRT_H_BOL,250231010,I,431004,1431004,Region,Zambézia,0,,0,1,WSWTRTHBOL,MZDHS2022431004,2022-23,DHS,2582,1317,,,1
MOZ,Tete,7231010,Households treating water by boiling,1.7,1,MZ,Mozambique,2022,MZ2022DHS,WS_WTRT_H_BOL,250231010,I,431005,1431005,Region,Tete,0,,0,1,WSWTRTHBOL,MZDHS2022431005,2022-23,DHS,1482,1310,,,1
MOZ,Manica,4590217,Households treating water by boiling,1.6,1,MZ,Mozambique,2022,MZ2022DHS,WS_WTRT_H_BOL,250231010,I,431006,1431006,Region,Manica,0,,0,1,WSWTRTHBOL,MZDHS2022431006,2022-23,DHS,936,1243,,,1
MOZ,Sofala,6707054,Households treating water by boiling,5.6,1,MZ,Mozambique,2022,MZ2022DHS,WS_WTRT_H_BOL,250231010,I,431007,1431007,Region,Sofala,0,,0,1,WSWTRTHBOL,MZDHS2022431007,2022-23,DHS,931,1257,,,1
MOZ,Inhambane,4238785,Households treating water by boiling,4.2,1,MZ,Mozambique,2022,MZ2022DHS,WS_WTRT_H_BOL,250231010,I,431008,1431008,Region,Inhambane,0,,0,1,WSWTRTHBOL,MZDHS2022431008,2022-23,DHS,717,1273,,,1
MOZ,Gaza,775832,Households treating water by boiling,2.4,1,MZ,Mozambique,2022,MZ2022DHS,WS_WTRT_H_BOL,250231010,I,431009,1431009,Region,Gaza,0,,0,1,WSWTRTHBOL,MZDHS2022431009,2022-23,DHS,692,1234,,,1
MOZ,Maputo Provincia,757167,Households treating water by boiling,7.6,1,MZ,Mozambique,2022,MZ2022DHS,WS_WTRT_H_BOL,250231010,I,431010,1431010,Region,Maputo Provincia,0,,0,1,WSWTRTHBOL,MZDHS2022431010,2022-23,DHS,1276,1268,,,1
MOZ,Maputo Cidade,2121922,Households treating water by boiling,17.3,1,MZ,Mozambique,2022,MZ2022DHS,WS_WTRT_H_BOL,250231010,I,431011,1431011,Region,Maputo Cidade,0,,0,1,WSWTRTHBOL,MZDHS2022431011,2022-23,DHS,590,1174,,,1
MOZ,Niassa,4149061,Households treating water by adding bleach/chlorine,0.1,1,MZ,Mozambique,2022,MZ2022DHS,WS_WTRT_H_BLC,250231020,I,431001,1431001,Region,Niassa,0,,0,1,WSWTRTHBLC,MZDHS2022431001,2022-23,DHS,897,1163,,,1
MOZ,Cabo Delgado,6839368,Households treating water by adding bleach/chlorine,0.2,1,MZ,Mozambique,2022,MZ2022DHS,WS_WTRT_H_BLC,250231020,I,431002,1431002,Region,Cabo Delgado,0,,0,1,WSWTRTHBLC,MZDHS2022431002,2022-23,DHS,745,1443,,,1
MOZ,Nampula,2942249,Households treating water by adding bleach/chlorine,0,1,MZ,Mozambique,2022,MZ2022DHS,WS_WTRT_H_BLC,250231020,I,431003,1431003,Region,Nampula,0,,0,1,WSWTRTHBLC,MZDHS2022431003,2022-23,DHS,3403,1568,,,1
MOZ,Zambézia,5003525,Households treating water by adding bleach/chlorine,0.5,1,MZ,Mozambique,2022,MZ2022DHS,WS_WTRT_H_BLC,250231020,I,431004,1431004,Region,Zambézia,0,,0,1,WSWTRTHBLC,MZDHS2022431004,2022-23,DHS,2582,1317,,,1
MOZ,Tete,7230987,Households treating water by adding bleach/chlorine,1.7,1,MZ,Mozambique,2022,MZ2022DHS,WS_WTRT_H_BLC,250231020,I,431005,1431005,Region,Tete,0,,0,1,WSWTRTHBLC,MZDHS2022431005,2022-23,DHS,1482,1310,,,1
MOZ,Manica,4590192,Households treating water by adding bleach/chlorine,4.9,1,MZ,Mozambique,2022,MZ2022DHS,WS_WTRT_H_BLC,250231020,I,431006,1431006,Region,Manica,0,,0,1,WSWTRTHBLC,MZDHS2022431006,2022-23,DHS,936,1243,,,1
MOZ,Sofala,6707073,Households treating water by adding bleach/chlorine,3.3,1,MZ,Mozambique,2022,MZ2022DHS,WS_WTRT_H_BLC,250231020,I,431007,1431007,Region,Sofala,0,,0,1,WSWTRTHBLC,MZDHS2022431007,2022-23,DHS,931,1257,,,1
MOZ,Inhambane,4238787,Households treating water by adding bleach/chlorine,0.3,1,MZ,Mozambique,2022,MZ2022DHS,WS_WTRT_H_BLC,250231020,I,431008,1431008,Region,Inhambane,0,,0,1,WSWTRTHBLC,MZDHS2022431008,2022-23,DHS,717,1273,,,1
MOZ,Gaza,775830,Households treating water by adding bleach/chlorine,0.1,1,MZ,Mozambique,2022,MZ2022DHS,WS_WTRT_H_BLC,250231020,I,431009,1431009,Region,Gaza,0,,0,1,WSWTRTHBLC,MZDHS2022431009,2022-23,DHS,692,1234,,,1
MOZ,Maputo Provincia,757074,Households treating water by adding bleach/chlorine,0.2,1,MZ,Mozambique,2022,MZ2022DHS,WS_WTRT_H_BLC,250231020,I,431010,1431010,Region,Maputo Provincia,0,,0,1,WSWTRTHBLC,MZDHS2022431010,2022-23,DHS,1276,1268,,,1
MOZ,Maputo Cidade,2121908,Households treating water by adding bleach/chlorine,0.3,1,MZ,Mozambique,2022,MZ2022DHS,WS_WTRT_H_BLC,250231020,I,431011,1431011,Region,Maputo Cidade,0,,0,1,WSWTRTHBLC,MZDHS2022431011,2022-23,DHS,590,1174,,,1
MOZ,Niassa,4149064,Households treating water by straining through a cloth,0.2,1,MZ,Mozambique,2022,MZ2022DHS,WS_WTRT_H_STN,250231030,I,431001,1431001,Region,Niassa,0,,0,1,WSWTRTHSTN,MZDHS2022431001,2022-23,DHS,897,1163,,,1
MOZ,Cabo Delgado,6839374,Households treating water by straining through a cloth,0.2,1,MZ,Mozambique,2022,MZ2022DHS,WS_WTRT_H_STN,250231030,I,431002,1431002,Region,Cabo Delgado,0,,0,1,WSWTRTHSTN,MZDHS2022431002,2022-23,DHS,745,1443,,,1
MOZ,Nampula,2942194,Households treating water by straining through a cloth,0.2,1,MZ,Mozambique,2022,MZ2022DHS,WS_WTRT_H_STN,250231030,I,431003,1431003,Region,Nampula,0,,0,1,WSWTRTHSTN,MZDHS2022431003,2022-23,DHS,3403,1568,,,1
MOZ,Zambézia,5003538,Households treating water by straining through a cloth,0,1,MZ,Mozambique,2022,MZ2022DHS,WS_WTRT_H_STN,250231030,I,431004,1431004,Region,Zambézia,0,,0,1,WSWTRTHSTN,MZDHS2022431004,2022-23,DHS,2582,1317,,,1
MOZ,Tete,7230943,Households treating water by straining through a cloth,0.1,1,MZ,Mozambique,2022,MZ2022DHS,WS_WTRT_H_STN,250231030,I,431005,1431005,Region,Tete,0,,0,1,WSWTRTHSTN,MZDHS2022431005,2022-23,DHS,1482,1310,,,1
MOZ,Manica,4590219,Households treating water by straining through a cloth,0.1,1,MZ,Mozambique,2022,MZ2022DHS,WS_WTRT_H_STN,250231030,I,431006,1431006,Region,Manica,0,,0,1,WSWTRTHSTN,MZDHS2022431006,2022-23,DHS,936,1243,,,1
MOZ,Sofala,6707061,Households treating water by straining through a cloth,0.2,1,MZ,Mozambique,2022,MZ2022DHS,WS_WTRT_H_STN,250231030,I,431007,1431007,Region,Sofala,0,,0,1,WSWTRTHSTN,MZDHS2022431007,2022-23,DHS,931,1257,,,1
MOZ,Inhambane,4238780,Households treating water by straining through a cloth,0.1,1,MZ,Mozambique,2022,MZ2022DHS,WS_WTRT_H_STN,250231030,I,431008,1431008,Region,Inhambane,0,,0,1,WSWTRTHSTN,MZDHS2022431008,2022-23,DHS,717,1273,,,1
MOZ,Gaza,775839,Households treating water by straining through a cloth,0.4,1,MZ,Mozambique,2022,MZ2022DHS,WS_WTRT_H_STN,250231030,I,431009,1431009,Region,Gaza,0,,0,1,WSWTRTHSTN,MZDHS2022431009,2022-23,DHS,692,1234,,,1
MOZ,Maputo Provincia,757038,Households treating water by straining through a cloth,0.1,1,MZ,Mozambique,2022,MZ2022DHS,WS_WTRT_H_STN,250231030,I,431010,1431010,Region,Maputo Provincia,0,,0,1,WSWTRTHSTN,MZDHS2022431010,2022-23,DHS,1276,1268,,,1
MOZ,Maputo Cidade,2121929,Households treating water by straining through a cloth,0.6,1,MZ,Mozambique,2022,MZ2022DHS,WS_WTRT_H_STN,250231030,I,431011,1431011,Region,Maputo Cidade,0,,0,1,WSWTRTHSTN,MZDHS2022431011,2022-23,DHS,590,1174,,,1
MOZ,Niassa,4149062,"Households treating water using a ceramic, sand or other filter",0.1,1,MZ,Mozambique,2022,MZ2022DHS,WS_WTRT_H_CER,250231040,I,431001,1431001,Region,Niassa,0,,0,1,WSWTRTHCER,MZDHS2022431001,2022-23,DHS,897,1163,,,1
MOZ,Cabo Delgado,6839369,"Households treating water using a ceramic, sand or other filter",0.1,1,MZ,Mozambique,2022,MZ2022DHS,WS_WTRT_H_CER,250231040,I,431002,1431002,Region,Cabo Delgado,0,,0,1,WSWTRTHCER,MZDHS2022431002,2022-23,DHS,745,1443,,,1
MOZ,Nampula,2942253,"Households treating water using a ceramic, sand or other filter",0,1,MZ,Mozambique,2022,MZ2022DHS,WS_WTRT_H_CER,250231040,I,431003,1431003,Region,Nampula,0,,0,1,WSWTRTHCER,MZDHS2022431003,2022-23,DHS,3403,1568,,,1
MOZ,Zambézia,5003526,"Households treating water using a ceramic, sand or other filter",0,1,MZ,Mozambique,2022,MZ2022DHS,WS_WTRT_H_CER,250231040,I,431004,1431004,Region,Zambézia,0,,0,1,WSWTRTHCER,MZDHS2022431004,2022-23,DHS,2582,1317,,,1
MOZ,Tete,7230988,"Households treating water using a ceramic, sand or other filter",0,1,MZ,Mozambique,2022,MZ2022DHS,WS_WTRT_H_CER,250231040,I,431005,1431005,Region,Tete,0,,0,1,WSWTRTHCER,MZDHS2022431005,2022-23,DHS,1482,1310,,,1
MOZ,Manica,4590197,"Households treating water using a ceramic, sand or other filter",0,1,MZ,Mozambique,2022,MZ2022DHS,WS_WTRT_H_CER,250231040,I,431006,1431006,Region,Manica,0,,0,1,WSWTRTHCER,MZDHS2022431006,2022-23,DHS,936,1243,,,1
MOZ,Sofala,6707078,"Households treating water using a ceramic, sand or other filter",0.8,1,MZ,Mozambique,2022,MZ2022DHS,WS_WTRT_H_CER,250231040,I,431007,1431007,Region,Sofala,0,,0,1,WSWTRTHCER,MZDHS2022431007,2022-23,DHS,931,1257,,,1
MOZ,Inhambane,4238788,"Households treating water using a ceramic, sand or other filter",0,1,MZ,Mozambique,2022,MZ2022DHS,WS_WTRT_H_CER,250231040,I,431008,1431008,Region,Inhambane,0,,0,1,WSWTRTHCER,MZDHS2022431008,2022-23,DHS,717,1273,,,1
MOZ,Gaza,775831,"Households treating water using a ceramic, sand or other filter",0,1,MZ,Mozambique,2022,MZ2022DHS,WS_WTRT_H_CER,250231040,I,431009,1431009,Region,Gaza,0,,0,1,WSWTRTHCER,MZDHS2022431009,2022-23,DHS,692,1234,,,1
MOZ,Maputo Provincia,757079,"Households treating water using a ceramic, sand or other filter",0.1,1,MZ,Mozambique,2022,MZ2022DHS,WS_WTRT_H_CER,250231040,I,431010,1431010,Region,Maputo Provincia,0,,0,1,WSWTRTHCER,MZDHS2022431010,2022-23,DHS,1276,1268,,,1
MOZ,Maputo Cidade,2121916,"Households treating water using a ceramic, sand or other filter",0.9,1,MZ,Mozambique,2022,MZ2022DHS,WS_WTRT_H_CER,250231040,I,431011,1431011,Region,Maputo Cidade,0,,0,1,WSWTRTHCER,MZDHS2022431011,2022-23,DHS,590,1174,,,1
MOZ,Niassa,4149065,Households treating water using solar disinfection,0.2,1,MZ,Mozambique,2022,MZ2022DHS,WS_WTRT_H_SOL,250231050,I,431001,1431001,Region,Niassa,0,,0,1,WSWTRTHSOL,MZDHS2022431001,2022-23,DHS,897,1163,,,1
MOZ,Cabo Delgado,6839375,Households treating water using solar disinfection,0.1,1,MZ,Mozambique,2022,MZ2022DHS,WS_WTRT_H_SOL,250231050,I,431002,1431002,Region,Cabo Delgado,0,,0,1,WSWTRTHSOL,MZDHS2022431002,2022-23,DHS,745,1443,,,1
MOZ,Nampula,2942195,Households treating water using solar disinfection,0,1,MZ,Mozambique,2022,MZ2022DHS,WS_WTRT_H_SOL,250231050,I,431003,1431003,Region,Nampula,0,,0,1,WSWTRTHSOL,MZDHS2022431003,2022-23,DHS,3403,1568,,,1
MOZ,Zambézia,5003539,Households treating water using solar disinfection,0,1,MZ,Mozambique,2022,MZ2022DHS,WS_WTRT_H_SOL,250231050,I,431004,1431004,Region,Zambézia,0,,0,1,WSWTRTHSOL,MZDHS2022431004,2022-23,DHS,2582,1317,,,1
MOZ,Tete,7230944,Households treating water using solar disinfection,0,1,MZ,Mozambique,2022,MZ2022DHS,WS_WTRT_H_SOL,250231050,I,431005,1431005,Region,Tete,0,,0,1,WSWTRTHSOL,MZDHS2022431005,2022-23,DHS,1482,1310,,,1
MOZ,Manica,4590220,Households treating water using solar disinfection,0.2,1,MZ,Mozambique,2022,MZ2022DHS,WS_WTRT_H_SOL,250231050,I,431006,1431006,Region,Manica,0,,0,1,WSWTRTHSOL,MZDHS2022431006,2022-23,DHS,936,1243,,,1
MOZ,Sofala,6707062,Households treating water using solar disinfection,0,1,MZ,Mozambique,2022,MZ2022DHS,WS_WTRT_H_SOL,250231050,I,431007,1431007,Region,Sofala,0,,0,1,WSWTRTHSOL,MZDHS2022431007,2022-23,DHS,931,1257,,,1
MOZ,Inhambane,4238781,Households treating water using solar disinfection,0,1,MZ,Mozambique,2022,MZ2022DHS,WS_WTRT_H_SOL,250231050,I,431008,1431008,Region,Inhambane,0,,0,1,WSWTRTHSOL,MZDHS2022431008,2022-23,DHS,717,1273,,,1
MOZ,Gaza,775840,Households treating water using solar disinfection,0,1,MZ,Mozambique,2022,MZ2022DHS,WS_WTRT_H_SOL,250231050,I,431009,1431009,Region,Gaza,0,,0,1,WSWTRTHSOL,MZDHS2022431009,2022-23,DHS,692,1234,,,1
MOZ,Maputo Provincia,757039,Households treating water using solar disinfection,0,1,MZ,Mozambique,2022,MZ2022DHS,WS_WTRT_H_SOL,250231050,I,431010,1431010,Region,Maputo Provincia,0,,0,1,WSWTRTHSOL,MZDHS2022431010,2022-23,DHS,1276,1268,,,1
MOZ,Maputo Cidade,2121930,Households treating water using solar disinfection,0,1,MZ,Mozambique,2022,MZ2022DHS,WS_WTRT_H_SOL,250231050,I,431011,1431011,Region,Maputo Cidade,0,,0,1,WSWTRTHSOL,MZDHS2022431011,2022-23,DHS,590,1174,,,1
MOZ,Niassa,4149069,Households treating water using other methods,4.4,1,MZ,Mozambique,2022,MZ2022DHS,WS_WTRT_H_OTH,250231060,I,431001,1431001,Region,Niassa,0,,0,1,WSWTRTHOTH,MZDHS2022431001,2022-23,DHS,897,1163,,,1
MOZ,Cabo Delgado,6839380,Households treating water using other methods,5.3,1,MZ,Mozambique,2022,MZ2022DHS,WS_WTRT_H_OTH,250231060,I,431002,1431002,Region,Cabo Delgado,0,,0,1,WSWTRTHOTH,MZDHS2022431002,2022-23,DHS,745,1443,,,1
MOZ,Nampula,2942212,Households treating water using other methods,4.9,1,MZ,Mozambique,2022,MZ2022DHS,WS_WTRT_H_OTH,250231060,I,431003,1431003,Region,Nampula,0,,0,1,WSWTRTHOTH,MZDHS2022431003,2022-23,DHS,3403,1568,,,1
MOZ,Zambézia,5003565,Households treating water using other methods,2.1,1,MZ,Mozambique,2022,MZ2022DHS,WS_WTRT_H_OTH,250231060,I,431004,1431004,Region,Zambézia,0,,0,1,WSWTRTHOTH,MZDHS2022431004,2022-23,DHS,2582,1317,,,1
MOZ,Tete,7230993,Households treating water using other methods,3.5,1,MZ,Mozambique,2022,MZ2022DHS,WS_WTRT_H_OTH,250231060,I,431005,1431005,Region,Tete,0,,0,1,WSWTRTHOTH,MZDHS2022431005,2022-23,DHS,1482,1310,,,1
MOZ,Manica,4589969,Households treating water using other methods,3.8,1,MZ,Mozambique,2022,MZ2022DHS,WS_WTRT_H_OTH,250231060,I,431006,1431006,Region,Manica,0,,0,1,WSWTRTHOTH,MZDHS2022431006,2022-23,DHS,936,1243,,,1
MOZ,Sofala,6707070,Households treating water using other methods,11.5,1,MZ,Mozambique,2022,MZ2022DHS,WS_WTRT_H_OTH,250231060,I,431007,1431007,Region,Sofala,0,,0,1,WSWTRTHOTH,MZDHS2022431007,2022-23,DHS,931,1257,,,1
MOZ,Inhambane,4238793,Households treating water using other methods,2.9,1,MZ,Mozambique,2022,MZ2022DHS,WS_WTRT_H_OTH,250231060,I,431008,1431008,Region,Inhambane,0,,0,1,WSWTRTHOTH,MZDHS2022431008,2022-23,DHS,717,1273,,,1
MOZ,Gaza,775841,Households treating water using other methods,2,1,MZ,Mozambique,2022,MZ2022DHS,WS_WTRT_H_OTH,250231060,I,431009,1431009,Region,Gaza,0,,0,1,WSWTRTHOTH,MZDHS2022431009,2022-23,DHS,692,1234,,,1
MOZ,Maputo Provincia,757058,Households treating water using other methods,1.5,1,MZ,Mozambique,2022,MZ2022DHS,WS_WTRT_H_OTH,250231060,I,431010,1431010,Region,Maputo Provincia,0,,0,1,WSWTRTHOTH,MZDHS2022431010,2022-23,DHS,1276,1268,,,1
MOZ,Maputo Cidade,2121935,Households treating water using other methods,2.6,1,MZ,Mozambique,2022,MZ2022DHS,WS_WTRT_H_OTH,250231060,I,431011,1431011,Region,Maputo Cidade,0,,0,1,WSWTRTHOTH,MZDHS2022431011,2022-23,DHS,590,1174,,,1
MOZ,Niassa,4149070,Households not treating water,92.9,1,MZ,Mozambique,2022,MZ2022DHS,WS_WTRT_H_NTR,250231070,I,431001,1431001,Region,Niassa,0,,0,1,WSWTRTHNTR,MZDHS2022431001,2022-23,DHS,897,1163,,,1
MOZ,Cabo Delgado,6839381,Households not treating water,92.2,1,MZ,Mozambique,2022,MZ2022DHS,WS_WTRT_H_NTR,250231070,I,431002,1431002,Region,Cabo Delgado,0,,0,1,WSWTRTHNTR,MZDHS2022431002,2022-23,DHS,745,1443,,,1
MOZ,Nampula,2942213,Households not treating water,93.9,1,MZ,Mozambique,2022,MZ2022DHS,WS_WTRT_H_NTR,250231070,I,431003,1431003,Region,Nampula,0,,0,1,WSWTRTHNTR,MZDHS2022431003,2022-23,DHS,3403,1568,,,1
MOZ,Zambézia,5003567,Households not treating water,96.2,1,MZ,Mozambique,2022,MZ2022DHS,WS_WTRT_H_NTR,250231070,I,431004,1431004,Region,Zambézia,0,,0,1,WSWTRTHNTR,MZDHS2022431004,2022-23,DHS,2582,1317,,,1
MOZ,Tete,7230994,Households not treating water,93.7,1,MZ,Mozambique,2022,MZ2022DHS,WS_WTRT_H_NTR,250231070,I,431005,1431005,Region,Tete,0,,0,1,WSWTRTHNTR,MZDHS2022431005,2022-23,DHS,1482,1310,,,1
MOZ,Manica,4589970,Households not treating water,90,1,MZ,Mozambique,2022,MZ2022DHS,WS_WTRT_H_NTR,250231070,I,431006,1431006,Region,Manica,0,,0,1,WSWTRTHNTR,MZDHS2022431006,2022-23,DHS,936,1243,,,1
MOZ,Sofala,6707079,Households not treating water,81.2,1,MZ,Mozambique,2022,MZ2022DHS,WS_WTRT_H_NTR,250231070,I,431007,1431007,Region,Sofala,0,,0,1,WSWTRTHNTR,MZDHS2022431007,2022-23,DHS,931,1257,,,1
MOZ,Inhambane,4238794,Households not treating water,92.9,1,MZ,Mozambique,2022,MZ2022DHS,WS_WTRT_H_NTR,250231070,I,431008,1431008,Region,Inhambane,0,,0,1,WSWTRTHNTR,MZDHS2022431008,2022-23,DHS,717,1273,,,1
MOZ,Gaza,775842,Households not treating water,95.4,1,MZ,Mozambique,2022,MZ2022DHS,WS_WTRT_H_NTR,250231070,I,431009,1431009,Region,Gaza,0,,0,1,WSWTRTHNTR,MZDHS2022431009,2022-23,DHS,692,1234,,,1
MOZ,Maputo Provincia,757059,Households not treating water,90.8,1,MZ,Mozambique,2022,MZ2022DHS,WS_WTRT_H_NTR,250231070,I,431010,1431010,Region,Maputo Provincia,0,,0,1,WSWTRTHNTR,MZDHS2022431010,2022-23,DHS,1276,1268,,,1
MOZ,Maputo Cidade,2121936,Households not treating water,79.4,1,MZ,Mozambique,2022,MZ2022DHS,WS_WTRT_H_NTR,250231070,I,431011,1431011,Region,Maputo Cidade,0,,0,1,WSWTRTHNTR,MZDHS2022431011,2022-23,DHS,590,1174,,,1
MOZ,Niassa,4149071,Households with missing information on treatment of water,0.1,1,MZ,Mozambique,2022,MZ2022DHS,WS_WTRT_H_DKM,250231080,S,431001,1431001,Region,Niassa,0,,0,1,WSWTRTHDKM,MZDHS2022431001,2022-23,DHS,897,1163,,,1
MOZ,Cabo Delgado,6839382,Households with missing information on treatment of water,0.1,1,MZ,Mozambique,2022,MZ2022DHS,WS_WTRT_H_DKM,250231080,S,431002,1431002,Region,Cabo Delgado,0,,0,1,WSWTRTHDKM,MZDHS2022431002,2022-23,DHS,745,1443,,,1
MOZ,Nampula,2942214,Households with missing information on treatment of water,0,1,MZ,Mozambique,2022,MZ2022DHS,WS_WTRT_H_DKM,250231080,S,431003,1431003,Region,Nampula,0,,0,1,WSWTRTHDKM,MZDHS2022431003,2022-23,DHS,3403,1568,,,1
MOZ,Zambézia,5003612,Households with missing information on treatment of water,0,1,MZ,Mozambique,2022,MZ2022DHS,WS_WTRT_H_DKM,250231080,S,431004,1431004,Region,Zambézia,0,,0,1,WSWTRTHDKM,MZDHS2022431004,2022-23,DHS,2582,1317,,,1
MOZ,Tete,7230995,Households with missing information on treatment of water,0,1,MZ,Mozambique,2022,MZ2022DHS,WS_WTRT_H_DKM,250231080,S,431005,1431005,Region,Tete,0,,0,1,WSWTRTHDKM,MZDHS2022431005,2022-23,DHS,1482,1310,,,1
MOZ,Manica,4590031,Households with missing information on treatment of water,0.1,1,MZ,Mozambique,2022,MZ2022DHS,WS_WTRT_H_DKM,250231080,S,431006,1431006,Region,Manica,0,,0,1,WSWTRTHDKM,MZDHS2022431006,2022-23,DHS,936,1243,,,1
MOZ,Sofala,6707080,Households with missing information on treatment of water,0,1,MZ,Mozambique,2022,MZ2022DHS,WS_WTRT_H_DKM,250231080,S,431007,1431007,Region,Sofala,0,,0,1,WSWTRTHDKM,MZDHS2022431007,2022-23,DHS,931,1257,,,1
MOZ,Inhambane,4238795,Households with missing information on treatment of water,0,1,MZ,Mozambique,2022,MZ2022DHS,WS_WTRT_H_DKM,250231080,S,431008,1431008,Region,Inhambane,0,,0,1,WSWTRTHDKM,MZDHS2022431008,2022-23,DHS,717,1273,,,1
MOZ,Gaza,775843,Households with missing information on treatment of water,0,1,MZ,Mozambique,2022,MZ2022DHS,WS_WTRT_H_DKM,250231080,S,431009,1431009,Region,Gaza,0,,0,1,WSWTRTHDKM,MZDHS2022431009,2022-23,DHS,692,1234,,,1
MOZ,Maputo Provincia,757060,Households with missing information on treatment of water,0,1,MZ,Mozambique,2022,MZ2022DHS,WS_WTRT_H_DKM,250231080,S,431010,1431010,Region,Maputo Provincia,0,,0,1,WSWTRTHDKM,MZDHS2022431010,2022-23,DHS,1276,1268,,,1
MOZ,Maputo Cidade,2121943,Households with missing information on treatment of water,0,1,MZ,Mozambique,2022,MZ2022DHS,WS_WTRT_H_DKM,250231080,S,431011,1431011,Region,Maputo Cidade,0,,0,1,WSWTRTHDKM,MZDHS2022431011,2022-23,DHS,590,1174,,,1
MOZ,Niassa,4149072,Households using an appropriate treatment method,4.6,1,MZ,Mozambique,2022,MZ2022DHS,WS_WTRT_H_APP,250231090,I,431001,1431001,Region,Niassa,0,,0,1,WSWTRTHAPP,MZDHS2022431001,2022-23,DHS,897,1163,,,1
MOZ,Cabo Delgado,6839383,Households using an appropriate treatment method,7.4,1,MZ,Mozambique,2022,MZ2022DHS,WS_WTRT_H_APP,250231090,I,431002,1431002,Region,Cabo Delgado,0,,0,1,WSWTRTHAPP,MZDHS2022431002,2022-23,DHS,745,1443,,,1
MOZ,Nampula,2942215,Households using an appropriate treatment method,5.8,1,MZ,Mozambique,2022,MZ2022DHS,WS_WTRT_H_APP,250231090,I,431003,1431003,Region,Nampula,0,,0,1,WSWTRTHAPP,MZDHS2022431003,2022-23,DHS,3403,1568,,,1
MOZ,Zambézia,5003613,Households using an appropriate treatment method,3.3,1,MZ,Mozambique,2022,MZ2022DHS,WS_WTRT_H_APP,250231090,I,431004,1431004,Region,Zambézia,0,,0,1,WSWTRTHAPP,MZDHS2022431004,2022-23,DHS,2582,1317,,,1
MOZ,Tete,7230996,Households using an appropriate treatment method,6.1,1,MZ,Mozambique,2022,MZ2022DHS,WS_WTRT_H_APP,250231090,I,431005,1431005,Region,Tete,0,,0,1,WSWTRTHAPP,MZDHS2022431005,2022-23,DHS,1482,1310,,,1
MOZ,Manica,4590032,Households using an appropriate treatment method,9.5,1,MZ,Mozambique,2022,MZ2022DHS,WS_WTRT_H_APP,250231090,I,431006,1431006,Region,Manica,0,,0,1,WSWTRTHAPP,MZDHS2022431006,2022-23,DHS,936,1243,,,1
MOZ,Sofala,6707081,Households using an appropriate treatment method,18.4,1,MZ,Mozambique,2022,MZ2022DHS,WS_WTRT_H_APP,250231090,I,431007,1431007,Region,Sofala,0,,0,1,WSWTRTHAPP,MZDHS2022431007,2022-23,DHS,931,1257,,,1
MOZ,Inhambane,4238796,Households using an appropriate treatment method,5.5,1,MZ,Mozambique,2022,MZ2022DHS,WS_WTRT_H_APP,250231090,I,431008,1431008,Region,Inhambane,0,,0,1,WSWTRTHAPP,MZDHS2022431008,2022-23,DHS,717,1273,,,1
MOZ,Gaza,775895,Households using an appropriate treatment method,3.2,1,MZ,Mozambique,2022,MZ2022DHS,WS_WTRT_H_APP,250231090,I,431009,1431009,Region,Gaza,0,,0,1,WSWTRTHAPP,MZDHS2022431009,2022-23,DHS,692,1234,,,1
MOZ,Maputo Provincia,757061,Households using an appropriate treatment method,8.9,1,MZ,Mozambique,2022,MZ2022DHS,WS_WTRT_H_APP,250231090,I,431010,1431010,Region,Maputo Provincia,0,,0,1,WSWTRTHAPP,MZDHS2022431010,2022-23,DHS,1276,1268,,,1
MOZ,Maputo Cidade,2121944,Households using an appropriate treatment method,20.3,1,MZ,Mozambique,2022,MZ2022DHS,WS_WTRT_H_APP,250231090,I,431011,1431011,Region,Maputo Cidade,0,,0,1,WSWTRTHAPP,MZDHS2022431011,2022-23,DHS,590,1174,,,1
MOZ,Niassa,4149068,Number of households,897,0,MZ,Mozambique,2022,MZ2022DHS,WS_WTRT_H_NUM,250231100,D,431001,1431001,Region,Niassa,0,,0,1,WSWTRTHNUM,MZDHS2022431001,2022-23,DHS,,1163,,,1
MOZ,Cabo Delgado,6867844,Number of households,745,0,MZ,Mozambique,2022,MZ2022DHS,WS_WTRT_H_NUM,250231100,D,431002,1431002,Region,Cabo Delgado,0,,0,1,WSWTRTHNUM,MZDHS2022431002,2022-23,DHS,,1443,,,1
MOZ,Nampula,2128814,Number of households,3403,0,MZ,Mozambique,2022,MZ2022DHS,WS_WTRT_H_NUM,250231100,D,431003,1431003,Region,Nampula,0,,0,1,WSWTRTHNUM,MZDHS2022431003,2022-23,DHS,,1568,,,1
MOZ,Zambézia,5056508,Number of households,2582,0,MZ,Mozambique,2022,MZ2022DHS,WS_WTRT_H_NUM,250231100,D,431004,1431004,Region,Zambézia,0,,0,1,WSWTRTHNUM,MZDHS2022431004,2022-23,DHS,,1317,,,1
MOZ,Tete,7232257,Number of households,1482,0,MZ,Mozambique,2022,MZ2022DHS,WS_WTRT_H_NUM,250231100,D,431005,1431005,Region,Tete,0,,0,1,WSWTRTHNUM,MZDHS2022431005,2022-23,DHS,,1310,,,1
MOZ,Manica,4672975,Number of households,936,0,MZ,Mozambique,2022,MZ2022DHS,WS_WTRT_H_NUM,250231100,D,431006,1431006,Region,Manica,0,,0,1,WSWTRTHNUM,MZDHS2022431006,2022-23,DHS,,1243,,,1
MOZ,Sofala,6729742,Number of households,931,0,MZ,Mozambique,2022,MZ2022DHS,WS_WTRT_H_NUM,250231100,D,431007,1431007,Region,Sofala,0,,0,1,WSWTRTHNUM,MZDHS2022431007,2022-23,DHS,,1257,,,1
MOZ,Inhambane,4238782,Number of households,717,0,MZ,Mozambique,2022,MZ2022DHS,WS_WTRT_H_NUM,250231100,D,431008,1431008,Region,Inhambane,0,,0,1,WSWTRTHNUM,MZDHS2022431008,2022-23,DHS,,1273,,,1
MOZ,Gaza,2121953,Number of households,692,0,MZ,Mozambique,2022,MZ2022DHS,WS_WTRT_H_NUM,250231100,D,431009,1431009,Region,Gaza,0,,0,1,WSWTRTHNUM,MZDHS2022431009,2022-23,DHS,,1234,,,1
MOZ,Maputo Provincia,2115335,Number of households,1276,0,MZ,Mozambique,2022,MZ2022DHS,WS_WTRT_H_NUM,250231100,D,431010,1431010,Region,Maputo Provincia,0,,0,1,WSWTRTHNUM,MZDHS2022431010,2022-23,DHS,,1268,,,1
MOZ,Maputo Cidade,691066,Number of households,590,0,MZ,Mozambique,2022,MZ2022DHS,WS_WTRT_H_NUM,250231100,D,431011,1431011,Region,Maputo Cidade,0,,0,1,WSWTRTHNUM,MZDHS2022431011,2022-23,DHS,,1174,,,1
MOZ,Niassa,2128912,Number of households (unweighted),1163,0,MZ,Mozambique,2022,MZ2022DHS,WS_WTRT_H_UNW,250231110,U,431001,1431001,Region,Niassa,0,,0,1,WSWTRTHUNW,MZDHS2022431001,2022-23,DHS,897,,,,1
MOZ,Cabo Delgado,536358,Number of households (unweighted),1443,0,MZ,Mozambique,2022,MZ2022DHS,WS_WTRT_H_UNW,250231110,U,431002,1431002,Region,Cabo Delgado,0,,0,1,WSWTRTHUNW,MZDHS2022431002,2022-23,DHS,745,,,,1
MOZ,Nampula,2942216,Number of households (unweighted),1568,0,MZ,Mozambique,2022,MZ2022DHS,WS_WTRT_H_UNW,250231110,U,431003,1431003,Region,Nampula,0,,0,1,WSWTRTHUNW,MZDHS2022431003,2022-23,DHS,3403,,,,1
MOZ,Zambézia,2958571,Number of households (unweighted),1317,0,MZ,Mozambique,2022,MZ2022DHS,WS_WTRT_H_UNW,250231110,U,431004,1431004,Region,Zambézia,0,,0,1,WSWTRTHUNW,MZDHS2022431004,2022-23,DHS,2582,,,,1
MOZ,Tete,2553845,Number of households (unweighted),1310,0,MZ,Mozambique,2022,MZ2022DHS,WS_WTRT_H_UNW,250231110,U,431005,1431005,Region,Tete,0,,0,1,WSWTRTHUNW,MZDHS2022431005,2022-23,DHS,1482,,,,1
MOZ,Manica,548,Number of households (unweighted),1243,0,MZ,Mozambique,2022,MZ2022DHS,WS_WTRT_H_UNW,250231110,U,431006,1431006,Region,Manica,0,,0,1,WSWTRTHUNW,MZDHS2022431006,2022-23,DHS,936,,,,1
MOZ,Sofala,168344,Number of households (unweighted),1257,0,MZ,Mozambique,2022,MZ2022DHS,WS_WTRT_H_UNW,250231110,U,431007,1431007,Region,Sofala,0,,0,1,WSWTRTHUNW,MZDHS2022431007,2022-23,DHS,931,,,,1
MOZ,Inhambane,2121980,Number of households (unweighted),1273,0,MZ,Mozambique,2022,MZ2022DHS,WS_WTRT_H_UNW,250231110,U,431008,1431008,Region,Inhambane,0,,0,1,WSWTRTHUNW,MZDHS2022431008,2022-23,DHS,717,,,,1
MOZ,Gaza,775776,Number of households (unweighted),1234,0,MZ,Mozambique,2022,MZ2022DHS,WS_WTRT_H_UNW,250231110,U,431009,1431009,Region,Gaza,0,,0,1,WSWTRTHUNW,MZDHS2022431009,2022-23,DHS,692,,,,1
MOZ,Maputo Provincia,757056,Number of households (unweighted),1268,0,MZ,Mozambique,2022,MZ2022DHS,WS_WTRT_H_UNW,250231110,U,431010,1431010,Region,Maputo Provincia,0,,0,1,WSWTRTHUNW,MZDHS2022431010,2022-23,DHS,1276,,,,1
MOZ,Maputo Cidade,6301664,Number of households (unweighted),1174,0,MZ,Mozambique,2022,MZ2022DHS,WS_WTRT_H_UNW,250231110,U,431011,1431011,Region,Maputo Cidade,0,,0,1,WSWTRTHUNW,MZDHS2022431011,2022-23,DHS,590,,,,1
MOZ,Niassa,5442272,Population treating water by boiling,2.2,1,MZ,Mozambique,2022,MZ2022DHS,WS_WTRT_P_BOL,250232010,I,431001,1431001,Region,Niassa,0,,0,1,WSWTRTPBOL,MZDHS2022431001,2022-23,DHS,4571,5901,,,1
MOZ,Cabo Delgado,7289252,Population treating water by boiling,3,1,MZ,Mozambique,2022,MZ2022DHS,WS_WTRT_P_BOL,250232010,I,431002,1431002,Region,Cabo Delgado,0,,0,1,WSWTRTPBOL,MZDHS2022431002,2022-23,DHS,3740,7084,,,1
MOZ,Nampula,108199,Population treating water by boiling,1.5,1,MZ,Mozambique,2022,MZ2022DHS,WS_WTRT_P_BOL,250232010,I,431003,1431003,Region,Nampula,0,,0,1,WSWTRTPBOL,MZDHS2022431003,2022-23,DHS,16140,7441,,,1
MOZ,Zambézia,6778421,Population treating water by boiling,0.9,1,MZ,Mozambique,2022,MZ2022DHS,WS_WTRT_P_BOL,250232010,I,431004,1431004,Region,Zambézia,0,,0,1,WSWTRTPBOL,MZDHS2022431004,2022-23,DHS,11861,6062,,,1
MOZ,Tete,2115313,Population treating water by boiling,1.6,1,MZ,Mozambique,2022,MZ2022DHS,WS_WTRT_P_BOL,250232010,I,431005,1431005,Region,Tete,0,,0,1,WSWTRTPBOL,MZDHS2022431005,2022-23,DHS,6685,5950,,,1
MOZ,Manica,460635,Population treating water by boiling,1.6,1,MZ,Mozambique,2022,MZ2022DHS,WS_WTRT_P_BOL,250232010,I,431006,1431006,Region,Manica,0,,0,1,WSWTRTPBOL,MZDHS2022431006,2022-23,DHS,4879,6446,,,1
MOZ,Sofala,3858431,Population treating water by boiling,4.4,1,MZ,Mozambique,2022,MZ2022DHS,WS_WTRT_P_BOL,250232010,I,431007,1431007,Region,Sofala,0,,0,1,WSWTRTPBOL,MZDHS2022431007,2022-23,DHS,4578,6320,,,1
MOZ,Inhambane,5014038,Population treating water by boiling,4.2,1,MZ,Mozambique,2022,MZ2022DHS,WS_WTRT_P_BOL,250232010,I,431008,1431008,Region,Inhambane,0,,0,1,WSWTRTPBOL,MZDHS2022431008,2022-23,DHS,2863,5084,,,1
MOZ,Gaza,7190577,Population treating water by boiling,2,1,MZ,Mozambique,2022,MZ2022DHS,WS_WTRT_P_BOL,250232010,I,431009,1431009,Region,Gaza,0,,0,1,WSWTRTPBOL,MZDHS2022431009,2022-23,DHS,3078,5497,,,1
MOZ,Maputo Provincia,4776314,Population treating water by boiling,7.6,1,MZ,Mozambique,2022,MZ2022DHS,WS_WTRT_P_BOL,250232010,I,431010,1431010,Region,Maputo Provincia,0,,0,1,WSWTRTPBOL,MZDHS2022431010,2022-23,DHS,5134,5152,,,1
MOZ,Maputo Cidade,6246478,Population treating water by boiling,16.6,1,MZ,Mozambique,2022,MZ2022DHS,WS_WTRT_P_BOL,250232010,I,431011,1431011,Region,Maputo Cidade,0,,0,1,WSWTRTPBOL,MZDHS2022431011,2022-23,DHS,2507,4994,,,1
MOZ,Niassa,5442273,Population treating water by adding bleach/chlorine,0.2,1,MZ,Mozambique,2022,MZ2022DHS,WS_WTRT_P_BLC,250232020,I,431001,1431001,Region,Niassa,0,,0,1,WSWTRTPBLC,MZDHS2022431001,2022-23,DHS,4571,5901,,,1
MOZ,Cabo Delgado,7289253,Population treating water by adding bleach/chlorine,0.3,1,MZ,Mozambique,2022,MZ2022DHS,WS_WTRT_P_BLC,250232020,I,431002,1431002,Region,Cabo Delgado,0,,0,1,WSWTRTPBLC,MZDHS2022431002,2022-23,DHS,3740,7084,,,1
MOZ,Nampula,108200,Population treating water by adding bleach/chlorine,0,1,MZ,Mozambique,2022,MZ2022DHS,WS_WTRT_P_BLC,250232020,I,431003,1431003,Region,Nampula,0,,0,1,WSWTRTPBLC,MZDHS2022431003,2022-23,DHS,16140,7441,,,1
MOZ,Zambézia,6778424,Population treating water by adding bleach/chlorine,0.6,1,MZ,Mozambique,2022,MZ2022DHS,WS_WTRT_P_BLC,250232020,I,431004,1431004,Region,Zambézia,0,,0,1,WSWTRTPBLC,MZDHS2022431004,2022-23,DHS,11861,6062,,,1
MOZ,Tete,2115314,Population treating water by adding bleach/chlorine,1.9,1,MZ,Mozambique,2022,MZ2022DHS,WS_WTRT_P_BLC,250232020,I,431005,1431005,Region,Tete,0,,0,1,WSWTRTPBLC,MZDHS2022431005,2022-23,DHS,6685,5950,,,1
MOZ,Manica,460636,Population treating water by adding bleach/chlorine,6.1,1,MZ,Mozambique,2022,MZ2022DHS,WS_WTRT_P_BLC,250232020,I,431006,1431006,Region,Manica,0,,0,1,WSWTRTPBLC,MZDHS2022431006,2022-23,DHS,4879,6446,,,1
MOZ,Sofala,3858432,Population treating water by adding bleach/chlorine,3.3,1,MZ,Mozambique,2022,MZ2022DHS,WS_WTRT_P_BLC,250232020,I,431007,1431007,Region,Sofala,0,,0,1,WSWTRTPBLC,MZDHS2022431007,2022-23,DHS,4578,6320,,,1
MOZ,Inhambane,5014039,Population treating water by adding bleach/chlorine,0.4,1,MZ,Mozambique,2022,MZ2022DHS,WS_WTRT_P_BLC,250232020,I,431008,1431008,Region,Inhambane,0,,0,1,WSWTRTPBLC,MZDHS2022431008,2022-23,DHS,2863,5084,,,1
MOZ,Gaza,7190578,Population treating water by adding bleach/chlorine,0.1,1,MZ,Mozambique,2022,MZ2022DHS,WS_WTRT_P_BLC,250232020,I,431009,1431009,Region,Gaza,0,,0,1,WSWTRTPBLC,MZDHS2022431009,2022-23,DHS,3078,5497,,,1
MOZ,Maputo Provincia,4776316,Population treating water by adding bleach/chlorine,0.4,1,MZ,Mozambique,2022,MZ2022DHS,WS_WTRT_P_BLC,250232020,I,431010,1431010,Region,Maputo Provincia,0,,0,1,WSWTRTPBLC,MZDHS2022431010,2022-23,DHS,5134,5152,,,1
MOZ,Maputo Cidade,6246479,Population treating water by adding bleach/chlorine,0.2,1,MZ,Mozambique,2022,MZ2022DHS,WS_WTRT_P_BLC,250232020,I,431011,1431011,Region,Maputo Cidade,0,,0,1,WSWTRTPBLC,MZDHS2022431011,2022-23,DHS,2507,4994,,,1
MOZ,Niassa,5442278,Population treating water by straining through a cloth,0.3,1,MZ,Mozambique,2022,MZ2022DHS,WS_WTRT_P_STN,250232030,I,431001,1431001,Region,Niassa,0,,0,1,WSWTRTPSTN,MZDHS2022431001,2022-23,DHS,4571,5901,,,1
MOZ,Cabo Delgado,7289261,Population treating water by straining through a cloth,0.2,1,MZ,Mozambique,2022,MZ2022DHS,WS_WTRT_P_STN,250232030,I,431002,1431002,Region,Cabo Delgado,0,,0,1,WSWTRTPSTN,MZDHS2022431002,2022-23,DHS,3740,7084,,,1
MOZ,Nampula,108204,Population treating water by straining through a cloth,0.1,1,MZ,Mozambique,2022,MZ2022DHS,WS_WTRT_P_STN,250232030,I,431003,1431003,Region,Nampula,0,,0,1,WSWTRTPSTN,MZDHS2022431003,2022-23,DHS,16140,7441,,,1
MOZ,Zambézia,6778432,Population treating water by straining through a cloth,0,1,MZ,Mozambique,2022,MZ2022DHS,WS_WTRT_P_STN,250232030,I,431004,1431004,Region,Zambézia,0,,0,1,WSWTRTPSTN,MZDHS2022431004,2022-23,DHS,11861,6062,,,1
MOZ,Tete,2115319,Population treating water by straining through a cloth,0,1,MZ,Mozambique,2022,MZ2022DHS,WS_WTRT_P_STN,250232030,I,431005,1431005,Region,Tete,0,,0,1,WSWTRTPSTN,MZDHS2022431005,2022-23,DHS,6685,5950,,,1
MOZ,Manica,460644,Population treating water by straining through a cloth,0.1,1,MZ,Mozambique,2022,MZ2022DHS,WS_WTRT_P_STN,250232030,I,431006,1431006,Region,Manica,0,,0,1,WSWTRTPSTN,MZDHS2022431006,2022-23,DHS,4879,6446,,,1
MOZ,Sofala,3858334,Population treating water by straining through a cloth,0.1,1,MZ,Mozambique,2022,MZ2022DHS,WS_WTRT_P_STN,250232030,I,431007,1431007,Region,Sofala,0,,0,1,WSWTRTPSTN,MZDHS2022431007,2022-23,DHS,4578,6320,,,1
MOZ,Inhambane,5014047,Population treating water by straining through a cloth,0.1,1,MZ,Mozambique,2022,MZ2022DHS,WS_WTRT_P_STN,250232030,I,431008,1431008,Region,Inhambane,0,,0,1,WSWTRTPSTN,MZDHS2022431008,2022-23,DHS,2863,5084,,,1
MOZ,Gaza,7190570,Population treating water by straining through a cloth,0.5,1,MZ,Mozambique,2022,MZ2022DHS,WS_WTRT_P_STN,250232030,I,431009,1431009,Region,Gaza,0,,0,1,WSWTRTPSTN,MZDHS2022431009,2022-23,DHS,3078,5497,,,1
MOZ,Maputo Provincia,4776320,Population treating water by straining through a cloth,0.1,1,MZ,Mozambique,2022,MZ2022DHS,WS_WTRT_P_STN,250232030,I,431010,1431010,Region,Maputo Provincia,0,,0,1,WSWTRTPSTN,MZDHS2022431010,2022-23,DHS,5134,5152,,,1
MOZ,Maputo Cidade,6246473,Population treating water by straining through a cloth,0.4,1,MZ,Mozambique,2022,MZ2022DHS,WS_WTRT_P_STN,250232030,I,431011,1431011,Region,Maputo Cidade,0,,0,1,WSWTRTPSTN,MZDHS2022431011,2022-23,DHS,2507,4994,,,1
MOZ,Niassa,5442267,"Population treating water using a ceramic, sand or other filter",0,1,MZ,Mozambique,2022,MZ2022DHS,WS_WTRT_P_CER,250232040,I,431001,1431001,Region,Niassa,0,,0,1,WSWTRTPCER,MZDHS2022431001,2022-23,DHS,4571,5901,,,1
MOZ,Cabo Delgado,7289248,"Population treating water using a ceramic, sand or other filter",0.2,1,MZ,Mozambique,2022,MZ2022DHS,WS_WTRT_P_CER,250232040,I,431002,1431002,Region,Cabo Delgado,0,,0,1,WSWTRTPCER,MZDHS2022431002,2022-23,DHS,3740,7084,,,1
MOZ,Nampula,108189,"Population treating water using a ceramic, sand or other filter",0,1,MZ,Mozambique,2022,MZ2022DHS,WS_WTRT_P_CER,250232040,I,431003,1431003,Region,Nampula,0,,0,1,WSWTRTPCER,MZDHS2022431003,2022-23,DHS,16140,7441,,,1
MOZ,Zambézia,6778422,"Population treating water using a ceramic, sand or other filter",0,1,MZ,Mozambique,2022,MZ2022DHS,WS_WTRT_P_CER,250232040,I,431004,1431004,Region,Zambézia,0,,0,1,WSWTRTPCER,MZDHS2022431004,2022-23,DHS,11861,6062,,,1
MOZ,Tete,2115308,"Population treating water using a ceramic, sand or other filter",0,1,MZ,Mozambique,2022,MZ2022DHS,WS_WTRT_P_CER,250232040,I,431005,1431005,Region,Tete,0,,0,1,WSWTRTPCER,MZDHS2022431005,2022-23,DHS,6685,5950,,,1
MOZ,Manica,460698,"Population treating water using a ceramic, sand or other filter",0,1,MZ,Mozambique,2022,MZ2022DHS,WS_WTRT_P_CER,250232040,I,431006,1431006,Region,Manica,0,,0,1,WSWTRTPCER,MZDHS2022431006,2022-23,DHS,4879,6446,,,1
MOZ,Sofala,3858442,"Population treating water using a ceramic, sand or other filter",0.9,1,MZ,Mozambique,2022,MZ2022DHS,WS_WTRT_P_CER,250232040,I,431007,1431007,Region,Sofala,0,,0,1,WSWTRTPCER,MZDHS2022431007,2022-23,DHS,4578,6320,,,1
MOZ,Inhambane,5014029,"Population treating water using a ceramic, sand or other filter",0,1,MZ,Mozambique,2022,MZ2022DHS,WS_WTRT_P_CER,250232040,I,431008,1431008,Region,Inhambane,0,,0,1,WSWTRTPCER,MZDHS2022431008,2022-23,DHS,2863,5084,,,1
MOZ,Gaza,7190561,"Population treating water using a ceramic, sand or other filter",0,1,MZ,Mozambique,2022,MZ2022DHS,WS_WTRT_P_CER,250232040,I,431009,1431009,Region,Gaza,0,,0,1,WSWTRTPCER,MZDHS2022431009,2022-23,DHS,3078,5497,,,1
MOZ,Maputo Provincia,4776317,"Population treating water using a ceramic, sand or other filter",0.1,1,MZ,Mozambique,2022,MZ2022DHS,WS_WTRT_P_CER,250232040,I,431010,1431010,Region,Maputo Provincia,0,,0,1,WSWTRTPCER,MZDHS2022431010,2022-23,DHS,5134,5152,,,1
MOZ,Maputo Cidade,6246468,"Population treating water using a ceramic, sand or other filter",0.5,1,MZ,Mozambique,2022,MZ2022DHS,WS_WTRT_P_CER,250232040,I,431011,1431011,Region,Maputo Cidade,0,,0,1,WSWTRTPCER,MZDHS2022431011,2022-23,DHS,2507,4994,,,1
MOZ,Niassa,5442279,Population treating water using solar disinfection,0.2,1,MZ,Mozambique,2022,MZ2022DHS,WS_WTRT_P_SOL,250232050,I,431001,1431001,Region,Niassa,0,,0,1,WSWTRTPSOL,MZDHS2022431001,2022-23,DHS,4571,5901,,,1
MOZ,Cabo Delgado,7289262,Population treating water using solar disinfection,0.1,1,MZ,Mozambique,2022,MZ2022DHS,WS_WTRT_P_SOL,250232050,I,431002,1431002,Region,Cabo Delgado,0,,0,1,WSWTRTPSOL,MZDHS2022431002,2022-23,DHS,3740,7084,,,1
MOZ,Nampula,108205,Population treating water using solar disinfection,0,1,MZ,Mozambique,2022,MZ2022DHS,WS_WTRT_P_SOL,250232050,I,431003,1431003,Region,Nampula,0,,0,1,WSWTRTPSOL,MZDHS2022431003,2022-23,DHS,16140,7441,,,1
MOZ,Zambézia,6778433,Population treating water using solar disinfection,0,1,MZ,Mozambique,2022,MZ2022DHS,WS_WTRT_P_SOL,250232050,I,431004,1431004,Region,Zambézia,0,,0,1,WSWTRTPSOL,MZDHS2022431004,2022-23,DHS,11861,6062,,,1
MOZ,Tete,2115320,Population treating water using solar disinfection,0,1,MZ,Mozambique,2022,MZ2022DHS,WS_WTRT_P_SOL,250232050,I,431005,1431005,Region,Tete,0,,0,1,WSWTRTPSOL,MZDHS2022431005,2022-23,DHS,6685,5950,,,1
MOZ,Manica,460645,Population treating water using solar disinfection,0.2,1,MZ,Mozambique,2022,MZ2022DHS,WS_WTRT_P_SOL,250232050,I,431006,1431006,Region,Manica,0,,0,1,WSWTRTPSOL,MZDHS2022431006,2022-23,DHS,4879,6446,,,1
MOZ,Sofala,3858335,Population treating water using solar disinfection,0,1,MZ,Mozambique,2022,MZ2022DHS,WS_WTRT_P_SOL,250232050,I,431007,1431007,Region,Sofala,0,,0,1,WSWTRTPSOL,MZDHS2022431007,2022-23,DHS,4578,6320,,,1
MOZ,Inhambane,5014048,Population treating water using solar disinfection,0,1,MZ,Mozambique,2022,MZ2022DHS,WS_WTRT_P_SOL,250232050,I,431008,1431008,Region,Inhambane,0,,0,1,WSWTRTPSOL,MZDHS2022431008,2022-23,DHS,2863,5084,,,1
MOZ,Gaza,7190571,Population treating water using solar disinfection,0,1,MZ,Mozambique,2022,MZ2022DHS,WS_WTRT_P_SOL,250232050,I,431009,1431009,Region,Gaza,0,,0,1,WSWTRTPSOL,MZDHS2022431009,2022-23,DHS,3078,5497,,,1
MOZ,Maputo Provincia,4776325,Population treating water using solar disinfection,0,1,MZ,Mozambique,2022,MZ2022DHS,WS_WTRT_P_SOL,250232050,I,431010,1431010,Region,Maputo Provincia,0,,0,1,WSWTRTPSOL,MZDHS2022431010,2022-23,DHS,5134,5152,,,1
MOZ,Maputo Cidade,6246474,Population treating water using solar disinfection,0,1,MZ,Mozambique,2022,MZ2022DHS,WS_WTRT_P_SOL,250232050,I,431011,1431011,Region,Maputo Cidade,0,,0,1,WSWTRTPSOL,MZDHS2022431011,2022-23,DHS,2507,4994,,,1
MOZ,Niassa,5442268,Population treating water using other methods,4.3,1,MZ,Mozambique,2022,MZ2022DHS,WS_WTRT_P_OTH,250232060,I,431001,1431001,Region,Niassa,0,,0,1,WSWTRTPOTH,MZDHS2022431001,2022-23,DHS,4571,5901,,,1
MOZ,Cabo Delgado,7289249,Population treating water using other methods,7.2,1,MZ,Mozambique,2022,MZ2022DHS,WS_WTRT_P_OTH,250232060,I,431002,1431002,Region,Cabo Delgado,0,,0,1,WSWTRTPOTH,MZDHS2022431002,2022-23,DHS,3740,7084,,,1
MOZ,Nampula,108194,Population treating water using other methods,6.4,1,MZ,Mozambique,2022,MZ2022DHS,WS_WTRT_P_OTH,250232060,I,431003,1431003,Region,Nampula,0,,0,1,WSWTRTPOTH,MZDHS2022431003,2022-23,DHS,16140,7441,,,1
MOZ,Zambézia,6778423,Population treating water using other methods,2.4,1,MZ,Mozambique,2022,MZ2022DHS,WS_WTRT_P_OTH,250232060,I,431004,1431004,Region,Zambézia,0,,0,1,WSWTRTPOTH,MZDHS2022431004,2022-23,DHS,11861,6062,,,1
MOZ,Tete,2115309,Population treating water using other methods,4,1,MZ,Mozambique,2022,MZ2022DHS,WS_WTRT_P_OTH,250232060,I,431005,1431005,Region,Tete,0,,0,1,WSWTRTPOTH,MZDHS2022431005,2022-23,DHS,6685,5950,,,1
MOZ,Manica,460650,Population treating water using other methods,4.4,1,MZ,Mozambique,2022,MZ2022DHS,WS_WTRT_P_OTH,250232060,I,431006,1431006,Region,Manica,0,,0,1,WSWTRTPOTH,MZDHS2022431006,2022-23,DHS,4879,6446,,,1
MOZ,Sofala,3858443,Population treating water using other methods,11.4,1,MZ,Mozambique,2022,MZ2022DHS,WS_WTRT_P_OTH,250232060,I,431007,1431007,Region,Sofala,0,,0,1,WSWTRTPOTH,MZDHS2022431007,2022-23,DHS,4578,6320,,,1
MOZ,Inhambane,5014030,Population treating water using other methods,3.3,1,MZ,Mozambique,2022,MZ2022DHS,WS_WTRT_P_OTH,250232060,I,431008,1431008,Region,Inhambane,0,,0,1,WSWTRTPOTH,MZDHS2022431008,2022-23,DHS,2863,5084,,,1
MOZ,Gaza,7190562,Population treating water using other methods,2.1,1,MZ,Mozambique,2022,MZ2022DHS,WS_WTRT_P_OTH,250232060,I,431009,1431009,Region,Gaza,0,,0,1,WSWTRTPOTH,MZDHS2022431009,2022-23,DHS,3078,5497,,,1
MOZ,Maputo Provincia,4776318,Population treating water using other methods,1.7,1,MZ,Mozambique,2022,MZ2022DHS,WS_WTRT_P_OTH,250232060,I,431010,1431010,Region,Maputo Provincia,0,,0,1,WSWTRTPOTH,MZDHS2022431010,2022-23,DHS,5134,5152,,,1
MOZ,Maputo Cidade,6246469,Population treating water using other methods,3.2,1,MZ,Mozambique,2022,MZ2022DHS,WS_WTRT_P_OTH,250232060,I,431011,1431011,Region,Maputo Cidade,0,,0,1,WSWTRTPOTH,MZDHS2022431011,2022-23,DHS,2507,4994,,,1
MOZ,Niassa,5442280,Population not treating water,92.6,1,MZ,Mozambique,2022,MZ2022DHS,WS_WTRT_P_NTR,250232070,I,431001,1431001,Region,Niassa,0,,0,1,WSWTRTPNTR,MZDHS2022431001,2022-23,DHS,4571,5901,,,1
MOZ,Cabo Delgado,7289263,Population not treating water,90.1,1,MZ,Mozambique,2022,MZ2022DHS,WS_WTRT_P_NTR,250232070,I,431002,1431002,Region,Cabo Delgado,0,,0,1,WSWTRTPNTR,MZDHS2022431002,2022-23,DHS,3740,7084,,,1
MOZ,Nampula,108206,Population not treating water,92.3,1,MZ,Mozambique,2022,MZ2022DHS,WS_WTRT_P_NTR,250232070,I,431003,1431003,Region,Nampula,0,,0,1,WSWTRTPNTR,MZDHS2022431003,2022-23,DHS,16140,7441,,,1
MOZ,Zambézia,6778434,Population not treating water,96.1,1,MZ,Mozambique,2022,MZ2022DHS,WS_WTRT_P_NTR,250232070,I,431004,1431004,Region,Zambézia,0,,0,1,WSWTRTPNTR,MZDHS2022431004,2022-23,DHS,11861,6062,,,1
MOZ,Tete,2115321,Population not treating water,93.3,1,MZ,Mozambique,2022,MZ2022DHS,WS_WTRT_P_NTR,250232070,I,431005,1431005,Region,Tete,0,,0,1,WSWTRTPNTR,MZDHS2022431005,2022-23,DHS,6685,5950,,,1
MOZ,Manica,460646,Population not treating water,88.4,1,MZ,Mozambique,2022,MZ2022DHS,WS_WTRT_P_NTR,250232070,I,431006,1431006,Region,Manica,0,,0,1,WSWTRTPNTR,MZDHS2022431006,2022-23,DHS,4879,6446,,,1
MOZ,Sofala,3858336,Population not treating water,82.2,1,MZ,Mozambique,2022,MZ2022DHS,WS_WTRT_P_NTR,250232070,I,431007,1431007,Region,Sofala,0,,0,1,WSWTRTPNTR,MZDHS2022431007,2022-23,DHS,4578,6320,,,1
MOZ,Inhambane,5014049,Population not treating water,92.3,1,MZ,Mozambique,2022,MZ2022DHS,WS_WTRT_P_NTR,250232070,I,431008,1431008,Region,Inhambane,0,,0,1,WSWTRTPNTR,MZDHS2022431008,2022-23,DHS,2863,5084,,,1
MOZ,Gaza,7190572,Population not treating water,95.5,1,MZ,Mozambique,2022,MZ2022DHS,WS_WTRT_P_NTR,250232070,I,431009,1431009,Region,Gaza,0,,0,1,WSWTRTPNTR,MZDHS2022431009,2022-23,DHS,3078,5497,,,1
MOZ,Maputo Provincia,4776326,Population not treating water,90.2,1,MZ,Mozambique,2022,MZ2022DHS,WS_WTRT_P_NTR,250232070,I,431010,1431010,Region,Maputo Provincia,0,,0,1,WSWTRTPNTR,MZDHS2022431010,2022-23,DHS,5134,5152,,,1
MOZ,Maputo Cidade,6246475,Population not treating water,80.4,1,MZ,Mozambique,2022,MZ2022DHS,WS_WTRT_P_NTR,250232070,I,431011,1431011,Region,Maputo Cidade,0,,0,1,WSWTRTPNTR,MZDHS2022431011,2022-23,DHS,2507,4994,,,1
MOZ,Niassa,5442286,Population with missing information on treatment of water,0,1,MZ,Mozambique,2022,MZ2022DHS,WS_WTRT_P_DKM,250232080,S,431001,1431001,Region,Niassa,0,,0,1,WSWTRTPDKM,MZDHS2022431001,2022-23,DHS,4571,5901,,,1
MOZ,Cabo Delgado,7289269,Population with missing information on treatment of water,0,1,MZ,Mozambique,2022,MZ2022DHS,WS_WTRT_P_DKM,250232080,S,431002,1431002,Region,Cabo Delgado,0,,0,1,WSWTRTPDKM,MZDHS2022431002,2022-23,DHS,3740,7084,,,1
MOZ,Nampula,108232,Population with missing information on treatment of water,0,1,MZ,Mozambique,2022,MZ2022DHS,WS_WTRT_P_DKM,250232080,S,431003,1431003,Region,Nampula,0,,0,1,WSWTRTPDKM,MZDHS2022431003,2022-23,DHS,16140,7441,,,1
MOZ,Zambézia,6778447,Population with missing information on treatment of water,0,1,MZ,Mozambique,2022,MZ2022DHS,WS_WTRT_P_DKM,250232080,S,431004,1431004,Region,Zambézia,0,,0,1,WSWTRTPDKM,MZDHS2022431004,2022-23,DHS,11861,6062,,,1
MOZ,Tete,2115326,Population with missing information on treatment of water,0,1,MZ,Mozambique,2022,MZ2022DHS,WS_WTRT_P_DKM,250232080,S,431005,1431005,Region,Tete,0,,0,1,WSWTRTPDKM,MZDHS2022431005,2022-23,DHS,6685,5950,,,1
MOZ,Manica,460656,Population with missing information on treatment of water,0.2,1,MZ,Mozambique,2022,MZ2022DHS,WS_WTRT_P_DKM,250232080,S,431006,1431006,Region,Manica,0,,0,1,WSWTRTPDKM,MZDHS2022431006,2022-23,DHS,4879,6446,,,1
MOZ,Sofala,3858392,Population with missing information on treatment of water,0,1,MZ,Mozambique,2022,MZ2022DHS,WS_WTRT_P_DKM,250232080,S,431007,1431007,Region,Sofala,0,,0,1,WSWTRTPDKM,MZDHS2022431007,2022-23,DHS,4578,6320,,,1
MOZ,Inhambane,5014076,Population with missing information on treatment of water,0,1,MZ,Mozambique,2022,MZ2022DHS,WS_WTRT_P_DKM,250232080,S,431008,1431008,Region,Inhambane,0,,0,1,WSWTRTPDKM,MZDHS2022431008,2022-23,DHS,2863,5084,,,1
MOZ,Gaza,7190584,Population with missing information on treatment of water,0,1,MZ,Mozambique,2022,MZ2022DHS,WS_WTRT_P_DKM,250232080,S,431009,1431009,Region,Gaza,0,,0,1,WSWTRTPDKM,MZDHS2022431009,2022-23,DHS,3078,5497,,,1
MOZ,Maputo Provincia,4776332,Population with missing information on treatment of water,0,1,MZ,Mozambique,2022,MZ2022DHS,WS_WTRT_P_DKM,250232080,S,431010,1431010,Region,Maputo Provincia,0,,0,1,WSWTRTPDKM,MZDHS2022431010,2022-23,DHS,5134,5152,,,1
MOZ,Maputo Cidade,6246481,Population with missing information on treatment of water,0,1,MZ,Mozambique,2022,MZ2022DHS,WS_WTRT_P_DKM,250232080,S,431011,1431011,Region,Maputo Cidade,0,,0,1,WSWTRTPDKM,MZDHS2022431011,2022-23,DHS,2507,4994,,,1
MOZ,Niassa,5442287,Population using an appropriate treatment method,4.8,1,MZ,Mozambique,2022,MZ2022DHS,WS_WTRT_P_APP,250232090,I,431001,1431001,Region,Niassa,0,,0,1,WSWTRTPAPP,MZDHS2022431001,2022-23,DHS,4571,5901,,,1
MOZ,Cabo Delgado,7289270,Population using an appropriate treatment method,9.4,1,MZ,Mozambique,2022,MZ2022DHS,WS_WTRT_P_APP,250232090,I,431002,1431002,Region,Cabo Delgado,0,,0,1,WSWTRTPAPP,MZDHS2022431002,2022-23,DHS,3740,7084,,,1
MOZ,Nampula,108233,Population using an appropriate treatment method,7.4,1,MZ,Mozambique,2022,MZ2022DHS,WS_WTRT_P_APP,250232090,I,431003,1431003,Region,Nampula,0,,0,1,WSWTRTPAPP,MZDHS2022431003,2022-23,DHS,16140,7441,,,1
MOZ,Zambézia,6778461,Population using an appropriate treatment method,3.3,1,MZ,Mozambique,2022,MZ2022DHS,WS_WTRT_P_APP,250232090,I,431004,1431004,Region,Zambézia,0,,0,1,WSWTRTPAPP,MZDHS2022431004,2022-23,DHS,11861,6062,,,1
MOZ,Tete,2115327,Population using an appropriate treatment method,6.5,1,MZ,Mozambique,2022,MZ2022DHS,WS_WTRT_P_APP,250232090,I,431005,1431005,Region,Tete,0,,0,1,WSWTRTPAPP,MZDHS2022431005,2022-23,DHS,6685,5950,,,1
MOZ,Manica,460657,Population using an appropriate treatment method,11.2,1,MZ,Mozambique,2022,MZ2022DHS,WS_WTRT_P_APP,250232090,I,431006,1431006,Region,Manica,0,,0,1,WSWTRTPAPP,MZDHS2022431006,2022-23,DHS,4879,6446,,,1
MOZ,Sofala,3858393,Population using an appropriate treatment method,17.5,1,MZ,Mozambique,2022,MZ2022DHS,WS_WTRT_P_APP,250232090,I,431007,1431007,Region,Sofala,0,,0,1,WSWTRTPAPP,MZDHS2022431007,2022-23,DHS,4578,6320,,,1
MOZ,Inhambane,5014077,Population using an appropriate treatment method,5.7,1,MZ,Mozambique,2022,MZ2022DHS,WS_WTRT_P_APP,250232090,I,431008,1431008,Region,Inhambane,0,,0,1,WSWTRTPAPP,MZDHS2022431008,2022-23,DHS,2863,5084,,,1
MOZ,Gaza,7190585,Population using an appropriate treatment method,2.8,1,MZ,Mozambique,2022,MZ2022DHS,WS_WTRT_P_APP,250232090,I,431009,1431009,Region,Gaza,0,,0,1,WSWTRTPAPP,MZDHS2022431009,2022-23,DHS,3078,5497,,,1
MOZ,Maputo Provincia,4776333,Population using an appropriate treatment method,9.3,1,MZ,Mozambique,2022,MZ2022DHS,WS_WTRT_P_APP,250232090,I,431010,1431010,Region,Maputo Provincia,0,,0,1,WSWTRTPAPP,MZDHS2022431010,2022-23,DHS,5134,5152,,,1
MOZ,Maputo Cidade,6246482,Population using an appropriate treatment method,19.4,1,MZ,Mozambique,2022,MZ2022DHS,WS_WTRT_P_APP,250232090,I,431011,1431011,Region,Maputo Cidade,0,,0,1,WSWTRTPAPP,MZDHS2022431011,2022-23,DHS,2507,4994,,,1
MOZ,Niassa,5478139,Number of persons,4571,0,MZ,Mozambique,2022,MZ2022DHS,WS_WTRT_P_NUM,250232100,D,431001,1431001,Region,Niassa,0,,0,1,WSWTRTPNUM,MZDHS2022431001,2022-23,DHS,,5901,,,1
MOZ,Cabo Delgado,7300857,Number of persons,3740,0,MZ,Mozambique,2022,MZ2022DHS,WS_WTRT_P_NUM,250232100,D,431002,1431002,Region,Cabo Delgado,0,,0,1,WSWTRTPNUM,MZDHS2022431002,2022-23,DHS,,7084,,,1
MOZ,Nampula,2128887,Number of persons,16140,0,MZ,Mozambique,2022,MZ2022DHS,WS_WTRT_P_NUM,250232100,D,431003,1431003,Region,Nampula,0,,0,1,WSWTRTPNUM,MZDHS2022431003,2022-23,DHS,,7441,,,1
MOZ,Zambézia,6803617,Number of persons,11861,0,MZ,Mozambique,2022,MZ2022DHS,WS_WTRT_P_NUM,250232100,D,431004,1431004,Region,Zambézia,0,,0,1,WSWTRTPNUM,MZDHS2022431004,2022-23,DHS,,6062,,,1
MOZ,Tete,2115328,Number of persons,6685,0,MZ,Mozambique,2022,MZ2022DHS,WS_WTRT_P_NUM,250232100,D,431005,1431005,Region,Tete,0,,0,1,WSWTRTPNUM,MZDHS2022431005,2022-23,DHS,,5950,,,1
MOZ,Manica,2121969,Number of persons,4879,0,MZ,Mozambique,2022,MZ2022DHS,WS_WTRT_P_NUM,250232100,D,431006,1431006,Region,Manica,0,,0,1,WSWTRTPNUM,MZDHS2022431006,2022-23,DHS,,6446,,,1
MOZ,Sofala,3897859,Number of persons,4578,0,MZ,Mozambique,2022,MZ2022DHS,WS_WTRT_P_NUM,250232100,D,431007,1431007,Region,Sofala,0,,0,1,WSWTRTPNUM,MZDHS2022431007,2022-23,DHS,,6320,,,1
MOZ,Inhambane,5043048,Number of persons,2863,0,MZ,Mozambique,2022,MZ2022DHS,WS_WTRT_P_NUM,250232100,D,431008,1431008,Region,Inhambane,0,,0,1,WSWTRTPNUM,MZDHS2022431008,2022-23,DHS,,5084,,,1
MOZ,Gaza,7192095,Number of persons,3078,0,MZ,Mozambique,2022,MZ2022DHS,WS_WTRT_P_NUM,250232100,D,431009,1431009,Region,Gaza,0,,0,1,WSWTRTPNUM,MZDHS2022431009,2022-23,DHS,,5497,,,1
MOZ,Maputo Provincia,4776334,Number of persons,5134,0,MZ,Mozambique,2022,MZ2022DHS,WS_WTRT_P_NUM,250232100,D,431010,1431010,Region,Maputo Provincia,0,,0,1,WSWTRTPNUM,MZDHS2022431010,2022-23,DHS,,5152,,,1
MOZ,Maputo Cidade,6214855,Number of persons,2507,0,MZ,Mozambique,2022,MZ2022DHS,WS_WTRT_P_NUM,250232100,D,431011,1431011,Region,Maputo Cidade,0,,0,1,WSWTRTPNUM,MZDHS2022431011,2022-23,DHS,,4994,,,1
MOZ,Niassa,3054310,Number of persons (unweighted),5901,0,MZ,Mozambique,2022,MZ2022DHS,WS_WTRT_P_UNW,250232110,U,431001,1431001,Region,Niassa,0,,0,1,WSWTRTPUNW,MZDHS2022431001,2022-23,DHS,4571,,,,1
MOZ,Cabo Delgado,466634,Number of persons (unweighted),7084,0,MZ,Mozambique,2022,MZ2022DHS,WS_WTRT_P_UNW,250232110,U,431002,1431002,Region,Cabo Delgado,0,,0,1,WSWTRTPUNW,MZDHS2022431002,2022-23,DHS,3740,,,,1
MOZ,Nampula,108991,Number of persons (unweighted),7441,0,MZ,Mozambique,2022,MZ2022DHS,WS_WTRT_P_UNW,250232110,U,431003,1431003,Region,Nampula,0,,0,1,WSWTRTPUNW,MZDHS2022431003,2022-23,DHS,16140,,,,1
MOZ,Zambézia,220287,Number of persons (unweighted),6062,0,MZ,Mozambique,2022,MZ2022DHS,WS_WTRT_P_UNW,250232110,U,431004,1431004,Region,Zambézia,0,,0,1,WSWTRTPUNW,MZDHS2022431004,2022-23,DHS,11861,,,,1
MOZ,Tete,2115349,Number of persons (unweighted),5950,0,MZ,Mozambique,2022,MZ2022DHS,WS_WTRT_P_UNW,250232110,U,431005,1431005,Region,Tete,0,,0,1,WSWTRTPUNW,MZDHS2022431005,2022-23,DHS,6685,,,,1
MOZ,Manica,460653,Number of persons (unweighted),6446,0,MZ,Mozambique,2022,MZ2022DHS,WS_WTRT_P_UNW,250232110,U,431006,1431006,Region,Manica,0,,0,1,WSWTRTPUNW,MZDHS2022431006,2022-23,DHS,4879,,,,1
MOZ,Sofala,2819067,Number of persons (unweighted),6320,0,MZ,Mozambique,2022,MZ2022DHS,WS_WTRT_P_UNW,250232110,U,431007,1431007,Region,Sofala,0,,0,1,WSWTRTPUNW,MZDHS2022431007,2022-23,DHS,4578,,,,1
MOZ,Inhambane,2771381,Number of persons (unweighted),5084,0,MZ,Mozambique,2022,MZ2022DHS,WS_WTRT_P_UNW,250232110,U,431008,1431008,Region,Inhambane,0,,0,1,WSWTRTPUNW,MZDHS2022431008,2022-23,DHS,2863,,,,1
MOZ,Gaza,2566400,Number of persons (unweighted),5497,0,MZ,Mozambique,2022,MZ2022DHS,WS_WTRT_P_UNW,250232110,U,431009,1431009,Region,Gaza,0,,0,1,WSWTRTPUNW,MZDHS2022431009,2022-23,DHS,3078,,,,1
MOZ,Maputo Provincia,2115339,Number of persons (unweighted),5152,0,MZ,Mozambique,2022,MZ2022DHS,WS_WTRT_P_UNW,250232110,U,431010,1431010,Region,Maputo Provincia,0,,0,1,WSWTRTPUNW,MZDHS2022431010,2022-23,DHS,5134,,,,1
MOZ,Maputo Cidade,6246483,Number of persons (unweighted),4994,0,MZ,Mozambique,2022,MZ2022DHS,WS_WTRT_P_UNW,250232110,U,431011,1431011,Region,Maputo Cidade,0,,0,1,WSWTRTPUNW,MZDHS2022431011,2022-23,DHS,2507,,,,1
